ADDRESS	NAME	NAMESPACE	SIZE	THUNK	EXTERNAL
180001000	FUN_180001000	Global	0xf9	false	false
180001120	FUN_180001120	Global	0x58	false	false
180001180	FUN_180001180	Global	0xf9	false	false
1800012d0	FUN_1800012d0	Global	0xb7	false	false
180001390	FUN_180001390	Global	0xb7	false	false
180001450	FUN_180001450	Global	0xb7	false	false
180001520	FUN_180001520	Global	0x216	false	false
180001740	FUN_180001740	Global	0x264	false	false
1800019b0	FUN_1800019b0	Global	0xcd	false	false
180001a80	FUN_180001a80	Global	0x850	false	false
1800022d0	FUN_1800022d0	Global	0x6fe	false	false
1800029e0	FUN_1800029e0	Global	0x5e	false	false
180002a40	FUN_180002a40	Global	0x2c	false	false
180002a70	FUN_180002a70	Global	0x227	false	false
180002ca0	FUN_180002ca0	Global	0x2a1	false	false
180002f50	FUN_180002f50	Global	0x1b75	false	false
180004ae0	FUN_180004ae0	Global	0x1c1	false	false
180004cb0	FUN_180004cb0	Global	0x71	false	false
180004d30	FUN_180004d30	Global	0xac	false	false
180004de0	FUN_180004de0	Global	0x16a	false	false
180004f50	FUN_180004f50	Global	0x176	false	false
1800050d0	FUN_1800050d0	Global	0x744	false	false
180005820	FUN_180005820	Global	0x2aa	false	false
180005ad0	FUN_180005ad0	Global	0x6ba	false	false
1800061a0	FUN_1800061a0	Global	0x27	false	false
1800061d0	FUN_1800061d0	Global	0xa9	false	false
180006280	FUN_180006280	Global	0x56	false	false
1800062e0	FUN_1800062e0	Global	0x62a	false	false
180006910	FUN_180006910	Global	0x61	false	false
180006980	FUN_180006980	Global	0x61	false	false
1800069f0	FUN_1800069f0	Global	0x1420	false	false
180007e60	FUN_180007e60	Global	0x1b0	false	false
180008010	FUN_180008010	Global	0x146	false	false
180008160	FUN_180008160	Global	0x141	false	false
1800082b0	FUN_1800082b0	Global	0x4b	false	false
180008300	FUN_180008300	Global	0x4b	false	false
180008350	FUN_180008350	Global	0x4b	false	false
1800083a0	FUN_1800083a0	Global	0x27	false	false
1800083d0	FUN_1800083d0	Global	0xeb	false	false
1800084c0	FUN_1800084c0	Global	0x108	false	false
1800085d0	FUN_1800085d0	Global	0x118	false	false
1800086f0	FUN_1800086f0	Global	0x3b	false	false
180008730	FUN_180008730	Global	0x189	false	false
1800088c0	FUN_1800088c0	Global	0x373	false	false
180008c40	FUN_180008c40	Global	0x189	false	false
180008dd0	FUN_180008dd0	Global	0x25b	false	false
180009030	FUN_180009030	Global	0x306	false	false
180009340	FUN_180009340	Global	0x5d3	false	false
180009920	FUN_180009920	Global	0x5d3	false	false
180009f00	FUN_180009f00	Global	0x5d3	false	false
18000a4e0	FUN_18000a4e0	Global	0x5d3	false	false
18000aac0	FUN_18000aac0	Global	0x5d3	false	false
18000b0a0	FUN_18000b0a0	Global	0x5d3	false	false
18000b680	FUN_18000b680	Global	0x5d3	false	false
18000bc60	FUN_18000bc60	Global	0x5d3	false	false
18000c240	FUN_18000c240	Global	0x5d3	false	false
18000c820	FUN_18000c820	Global	0x5d3	false	false
18000ce00	FUN_18000ce00	Global	0x5d3	false	false
18000d3e0	FUN_18000d3e0	Global	0x5d3	false	false
18000d9c0	FUN_18000d9c0	Global	0x539	false	false
18000df00	FUN_18000df00	Global	0x539	false	false
18000e440	FUN_18000e440	Global	0x539	false	false
18000e980	FUN_18000e980	Global	0x12	false	false
18000e9a0	FUN_18000e9a0	Global	0x9	false	false
18000e9b0	FUN_18000e9b0	Global	0x32	false	false
18000e9f0	_guard_check_icall	Global	0x3	false	false
18000ea00	FUN_18000ea00	Global	0x5c	false	false
18000ea60	FUN_18000ea60	Global	0x2b	false	false
18000ea90	FUN_18000ea90	Global	0x2b	false	false
18000eac0	FUN_18000eac0	Global	0x2b	false	false
18000eaf0	thunk_FUN_180050040	Global	0x5	true	false
18000eb00	FUN_18000eb00	Global	0xc0	false	false
18000ebe0	FUN_18000ebe0	Global	0x65	false	false
18000ec60	FID_conflict:~vector<CHN*___ptr64,std::allocator<CHN*___ptr64>_>	Global	0x5b	false	false
18000ecc0	FUN_18000ecc0	Global	0x6d	false	false
18000ed30	FUN_18000ed30	Global	0xad	false	false
18000ede0	FUN_18000ede0	Global	0x3e	false	false
18000ee20	FUN_18000ee20	Global	0x3a0	false	false
18000f1d0	FUN_18000f1d0	Global	0x134	false	false
18000f310	FUN_18000f310	Global	0x29f	false	false
18000f5b0	FUN_18000f5b0	Global	0x3fe	false	false
18000f9e0	FUN_18000f9e0	Global	0x3a0	false	false
18000fd90	FUN_18000fd90	Global	0xdc	false	false
18000fe70	FUN_18000fe70	Global	0x14c	false	false
18000ffc0	FUN_18000ffc0	Global	0xd2	false	false
1800100a0	FUN_1800100a0	Global	0x31	false	false
180010100	FUN_180010100	Global	0xf	false	false
180010110	FUN_180010110	Global	0x5	false	false
180010120	FUN_180010120	Global	0x8	false	false
180010130	FUN_180010130	Global	0xb	false	false
180010140	FUN_180010140	Global	0x16	false	false
180010160	FUN_180010160	Global	0x8	false	false
180010170	FUN_180010170	Global	0x66	false	false
1800101e0	FUN_1800101e0	Global	0xe	false	false
1800101f0	FUN_1800101f0	Global	0x8	false	false
180010200	FUN_180010200	Global	0x66	false	false
180010270	FUN_180010270	Global	0xe	false	false
180010280	FUN_180010280	Global	0x8	false	false
180010290	thunk_FUN_180008160	Global	0x5	true	false
1800102a0	FUN_1800102a0	Global	0xe	false	false
1800102b0	FUN_1800102b0	Global	0x8	false	false
1800102c0	FUN_1800102c0	Global	0x63	false	false
180010330	FUN_180010330	Global	0xe	false	false
180010340	FUN_180010340	Global	0xb	false	false
180010350	FUN_180010350	Global	0x8	false	false
180010360	FUN_180010360	Global	0xa4	false	false
180010410	FUN_180010410	Global	0xe	false	false
180010420	FUN_180010420	Global	0x8	false	false
180010430	FUN_180010430	Global	0xd2	false	false
180010510	FUN_180010510	Global	0xe	false	false
180010520	FUN_180010520	Global	0x7c	false	false
1800105a0	FUN_1800105a0	Global	0x8	false	false
1800105b0	FUN_1800105b0	Global	0x9	false	false
1800105c0	FUN_1800105c0	Global	0x35	false	false
180010600	FUN_180010600	Global	0x7c	false	false
180010680	FUN_180010680	Global	0x8	false	false
180010690	FUN_180010690	Global	0x9	false	false
1800106a0	FUN_1800106a0	Global	0x3d	false	false
1800106e0	FUN_1800106e0	Global	0x8	false	false
1800106f0	FUN_1800106f0	Global	0xa	false	false
180010700	FUN_180010700	Global	0x16	false	false
180010720	FUN_180010720	Global	0x8	false	false
180010730	FUN_180010730	Global	0xa	false	false
180010740	FUN_180010740	Global	0x16	false	false
180010760	FUN_180010760	Global	0x6d	false	false
1800107d0	FUN_1800107d0	Global	0x8	false	false
1800107e0	FUN_1800107e0	Global	0x4	false	false
1800107f0	FUN_1800107f0	Global	0x16	false	false
180010810	FUN_180010810	Global	0x8	false	false
180010820	FUN_180010820	Global	0xaa	false	false
1800108d0	FUN_1800108d0	Global	0xe	false	false
1800108e0	FUN_1800108e0	Global	0x8	false	false
1800108f0	FUN_1800108f0	Global	0xa4	false	false
1800109a0	FUN_1800109a0	Global	0xe	false	false
1800109b0	FUN_1800109b0	Global	0x8	false	false
1800109c0	FUN_1800109c0	Global	0xa4	false	false
180010a70	FUN_180010a70	Global	0xe	false	false
180010a80	FUN_180010a80	Global	0x8	false	false
180010a90	FUN_180010a90	Global	0x26	false	false
180010ac0	FUN_180010ac0	Global	0x16	false	false
180010ae0	FUN_180010ae0	Global	0x8	false	false
180010af0	FUN_180010af0	Global	0x17	false	false
180010b10	FUN_180010b10	Global	0x16	false	false
180010b30	FUN_180010b30	Global	0x8	false	false
180010b40	FUN_180010b40	Global	0x16	false	false
180010b60	FUN_180010b60	Global	0x8	false	false
180010b70	FUN_180010b70	Global	0x5f	false	false
180010bd0	FUN_180010bd0	Global	0xe	false	false
180010be0	FUN_180010be0	Global	0x8	false	false
180010bf0	FUN_180010bf0	Global	0xe1	false	false
180010ce0	FUN_180010ce0	Global	0xe	false	false
180010cf0	FUN_180010cf0	Global	0x4	false	false
180010d00	FUN_180010d00	Global	0x6b	false	false
180010d70	FUN_180010d70	Global	0x2b	false	false
180010da0	FUN_180010da0	Global	0x2b	false	false
180010dd0	FUN_180010dd0	Global	0x2b	false	false
180010e00	FUN_180010e00	Global	0x2b	false	false
180010e30	FUN_180010e30	Global	0x2b	false	false
180010e60	FUN_180010e60	Global	0x2b	false	false
180010e90	FUN_180010e90	Global	0x2b	false	false
180010ec0	FUN_180010ec0	Global	0x2b	false	false
180010ef0	FUN_180010ef0	Global	0x2b	false	false
180010f20	FUN_180010f20	Global	0x2b	false	false
180010f50	FUN_180010f50	Global	0x2b	false	false
180010f80	FUN_180010f80	Global	0x2b	false	false
180010fb0	FUN_180010fb0	Global	0x2b	false	false
180010fe0	FUN_180010fe0	Global	0x2b	false	false
180011010	FUN_180011010	Global	0x2b	false	false
180011040	FUN_180011040	Global	0x2b	false	false
180011070	FUN_180011070	Global	0x13d	false	false
1800111b0	FUN_1800111b0	Global	0x2f3	false	false
1800114b0	FUN_1800114b0	Global	0x19a	false	false
180011650	FUN_180011650	Global	0x4f	false	false
1800116b0	FUN_1800116b0	Global	0x4f	false	false
180011710	FUN_180011710	Global	0x75	false	false
180011790	FUN_180011790	Global	0x290	false	false
180011a30	FUN_180011a30	Global	0xa5	false	false
180011ae0	FUN_180011ae0	Global	0x12	false	false
180011b20	FUN_180011b20	Global	0x3a7	false	false
180011ed0	FUN_180011ed0	Global	0x2d9	false	false
1800121b0	FUN_1800121b0	Global	0x87	false	false
180012240	FUN_180012240	Global	0xff	false	false
180012340	FUN_180012340	Global	0x34	false	false
180012380	FUN_180012380	Global	0xba	false	false
180012440	FUN_180012440	Global	0x136	false	false
1800125a0	FUN_1800125a0	Global	0x14f8	false	false
180013ab0	FUN_180013ab0	Global	0x67	false	false
180013b20	FUN_180013b20	Global	0x5e	false	false
180013b80	FUN_180013b80	Global	0x71	false	false
180013c00	FUN_180013c00	Global	0x35	false	false
180013c40	FUN_180013c40	Global	0x1b	false	false
180013c60	FUN_180013c60	Global	0x15c	false	false
180013dc0	FUN_180013dc0	Global	0xc7	false	false
180013e90	FUN_180013e90	Global	0x13d	false	false
180013fd0	FUN_180013fd0	Global	0x2a5	false	false
180014280	FUN_180014280	Global	0x9f	false	false
180014320	FUN_180014320	Global	0x1fa	false	false
180014520	FUN_180014520	Global	0xc64	false	false
180015190	FUN_180015190	Global	0x1d3a	false	false
180016ef0	FUN_180016ef0	Global	0x2e5	false	false
1800171e0	FUN_1800171e0	Global	0xff	false	false
1800172e0	FUN_1800172e0	Global	0x1df	false	false
1800174c0	FUN_1800174c0	Global	0x24f	false	false
180017710	FUN_180017710	Global	0x84	false	false
1800177a0	FUN_1800177a0	Global	0xb9	false	false
180017860	FUN_180017860	Global	0x60	false	false
1800178c0	FUN_1800178c0	Global	0x71	false	false
180017940	FUN_180017940	Global	0x9	false	false
180017950	FUN_180017950	Global	0x101	false	false
180017a60	FUN_180017a60	Global	0x1e	false	false
180017a80	FUN_180017a80	Global	0x156	false	false
180017be0	FUN_180017be0	Global	0x1ca	false	false
180017de0	FUN_180017de0	Global	0x207	false	false
180018010	FUN_180018010	Global	0x12	false	false
180018030	FUN_180018030	Global	0xe8	false	false
180018120	FUN_180018120	Global	0x7f	false	false
1800181a0	FUN_1800181a0	Global	0x1320	false	false
1800194d0	FUN_1800194d0	Global	0xf4	false	false
1800195d0	FUN_1800195d0	Global	0x7e0	false	false
180019dc0	FUN_180019dc0	Global	0x339	false	false
18001a100	FUN_18001a100	Global	0xff	false	false
18001a200	FUN_18001a200	Global	0xff	false	false
18001a300	FUN_18001a300	Global	0x39	false	false
18001a360	FUN_18001a360	Global	0x7a	false	false
18001a3e0	FUN_18001a3e0	Global	0xac	false	false
18001a490	FUN_18001a490	Global	0xab	false	false
18001a540	FUN_18001a540	Global	0x1f	false	false
18001a560	FUN_18001a560	Global	0xc43	false	false
18001b260	FUN_18001b260	Global	0x2be	false	false
18001b520	FUN_18001b520	Global	0xfb2	false	false
18001c4e0	FUN_18001c4e0	Global	0x233	false	false
18001c730	FUN_18001c730	Global	0x7a	false	false
18001c7b0	FUN_18001c7b0	Global	0xd0	false	false
18001c890	FUN_18001c890	Global	0x88	false	false
18001c920	FUN_18001c920	Global	0xc6	false	false
18001c9f0	FUN_18001c9f0	Global	0x15d	false	false
18001cb80	FUN_18001cb80	Global	0x94	false	false
18001cc20	FUN_18001cc20	Global	0x1f	false	false
18001cc40	FUN_18001cc40	Global	0x201	false	false
18001ce50	FUN_18001ce50	Global	0x202	false	false
18001d060	FUN_18001d060	Global	0x204	false	false
18001d270	FUN_18001d270	Global	0x3c6	false	false
18001d640	FUN_18001d640	Global	0x201	false	false
18001d850	FUN_18001d850	Global	0x213	false	false
18001da70	FUN_18001da70	Global	0x200	false	false
18001dc70	FUN_18001dc70	Global	0x20c	false	false
18001de80	FUN_18001de80	Global	0x8c8	false	false
18001e750	FUN_18001e750	Global	0x2f0	false	false
18001ea40	FUN_18001ea40	Global	0x29f	false	false
18001ece0	FUN_18001ece0	Global	0x32	false	false
18001ed20	FUN_18001ed20	Global	0x1d0	false	false
18001eef0	FUN_18001eef0	Global	0x1d1	false	false
18001f0d0	FUN_18001f0d0	Global	0x1ea	false	false
18001f2c0	FUN_18001f2c0	Global	0x1ce	false	false
18001f490	FUN_18001f490	Global	0x1de	false	false
18001f670	FUN_18001f670	Global	0x1cc	false	false
18001f840	FUN_18001f840	Global	0x1d8	false	false
18001fa20	FUN_18001fa20	Global	0x2ae	false	false
18001fcd0	FUN_18001fcd0	Global	0x170	false	false
18001fe40	FUN_18001fe40	Global	0x233	false	false
180020080	FUN_180020080	Global	0x21	false	false
1800200b0	FUN_1800200b0	Global	0xd	false	false
1800200c0	FUN_1800200c0	Global	0x2b	false	false
1800200f0	FUN_1800200f0	Global	0x20f	false	false
180020300	FUN_180020300	Global	0xa9	false	false
1800203b0	FUN_1800203b0	Global	0x255	false	false
180020610	FUN_180020610	Global	0x261	false	false
180020880	FUN_180020880	Global	0xd2c	false	false
1800215d0	FUN_1800215d0	Global	0x73	false	false
180021650	FUN_180021650	Global	0xa9	false	false
180021700	FUN_180021700	Global	0x162	false	false
180021870	FUN_180021870	Global	0x133d	false	false
180022bc0	FUN_180022bc0	Global	0x9	false	false
180022bd0	FUN_180022bd0	Global	0x73	false	false
180022c50	FUN_180022c50	Global	0xa81	false	false
1800236e0	FUN_1800236e0	Global	0x15f	false	false
180023840	FUN_180023840	Global	0xa9	false	false
1800238f0	FUN_1800238f0	Global	0xbfe	false	false
180024500	FUN_180024500	Global	0x263	false	false
180024770	FUN_180024770	Global	0x236	false	false
1800249b0	FUN_1800249b0	Global	0x2c7	false	false
180024c80	FUN_180024c80	Global	0x1d0	false	false
180024e50	FUN_180024e50	Global	0x1d0	false	false
180025020	FUN_180025020	Global	0x266	false	false
180025290	FUN_180025290	Global	0x21c	false	false
1800254b0	FUN_1800254b0	Global	0x20c	false	false
1800256c0	FUN_1800256c0	Global	0x139	false	false
180025800	FUN_180025800	Global	0x236	false	false
180025a40	FUN_180025a40	Global	0x122	false	false
180025b70	FUN_180025b70	Global	0x10a9	false	false
180026c30	FUN_180026c30	Global	0x236	false	false
180026e70	FUN_180026e70	Global	0x27e	false	false
1800270f0	FUN_1800270f0	Global	0x1d0	false	false
1800272c0	FUN_1800272c0	Global	0x20c	false	false
1800274d0	FUN_1800274d0	Global	0x139	false	false
180027610	FUN_180027610	Global	0x236	false	false
180027850	FUN_180027850	Global	0x124	false	false
180027980	FUN_180027980	Global	0xed5	false	false
180028870	FUN_180028870	Global	0x384	false	false
180028c00	FUN_180028c00	Global	0x24	false	false
180028c30	FUN_180028c30	Global	0x64	false	false
180028cc0	FUN_180028cc0	Global	0x43	false	false
180028d10	FUN_180028d10	Global	0x3d	false	false
180028d50	FUN_180028d50	Global	0x7b	false	false
180028dd0	FUN_180028dd0	Global	0x77	false	false
180028e50	FUN_180028e50	Global	0xe66	false	false
180029cc0	FUN_180029cc0	Global	0xafd	false	false
18002a7f0	FUN_18002a7f0	Global	0xc35	false	false
18002b430	FUN_18002b430	Global	0xc35	false	false
18002c070	FUN_18002c070	Global	0x1045	false	false
18002d0c0	FUN_18002d0c0	Global	0x233	false	false
18002d300	FUN_18002d300	Global	0x16c	false	false
18002d470	FUN_18002d470	Global	0x25d	false	false
18002d6d0	FUN_18002d6d0	Global	0x25d	false	false
18002d930	FUN_18002d930	Global	0x21c	false	false
18002db50	FUN_18002db50	Global	0x164	false	false
18002dcc0	FUN_18002dcc0	Global	0x1c5	false	false
18002dea0	FUN_18002dea0	Global	0x8b4	false	false
18002e760	FUN_18002e760	Global	0x223	false	false
18002e990	FUN_18002e990	Global	0x21b	false	false
18002ebb0	FUN_18002ebb0	Global	0x194	false	false
18002ed50	FUN_18002ed50	Global	0x193	false	false
18002eef0	FUN_18002eef0	Global	0x221	false	false
18002f120	FUN_18002f120	Global	0x236	false	false
18002f360	FUN_18002f360	Global	0x122	false	false
18002f490	FUN_18002f490	Global	0x1c9	false	false
18002f660	FUN_18002f660	Global	0x236	false	false
18002f8a0	FUN_18002f8a0	Global	0x122	false	false
18002f9d0	FUN_18002f9d0	Global	0x20c	false	false
18002fbe0	FUN_18002fbe0	Global	0x16c	false	false
18002fd50	FUN_18002fd50	Global	0x233	false	false
18002ff90	FUN_18002ff90	Global	0x21c	false	false
1800301b0	FUN_1800301b0	Global	0xa9	false	false
180030260	FUN_180030260	Global	0x154	false	false
1800303c0	FUN_1800303c0	Global	0x20c	false	false
1800305d0	FUN_1800305d0	Global	0x264	false	false
180030840	FUN_180030840	Global	0x221	false	false
180030a70	FUN_180030a70	Global	0x24d	false	false
180030cc0	FUN_180030cc0	Global	0x233	false	false
180030f00	FUN_180030f00	Global	0x233	false	false
180031140	FUN_180031140	Global	0x122	false	false
180031270	FUN_180031270	Global	0x236	false	false
1800314b0	FUN_1800314b0	Global	0x229	false	false
1800316e0	FUN_1800316e0	Global	0x154	false	false
180031840	FUN_180031840	Global	0x236	false	false
180031a80	FUN_180031a80	Global	0x165	false	false
180031bf0	FUN_180031bf0	Global	0x221	false	false
180031e20	FUN_180031e20	Global	0x154	false	false
180031f80	FUN_180031f80	Global	0x196	false	false
180032120	FUN_180032120	Global	0x18f	false	false
1800322b0	FUN_1800322b0	Global	0x221	false	false
1800324e0	FUN_1800324e0	Global	0x16c	false	false
180032650	FUN_180032650	Global	0x223	false	false
180032880	FUN_180032880	Global	0x24d	false	false
180032ad0	FUN_180032ad0	Global	0x1fd	false	false
180032cd0	FUN_180032cd0	Global	0x184	false	false
180032e60	FUN_180032e60	Global	0x166	false	false
180032fd0	FUN_180032fd0	Global	0x221	false	false
180033200	FUN_180033200	Global	0x159	false	false
180033360	FUN_180033360	Global	0x21b	false	false
180033580	FUN_180033580	Global	0x18f	false	false
180033710	FUN_180033710	Global	0x221	false	false
180033940	FUN_180033940	Global	0x221	false	false
180033b70	FUN_180033b70	Global	0x261	false	false
180033de0	FUN_180033de0	Global	0x159	false	false
180033f40	FUN_180033f40	Global	0x21b	false	false
180034160	FUN_180034160	Global	0x18f	false	false
1800342f0	FUN_1800342f0	Global	0x221	false	false
180034520	FUN_180034520	Global	0x2f6	false	false
180034820	FUN_180034820	Global	0x154	false	false
180034980	FUN_180034980	Global	0x261	false	false
180034bf0	FUN_180034bf0	Global	0x184	false	false
180034d80	FUN_180034d80	Global	0x19c	false	false
180034f20	FUN_180034f20	Global	0x172	false	false
1800350a0	FUN_1800350a0	Global	0x258	false	false
180035300	FUN_180035300	Global	0x2f6	false	false
180035600	FUN_180035600	Global	0x193	false	false
1800357a0	FUN_1800357a0	Global	0x139	false	false
1800358e0	FUN_1800358e0	Global	0x21b	false	false
180035b00	FUN_180035b00	Global	0x2bf	false	false
180035dc0	FUN_180035dc0	Global	0x311	false	false
1800360e0	FUN_1800360e0	Global	0x184	false	false
180036270	FUN_180036270	Global	0x122	false	false
1800363a0	FUN_1800363a0	Global	0x27	false	false
1800363d0	FUN_1800363d0	Global	0xa9	false	false
180036480	FUN_180036480	Global	0x1fa1	false	false
180038430	FUN_180038430	Global	0x65	false	false
1800384a0	FUN_1800384a0	Global	0x86	false	false
180038530	FUN_180038530	Global	0xbc	false	false
1800385f0	FUN_1800385f0	Global	0x25d	false	false
180038850	FUN_180038850	Global	0x124	false	false
180038980	FUN_180038980	Global	0x8c	false	false
180038a10	FUN_180038a10	Global	0x19f	false	false
180038bc0	FUN_180038bc0	Global	0x2a5	false	false
180038e90	FUN_180038e90	Global	0x8e	false	false
180038f20	FUN_180038f20	Global	0x223	false	false
180039150	FUN_180039150	Global	0x223	false	false
180039380	FUN_180039380	Global	0x223	false	false
1800395b0	FUN_1800395b0	Global	0x204	false	false
1800397c0	FUN_1800397c0	Global	0x223	false	false
1800399f0	FUN_1800399f0	Global	0x223	false	false
180039c20	FUN_180039c20	Global	0xa9	false	false
180039cd0	FUN_180039cd0	Global	0x221	false	false
180039f00	FUN_180039f00	Global	0xa6	false	false
180039fb0	FUN_180039fb0	Global	0x223	false	false
18003a1e0	FUN_18003a1e0	Global	0xa9	false	false
18003a290	FUN_18003a290	Global	0x215	false	false
18003a4b0	FUN_18003a4b0	Global	0x223	false	false
18003a6e0	FUN_18003a6e0	Global	0xa9	false	false
18003a790	FUN_18003a790	Global	0x215	false	false
18003a9b0	FUN_18003a9b0	Global	0x9b	false	false
18003aa50	FUN_18003aa50	Global	0x223	false	false
18003ac80	FUN_18003ac80	Global	0xa9	false	false
18003ad30	FUN_18003ad30	Global	0xb	false	false
18003ad40	FUN_18003ad40	Global	0x5c	false	false
18003ada0	FUN_18003ada0	Global	0x223	false	false
18003afd0	FUN_18003afd0	Global	0x25f	false	false
18003b230	FUN_18003b230	Global	0x34	false	false
18003b270	FUN_18003b270	Global	0x2b	false	false
18003b2a0	FUN_18003b2a0	Global	0x32	false	false
18003b2e0	FUN_18003b2e0	Global	0x26a	false	false
18003b550	FUN_18003b550	Global	0x223	false	false
18003b780	FUN_18003b780	Global	0xaff	false	false
18003c290	FUN_18003c290	Global	0x236	false	false
18003c4d0	FUN_18003c4d0	Global	0x181	false	false
18003c660	FUN_18003c660	Global	0x223	false	false
18003c890	FUN_18003c890	Global	0x154	false	false
18003c9f0	FUN_18003c9f0	Global	0x221	false	false
18003cc20	FUN_18003cc20	Global	0x154	false	false
18003cd80	FUN_18003cd80	Global	0x16c	false	false
18003cef0	FUN_18003cef0	Global	0x223	false	false
18003d120	FUN_18003d120	Global	0xdb	false	false
18003d200	FUN_18003d200	Global	0x221	false	false
18003d430	FUN_18003d430	Global	0x264	false	false
18003d6a0	FUN_18003d6a0	Global	0x221	false	false
18003d8d0	FUN_18003d8d0	Global	0x289	false	false
18003db60	FUN_18003db60	Global	0x91	false	false
18003dc00	FUN_18003dc00	Global	0x154	false	false
18003dd60	FUN_18003dd60	Global	0x154	false	false
18003dec0	FUN_18003dec0	Global	0x154	false	false
18003e020	FUN_18003e020	Global	0x154	false	false
18003e180	FUN_18003e180	Global	0x154	false	false
18003e2e0	FUN_18003e2e0	Global	0x17e	false	false
18003e460	FUN_18003e460	Global	0x20a	false	false
18003e670	FUN_18003e670	Global	0x122	false	false
18003e7a0	FUN_18003e7a0	Global	0x18f	false	false
18003e930	FUN_18003e930	Global	0x236	false	false
18003eb70	FUN_18003eb70	Global	0x124	false	false
18003eca0	FUN_18003eca0	Global	0x154	false	false
18003ee00	FUN_18003ee00	Global	0x2c7	false	false
18003f0d0	FUN_18003f0d0	Global	0x172	false	false
18003f250	FUN_18003f250	Global	0x154	false	false
18003f3b0	FUN_18003f3b0	Global	0x24c	false	false
18003f600	FUN_18003f600	Global	0x221	false	false
18003f830	FUN_18003f830	Global	0x271	false	false
18003fab0	FUN_18003fab0	Global	0x24c	false	false
18003fd00	FUN_18003fd00	Global	0x319	false	false
180040020	FUN_180040020	Global	0x35	false	false
180040060	FUN_180040060	Global	0x30	false	false
180040090	FUN_180040090	Global	0x60d	false	false
1800406b0	FUN_1800406b0	Global	0xb9b	false	false
1800412d0	FUN_1800412d0	Global	0x60	false	false
180041340	FUN_180041340	Global	0xa9	false	false
1800413f0	FUN_1800413f0	Global	0x151	false	false
180041550	FUN_180041550	Global	0xd54	false	false
1800422c0	FUN_1800422c0	Global	0x236	false	false
180042500	FUN_180042500	Global	0x122	false	false
180042630	FUN_180042630	Global	0x71	false	false
1800426b0	FUN_1800426b0	Global	0x155	false	false
180042810	FUN_180042810	Global	0x159	false	false
180042970	FUN_180042970	Global	0x151	false	false
180042ad0	FUN_180042ad0	Global	0x27e	false	false
180042d50	FUN_180042d50	Global	0x172	false	false
180042ed0	FUN_180042ed0	Global	0x151	false	false
180043030	FUN_180043030	Global	0x186	false	false
1800431c0	FUN_1800431c0	Global	0x172	false	false
180043340	FUN_180043340	Global	0x152	false	false
1800434a0	FUN_1800434a0	Global	0xaaf	false	false
180043f60	FUN_180043f60	Global	0x69	false	false
180043fd0	FUN_180043fd0	Global	0x71	false	false
180044050	FUN_180044050	Global	0x26f	false	false
1800442c0	FUN_1800442c0	Global	0x156	false	false
180044420	FUN_180044420	Global	0x151	false	false
180044580	FUN_180044580	Global	0x151	false	false
1800446e0	FUN_1800446e0	Global	0x128	false	false
180044810	FUN_180044810	Global	0x264	false	false
180044a80	FUN_180044a80	Global	0x99a	false	false
180045430	FUN_180045430	Global	0x67	false	false
1800454a0	FUN_1800454a0	Global	0x71	false	false
180045520	FUN_180045520	Global	0xd1	false	false
180045600	FUN_180045600	Global	0xd4c	false	false
180046360	FUN_180046360	Global	0xa9	false	false
180046410	FUN_180046410	Global	0x154	false	false
180046570	FUN_180046570	Global	0x16c	false	false
1800466e0	FUN_1800466e0	Global	0x124	false	false
180046810	FUN_180046810	Global	0x8c	false	false
1800468a0	FUN_1800468a0	Global	0x83	false	false
180046930	FUN_180046930	Global	0xa4	false	false
1800469e0	FUN_1800469e0	Global	0xf	false	false
1800469f0	FUN_1800469f0	Global	0x41	false	false
180046a40	FUN_180046a40	Global	0x246	false	false
180046c90	FUN_180046c90	Global	0x122	false	false
180046dc0	FUN_180046dc0	Global	0x85	false	false
180046e60	FUN_180046e60	Global	0xd1	false	false
180046f40	FUN_180046f40	Global	0xa9	false	false
180046ff0	FUN_180046ff0	Global	0x7a	false	false
180047070	FUN_180047070	Global	0xaf8	false	false
180047b80	FUN_180047b80	Global	0x17	false	false
180047ba0	FUN_180047ba0	Global	0x185	false	false
180047d30	FUN_180047d30	Global	0x18f	false	false
180047ec0	FUN_180047ec0	Global	0x220	false	false
1800480e0	FUN_1800480e0	Global	0x258	false	false
180048340	FUN_180048340	Global	0x229	false	false
180048570	FUN_180048570	Global	0x220	false	false
180048790	FUN_180048790	Global	0x254	false	false
1800489f0	FUN_1800489f0	Global	0x229	false	false
180048c20	FUN_180048c20	Global	0x222	false	false
180048e50	FUN_180048e50	Global	0x1e7	false	false
180049040	FUN_180049040	Global	0x258	false	false
1800492a0	FUN_1800492a0	Global	0x229	false	false
1800494d0	FUN_1800494d0	Global	0x220	false	false
1800496f0	FUN_1800496f0	Global	0x254	false	false
180049950	FUN_180049950	Global	0x22b	false	false
180049b80	FUN_180049b80	Global	0x155	false	false
180049ce0	FUN_180049ce0	Global	0x16c	false	false
180049e50	FUN_180049e50	Global	0x296	false	false
18004a0f0	FUN_18004a0f0	Global	0xdb	false	false
18004a1d0	FUN_18004a1d0	Global	0x18f	false	false
18004a360	FUN_18004a360	Global	0x319	false	false
18004a680	FUN_18004a680	Global	0x223	false	false
18004a8b0	FUN_18004a8b0	Global	0x264	false	false
18004ab20	FUN_18004ab20	Global	0x151	false	false
18004ac80	FUN_18004ac80	Global	0x151	false	false
18004ade0	FUN_18004ade0	Global	0x2c0	false	false
18004b0b0	FUN_18004b0b0	Global	0x13a	false	false
18004b1f0	FUN_18004b1f0	Global	0x154	false	false
18004b350	FUN_18004b350	Global	0x319	false	false
18004b670	FUN_18004b670	Global	0x184	false	false
18004b800	FUN_18004b800	Global	0x61	false	false
18004b870	FUN_18004b870	Global	0x56	false	false
18004b8d0	FUN_18004b8d0	Global	0x71	false	false
18004b950	FUN_18004b950	Global	0x238	false	false
18004bb90	FUN_18004bb90	Global	0x1d5	false	false
18004bd70	FUN_18004bd70	Global	0xf	false	false
18004bd80	FUN_18004bd80	Global	0x9f	false	false
18004be20	FUN_18004be20	Global	0x9	false	false
18004be30	FUN_18004be30	Global	0x8	false	false
18004be40	FUN_18004be40	Global	0x57	false	false
18004bea0	FUN_18004bea0	Global	0x1e	false	false
18004bec0	FUN_18004bec0	Global	0x116	false	false
18004bfe0	FUN_18004bfe0	Global	0x116	false	false
18004c110	FUN_18004c110	Global	0x2b	false	false
18004c140	FUN_18004c140	Global	0x4e	false	false
18004c190	FUN_18004c190	Global	0x43	false	false
18004c1f0	FUN_18004c1f0	Global	0x99	false	false
18004c290	FUN_18004c290	Global	0x24d	false	false
18004c4e0	FUN_18004c4e0	Global	0x3ff	false	false
18004c8f0	FUN_18004c8f0	Global	0x64	false	false
18004c970	FUN_18004c970	Global	0x41	false	false
18004c9c0	FUN_18004c9c0	Global	0x141	false	false
18004cb10	FUN_18004cb10	Global	0x8c	false	false
18004cba0	FUN_18004cba0	Global	0xb	false	false
18004cbb0	FUN_18004cbb0	Global	0x32	false	false
18004cbf0	FUN_18004cbf0	Global	0x9f	false	false
18004cc90	FUN_18004cc90	Global	0x34	false	false
18004ccd0	FUN_18004ccd0	Global	0x8	false	false
18004cce0	FUN_18004cce0	Global	0x27	false	false
18004cd10	FUN_18004cd10	Global	0x1e	false	false
18004cd30	FUN_18004cd30	Global	0x92	false	false
18004cdd0	FUN_18004cdd0	Global	0x1e	false	false
18004cdf0	FUN_18004cdf0	Global	0x6	false	false
18004ce00	FUN_18004ce00	Global	0x4e	false	false
18004ce50	FUN_18004ce50	Global	0x59	false	false
18004ceb0	FUN_18004ceb0	Global	0x2b	false	false
18004cee0	FUN_18004cee0	Global	0x3	false	false
18004cef0	FUN_18004cef0	Global	0x18a	false	false
18004d080	FUN_18004d080	Global	0x178	false	false
18004d200	deallocate	Global	0x42	false	false
18004d250	FUN_18004d250	Global	0x57	false	false
18004d2b0	FUN_18004d2b0	Global	0x86	false	false
18004d340	FUN_18004d340	Global	0x6d	false	false
18004d3b0	FUN_18004d3b0	Global	0x65	false	false
18004d420	FUN_18004d420	Global	0x8c	false	false
18004d4b0	FUN_18004d4b0	Global	0x8a	false	false
18004d540	FUN_18004d540	Global	0x8	false	false
18004d570	FUN_18004d570	Global	0x98	false	false
18004d610	FUN_18004d610	Global	0x378	false	false
18004d990	FUN_18004d990	Global	0x1c1	false	false
18004db60	FUN_18004db60	Global	0x98	false	false
18004dc00	FUN_18004dc00	Global	0x98	false	false
18004dca0	FUN_18004dca0	Global	0x98	false	false
18004dd40	FUN_18004dd40	Global	0x9f7	false	false
18004e750	FUN_18004e750	Global	0x32	false	false
18004e790	FUN_18004e790	Global	0x14f	false	false
18004e8f0	FUN_18004e8f0	Global	0x61	false	false
18004e960	FUN_18004e960	Global	0xa1	false	false
18004ea10	FUN_18004ea10	Global	0x204	false	false
18004ec20	FUN_18004ec20	Global	0x3	false	false
18004ec30	FUN_18004ec30	Global	0x37	false	false
18004ec70	FUN_18004ec70	Global	0x11	false	false
18004ec90	FUN_18004ec90	Global	0x11	false	false
18004ecb0	FUN_18004ecb0	Global	0x89	false	false
18004ed40	FUN_18004ed40	Global	0x37	false	false
18004ed80	FUN_18004ed80	Global	0x37	false	false
18004edc0	FUN_18004edc0	Global	0x37	false	false
18004ee00	FUN_18004ee00	Global	0x385	false	false
18004f190	FUN_18004f190	Global	0xb	false	false
18004f1a0	FUN_18004f1a0	Global	0x67	false	false
18004f210	FUN_18004f210	Global	0xad	false	false
18004f2d0	FUN_18004f2d0	Global	0xa7	false	false
18004f380	FUN_18004f380	Global	0x92	false	false
18004f414	FUN_18004f414	Global	0xc	false	false
18004f4b0	FUN_18004f4b0	Global	0x1aa	false	false
18004f670	FUN_18004f670	Global	0x148	false	false
18004f7f0	FUN_18004f7f0	Global	0x221	false	false
18004fa20	FUN_18004fa20	Global	0x2c	false	false
18004fa50	FUN_18004fa50	Global	0x41	false	false
18004faa0	FUN_18004faa0	Global	0x4c	false	false
18004faf0	FUN_18004faf0	Global	0x8	false	false
18004fb00	FUN_18004fb00	Global	0x5	false	false
18004fb10	FUN_18004fb10	Global	0xab	false	false
18004fbc0	FUN_18004fbc0	Global	0x8c	false	false
18004fc50	FUN_18004fc50	Global	0x32	false	false
18004fc90	FUN_18004fc90	Global	0x98	false	false
18004fd28	FUN_18004fd28	Global	0xc	false	false
18004fd40	FUN_18004fd40	Global	0x61	false	false
18004fdb0	FUN_18004fdb0	Global	0x150	false	false
18004ff10	FUN_18004ff10	Global	0x4c	false	false
18004ff60	FUN_18004ff60	Global	0x84	false	false
18004fff0	FUN_18004fff0	Global	0x41	false	false
180050040	FUN_180050040	Global	0x67	false	false
1800500b0	FUN_1800500b0	Global	0x1d6	false	false
180050290	FUN_180050290	Global	0x19c	false	false
180050430	FUN_180050430	Global	0xfa	false	false
180050530	FUN_180050530	Global	0xbc	false	false
1800505f0	FUN_1800505f0	Global	0x17c	false	false
180050770	FUN_180050770	Global	0x124	false	false
1800508a0	FUN_1800508a0	Global	0x60	false	false
180050910	FUN_180050910	Global	0xb1	false	false
1800509e0	FUN_1800509e0	Global	0x9e	false	false
180050a80	FUN_180050a80	Global	0x23	false	false
180050ab0	FUN_180050ab0	Global	0x73	false	false
180050b40	FUN_180050b40	Global	0xf8	false	false
180050c40	FUN_180050c40	Global	0x98	false	false
180050cd8	FUN_180050cd8	Global	0xc	false	false
180050cf0	FUN_180050cf0	Global	0x34	false	false
180050d30	FUN_180050d30	Global	0x14	false	false
180050d50	FUN_180050d50	Global	0x14	false	false
180050d70	FUN_180050d70	Global	0xe2	false	false
180050e60	FUN_180050e60	Global	0x65	false	false
180050ed0	FUN_180050ed0	Global	0x2d3	false	false
1800511b0	FUN_1800511b0	Global	0x142	false	false
180051300	FUN_180051300	Global	0xc7	false	false
1800513d0	FUN_1800513d0	Global	0x106	false	false
1800514e0	FUN_1800514e0	Global	0xd3	false	false
1800515c0	FUN_1800515c0	Global	0xf5	false	false
1800516c0	FUN_1800516c0	Global	0x48	false	false
180051710	FUN_180051710	Global	0x10c	false	false
180051820	FUN_180051820	Global	0x50	false	false
180051870	FUN_180051870	Global	0x1b7	false	false
180051a30	FUN_180051a30	Global	0xe8	false	false
180051b20	FUN_180051b20	Global	0xb4	false	false
180051be0	FUN_180051be0	Global	0x69	false	false
180051c50	FUN_180051c50	Global	0x61	false	false
180051cd0	FUN_180051cd0	Global	0xfc	false	false
180051dd0	FUN_180051dd0	Global	0x182	false	false
180051f60	FUN_180051f60	Global	0x150	false	false
1800520c0	FUN_1800520c0	Global	0x146	false	false
180052210	FUN_180052210	Global	0x84	false	false
1800522a0	FUN_1800522a0	Global	0x261	false	false
180052510	FUN_180052510	Global	0x112	false	false
180052630	FUN_180052630	Global	0x121	false	false
180052760	FUN_180052760	Global	0x143	false	false
1800528b0	FUN_1800528b0	Global	0x87	false	false
180052940	FUN_180052940	Global	0x58	false	false
1800529a0	FUN_1800529a0	Global	0x105	false	false
180052ab0	FUN_180052ab0	Global	0xd1	false	false
180052b90	FUN_180052b90	Global	0x65	false	false
180052c00	FUN_180052c00	Global	0x1c7	false	false
180052de0	FUN_180052de0	Global	0xa7	false	false
180052e90	FUN_180052e90	Global	0x31	false	false
180052ed0	FUN_180052ed0	Global	0x16	false	false
180052ef0	FUN_180052ef0	Global	0x11d	false	false
180053010	FUN_180053010	Global	0x62	false	false
180053080	FUN_180053080	Global	0x56	false	false
1800530e0	FUN_1800530e0	Global	0xcb	false	false
1800531b0	FUN_1800531b0	Global	0xda	false	false
180053290	FUN_180053290	Global	0x165	false	false
180053400	FUN_180053400	Global	0x1b7	false	false
1800535c0	FUN_1800535c0	Global	0x15d	false	false
180053720	FUN_180053720	Global	0x15a	false	false
1800538a0	FUN_1800538a0	Global	0x67	false	false
180053910	FUN_180053910	Global	0x1e	false	false
180053930	FUN_180053930	Global	0x8	false	false
180053940	FUN_180053940	Global	0x58	false	false
1800539a0	FUN_1800539a0	Global	0x27c	false	false
180053c20	FUN_180053c20	Global	0x17e	false	false
180053da0	FUN_180053da0	Global	0x15a	false	false
180053f00	FUN_180053f00	Global	0x152	false	false
180054060	FUN_180054060	Global	0x14a	false	false
1800541b0	FUN_1800541b0	Global	0x142	false	false
180054300	FUN_180054300	Global	0x171	false	false
180054480	FUN_180054480	Global	0x8b	false	false
180054510	FUN_180054510	Global	0x155	false	false
180054670	FUN_180054670	Global	0x12	false	false
180054690	FUN_180054690	Global	0x1cb	false	false
180054870	FUN_180054870	Global	0x138	false	false
1800549b0	FUN_1800549b0	Global	0xbd	false	false
180054a70	FUN_180054a70	Global	0x92	false	false
180054b04	FUN_180054b04	Global	0xc	false	false
180054b10	FUN_180054b10	Global	0x34	false	false
180054b50	FUN_180054b50	Global	0x1f7	false	false
180054db0	FUN_180054db0	Global	0x7a	false	false
180054e30	FUN_180054e30	Global	0x18d	false	false
180054fc0	FUN_180054fc0	Global	0x12c	false	false
1800550f0	FUN_1800550f0	Global	0xb6	false	false
1800551b0	FUN_1800551b0	Global	0x5b	false	false
180055210	FUN_180055210	Global	0x24	false	false
180055240	FUN_180055240	Global	0x3e	false	false
180055280	FUN_180055280	Global	0x24	false	false
1800552b0	FUN_1800552b0	Global	0x10c	false	false
1800553c0	FUN_1800553c0	Global	0x10b	false	false
1800554d0	FUN_1800554d0	Global	0x162	false	false
180055640	FUN_180055640	Global	0x21	false	false
180055670	FUN_180055670	Global	0x3d	false	false
1800556b0	FUN_1800556b0	Global	0x1f	false	false
1800556f0	FUN_1800556f0	Global	0x2f	false	false
180055720	FUN_180055720	Global	0x8d	false	false
1800557b0	FUN_1800557b0	Global	0x182	false	false
180055940	FUN_180055940	Global	0x80	false	false
1800559c0	FUN_1800559c0	Global	0x9b	false	false
180055a60	FUN_180055a60	Global	0x17d	false	false
180055be0	FUN_180055be0	Global	0x21	false	false
180055c10	FUN_180055c10	Global	0x8	false	false
180055c20	FUN_180055c20	Global	0x72	false	false
180055ca0	FUN_180055ca0	Global	0x15	false	false
180055cc0	FUN_180055cc0	Global	0x43	false	false
180055d10	FUN_180055d10	Global	0x58	false	false
180055d70	FUN_180055d70	Global	0x13	false	false
180055d90	FUN_180055d90	Global	0x640	false	false
1800563e0	FUN_1800563e0	Global	0x112	false	false
180056520	FUN_180056520	Global	0x39	false	false
180056560	FUN_180056560	Global	0x1fa	false	false
180056760	FUN_180056760	Global	0x88	false	false
1800567f0	FUN_1800567f0	Global	0xc3	false	false
1800568c0	FUN_1800568c0	Global	0x2a5	false	false
180056b70	FUN_180056b70	Global	0xaf	false	false
180056c20	FUN_180056c20	Global	0x15f	false	false
180056d90	FUN_180056d90	Global	0x12d	false	false
180056ec0	FUN_180056ec0	Global	0x157	false	false
180057020	FUN_180057020	Global	0x18a	false	false
1800571b0	FUN_1800571b0	Global	0x1bf	false	false
180057380	FUN_180057380	Global	0x2dc	false	false
180057660	FUN_180057660	Global	0x18e	false	false
1800577f0	FUN_1800577f0	Global	0x15	false	false
180057810	FUN_180057810	Global	0x36	false	false
180057850	FUN_180057850	Global	0x1af	false	false
180057a10	FUN_180057a10	Global	0x6e	false	false
180057a80	FUN_180057a80	Global	0xe8	false	false
180057b70	FUN_180057b70	Global	0x8	false	false
180057b90	FUN_180057b90	Global	0x97	false	false
180057c30	FUN_180057c30	Global	0x8	false	false
180057c40	FUN_180057c40	Global	0x12	false	false
180057c60	FUN_180057c60	Global	0x21	false	false
180057c90	FUN_180057c90	Global	0x3d	false	false
180057cd0	FUN_180057cd0	Global	0x3d	false	false
180057d10	FUN_180057d10	Global	0x1f	false	false
180057d30	FUN_180057d30	Global	0x37	false	false
180057d70	FUN_180057d70	Global	0x4e	false	false
180057dc0	FUN_180057dc0	Global	0x73	false	false
180057e40	FUN_180057e40	Global	0x19	false	false
180057e60	FUN_180057e60	Global	0xb	false	false
180057e70	FUN_180057e70	Global	0x3f	false	false
180057eb0	FUN_180057eb0	Global	0x11	false	false
180057ed0	FUN_180057ed0	Global	0x58	false	false
180057f30	FUN_180057f30	Global	0x4e	false	false
180057f80	FUN_180057f80	Global	0x3d	false	false
180057fc0	FUN_180057fc0	Global	0x13	false	false
180057fe0	FUN_180057fe0	Global	0x33	false	false
180058020	FUN_180058020	Global	0x38	false	false
180058060	FUN_180058060	Global	0x167	false	false
1800581d0	FUN_1800581d0	Global	0x10d	false	false
1800582e0	FUN_1800582e0	Global	0x61	false	false
180058350	FUN_180058350	Global	0x209	false	false
180058560	FUN_180058560	Global	0xa4	false	false
180058610	FUN_180058610	Global	0xa3	false	false
1800586c0	FUN_1800586c0	Global	0x5c	false	false
180058720	FUN_180058720	Global	0xad	false	false
1800587d0	FUN_1800587d0	Global	0xab	false	false
180058880	FUN_180058880	Global	0x52d	false	false
180058db0	FUN_180058db0	Global	0x6d6	false	false
180059490	FUN_180059490	Global	0x246	false	false
1800596e0	FUN_1800596e0	Global	0x12a	false	false
180059810	FUN_180059810	Global	0x2ad	false	false
180059ac0	FUN_180059ac0	Global	0x9f	false	false
180059b60	FUN_180059b60	Global	0x9d	false	false
180059c00	FUN_180059c00	Global	0x9c	false	false
180059ca0	FUN_180059ca0	Global	0x260	false	false
180059f00	FUN_180059f00	Global	0xc8	false	false
180059fd0	FUN_180059fd0	Global	0x12ef	false	false
18005b2e0	FUN_18005b2e0	Global	0x227	false	false
18005b510	FUN_18005b510	Global	0x16b	false	false
18005b690	FUN_18005b690	Global	0x73	false	false
18005b710	FUN_18005b710	Global	0x5e	false	false
18005b770	FUN_18005b770	Global	0xd3	false	false
18005b850	FUN_18005b850	Global	0x435	false	false
18005bc90	FUN_18005bc90	Global	0x23	false	false
18005bcc0	FUN_18005bcc0	Global	0x18f	false	false
18005be50	FUN_18005be50	Global	0x201	false	false
18005c060	FUN_18005c060	Global	0x2e1	false	false
18005c350	FUN_18005c350	Global	0x9e	false	false
18005c3f0	FUN_18005c3f0	Global	0x75	false	false
18005c470	FUN_18005c470	Global	0x8e	false	false
18005c520	FUN_18005c520	Global	0x8	false	false
18005c530	FUN_18005c530	Global	0x69	false	false
18005c5a0	FUN_18005c5a0	Global	0xe	false	false
18005c5b0	FUN_18005c5b0	Global	0x8	false	false
18005c5c0	FUN_18005c5c0	Global	0xe	false	false
18005c5d0	FUN_18005c5d0	Global	0x8	false	false
18005c5e0	FUN_18005c5e0	Global	0x2a	false	false
18005c610	FUN_18005c610	Global	0xe	false	false
18005c620	FUN_18005c620	Global	0x8	false	false
18005c630	FUN_18005c630	Global	0xa9	false	false
18005c6e0	FUN_18005c6e0	Global	0xe	false	false
18005c6f0	FUN_18005c6f0	Global	0x8	false	false
18005c700	FUN_18005c700	Global	0xfd	false	false
18005c800	FUN_18005c800	Global	0xe	false	false
18005c830	FUN_18005c830	Global	0x8	false	false
18005c840	FUN_18005c840	Global	0xa9	false	false
18005c8f0	FUN_18005c8f0	Global	0xe	false	false
18005c900	FUN_18005c900	Global	0x8	false	false
18005c910	FUN_18005c910	Global	0x61	false	false
18005c980	FUN_18005c980	Global	0xe	false	false
18005c990	FUN_18005c990	Global	0x8	false	false
18005c9a0	thunk_FUN_18005b2e0	Global	0x5	true	false
18005c9b0	FUN_18005c9b0	Global	0xe	false	false
18005c9c0	FUN_18005c9c0	Global	0x75	false	false
18005ca40	FUN_18005ca40	Global	0x8	false	false
18005ca50	FUN_18005ca50	Global	0xa9	false	false
18005cb00	FUN_18005cb00	Global	0xe	false	false
18005cb10	FUN_18005cb10	Global	0x8	false	false
18005cb20	FUN_18005cb20	Global	0x138	false	false
18005cc60	FUN_18005cc60	Global	0xe	false	false
18005cc70	FUN_18005cc70	Global	0x8	false	false
18005cc80	FUN_18005cc80	Global	0x16	false	false
18005cca0	FUN_18005cca0	Global	0x8	false	false
18005ccb0	FUN_18005ccb0	Global	0x85	false	false
18005cd40	FUN_18005cd40	Global	0x16	false	false
18005cd60	FUN_18005cd60	Global	0xdd	false	false
18005ce40	FUN_18005ce40	Global	0x2e	false	false
18005ce70	FUN_18005ce70	Global	0x92	false	false
18005cf04	FUN_18005cf04	Global	0xc	false	false
18005cf10	FUN_18005cf10	Global	0x5b	false	false
18005cf70	FUN_18005cf70	Global	0x177	false	false
18005d100	FUN_18005d100	Global	0x247	false	false
18005d350	FUN_18005d350	Global	0xad	false	false
18005d400	FUN_18005d400	Global	0x5	false	false
18005d410	FUN_18005d410	Global	0x935	false	false
18005dd50	FUN_18005dd50	Global	0xb2	false	false
18005de10	FUN_18005de10	Global	0x83	false	false
18005dea0	FUN_18005dea0	Global	0x2b	false	false
18005ded0	FUN_18005ded0	Global	0x8	false	false
18005dee0	FUN_18005dee0	Global	0x9	false	false
18005def0	FUN_18005def0	Global	0x16	false	false
18005df10	FUN_18005df10	Global	0x537	false	false
18005e470	FUN_18005e470	Global	0x65	false	false
18005e4e0	FUN_18005e4e0	Global	0xc1	false	false
18005e5b0	FUN_18005e5b0	Global	0xc3	false	false
18005e680	FUN_18005e680	Global	0x6d	false	false
18005e6f0	FUN_18005e6f0	Global	0x1f9	false	false
18005e8f0	FUN_18005e8f0	Global	0x27e	false	false
18005eb70	FUN_18005eb70	Global	0x327	false	false
18005eea0	FUN_18005eea0	Global	0x39	false	false
18005ef00	FUN_18005ef00	Global	0x2b	false	false
18005ef50	FUN_18005ef50	Global	0x1ad	false	false
18005f100	FUN_18005f100	Global	0xa7	false	false
18005f1b0	FUN_18005f1b0	Global	0x11d	false	false
18005f2d0	FUN_18005f2d0	Global	0x14e	false	false
18005f420	FUN_18005f420	Global	0x37	false	false
18005f460	FUN_18005f460	Global	0x2b	false	false
18005f490	FUN_18005f490	Global	0x2b	false	false
18005f4c0	FUN_18005f4c0	Global	0x103	false	false
18005f5d0	FUN_18005f5d0	Global	0x73	false	false
18005f650	FUN_18005f650	Global	0x1bb	false	false
18005f810	FUN_18005f810	Global	0x1a0	false	false
18005f9b0	FUN_18005f9b0	Global	0x1bb	false	false
18005fb70	FUN_18005fb70	Global	0x2f7	false	false
18005fe70	FUN_18005fe70	Global	0x2f7	false	false
180060170	FUN_180060170	Global	0x175	false	false
1800602f0	FUN_1800602f0	Global	0x30a	false	false
180060600	FUN_180060600	Global	0x489	false	false
180060a90	FUN_180060a90	Global	0x30a	false	false
180060da0	FUN_180060da0	Global	0xab	false	false
180060e50	FUN_180060e50	Global	0x166	false	false
180060fc0	FUN_180060fc0	Global	0x5b	false	false
180061020	FUN_180061020	Global	0x172	false	false
1800611a0	FUN_1800611a0	Global	0x24b	false	false
1800613f0	FUN_1800613f0	Global	0x83	false	false
180061480	FUN_180061480	Global	0x21	false	false
1800614b0	FUN_1800614b0	Global	0x4b	false	false
180061500	FUN_180061500	Global	0x18	false	false
180061520	FUN_180061520	Global	0x3c	false	false
180061560	FUN_180061560	Global	0x21	false	false
180061590	FUN_180061590	Global	0x1a	false	false
1800615b0	FUN_1800615b0	Global	0x22	false	false
1800615e0	FUN_1800615e0	Global	0x4b	false	false
180061640	FUN_180061640	Global	0x5d	false	false
1800616a0	FUN_1800616a0	Global	0xa7	false	false
180061750	FUN_180061750	Global	0x6e	false	false
1800617c0	FUN_1800617c0	Global	0x16e	false	false
180061960	FUN_180061960	Global	0x189	false	false
180061af0	FUN_180061af0	Global	0x2b	false	false
180061b20	FUN_180061b20	Global	0x2b	false	false
180061b50	FUN_180061b50	Global	0x5e	false	false
180061bb0	FUN_180061bb0	Global	0x13a	false	false
180061cf0	FUN_180061cf0	Global	0x42	false	false
180061d40	FUN_180061d40	Global	0x42	false	false
180061d90	FUN_180061d90	Global	0x1cd	false	false
180061f60	FUN_180061f60	Global	0x4f	false	false
180061fb0	FUN_180061fb0	Global	0x14e	false	false
180062100	FUN_180062100	Global	0x308	false	false
180062410	FUN_180062410	Global	0x308	false	false
180062720	FUN_180062720	Global	0xb9	false	false
1800627e0	FUN_1800627e0	Global	0x1da	false	false
1800629c0	FUN_1800629c0	Global	0x18e	false	false
180062b50	FUN_180062b50	Global	0x43d	false	false
180062f90	FUN_180062f90	Global	0x29e	false	false
180063230	FUN_180063230	Global	0x2bc	false	false
1800634f0	FUN_1800634f0	Global	0x89	false	false
180063580	FUN_180063580	Global	0xe8	false	false
180063670	FUN_180063670	Global	0xb	false	false
180063680	FUN_180063680	Global	0x393	false	false
180063a20	FUN_180063a20	Global	0x4	false	false
180063a30	FUN_180063a30	Global	0x27d	false	false
180063cb0	FUN_180063cb0	Global	0x55	false	false
180063d10	FUN_180063d10	Global	0x65	false	false
180063d80	FUN_180063d80	Global	0x59	false	false
180063de0	FUN_180063de0	Global	0x11	false	false
180063e00	FUN_180063e00	Global	0x11	false	false
180063e20	FUN_180063e20	Global	0x6a	false	false
180063e90	FUN_180063e90	Global	0x3e	false	false
180063ed0	deallocate	Global	0x42	false	false
180063f20	FUN_180063f20	Global	0x27	false	false
180063f50	FUN_180063f50	Global	0xa8	false	false
180064000	FUN_180064000	Global	0x2b	false	false
180064030	FUN_180064030	Global	0x2f	false	false
180064060	FUN_180064060	Global	0x55	false	false
1800640c0	FUN_1800640c0	Global	0x1b9	false	false
180064280	FUN_180064280	Global	0x2b	false	false
1800642b0	FUN_1800642b0	Global	0x84	false	false
180064340	FUN_180064340	Global	0x15a	false	false
1800644a0	FUN_1800644a0	Global	0x127	false	false
1800645d0	FUN_1800645d0	Global	0x396	false	false
180064970	FUN_180064970	Global	0x142	false	false
180064ac0	FUN_180064ac0	Global	0x16c	false	false
180064c30	FUN_180064c30	Global	0xfe	false	false
180064d2f	PreLoad	GAME-CORE.DLL::rage::grcDevice	0x6	true	false
180064d35	PostLoad	GAME-CORE.DLL::rage::ioKeyboard	0x6	true	false
180064d3b	PreLoad	GAME-CORE.DLL::rage::ioMouse	0x6	true	false
180064d41	PreLoad	GAME-CORE.DLL::rage::UIInput	0x6	true	false
180064d47	PostLoad	GAME-CORE.DLL::rage::UIStringTable	0x6	true	false
180064d4d	PostLoad	GAME-CORE.DLL::rage::globalBase	0x6	true	false
180064d53	PreLoad	GAME-CORE.DLL::rdr2scripting::game	0x6	true	false
180064d59	PreLoad	GAME-CORE.DLL::Patches	0x6	true	false
180064d5f	Run	CLIENT-SHARED.DLL::Fiber	0x6	true	false
180064d65	Start	CLIENT-SHARED.DLL::IFiber	0x6	true	false
180064d6b	cef_string_utf16_clear	LIBCEF.DLL	0x6	true	false
180064d80	FUN_180064d80	Global	0x18d	false	false
180064f10	FUN_180064f10	Global	0x25	false	false
180064f40	FUN_180064f40	Global	0x2b	false	false
180064f70	FUN_180064f70	Global	0x25	false	false
180064fa0	FUN_180064fa0	Global	0x6b	false	false
180065010	FUN_180065010	Global	0x1c	false	false
180065030	FUN_180065030	Global	0x77	false	false
1800650b0	FUN_1800650b0	Global	0x8b	false	false
180065140	FUN_180065140	Global	0x27	false	false
180065170	FUN_180065170	Global	0x9d	false	false
180065210	FUN_180065210	Global	0x94	false	false
1800652b0	FUN_1800652b0	Global	0x9d	false	false
180065350	FUN_180065350	Global	0x92	false	false
1800653f0	FUN_1800653f0	Global	0x8f	false	false
180065480	FUN_180065480	Global	0x9d	false	false
180065520	FUN_180065520	Global	0x72	false	false
1800655a0	FUN_1800655a0	Global	0x180	false	false
180065720	FUN_180065720	Global	0x8c	false	false
1800657b0	FUN_1800657b0	Global	0x9d	false	false
180065850	FUN_180065850	Global	0x5c	false	false
1800658b0	FUN_1800658b0	Global	0x72	false	false
180065930	FUN_180065930	Global	0x72	false	false
1800659b0	FUN_1800659b0	Global	0x109	false	false
180065ac0	FUN_180065ac0	Global	0x77	false	false
180065b40	FUN_180065b40	Global	0x77	false	false
180065bc0	FUN_180065bc0	Global	0x109	false	false
180065cd0	FUN_180065cd0	Global	0x77	false	false
180065d50	FUN_180065d50	Global	0xd0	false	false
180065e20	FUN_180065e20	Global	0x91	false	false
180065ec0	FUN_180065ec0	Global	0x10d	false	false
180065fd0	FUN_180065fd0	Global	0x93	false	false
180066070	FUN_180066070	Global	0x10d	false	false
180066180	FUN_180066180	Global	0x99	false	false
180066220	FUN_180066220	Global	0x92	false	false
1800662c0	FUN_1800662c0	Global	0x10d	false	false
1800663d0	FUN_1800663d0	Global	0x94	false	false
180066470	FUN_180066470	Global	0x91	false	false
180066510	FUN_180066510	Global	0x92	false	false
1800665b0	FUN_1800665b0	Global	0x10d	false	false
1800666c0	FUN_1800666c0	Global	0x64	false	false
180066730	FUN_180066730	Global	0x72	false	false
1800667b0	FUN_1800667b0	Global	0xea	false	false
1800668a0	FUN_1800668a0	Global	0xea	false	false
180066990	FUN_180066990	Global	0x111	false	false
180066ab0	FUN_180066ab0	Global	0xea	false	false
180066ba0	FUN_180066ba0	Global	0x1a0	false	false
180066d40	FUN_180066d40	Global	0x1a3	false	false
180066ef0	FUN_180066ef0	Global	0x1a6	false	false
1800670a0	FUN_1800670a0	Global	0x1a3	false	false
180067250	FUN_180067250	Global	0xe9	false	false
180067340	FUN_180067340	Global	0x55	false	false
1800673a0	FUN_1800673a0	Global	0xfd	false	false
1800674a0	FUN_1800674a0	Global	0x102	false	false
1800675c0	FUN_1800675c0	Global	0xef	false	false
1800676b0	FUN_1800676b0	Global	0x82	false	false
180067740	FUN_180067740	Global	0x22	false	false
180067770	FUN_180067770	Global	0x6b	false	false
1800677e0	FUN_1800677e0	Global	0xf5	false	false
1800678e0	FUN_1800678e0	Global	0x1c	false	false
180067900	FUN_180067900	Global	0x8a	false	false
180067990	FUN_180067990	Global	0x92	false	false
180067a30	FUN_180067a30	Global	0x92	false	false
180067ad0	FUN_180067ad0	Global	0x7a	false	false
180067b50	FUN_180067b50	Global	0x6c	false	false
180067bc0	FUN_180067bc0	Global	0x15f	false	false
180067d20	FUN_180067d20	Global	0x133	false	false
180067e60	FUN_180067e60	Global	0x9a	false	false
180067f00	FUN_180067f00	Global	0x6c	false	false
180067f70	FUN_180067f70	Global	0xf5	false	false
180068070	FUN_180068070	Global	0x6c	false	false
1800680e0	FUN_1800680e0	Global	0x8d	false	false
180068170	FUN_180068170	Global	0x7e	false	false
1800681f0	FUN_1800681f0	Global	0x8b	false	false
180068280	FUN_180068280	Global	0x125	false	false
1800683b0	FUN_1800683b0	Global	0x7d	false	false
180068430	FUN_180068430	Global	0xb7	false	false
1800684f0	FUN_1800684f0	Global	0x8b	false	false
180068580	FUN_180068580	Global	0x8b	false	false
180068610	FUN_180068610	Global	0x78	false	false
180068690	FUN_180068690	Global	0xf0	false	false
180068780	FUN_180068780	Global	0x72	false	false
180068800	FUN_180068800	Global	0x72	false	false
180068880	FUN_180068880	Global	0x8b	false	false
180068910	FUN_180068910	Global	0x75	false	false
180068990	FUN_180068990	Global	0x8e	false	false
180068a20	FUN_180068a20	Global	0x72	false	false
180068aa0	FUN_180068aa0	Global	0x75	false	false
180068b20	FUN_180068b20	Global	0x5c	false	false
180068b80	FUN_180068b80	Global	0x78	false	false
180068c00	FUN_180068c00	Global	0x72	false	false
180068c80	FUN_180068c80	Global	0x7a	false	false
180068d00	FUN_180068d00	Global	0x72	false	false
180068d80	FUN_180068d80	Global	0x77	false	false
180068e00	FUN_180068e00	Global	0x6c	false	false
180068e70	FUN_180068e70	Global	0x9e	false	false
180068f10	FUN_180068f10	Global	0x7d	false	false
180068f90	FUN_180068f90	Global	0x133	false	false
1800690d0	FUN_1800690d0	Global	0x7c	false	false
180069150	FUN_180069150	Global	0x7a	false	false
1800691d0	FUN_1800691d0	Global	0x7a	false	false
180069250	FUN_180069250	Global	0x77	false	false
1800692d0	FUN_1800692d0	Global	0x7a	false	false
180069350	FUN_180069350	Global	0x7a	false	false
1800693d0	FUN_1800693d0	Global	0x6c	false	false
180069440	FUN_180069440	Global	0x6c	false	false
1800694b0	FUN_1800694b0	Global	0x6c	false	false
180069520	FUN_180069520	Global	0x104	false	false
180069630	FUN_180069630	Global	0xd0	false	false
180069700	FUN_180069700	Global	0x8a	false	false
180069790	FUN_180069790	Global	0x150	false	false
1800698e0	FUN_1800698e0	Global	0x6c	false	false
180069950	FUN_180069950	Global	0x9b	false	false
1800699f0	FUN_1800699f0	Global	0x6c	false	false
180069a60	FUN_180069a60	Global	0x7e	false	false
180069ae0	FUN_180069ae0	Global	0xa9	false	false
180069b90	FUN_180069b90	Global	0x8e	false	false
180069c20	FUN_180069c20	Global	0x9c	false	false
180069cc0	FUN_180069cc0	Global	0x7e	false	false
180069d40	FUN_180069d40	Global	0x7c	false	false
180069dc0	FUN_180069dc0	Global	0x7d	false	false
180069e40	FUN_180069e40	Global	0x9b	false	false
180069ee0	FUN_180069ee0	Global	0x7a	false	false
180069f60	FUN_180069f60	Global	0x7c	false	false
180069fe0	FUN_180069fe0	Global	0x82	false	false
18006a070	FUN_18006a070	Global	0x100	false	false
18006a170	FUN_18006a170	Global	0x8a	false	false
18006a200	FUN_18006a200	Global	0x7d	false	false
18006a280	FUN_18006a280	Global	0x77	false	false
18006a300	FUN_18006a300	Global	0x64	false	false
18006a370	FUN_18006a370	Global	0x72	false	false
18006a3f0	FUN_18006a3f0	Global	0xea	false	false
18006a4e0	FUN_18006a4e0	Global	0xea	false	false
18006a5d0	FUN_18006a5d0	Global	0x9b	false	false
18006a670	FUN_18006a670	Global	0x7d	false	false
18006a6f0	FUN_18006a6f0	Global	0x6c	false	false
18006a760	FUN_18006a760	Global	0x1a3	false	false
18006a910	FUN_18006a910	Global	0x1a0	false	false
18006aab0	FUN_18006aab0	Global	0x19b	false	false
18006ac50	FUN_18006ac50	Global	0x1a3	false	false
18006ae00	FUN_18006ae00	Global	0x85	false	false
18006ae90	FUN_18006ae90	Global	0x85	false	false
18006af20	FUN_18006af20	Global	0x85	false	false
18006afb0	FUN_18006afb0	Global	0x85	false	false
18006b040	FUN_18006b040	Global	0x85	false	false
18006b0d0	FUN_18006b0d0	Global	0x85	false	false
18006b160	FUN_18006b160	Global	0x7c	false	false
18006b1e0	FUN_18006b1e0	Global	0x82	false	false
18006b270	FUN_18006b270	Global	0x6b	false	false
18006b2e0	FUN_18006b2e0	Global	0x2d	false	false
18006b310	FUN_18006b310	Global	0x58	false	false
18006b370	FUN_18006b370	Global	0x65	false	false
18006b3e0	FUN_18006b3e0	Global	0x33	false	false
18006b420	FUN_18006b420	Global	0x33	false	false
18006b460	FUN_18006b460	Global	0x2d	false	false
18006b490	FUN_18006b490	Global	0x2d	false	false
18006b4c0	FUN_18006b4c0	Global	0xe1	false	false
18006b5b0	FUN_18006b5b0	Global	0x38	false	false
18006b5f0	FUN_18006b5f0	Global	0xe1	false	false
18006b6e0	FUN_18006b6e0	Global	0x38	false	false
18006b720	FUN_18006b720	Global	0xa1	false	false
18006b7d0	FUN_18006b7d0	Global	0x8e	false	false
18006b860	FUN_18006b860	Global	0x82	false	false
18006b8f0	FUN_18006b8f0	Global	0x6b	false	false
18006b960	FUN_18006b960	Global	0x1c	false	false
18006b980	FUN_18006b980	Global	0x77	false	false
18006ba00	FUN_18006ba00	Global	0x9a	false	false
18006baa0	FUN_18006baa0	Global	0xad	false	false
18006bb50	FUN_18006bb50	Global	0xa2	false	false
18006bc00	FUN_18006bc00	Global	0xad	false	false
18006bcb0	FUN_18006bcb0	Global	0x9e	false	false
18006bd50	FUN_18006bd50	Global	0x9d	false	false
18006bdf0	FUN_18006bdf0	Global	0x144	false	false
18006bf40	FUN_18006bf40	Global	0xad	false	false
18006bff0	FUN_18006bff0	Global	0x72	false	false
18006c070	FUN_18006c070	Global	0x195	false	false
18006c210	FUN_18006c210	Global	0x9d	false	false
18006c2b0	FUN_18006c2b0	Global	0xad	false	false
18006c360	FUN_18006c360	Global	0x72	false	false
18006c3e0	FUN_18006c3e0	Global	0x9f	false	false
18006c480	FUN_18006c480	Global	0x72	false	false
18006c500	FUN_18006c500	Global	0x109	false	false
18006c610	FUN_18006c610	Global	0x77	false	false
18006c690	FUN_18006c690	Global	0x77	false	false
18006c710	FUN_18006c710	Global	0x109	false	false
18006c820	FUN_18006c820	Global	0x77	false	false
18006c8a0	FUN_18006c8a0	Global	0xd0	false	false
18006c970	FUN_18006c970	Global	0x9f	false	false
18006ca10	FUN_18006ca10	Global	0x11e	false	false
18006cb30	FUN_18006cb30	Global	0xa3	false	false
18006cbe0	FUN_18006cbe0	Global	0x11e	false	false
18006cd00	FUN_18006cd00	Global	0xa9	false	false
18006cdb0	FUN_18006cdb0	Global	0xa2	false	false
18006ce60	FUN_18006ce60	Global	0x11e	false	false
18006cf80	FUN_18006cf80	Global	0xa2	false	false
18006d030	FUN_18006d030	Global	0xa2	false	false
18006d0e0	FUN_18006d0e0	Global	0x11e	false	false
18006d200	FUN_18006d200	Global	0x64	false	false
18006d270	FUN_18006d270	Global	0x72	false	false
18006d2f0	FUN_18006d2f0	Global	0x8e	false	false
18006d380	FUN_18006d380	Global	0x82	false	false
18006d410	FUN_18006d410	Global	0x6b	false	false
18006d480	FUN_18006d480	Global	0x1c	false	false
18006d4a0	FUN_18006d4a0	Global	0x8b	false	false
18006d530	FUN_18006d530	Global	0x8e	false	false
18006d5c0	FUN_18006d5c0	Global	0x77	false	false
18006d640	FUN_18006d640	Global	0x8e	false	false
18006d6d0	FUN_18006d6d0	Global	0x75	false	false
18006d750	FUN_18006d750	Global	0x72	false	false
18006d7d0	FUN_18006d7d0	Global	0x8e	false	false
18006d860	FUN_18006d860	Global	0x177	false	false
18006d9e0	FUN_18006d9e0	Global	0x72	false	false
18006da60	FUN_18006da60	Global	0x72	false	false
18006dae0	FUN_18006dae0	Global	0x72	false	false
18006db60	FUN_18006db60	Global	0x109	false	false
18006dc70	FUN_18006dc70	Global	0x77	false	false
18006dcf0	FUN_18006dcf0	Global	0x77	false	false
18006dd70	FUN_18006dd70	Global	0x109	false	false
18006de80	FUN_18006de80	Global	0x77	false	false
18006df00	FUN_18006df00	Global	0xd0	false	false
18006dfd0	FUN_18006dfd0	Global	0x10c	false	false
18006e0e0	FUN_18006e0e0	Global	0x93	false	false
18006e180	FUN_18006e180	Global	0x10c	false	false
18006e290	FUN_18006e290	Global	0x98	false	false
18006e330	FUN_18006e330	Global	0x92	false	false
18006e3d0	FUN_18006e3d0	Global	0x10c	false	false
18006e4e0	FUN_18006e4e0	Global	0x7a	false	false
18006e560	FUN_18006e560	Global	0x94	false	false
18006e600	FUN_18006e600	Global	0x64	false	false
18006e670	FUN_18006e670	Global	0x72	false	false
18006e6f0	FUN_18006e6f0	Global	0x8e	false	false
18006e780	FUN_18006e780	Global	0x180	false	false
18006e900	FUN_18006e900	Global	0x2b	false	false
18006e930	FUN_18006e930	Global	0x2e	false	false
18006e9a0	FUN_18006e9a0	Global	0x52	false	false
18006ea00	FUN_18006ea00	Global	0x9f	false	false
18006eaa0	FUN_18006eaa0	Global	0x1a3	false	false
18006ec50	FUN_18006ec50	Global	0x1a0	false	false
18006edf0	FUN_18006edf0	Global	0x85	false	false
18006ee80	FUN_18006ee80	Global	0x85	false	false
18006ef10	FUN_18006ef10	Global	0x85	false	false
18006efa0	FUN_18006efa0	Global	0x85	false	false
18006f030	FUN_18006f030	Global	0x85	false	false
18006f0c0	FUN_18006f0c0	Global	0x85	false	false
18006f150	FUN_18006f150	Global	0x85	false	false
18006f1e0	FUN_18006f1e0	Global	0x85	false	false
18006f270	FUN_18006f270	Global	0x85	false	false
18006f300	FUN_18006f300	Global	0x85	false	false
18006f390	FUN_18006f390	Global	0x85	false	false
18006f420	FUN_18006f420	Global	0x85	false	false
18006f4b0	FUN_18006f4b0	Global	0x85	false	false
18006f540	FUN_18006f540	Global	0x85	false	false
18006f5d0	FUN_18006f5d0	Global	0x85	false	false
18006f660	FUN_18006f660	Global	0x85	false	false
18006f6f0	FUN_18006f6f0	Global	0x85	false	false
18006f780	FUN_18006f780	Global	0x85	false	false
18006f810	FUN_18006f810	Global	0x12a	false	false
18006f940	FUN_18006f940	Global	0x12b	false	false
18006fa70	FUN_18006fa70	Global	0x12b	false	false
18006fba0	FUN_18006fba0	Global	0x12b	false	false
18006fcd0	FUN_18006fcd0	Global	0x12b	false	false
18006fe00	FUN_18006fe00	Global	0x12b	false	false
18006ff30	FUN_18006ff30	Global	0x12b	false	false
180070060	FUN_180070060	Global	0x12b	false	false
180070190	FUN_180070190	Global	0x12b	false	false
1800702c0	FUN_1800702c0	Global	0x12b	false	false
1800703f0	FUN_1800703f0	Global	0x12b	false	false
180070520	FUN_180070520	Global	0x12b	false	false
180070650	FUN_180070650	Global	0x12b	false	false
180070780	FUN_180070780	Global	0x12b	false	false
1800708b0	FUN_1800708b0	Global	0x12b	false	false
1800709e0	FUN_1800709e0	Global	0x12b	false	false
180070b10	FUN_180070b10	Global	0x12e	false	false
180070c40	FUN_180070c40	Global	0x12e	false	false
180070d70	FUN_180070d70	Global	0x164	false	false
180070ee0	FUN_180070ee0	Global	0x70	false	false
180070f50	FUN_180070f50	Global	0x7e	false	false
180070fd0	FUN_180070fd0	Global	0x7e	false	false
180071050	FUN_180071050	Global	0x7e	false	false
1800710d0	FUN_1800710d0	Global	0xae	false	false
180071180	FUN_180071180	Global	0x2b	false	false
1800711b0	FUN_1800711b0	Global	0x48	false	false
180071200	FUN_180071200	Global	0x2b	false	false
180071230	FUN_180071230	Global	0x4f	false	false
180071280	FUN_180071280	Global	0xe0	false	false
180071360	FUN_180071360	Global	0xe0	false	false
180071440	FUN_180071440	Global	0x149	false	false
180071590	FUN_180071590	Global	0x10f	false	false
1800716a0	FUN_1800716a0	Global	0x11d	false	false
1800717c0	FUN_1800717c0	Global	0x70	false	false
180071830	FUN_180071830	Global	0x7e	false	false
1800718b0	FUN_1800718b0	Global	0x7e	false	false
180071930	FUN_180071930	Global	0x7e	false	false
1800719b0	FUN_1800719b0	Global	0x7a	false	false
180071a30	FUN_180071a30	Global	0x2b	false	false
180071a60	FUN_180071a60	Global	0x48	false	false
180071ab0	FUN_180071ab0	Global	0x2b	false	false
180071ae0	FUN_180071ae0	Global	0x4f	false	false
180071b30	FUN_180071b30	Global	0x1a3	false	false
180071ce0	FUN_180071ce0	Global	0x132	false	false
180071e20	FUN_180071e20	Global	0x70	false	false
180071e90	FUN_180071e90	Global	0x7e	false	false
180071f10	FUN_180071f10	Global	0x7e	false	false
180071f90	FUN_180071f90	Global	0x7e	false	false
180072010	FUN_180072010	Global	0x7a	false	false
180072090	FUN_180072090	Global	0x115	false	false
1800721b0	FUN_1800721b0	Global	0x70	false	false
180072220	FUN_180072220	Global	0x7e	false	false
1800722a0	FUN_1800722a0	Global	0x7e	false	false
180072320	FUN_180072320	Global	0x7e	false	false
1800723a0	FUN_1800723a0	Global	0x7a	false	false
180072420	FUN_180072420	Global	0x1b6	false	false
1800725e0	FUN_1800725e0	Global	0xe2	false	false
1800726d0	FUN_1800726d0	Global	0x23	false	false
180072700	FUN_180072700	Global	0x29	false	false
180072730	FUN_180072730	Global	0x29	false	false
180072760	FUN_180072760	Global	0x29	false	false
180072790	FUN_180072790	Global	0x7a	false	false
180072810	FUN_180072810	Global	0xba	false	false
1800728d0	FUN_1800728d0	Global	0x1b6	false	false
180072a90	FUN_180072a90	Global	0x130	false	false
180072bd0	FUN_180072bd0	Global	0x23	false	false
180072c00	FUN_180072c00	Global	0x29	false	false
180072c30	FUN_180072c30	Global	0x29	false	false
180072c60	FUN_180072c60	Global	0x29	false	false
180072c90	FUN_180072c90	Global	0x82	false	false
180072d20	FUN_180072d20	Global	0x6b	false	false
180072d90	FUN_180072d90	Global	0x1c	false	false
180072db0	FUN_180072db0	Global	0x77	false	false
180072e30	FUN_180072e30	Global	0x77	false	false
180072eb0	FUN_180072eb0	Global	0x8e	false	false
180072f40	FUN_180072f40	Global	0xad	false	false
180072ff0	FUN_180072ff0	Global	0x9d	false	false
180073090	FUN_180073090	Global	0x75	false	false
180073110	FUN_180073110	Global	0xd5	false	false
1800731f0	FUN_1800731f0	Global	0xd5	false	false
1800732d0	FUN_1800732d0	Global	0x8b	false	false
180073360	FUN_180073360	Global	0x72	false	false
1800733e0	FUN_1800733e0	Global	0x8e	false	false
180073470	FUN_180073470	Global	0x69	false	false
1800734e0	FUN_1800734e0	Global	0x69	false	false
180073550	FUN_180073550	Global	0x72	false	false
1800735d0	FUN_1800735d0	Global	0x7a	false	false
180073650	FUN_180073650	Global	0x72	false	false
1800736d0	FUN_1800736d0	Global	0x77	false	false
180073750	FUN_180073750	Global	0x7a	false	false
1800737d0	FUN_1800737d0	Global	0x10c	false	false
1800738e0	FUN_1800738e0	Global	0x77	false	false
180073960	FUN_180073960	Global	0xd0	false	false
180073a30	FUN_180073a30	Global	0x69	false	false
180073aa0	FUN_180073aa0	Global	0x69	false	false
180073b10	FUN_180073b10	Global	0x69	false	false
180073b80	FUN_180073b80	Global	0x64	false	false
180073bf0	FUN_180073bf0	Global	0x72	false	false
180073c70	FUN_180073c70	Global	0x111	false	false
180073d90	FUN_180073d90	Global	0x1a3	false	false
180073f40	FUN_180073f40	Global	0x71	false	false
180073fc0	FUN_180073fc0	Global	0x6b	false	false
180074030	FUN_180074030	Global	0x99	false	false
1800740d0	FUN_1800740d0	Global	0x1c	false	false
1800740f0	FUN_1800740f0	Global	0x6c	false	false
180074160	FUN_180074160	Global	0x8b	false	false
1800741f0	FUN_1800741f0	Global	0x106	false	false
180074300	FUN_180074300	Global	0x17a	false	false
180074480	FUN_180074480	Global	0xf4	false	false
180074580	FUN_180074580	Global	0xf4	false	false
180074680	FUN_180074680	Global	0x177	false	false
180074800	FUN_180074800	Global	0x177	false	false
180074980	FUN_180074980	Global	0x177	false	false
180074b00	FUN_180074b00	Global	0x8e	false	false
180074b90	FUN_180074b90	Global	0x81	false	false
180074c20	FUN_180074c20	Global	0x177	false	false
180074da0	FUN_180074da0	Global	0x177	false	false
180074f20	FUN_180074f20	Global	0x177	false	false
1800750a0	FUN_1800750a0	Global	0x72	false	false
180075120	FUN_180075120	Global	0x7a	false	false
1800751a0	FUN_1800751a0	Global	0x72	false	false
180075220	FUN_180075220	Global	0x77	false	false
1800752a0	FUN_1800752a0	Global	0x77	false	false
180075320	FUN_180075320	Global	0x77	false	false
1800753a0	FUN_1800753a0	Global	0x77	false	false
180075420	FUN_180075420	Global	0xd0	false	false
1800754f0	FUN_1800754f0	Global	0x6c	false	false
180075560	FUN_180075560	Global	0x7e	false	false
1800755e0	FUN_1800755e0	Global	0x7e	false	false
180075660	FUN_180075660	Global	0x7e	false	false
1800756e0	FUN_1800756e0	Global	0x7e	false	false
180075760	FUN_180075760	Global	0x7e	false	false
1800757e0	FUN_1800757e0	Global	0x7e	false	false
180075860	FUN_180075860	Global	0x64	false	false
1800758d0	FUN_1800758d0	Global	0x72	false	false
180075950	FUN_180075950	Global	0xea	false	false
180075a40	FUN_180075a40	Global	0x8e	false	false
180075ad0	FUN_180075ad0	Global	0x1a6	false	false
180075c80	FUN_180075c80	Global	0x82	false	false
180075d10	FUN_180075d10	Global	0x6b	false	false
180075d80	FUN_180075d80	Global	0x1c	false	false
180075da0	FUN_180075da0	Global	0x7e	false	false
180075e20	FUN_180075e20	Global	0x177	false	false
180075fa0	FUN_180075fa0	Global	0x72	false	false
180076020	FUN_180076020	Global	0x177	false	false
1800761a0	FUN_1800761a0	Global	0x8b	false	false
180076230	FUN_180076230	Global	0x177	false	false
1800763b0	FUN_1800763b0	Global	0x77	false	false
180076430	FUN_180076430	Global	0x177	false	false
1800765b0	FUN_1800765b0	Global	0x72	false	false
180076630	FUN_180076630	Global	0x72	false	false
1800766b0	FUN_1800766b0	Global	0x77	false	false
180076730	FUN_180076730	Global	0x77	false	false
1800767b0	FUN_1800767b0	Global	0xd0	false	false
180076880	FUN_180076880	Global	0x64	false	false
1800768f0	FUN_1800768f0	Global	0x72	false	false
180076970	FUN_180076970	Global	0x1a0	false	false
180076b10	FUN_180076b10	Global	0x5d	false	false
180076b70	FUN_180076b70	Global	0x2f	false	false
180076ba0	FUN_180076ba0	Global	0x25	false	false
180076bd0	FUN_180076bd0	Global	0x60	false	false
180076c30	FUN_180076c30	Global	0x2d	false	false
180076c60	FUN_180076c60	Global	0x2d	false	false
180076c90	FUN_180076c90	Global	0x2d	false	false
180076cc0	FUN_180076cc0	Global	0x96	false	false
180076d60	FUN_180076d60	Global	0xa0	false	false
180076e00	FUN_180076e00	Global	0x4e	false	false
180076e50	FUN_180076e50	Global	0xfe	false	false
180076f50	FUN_180076f50	Global	0x1c	false	false
180076f70	FUN_180076f70	Global	0xf0	false	false
180077060	FUN_180077060	Global	0x9a	false	false
180077100	FUN_180077100	Global	0xdc	false	false
1800771e0	FUN_1800771e0	Global	0xdc	false	false
1800772c0	FUN_1800772c0	Global	0x75	false	false
180077340	FUN_180077340	Global	0xdc	false	false
180077420	FUN_180077420	Global	0x95	false	false
1800774c0	FUN_1800774c0	Global	0x172	false	false
180077640	FUN_180077640	Global	0x70	false	false
1800776b0	FUN_1800776b0	Global	0x70	false	false
180077720	FUN_180077720	Global	0x70	false	false
180077790	FUN_180077790	Global	0x99	false	false
180077830	FUN_180077830	Global	0xeb	false	false
180077920	FUN_180077920	Global	0x86	false	false
1800779b0	FUN_1800779b0	Global	0xeb	false	false
180077aa0	FUN_180077aa0	Global	0xa5	false	false
180077b50	FUN_180077b50	Global	0xb1	false	false
180077c10	FUN_180077c10	Global	0x72	false	false
180077c90	FUN_180077c90	Global	0x72	false	false
180077d10	FUN_180077d10	Global	0x9a	false	false
180077db0	FUN_180077db0	Global	0x72	false	false
180077e30	FUN_180077e30	Global	0x106	false	false
180077f40	FUN_180077f40	Global	0x106	false	false
180078050	FUN_180078050	Global	0x12a	false	false
180078180	FUN_180078180	Global	0xe0	false	false
180078260	FUN_180078260	Global	0xf2	false	false
180078360	FUN_180078360	Global	0x86	false	false
1800783f0	FUN_1800783f0	Global	0xa5	false	false
1800784a0	FUN_1800784a0	Global	0x156	false	false
180078600	FUN_180078600	Global	0x10c	false	false
180078710	FUN_180078710	Global	0x64	false	false
180078780	FUN_180078780	Global	0x72	false	false
180078800	FUN_180078800	Global	0x9b	false	false
1800788a0	FUN_1800788a0	Global	0x8e	false	false
180078930	FUN_180078930	Global	0x1a0	false	false
180078ad0	FUN_180078ad0	Global	0x1a0	false	false
180078c70	FUN_180078c70	Global	0x85	false	false
180078d00	FUN_180078d00	Global	0x85	false	false
180078d90	FUN_180078d90	Global	0x85	false	false
180078e20	FUN_180078e20	Global	0x85	false	false
180078eb0	FUN_180078eb0	Global	0x85	false	false
180078f40	FUN_180078f40	Global	0x60	false	false
180078fa0	FUN_180078fa0	Global	0x154	false	false
180079100	FUN_180079100	Global	0x178	false	false
180079280	FUN_180079280	Global	0x1e4	false	false
180079470	FUN_180079470	Global	0x60	false	false
1800794d0	FUN_1800794d0	Global	0x84	false	false
180079560	FUN_180079560	Global	0x90	false	false
1800795f0	FUN_1800795f0	Global	0x60	false	false
180079650	FUN_180079650	Global	0x68	false	false
1800796c0	FUN_1800796c0	Global	0x70	false	false
180079730	FUN_180079730	Global	0x25b	false	false
180079990	FUN_180079990	Global	0x5e	false	false
1800799f0	FUN_1800799f0	Global	0x143	false	false
180079b40	FUN_180079b40	Global	0x94	false	false
180079be0	FUN_180079be0	Global	0x254	false	false
180079e40	FUN_180079e40	Global	0x94	false	false
180079ee0	FUN_180079ee0	Global	0x254	false	false
18007a140	FUN_18007a140	Global	0xae	false	false
18007a1f0	FUN_18007a1f0	Global	0x87	false	false
18007a280	FUN_18007a280	Global	0x106	false	false
18007a390	FUN_18007a390	Global	0x12e	false	false
18007a4c0	FUN_18007a4c0	Global	0x115	false	false
18007a5e0	FUN_18007a5e0	Global	0xe8	false	false
18007a6d0	FUN_18007a6d0	Global	0xe0	false	false
18007a7b0	FUN_18007a7b0	Global	0x70	false	false
18007a820	FUN_18007a820	Global	0x7e	false	false
18007a8a0	FUN_18007a8a0	Global	0x7e	false	false
18007a920	FUN_18007a920	Global	0x7e	false	false
18007a9a0	FUN_18007a9a0	Global	0xae	false	false
18007aa50	FUN_18007aa50	Global	0xf9	false	false
18007ab50	FUN_18007ab50	Global	0xf9	false	false
18007ac50	FUN_18007ac50	Global	0xce	false	false
18007ad20	FUN_18007ad20	Global	0xce	false	false
18007adf0	FUN_18007adf0	Global	0x106	false	false
18007af00	FUN_18007af00	Global	0x70	false	false
18007af70	FUN_18007af70	Global	0x7e	false	false
18007aff0	FUN_18007aff0	Global	0x7e	false	false
18007b070	FUN_18007b070	Global	0x7e	false	false
18007b0f0	FUN_18007b0f0	Global	0xcb	false	false
18007b1c0	FUN_18007b1c0	Global	0x2b	false	false
18007b1f0	FUN_18007b1f0	Global	0x48	false	false
18007b240	FUN_18007b240	Global	0x2e	false	false
18007b270	FUN_18007b270	Global	0x87	false	false
18007b300	FUN_18007b300	Global	0x5c	false	false
18007b360	FUN_18007b360	Global	0x5c	false	false
18007b3c0	FUN_18007b3c0	Global	0x5c	false	false
18007b420	FUN_18007b420	Global	0x52	false	false
18007b480	FUN_18007b480	Global	0x1a3	false	false
18007b630	FUN_18007b630	Global	0x1a3	false	false
18007b7e0	FUN_18007b7e0	Global	0x1a0	false	false
18007b980	FUN_18007b980	Global	0x1a0	false	false
18007bb20	FUN_18007bb20	Global	0x180	false	false
18007bca0	FUN_18007bca0	Global	0x164	false	false
18007be10	FUN_18007be10	Global	0x115	false	false
18007bf30	FUN_18007bf30	Global	0x136	false	false
18007c070	FUN_18007c070	Global	0x115	false	false
18007c190	FUN_18007c190	Global	0x1bc	false	false
18007c350	FUN_18007c350	Global	0x152	false	false
18007c4b0	FUN_18007c4b0	Global	0x70	false	false
18007c520	FUN_18007c520	Global	0x7e	false	false
18007c5a0	FUN_18007c5a0	Global	0x7e	false	false
18007c620	FUN_18007c620	Global	0x7e	false	false
18007c6a0	FUN_18007c6a0	Global	0x7a	false	false
18007c720	FUN_18007c720	Global	0x5c	false	false
18007c780	FUN_18007c780	Global	0x1a0	false	false
18007c920	FUN_18007c920	Global	0x403	false	false
18007cd30	FUN_18007cd30	Global	0x70	false	false
18007cda0	FUN_18007cda0	Global	0x7e	false	false
18007ce20	FUN_18007ce20	Global	0x7e	false	false
18007cea0	FUN_18007cea0	Global	0x7e	false	false
18007cf20	FUN_18007cf20	Global	0x111	false	false
18007d040	FUN_18007d040	Global	0x2b	false	false
18007d070	FUN_18007d070	Global	0x48	false	false
18007d0c0	FUN_18007d0c0	Global	0x2e	false	false
18007d0f0	FUN_18007d0f0	Global	0x87	false	false
18007d180	FUN_18007d180	Global	0x52	false	false
18007d1e0	FUN_18007d1e0	Global	0x162	false	false
18007d350	FUN_18007d350	Global	0xad	false	false
18007d400	FUN_18007d400	Global	0x1b9	false	false
18007d5c0	FUN_18007d5c0	Global	0xd1	false	false
18007d6a0	FUN_18007d6a0	Global	0x198	false	false
18007d840	FUN_18007d840	Global	0xf5	false	false
18007d940	FUN_18007d940	Global	0xf6	false	false
18007da40	FUN_18007da40	Global	0x107	false	false
18007db50	FUN_18007db50	Global	0x138	false	false
18007dc90	FUN_18007dc90	Global	0x138	false	false
18007ddd0	FUN_18007ddd0	Global	0x130	false	false
18007df00	FUN_18007df00	Global	0x70	false	false
18007df70	FUN_18007df70	Global	0x7e	false	false
18007dff0	FUN_18007dff0	Global	0x7e	false	false
18007e070	FUN_18007e070	Global	0x7e	false	false
18007e0f0	FUN_18007e0f0	Global	0x94	false	false
18007e190	FUN_18007e190	Global	0x2b	false	false
18007e1c0	FUN_18007e1c0	Global	0x48	false	false
18007e210	FUN_18007e210	Global	0x2b	false	false
18007e240	FUN_18007e240	Global	0x5c	false	false
18007e2a0	FUN_18007e2a0	Global	0x5c	false	false
18007e300	FUN_18007e300	Global	0x5c	false	false
18007e360	FUN_18007e360	Global	0x4f	false	false
18007e3b0	FUN_18007e3b0	Global	0x1a0	false	false
18007e550	FUN_18007e550	Global	0x1a3	false	false
18007e700	FUN_18007e700	Global	0x1a0	false	false
18007e8a0	FUN_18007e8a0	Global	0x18b	false	false
18007ea30	FUN_18007ea30	Global	0x1a3	false	false
18007ebe0	FUN_18007ebe0	Global	0x146	false	false
18007ed30	FUN_18007ed30	Global	0x70	false	false
18007eda0	FUN_18007eda0	Global	0x7e	false	false
18007ee20	FUN_18007ee20	Global	0x7e	false	false
18007eea0	FUN_18007eea0	Global	0x7e	false	false
18007ef20	FUN_18007ef20	Global	0x20d	false	false
18007f130	FUN_18007f130	Global	0x85	false	false
18007f1c0	FID_conflict:~vector<GSISymbolEntry,std::allocator<GSISymbolEntry>_>	Global	0x7a	false	false
18007f240	FUN_18007f240	Global	0x2b	false	false
18007f270	FUN_18007f270	Global	0x48	false	false
18007f2c0	FUN_18007f2c0	Global	0x2b	false	false
18007f2f0	FUN_18007f2f0	Global	0x4f	false	false
18007f340	FUN_18007f340	Global	0x12a	false	false
18007f470	FUN_18007f470	Global	0x21c	false	false
18007f690	FUN_18007f690	Global	0x70	false	false
18007f700	FUN_18007f700	Global	0x7e	false	false
18007f780	FUN_18007f780	Global	0x7e	false	false
18007f800	FUN_18007f800	Global	0x7e	false	false
18007f880	FUN_18007f880	Global	0x7a	false	false
18007f900	FUN_18007f900	Global	0x148	false	false
18007fa50	FUN_18007fa50	Global	0x70	false	false
18007fac0	FUN_18007fac0	Global	0x7e	false	false
18007fb40	FUN_18007fb40	Global	0x7e	false	false
18007fbc0	FUN_18007fbc0	Global	0x7e	false	false
18007fc40	FUN_18007fc40	Global	0x94	false	false
18007fce0	FUN_18007fce0	Global	0xe0	false	false
18007fdc0	FUN_18007fdc0	Global	0xf9	false	false
18007fec0	FUN_18007fec0	Global	0xf4	false	false
18007ffc0	FUN_18007ffc0	Global	0x70	false	false
180080030	FUN_180080030	Global	0x7e	false	false
1800800b0	FUN_1800800b0	Global	0x7e	false	false
180080130	FUN_180080130	Global	0x7e	false	false
1800801b0	FUN_1800801b0	Global	0xae	false	false
180080260	FUN_180080260	Global	0x126	false	false
180080390	FUN_180080390	Global	0x114	false	false
1800804b0	FUN_1800804b0	Global	0x115	false	false
1800805d0	FUN_1800805d0	Global	0x115	false	false
1800806f0	FUN_1800806f0	Global	0x134	false	false
180080830	FUN_180080830	Global	0x70	false	false
1800808a0	FUN_1800808a0	Global	0x7e	false	false
180080920	FUN_180080920	Global	0x7e	false	false
1800809a0	FUN_1800809a0	Global	0x7e	false	false
180080a20	FUN_180080a20	Global	0x9f	false	false
180080ac0	FUN_180080ac0	Global	0x2b	false	false
180080af0	FUN_180080af0	Global	0x48	false	false
180080b40	FUN_180080b40	Global	0x2b	false	false
180080b70	FUN_180080b70	Global	0x5c	false	false
180080bd0	FUN_180080bd0	Global	0x4f	false	false
180080c20	FUN_180080c20	Global	0x1a0	false	false
180080dc0	FUN_180080dc0	Global	0x191	false	false
180080f60	FUN_180080f60	Global	0xe0	false	false
180081040	FUN_180081040	Global	0x26a	false	false
1800812b0	FUN_1800812b0	Global	0xe0	false	false
180081390	FUN_180081390	Global	0x70	false	false
180081400	FUN_180081400	Global	0x7e	false	false
180081480	FUN_180081480	Global	0x7e	false	false
180081500	FUN_180081500	Global	0x7e	false	false
180081580	FUN_180081580	Global	0x85	false	false
180081610	FUN_180081610	Global	0x87	false	false
1800816a0	FUN_1800816a0	Global	0x105	false	false
1800817b0	FUN_1800817b0	Global	0x13d	false	false
1800818f0	FUN_1800818f0	Global	0x70	false	false
180081960	FUN_180081960	Global	0x7e	false	false
1800819e0	FUN_1800819e0	Global	0x7e	false	false
180081a60	FUN_180081a60	Global	0x7e	false	false
180081ae0	FUN_180081ae0	Global	0xb9	false	false
180081ba0	FUN_180081ba0	Global	0x2b	false	false
180081bd0	FUN_180081bd0	Global	0x48	false	false
180081c20	FUN_180081c20	Global	0x2b	false	false
180081c50	FUN_180081c50	Global	0x113	false	false
180081d70	FUN_180081d70	Global	0x87	false	false
180081e00	FUN_180081e00	Global	0x4f	false	false
180081e50	FUN_180081e50	Global	0xe8	false	false
180081f40	FUN_180081f40	Global	0xe0	false	false
180082020	FUN_180082020	Global	0xe0	false	false
180082100	FUN_180082100	Global	0x4e0	false	false
1800825e0	FUN_1800825e0	Global	0x64a	false	false
180082c30	FUN_180082c30	Global	0xf1	false	false
180082d30	FUN_180082d30	Global	0x70	false	false
180082da0	FUN_180082da0	Global	0x7e	false	false
180082e20	FUN_180082e20	Global	0x7e	false	false
180082ea0	FUN_180082ea0	Global	0x7e	false	false
180082f20	FUN_180082f20	Global	0x9f	false	false
180082fc0	FUN_180082fc0	Global	0x123	false	false
1800830f0	FUN_1800830f0	Global	0x1e1	false	false
1800832e0	FUN_1800832e0	Global	0x123	false	false
180083410	FUN_180083410	Global	0x115	false	false
180083530	FUN_180083530	Global	0x70	false	false
1800835a0	FUN_1800835a0	Global	0x7e	false	false
180083620	FUN_180083620	Global	0x7e	false	false
1800836a0	FUN_1800836a0	Global	0x7e	false	false
180083720	FUN_180083720	Global	0x94	false	false
1800837c0	FUN_1800837c0	Global	0x5c	false	false
180083820	FUN_180083820	Global	0x5c	false	false
180083880	FUN_180083880	Global	0x1a0	false	false
180083a20	FUN_180083a20	Global	0x1a0	false	false
180083bc0	FUN_180083bc0	Global	0xff	false	false
180083cc0	FUN_180083cc0	Global	0x1ad	false	false
180083e70	FUN_180083e70	Global	0x18e	false	false
180084000	FUN_180084000	Global	0x70	false	false
180084070	FUN_180084070	Global	0x7e	false	false
1800840f0	FUN_1800840f0	Global	0x7e	false	false
180084170	FUN_180084170	Global	0x7e	false	false
1800841f0	FUN_1800841f0	Global	0xb9	false	false
1800842b0	FUN_1800842b0	Global	0x5c	false	false
180084310	FUN_180084310	Global	0x5c	false	false
180084370	FUN_180084370	Global	0x1a0	false	false
180084510	FUN_180084510	Global	0x1a0	false	false
1800846b0	FUN_1800846b0	Global	0x1a3	false	false
180084860	FUN_180084860	Global	0xff	false	false
180084960	FUN_180084960	Global	0x12e	false	false
180084a90	FUN_180084a90	Global	0x1ca	false	false
180084c60	FUN_180084c60	Global	0xe0	false	false
180084d40	FUN_180084d40	Global	0x126	false	false
180084e70	FUN_180084e70	Global	0xdf	false	false
180084f50	FUN_180084f50	Global	0x70	false	false
180084fc0	FUN_180084fc0	Global	0x7e	false	false
180085040	FUN_180085040	Global	0x7e	false	false
1800850c0	FUN_1800850c0	Global	0x7e	false	false
180085140	FUN_180085140	Global	0x195	false	false
1800852e0	FUN_1800852e0	Global	0x164	false	false
180085450	FUN_180085450	Global	0x5b	false	false
1800854b0	FUN_1800854b0	Global	0x2b	false	false
1800854e0	FUN_1800854e0	Global	0x48	false	false
180085530	FUN_180085530	Global	0x2e	false	false
180085560	FUN_180085560	Global	0x87	false	false
1800855f0	FUN_1800855f0	Global	0x52	false	false
180085650	FUN_180085650	Global	0x85	false	false
1800856e0	FUN_1800856e0	Global	0x12f	false	false
180085810	FUN_180085810	Global	0xc0	false	false
1800858d0	FUN_1800858d0	Global	0x140	false	false
180085a10	FUN_180085a10	Global	0x167	false	false
180085b80	FUN_180085b80	Global	0xab	false	false
180085c30	FUN_180085c30	Global	0xb8	false	false
180085cf0	FUN_180085cf0	Global	0x268	false	false
180085f60	FUN_180085f60	Global	0x1e9	false	false
180086150	FUN_180086150	Global	0x1fd	false	false
180086350	FUN_180086350	Global	0xf5	false	false
180086450	FUN_180086450	Global	0xa4	false	false
180086500	FUN_180086500	Global	0x109	false	false
180086610	FUN_180086610	Global	0x164	false	false
180086780	FUN_180086780	Global	0xf3	false	false
180086880	FUN_180086880	Global	0xf4	false	false
180086980	FUN_180086980	Global	0x141	false	false
180086ad0	FUN_180086ad0	Global	0xf1	false	false
180086bd0	FUN_180086bd0	Global	0x70	false	false
180086c40	FUN_180086c40	Global	0x7e	false	false
180086cc0	FUN_180086cc0	Global	0x7e	false	false
180086d40	FUN_180086d40	Global	0x7e	false	false
180086dc0	FUN_180086dc0	Global	0x232	false	false
180087000	FUN_180087000	Global	0x111	false	false
180087120	FUN_180087120	Global	0xa1	false	false
1800871d0	FUN_1800871d0	Global	0x5c	false	false
180087230	FUN_180087230	Global	0x5c	false	false
180087290	FUN_180087290	Global	0x5c	false	false
1800872f0	FUN_1800872f0	Global	0x1a0	false	false
180087490	FUN_180087490	Global	0x1a0	false	false
180087630	FUN_180087630	Global	0x1a3	false	false
1800877e0	FUN_1800877e0	Global	0x1a0	false	false
180087980	FUN_180087980	Global	0x1a0	false	false
180087b20	FUN_180087b20	Global	0x1a0	false	false
180087cc0	FUN_180087cc0	Global	0x1a0	false	false
180087e60	FUN_180087e60	Global	0x85	false	false
180087ef0	FUN_180087ef0	Global	0x298	false	false
180088190	FUN_180088190	Global	0x25d	false	false
1800883f0	FUN_1800883f0	Global	0x16a	false	false
180088560	FUN_180088560	Global	0x1b0	false	false
180088710	FUN_180088710	Global	0xe0	false	false
1800887f0	FUN_1800887f0	Global	0x184	false	false
180088980	FUN_180088980	Global	0xe0	false	false
180088a60	FUN_180088a60	Global	0x157	false	false
180088bc0	FUN_180088bc0	Global	0x11d	false	false
180088ce0	FUN_180088ce0	Global	0xe0	false	false
180088dc0	FUN_180088dc0	Global	0x2ed	false	false
1800890b0	FUN_1800890b0	Global	0x70	false	false
180089120	FUN_180089120	Global	0x7e	false	false
1800891a0	FUN_1800891a0	Global	0x7e	false	false
180089220	FUN_180089220	Global	0x7e	false	false
1800892a0	FUN_1800892a0	Global	0x82	false	false
180089330	FUN_180089330	Global	0x6b	false	false
1800893a0	FUN_1800893a0	Global	0x1c	false	false
1800893c0	FUN_1800893c0	Global	0x69	false	false
180089430	FUN_180089430	Global	0x1c5	false	false
180089600	FUN_180089600	Global	0x69	false	false
180089670	FUN_180089670	Global	0x69	false	false
1800896e0	FUN_1800896e0	Global	0xaa	false	false
180089790	FUN_180089790	Global	0x8e	false	false
180089820	FUN_180089820	Global	0x17a	false	false
1800899a0	FUN_1800899a0	Global	0x17a	false	false
180089b20	FUN_180089b20	Global	0x8e	false	false
180089bb0	FUN_180089bb0	Global	0xe0	false	false
180089c90	FUN_180089c90	Global	0xe3	false	false
180089d80	FUN_180089d80	Global	0x17a	false	false
180089f00	FUN_180089f00	Global	0x8e	false	false
180089f90	FUN_180089f90	Global	0x72	false	false
18008a010	FUN_18008a010	Global	0x72	false	false
18008a090	FUN_18008a090	Global	0x7a	false	false
18008a110	FUN_18008a110	Global	0x7a	false	false
18008a190	FUN_18008a190	Global	0x77	false	false
18008a210	FUN_18008a210	Global	0xe3	false	false
18008a300	FUN_18008a300	Global	0x8a	false	false
18008a390	FUN_18008a390	Global	0x69	false	false
18008a400	FUN_18008a400	Global	0x69	false	false
18008a470	FUN_18008a470	Global	0x69	false	false
18008a4e0	FUN_18008a4e0	Global	0xd0	false	false
18008a5b0	FUN_18008a5b0	Global	0x69	false	false
18008a620	FUN_18008a620	Global	0xe2	false	false
18008a710	FUN_18008a710	Global	0x64	false	false
18008a780	FUN_18008a780	Global	0x72	false	false
18008a800	FUN_18008a800	Global	0x69	false	false
18008a870	FUN_18008a870	Global	0xea	false	false
18008a960	FUN_18008a960	Global	0xea	false	false
18008aa50	FUN_18008aa50	Global	0x69	false	false
18008aac0	FUN_18008aac0	Global	0xe3	false	false
18008abb0	FUN_18008abb0	Global	0x1a0	false	false
18008ad50	FUN_18008ad50	Global	0x1a0	false	false
18008aef0	FUN_18008aef0	Global	0x85	false	false
18008af80	FUN_18008af80	Global	0x85	false	false
18008b010	FUN_18008b010	Global	0x85	false	false
18008b0a0	FUN_18008b0a0	Global	0x82	false	false
18008b130	FUN_18008b130	Global	0x6b	false	false
18008b1a0	FUN_18008b1a0	Global	0x1c	false	false
18008b1c0	FUN_18008b1c0	Global	0x8b	false	false
18008b250	FUN_18008b250	Global	0x8b	false	false
18008b2e0	FUN_18008b2e0	Global	0x177	false	false
18008b460	FUN_18008b460	Global	0x8b	false	false
18008b4f0	FUN_18008b4f0	Global	0x5c	false	false
18008b550	FUN_18008b550	Global	0x72	false	false
18008b5d0	FUN_18008b5d0	Global	0x72	false	false
18008b650	FUN_18008b650	Global	0x77	false	false
18008b6d0	FUN_18008b6d0	Global	0x77	false	false
18008b750	FUN_18008b750	Global	0xd0	false	false
18008b820	FUN_18008b820	Global	0x64	false	false
18008b890	FUN_18008b890	Global	0x72	false	false
18008b910	FUN_18008b910	Global	0x8e	false	false
18008b9a0	FUN_18008b9a0	Global	0x1a0	false	false
18008bb40	FUN_18008bb40	Global	0x82	false	false
18008bbd0	FUN_18008bbd0	Global	0x6b	false	false
18008bc40	FUN_18008bc40	Global	0xdc	false	false
18008bd20	FUN_18008bd20	Global	0xab	false	false
18008bdd0	FUN_18008bdd0	Global	0xab	false	false
18008be80	FUN_18008be80	Global	0x1c	false	false
18008bea0	FUN_18008bea0	Global	0xcf	false	false
18008bf70	FUN_18008bf70	Global	0xc5	false	false
18008c040	FUN_18008c040	Global	0xc6	false	false
18008c110	FUN_18008c110	Global	0x72	false	false
18008c190	FUN_18008c190	Global	0xb3	false	false
18008c250	FUN_18008c250	Global	0x72	false	false
18008c2d0	FUN_18008c2d0	Global	0x72	false	false
18008c350	FUN_18008c350	Global	0x72	false	false
18008c3d0	FUN_18008c3d0	Global	0x95	false	false
18008c470	FUN_18008c470	Global	0x77	false	false
18008c4f0	FUN_18008c4f0	Global	0x109	false	false
18008c600	FUN_18008c600	Global	0xd0	false	false
18008c6d0	FUN_18008c6d0	Global	0x95	false	false
18008c770	FUN_18008c770	Global	0x64	false	false
18008c7e0	FUN_18008c7e0	Global	0x72	false	false
18008c860	FUN_18008c860	Global	0x111	false	false
18008c980	FUN_18008c980	Global	0x8e	false	false
18008ca10	FUN_18008ca10	Global	0x82	false	false
18008caa0	FUN_18008caa0	Global	0x6b	false	false
18008cb10	FUN_18008cb10	Global	0x1c	false	false
18008cb30	FUN_18008cb30	Global	0x72	false	false
18008cbb0	FUN_18008cbb0	Global	0x72	false	false
18008cc30	FUN_18008cc30	Global	0x72	false	false
18008ccb0	FUN_18008ccb0	Global	0x8b	false	false
18008cd40	FUN_18008cd40	Global	0x72	false	false
18008cdc0	FUN_18008cdc0	Global	0x72	false	false
18008ce40	FUN_18008ce40	Global	0x77	false	false
18008cec0	FUN_18008cec0	Global	0xd0	false	false
18008cf90	FUN_18008cf90	Global	0x64	false	false
18008d000	FUN_18008d000	Global	0x72	false	false
18008d080	FUN_18008d080	Global	0x7a	false	false
18008d100	FUN_18008d100	Global	0x1b6	false	false
18008d2c0	FUN_18008d2c0	Global	0x73	false	false
18008d340	FUN_18008d340	Global	0x23	false	false
18008d370	FUN_18008d370	Global	0x29	false	false
18008d3a0	FUN_18008d3a0	Global	0x29	false	false
18008d3d0	FUN_18008d3d0	Global	0x29	false	false
18008d400	FUN_18008d400	Global	0x7a	false	false
18008d480	FUN_18008d480	Global	0x1b6	false	false
18008d640	FUN_18008d640	Global	0xc5	false	false
18008d710	FUN_18008d710	Global	0x23	false	false
18008d740	FUN_18008d740	Global	0x29	false	false
18008d770	FUN_18008d770	Global	0x29	false	false
18008d7a0	FUN_18008d7a0	Global	0x29	false	false
18008d7d0	FUN_18008d7d0	Global	0x9f	false	false
18008d870	FUN_18008d870	Global	0x7a	false	false
18008d8f0	FUN_18008d8f0	Global	0x1b6	false	false
18008dab0	FUN_18008dab0	Global	0x138	false	false
18008dbf0	FUN_18008dbf0	Global	0x23	false	false
18008dc20	FUN_18008dc20	Global	0x29	false	false
18008dc50	FUN_18008dc50	Global	0x29	false	false
18008dc80	FUN_18008dc80	Global	0x29	false	false
18008dcb0	FUN_18008dcb0	Global	0x7a	false	false
18008dd30	FUN_18008dd30	Global	0x85	false	false
18008ddc0	FUN_18008ddc0	Global	0x1f4	false	false
18008dfc0	FUN_18008dfc0	Global	0x70	false	false
18008e030	FUN_18008e030	Global	0x7e	false	false
18008e0b0	FUN_18008e0b0	Global	0x7e	false	false
18008e130	FUN_18008e130	Global	0x7e	false	false
18008e1b0	FUN_18008e1b0	Global	0x7a	false	false
18008e230	FUN_18008e230	Global	0x1b6	false	false
18008e3f0	FUN_18008e3f0	Global	0x130	false	false
18008e520	FUN_18008e520	Global	0x23	false	false
18008e550	FUN_18008e550	Global	0x29	false	false
18008e580	FUN_18008e580	Global	0x29	false	false
18008e5b0	FUN_18008e5b0	Global	0x29	false	false
18008e5e0	FUN_18008e5e0	Global	0x82	false	false
18008e670	FUN_18008e670	Global	0x4e	false	false
18008e6c0	FUN_18008e6c0	Global	0x1c	false	false
18008e6e0	FUN_18008e6e0	Global	0x116	false	false
18008e800	FUN_18008e800	Global	0x102	false	false
18008e910	FUN_18008e910	Global	0x72	false	false
18008e990	FUN_18008e990	Global	0x72	false	false
18008ea10	FUN_18008ea10	Global	0xe0	false	false
18008eaf0	FUN_18008eaf0	Global	0x125	false	false
18008ec20	FUN_18008ec20	Global	0x64	false	false
18008ec90	FUN_18008ec90	Global	0x72	false	false
18008ed10	FUN_18008ed10	Global	0x106	false	false
18008ee20	FUN_18008ee20	Global	0x128	false	false
18008ef50	FUN_18008ef50	Global	0x85	false	false
18008efe0	FUN_18008efe0	Global	0x85	false	false
18008f070	FUN_18008f070	Global	0x85	false	false
18008f100	FUN_18008f100	Global	0x82	false	false
18008f190	FUN_18008f190	Global	0x6b	false	false
18008f200	FUN_18008f200	Global	0xf2	false	false
18008f300	FUN_18008f300	Global	0x1c	false	false
18008f320	FUN_18008f320	Global	0x20d	false	false
18008f530	FUN_18008f530	Global	0xaa	false	false
18008f5e0	FUN_18008f5e0	Global	0x5c	false	false
18008f640	FUN_18008f640	Global	0x72	false	false
18008f6c0	FUN_18008f6c0	Global	0x72	false	false
18008f740	FUN_18008f740	Global	0x69	false	false
18008f7b0	FUN_18008f7b0	Global	0x69	false	false
18008f820	FUN_18008f820	Global	0xd0	false	false
18008f8f0	FUN_18008f8f0	Global	0x64	false	false
18008f960	FUN_18008f960	Global	0x72	false	false
18008f9e0	FUN_18008f9e0	Global	0xea	false	false
18008fad0	FUN_18008fad0	Global	0xea	false	false
18008fbc0	FUN_18008fbc0	Global	0x1a0	false	false
18008fd60	FUN_18008fd60	Global	0x85	false	false
18008fdf0	FUN_18008fdf0	Global	0x85	false	false
18008fe80	FUN_18008fe80	Global	0x82	false	false
18008ff10	FUN_18008ff10	Global	0x6b	false	false
18008ff80	FUN_18008ff80	Global	0x2d	false	false
18008ffb0	FUN_18008ffb0	Global	0xf9	false	false
1800900b0	FUN_1800900b0	Global	0x36	false	false
1800900f0	FUN_1800900f0	Global	0x13b	false	false
180090230	FUN_180090230	Global	0x13b	false	false
180090370	FUN_180090370	Global	0x13b	false	false
1800904b0	FUN_1800904b0	Global	0x36	false	false
1800904f0	FUN_1800904f0	Global	0x36	false	false
180090530	FUN_180090530	Global	0x13e	false	false
180090670	FUN_180090670	Global	0x13b	false	false
1800907b0	FUN_1800907b0	Global	0x13e	false	false
1800908f0	FUN_1800908f0	Global	0x13b	false	false
180090a30	FUN_180090a30	Global	0x13b	false	false
180090b70	FUN_180090b70	Global	0x33	false	false
180090bb0	FUN_180090bb0	Global	0x13b	false	false
180090cf0	FUN_180090cf0	Global	0x33	false	false
180090d30	FUN_180090d30	Global	0x33	false	false
180090d70	FUN_180090d70	Global	0x2d	false	false
180090da0	FUN_180090da0	Global	0x38	false	false
180090de0	FUN_180090de0	Global	0x2d	false	false
180090e10	FUN_180090e10	Global	0x3b	false	false
180090e50	FUN_180090e50	Global	0x3b	false	false
180090e90	FUN_180090e90	Global	0x3b	false	false
180090ed0	FUN_180090ed0	Global	0xa1	false	false
180090f80	FUN_180090f80	Global	0x82	false	false
180091010	FUN_180091010	Global	0x6b	false	false
180091080	FUN_180091080	Global	0x9d	false	false
180091120	FUN_180091120	Global	0x9d	false	false
1800911c0	FUN_1800911c0	Global	0xac	false	false
180091270	FUN_180091270	Global	0x1c	false	false
180091290	FUN_180091290	Global	0x77	false	false
180091310	FUN_180091310	Global	0xb8	false	false
1800913d0	FUN_1800913d0	Global	0x77	false	false
180091450	FUN_180091450	Global	0x113	false	false
180091570	FUN_180091570	Global	0x113	false	false
180091690	FUN_180091690	Global	0x9f	false	false
180091730	FUN_180091730	Global	0x9f	false	false
1800917d0	FUN_1800917d0	Global	0x8f	false	false
180091860	FUN_180091860	Global	0x72	false	false
1800918e0	FUN_1800918e0	Global	0x8d	false	false
180091970	FUN_180091970	Global	0x8f	false	false
180091a00	FUN_180091a00	Global	0x8d	false	false
180091a90	FUN_180091a90	Global	0x17f	false	false
180091c10	FUN_180091c10	Global	0x180	false	false
180091d90	FUN_180091d90	Global	0x9c	false	false
180091e30	FUN_180091e30	Global	0x9d	false	false
180091ed0	FUN_180091ed0	Global	0x8d	false	false
180091f60	FUN_180091f60	Global	0x8f	false	false
180091ff0	FUN_180091ff0	Global	0x92	false	false
180092090	FUN_180092090	Global	0x94	false	false
180092130	FUN_180092130	Global	0x72	false	false
1800921b0	FUN_1800921b0	Global	0x72	false	false
180092230	FUN_180092230	Global	0xae	false	false
1800922e0	FUN_1800922e0	Global	0xae	false	false
180092390	FUN_180092390	Global	0xbd	false	false
180092450	FUN_180092450	Global	0x91	false	false
1800924f0	FUN_1800924f0	Global	0xc8	false	false
1800925c0	FUN_1800925c0	Global	0x92	false	false
180092660	FUN_180092660	Global	0x94	false	false
180092700	FUN_180092700	Global	0x92	false	false
1800927a0	FUN_1800927a0	Global	0x94	false	false
180092840	FUN_180092840	Global	0x77	false	false
1800928c0	FUN_1800928c0	Global	0x92	false	false
180092960	FUN_180092960	Global	0x94	false	false
180092a00	FUN_180092a00	Global	0xd0	false	false
180092ad0	FUN_180092ad0	Global	0x92	false	false
180092b70	FUN_180092b70	Global	0x92	false	false
180092c10	FUN_180092c10	Global	0x94	false	false
180092cb0	FUN_180092cb0	Global	0x94	false	false
180092d50	FUN_180092d50	Global	0xbd	false	false
180092e10	FUN_180092e10	Global	0xbf	false	false
180092ed0	FUN_180092ed0	Global	0x91	false	false
180092f70	FUN_180092f70	Global	0x93	false	false
180093010	FUN_180093010	Global	0x9f	false	false
1800930b0	FUN_1800930b0	Global	0x9f	false	false
180093150	FUN_180093150	Global	0x92	false	false
1800931f0	FUN_1800931f0	Global	0x91	false	false
180093290	FUN_180093290	Global	0x93	false	false
180093330	FUN_180093330	Global	0x90	false	false
1800933c0	FUN_1800933c0	Global	0x90	false	false
180093450	FUN_180093450	Global	0x90	false	false
1800934e0	FUN_1800934e0	Global	0x92	false	false
180093580	FUN_180093580	Global	0xa0	false	false
180093620	FUN_180093620	Global	0xa2	false	false
1800936d0	FUN_1800936d0	Global	0x91	false	false
180093770	FUN_180093770	Global	0x93	false	false
180093810	FUN_180093810	Global	0x64	false	false
180093880	FUN_180093880	Global	0x72	false	false
180093900	FUN_180093900	Global	0x82	false	false
180093990	FUN_180093990	Global	0x6b	false	false
180093a00	FUN_180093a00	Global	0x2d	false	false
180093a30	FUN_180093a30	Global	0x33	false	false
180093a70	FUN_180093a70	Global	0x4a	false	false
180093ac0	FUN_180093ac0	Global	0x2d	false	false
180093af0	FUN_180093af0	Global	0x2d	false	false
180093b20	FUN_180093b20	Global	0xa1	false	false
180093bd0	FUN_180093bd0	Global	0x82	false	false
180093c60	FUN_180093c60	Global	0x6b	false	false
180093cd0	FUN_180093cd0	Global	0x2d	false	false
180093d00	FUN_180093d00	Global	0x33	false	false
180093d40	FUN_180093d40	Global	0x4a	false	false
180093d90	FUN_180093d90	Global	0x2d	false	false
180093dc0	FUN_180093dc0	Global	0x2d	false	false
180093df0	FUN_180093df0	Global	0xa1	false	false
180093ea0	FUN_180093ea0	Global	0x82	false	false
180093f30	FUN_180093f30	Global	0x6b	false	false
180093fa0	FUN_180093fa0	Global	0x2d	false	false
180093fd0	FUN_180093fd0	Global	0x33	false	false
180094010	FUN_180094010	Global	0x81	false	false
1800940a0	FUN_1800940a0	Global	0x2d	false	false
1800940d0	FUN_1800940d0	Global	0x2d	false	false
180094100	FUN_180094100	Global	0xa1	false	false
1800941b0	FUN_1800941b0	Global	0x82	false	false
180094240	FUN_180094240	Global	0x6b	false	false
1800942b0	FUN_1800942b0	Global	0x2d	false	false
1800942e0	FUN_1800942e0	Global	0x4d	false	false
180094330	FUN_180094330	Global	0x2d	false	false
180094360	FUN_180094360	Global	0x2d	false	false
180094390	FUN_180094390	Global	0xa1	false	false
180094440	FUN_180094440	Global	0x82	false	false
1800944d0	FUN_1800944d0	Global	0x6b	false	false
180094540	FUN_180094540	Global	0x2d	false	false
180094570	FUN_180094570	Global	0x33	false	false
1800945b0	FUN_1800945b0	Global	0x2d	false	false
1800945e0	FUN_1800945e0	Global	0x2d	false	false
180094610	FUN_180094610	Global	0x33	false	false
180094650	FUN_180094650	Global	0xa1	false	false
180094700	FUN_180094700	Global	0x33	false	false
180094740	FUN_180094740	Global	0x82	false	false
1800947d0	FUN_1800947d0	Global	0x6b	false	false
180094840	FUN_180094840	Global	0x2d	false	false
180094870	FUN_180094870	Global	0x13e	false	false
1800949b0	FUN_1800949b0	Global	0x33	false	false
1800949f0	FUN_1800949f0	Global	0x53	false	false
180094a50	FUN_180094a50	Global	0x13e	false	false
180094b90	FUN_180094b90	Global	0x36	false	false
180094bd0	FUN_180094bd0	Global	0x33	false	false
180094c10	FUN_180094c10	Global	0x13e	false	false
180094d50	FUN_180094d50	Global	0x13e	false	false
180094e90	FUN_180094e90	Global	0x33	false	false
180094ed0	FUN_180094ed0	Global	0x33	false	false
180094f10	FUN_180094f10	Global	0x50	false	false
180094f60	FUN_180094f60	Global	0x13e	false	false
1800950a0	FUN_1800950a0	Global	0x33	false	false
1800950e0	FUN_1800950e0	Global	0x13e	false	false
180095220	FUN_180095220	Global	0x2d	false	false
180095250	FUN_180095250	Global	0x2d	false	false
180095280	FUN_180095280	Global	0x38	false	false
1800952c0	FUN_1800952c0	Global	0x38	false	false
180095300	FUN_180095300	Global	0x38	false	false
180095340	FUN_180095340	Global	0x38	false	false
180095380	FUN_180095380	Global	0x38	false	false
1800953c0	FUN_1800953c0	Global	0xa1	false	false
180095470	FUN_180095470	Global	0x82	false	false
180095500	FUN_180095500	Global	0x6b	false	false
180095570	FUN_180095570	Global	0x2d	false	false
1800955a0	FUN_1800955a0	Global	0x4b	false	false
1800955f0	FUN_1800955f0	Global	0x2d	false	false
180095620	FUN_180095620	Global	0x2d	false	false
180095650	FUN_180095650	Global	0xa1	false	false
180095700	FUN_180095700	Global	0x82	false	false
180095790	FUN_180095790	Global	0x6b	false	false
180095800	FUN_180095800	Global	0x2d	false	false
180095830	FUN_180095830	Global	0x33	false	false
180095870	FUN_180095870	Global	0x3a	false	false
1800958b0	FUN_1800958b0	Global	0x2d	false	false
1800958e0	FUN_1800958e0	Global	0x2d	false	false
180095910	FUN_180095910	Global	0xa1	false	false
1800959c0	FUN_1800959c0	Global	0x82	false	false
180095a50	FUN_180095a50	Global	0x6b	false	false
180095ac0	FUN_180095ac0	Global	0x2d	false	false
180095af0	FUN_180095af0	Global	0x3a	false	false
180095b30	FUN_180095b30	Global	0x2d	false	false
180095b60	FUN_180095b60	Global	0x2d	false	false
180095b90	FUN_180095b90	Global	0xa1	false	false
180095c40	FUN_180095c40	Global	0x82	false	false
180095cd0	FUN_180095cd0	Global	0x6b	false	false
180095d40	FUN_180095d40	Global	0x1c	false	false
180095d60	FUN_180095d60	Global	0x69	false	false
180095dd0	FUN_180095dd0	Global	0xe0	false	false
180095eb0	FUN_180095eb0	Global	0x72	false	false
180095f30	FUN_180095f30	Global	0x72	false	false
180095fb0	FUN_180095fb0	Global	0xd0	false	false
180096080	FUN_180096080	Global	0x64	false	false
1800960f0	FUN_1800960f0	Global	0x72	false	false
180096170	FUN_180096170	Global	0xea	false	false
180096260	FUN_180096260	Global	0x82	false	false
1800962f0	FUN_1800962f0	Global	0x6b	false	false
180096360	FUN_180096360	Global	0x2d	false	false
180096390	FUN_180096390	Global	0x33	false	false
1800963d0	FUN_1800963d0	Global	0x2d	false	false
180096400	FUN_180096400	Global	0x2d	false	false
180096430	FUN_180096430	Global	0xa1	false	false
1800964e0	FUN_1800964e0	Global	0x197	false	false
180096680	FUN_180096680	Global	0x82	false	false
180096710	FUN_180096710	Global	0x6b	false	false
180096780	FUN_180096780	Global	0x2d	false	false
1800967b0	FUN_1800967b0	Global	0x36	false	false
1800967f0	FUN_1800967f0	Global	0x36	false	false
180096830	FUN_180096830	Global	0x33	false	false
180096870	FUN_180096870	Global	0x13b	false	false
1800969b0	FUN_1800969b0	Global	0x3b	false	false
1800969f0	FUN_1800969f0	Global	0x14a	false	false
180096b40	FUN_180096b40	Global	0x33	false	false
180096b80	FUN_180096b80	Global	0x2d	false	false
180096bb0	FUN_180096bb0	Global	0x2d	false	false
180096be0	FUN_180096be0	Global	0x38	false	false
180096c20	FUN_180096c20	Global	0x38	false	false
180096c60	FUN_180096c60	Global	0x3b	false	false
180096ca0	FUN_180096ca0	Global	0x38	false	false
180096ce0	FUN_180096ce0	Global	0xa1	false	false
180096d90	FUN_180096d90	Global	0x3e	false	false
180096dd0	FUN_180096dd0	Global	0x3d	false	false
180096e10	FUN_180096e10	Global	0x3d	false	false
180096e50	FUN_180096e50	Global	0x3a	false	false
180096e90	FUN_180096e90	Global	0x3c	false	false
180096ed0	FUN_180096ed0	Global	0x3d	false	false
180096f10	FUN_180096f10	Global	0x3b	false	false
180096f50	FUN_180096f50	Global	0xbb	false	false
180097010	FUN_180097010	Global	0x5d	false	false
180097070	FUN_180097070	Global	0x3e	false	false
1800970b0	FUN_1800970b0	Global	0x8e	false	false
180097140	FUN_180097140	Global	0x3b	false	false
180097180	FUN_180097180	Global	0x85	false	false
180097210	FUN_180097210	Global	0xe0	false	false
1800972f0	FUN_1800972f0	Global	0xdf	false	false
1800973d0	FUN_1800973d0	Global	0x70	false	false
180097440	FUN_180097440	Global	0x7e	false	false
1800974c0	FUN_1800974c0	Global	0x7e	false	false
180097540	FUN_180097540	Global	0x7e	false	false
1800975c0	FUN_1800975c0	Global	0xd9	false	false
1800976a0	FUN_1800976a0	Global	0x2b	false	false
1800976d0	FUN_1800976d0	Global	0x2e	false	false
180097700	FUN_180097700	Global	0x87	false	false
180097790	FUN_180097790	Global	0x5c	false	false
1800977f0	FUN_1800977f0	Global	0x52	false	false
180097850	FUN_180097850	Global	0x1a3	false	false
180097a00	FUN_180097a00	Global	0x85	false	false
180097a90	FUN_180097a90	Global	0x85	false	false
180097b20	FUN_180097b20	Global	0x18f	false	false
180097cb0	FUN_180097cb0	Global	0x190	false	false
180097e40	FUN_180097e40	Global	0x1c0	false	false
180098000	FUN_180098000	Global	0x169	false	false
180098170	FUN_180098170	Global	0x169	false	false
1800982e0	FUN_1800982e0	Global	0x17d	false	false
180098460	FUN_180098460	Global	0x159	false	false
1800985c0	FUN_1800985c0	Global	0x167	false	false
180098730	FUN_180098730	Global	0x70	false	false
1800987a0	FUN_1800987a0	Global	0x7e	false	false
180098820	FUN_180098820	Global	0x7e	false	false
1800988a0	FUN_1800988a0	Global	0x7e	false	false
180098920	FUN_180098920	Global	0x82	false	false
1800989b0	FUN_1800989b0	Global	0x6b	false	false
180098a20	FUN_180098a20	Global	0x2d	false	false
180098a50	FUN_180098a50	Global	0x33	false	false
180098a90	FUN_180098a90	Global	0x4c	false	false
180098ae0	FUN_180098ae0	Global	0x2d	false	false
180098b10	FUN_180098b10	Global	0x2d	false	false
180098b40	FUN_180098b40	Global	0xa1	false	false
180098bf0	FUN_180098bf0	Global	0x82	false	false
180098c80	FUN_180098c80	Global	0x6b	false	false
180098cf0	FUN_180098cf0	Global	0x2d	false	false
180098d20	FUN_180098d20	Global	0x33	false	false
180098d60	FUN_180098d60	Global	0x33	false	false
180098da0	FUN_180098da0	Global	0x2d	false	false
180098dd0	FUN_180098dd0	Global	0x2d	false	false
180098e00	FUN_180098e00	Global	0xa1	false	false
180098eb0	FUN_180098eb0	Global	0xc6	false	false
180098f80	FUN_180098f80	Global	0x82	false	false
180099010	FUN_180099010	Global	0x4e	false	false
180099060	FUN_180099060	Global	0x1c	false	false
180099080	FUN_180099080	Global	0x175	false	false
180099200	FUN_180099200	Global	0x70	false	false
180099270	FUN_180099270	Global	0x190	false	false
180099400	FUN_180099400	Global	0xe4	false	false
1800994f0	FUN_1800994f0	Global	0x70	false	false
180099560	FUN_180099560	Global	0x172	false	false
1800996e0	FUN_1800996e0	Global	0x86	false	false
180099770	FUN_180099770	Global	0x6d	false	false
1800997e0	FUN_1800997e0	Global	0x172	false	false
180099960	FUN_180099960	Global	0x75	false	false
1800999e0	FUN_1800999e0	Global	0x75	false	false
180099a60	FUN_180099a60	Global	0x172	false	false
180099be0	FUN_180099be0	Global	0x72	false	false
180099c60	FUN_180099c60	Global	0x72	false	false
180099ce0	FUN_180099ce0	Global	0x72	false	false
180099d60	FUN_180099d60	Global	0xe0	false	false
180099e40	FUN_180099e40	Global	0x14c	false	false
180099f90	FUN_180099f90	Global	0x79	false	false
18009a010	FUN_18009a010	Global	0x77	false	false
18009a090	FUN_18009a090	Global	0xa6	false	false
18009a140	FUN_18009a140	Global	0xbd	false	false
18009a200	FUN_18009a200	Global	0x82	false	false
18009a290	FUN_18009a290	Global	0xdb	false	false
18009a370	FUN_18009a370	Global	0x85	false	false
18009a400	FUN_18009a400	Global	0x82	false	false
18009a490	FUN_18009a490	Global	0x64	false	false
18009a500	FUN_18009a500	Global	0x72	false	false
18009a580	FUN_18009a580	Global	0xea	false	false
18009a670	FUN_18009a670	Global	0x8e	false	false
18009a700	FUN_18009a700	Global	0x1a0	false	false
18009a8a0	FUN_18009a8a0	Global	0x82	false	false
18009a930	FUN_18009a930	Global	0x6b	false	false
18009a9a0	FUN_18009a9a0	Global	0x1c	false	false
18009a9c0	FUN_18009a9c0	Global	0x72	false	false
18009aa40	FUN_18009aa40	Global	0x72	false	false
18009aac0	FUN_18009aac0	Global	0xd0	false	false
18009ab90	FUN_18009ab90	Global	0xde	false	false
18009ac70	FUN_18009ac70	Global	0x64	false	false
18009ace0	FUN_18009ace0	Global	0x72	false	false
18009ad60	FUN_18009ad60	Global	0xea	false	false
18009ae50	FUN_18009ae50	Global	0x82	false	false
18009aee0	FUN_18009aee0	Global	0x6b	false	false
18009af50	FUN_18009af50	Global	0x1c	false	false
18009af70	FUN_18009af70	Global	0x72	false	false
18009aff0	FUN_18009aff0	Global	0x8b	false	false
18009b080	FUN_18009b080	Global	0x72	false	false
18009b100	FUN_18009b100	Global	0x72	false	false
18009b180	FUN_18009b180	Global	0xd0	false	false
18009b250	FUN_18009b250	Global	0x64	false	false
18009b2c0	FUN_18009b2c0	Global	0x72	false	false
18009b340	FUN_18009b340	Global	0x82	false	false
18009b3d0	FUN_18009b3d0	Global	0x6b	false	false
18009b440	FUN_18009b440	Global	0x2d	false	false
18009b470	FUN_18009b470	Global	0x2d	false	false
18009b4a0	FUN_18009b4a0	Global	0x2d	false	false
18009b4d0	FUN_18009b4d0	Global	0xa1	false	false
18009b580	FUN_18009b580	Global	0x33	false	false
18009b5c0	FUN_18009b5c0	Global	0x33	false	false
18009b600	FUN_18009b600	Global	0x212	false	false
18009b820	FUN_18009b820	Global	0x82	false	false
18009b8b0	FUN_18009b8b0	Global	0x6b	false	false
18009b920	FUN_18009b920	Global	0x1c	false	false
18009b940	FUN_18009b940	Global	0x8b	false	false
18009b9d0	FUN_18009b9d0	Global	0x1f7	false	false
18009bbd0	FUN_18009bbd0	Global	0x8b	false	false
18009bc60	FUN_18009bc60	Global	0x72	false	false
18009bce0	FUN_18009bce0	Global	0x8b	false	false
18009bd70	FUN_18009bd70	Global	0x1f7	false	false
18009bf70	FUN_18009bf70	Global	0x8b	false	false
18009c000	FUN_18009c000	Global	0x8b	false	false
18009c090	FUN_18009c090	Global	0x7e	false	false
18009c110	FUN_18009c110	Global	0x7e	false	false
18009c190	FUN_18009c190	Global	0x5c	false	false
18009c1f0	FUN_18009c1f0	Global	0x72	false	false
18009c270	FUN_18009c270	Global	0x72	false	false
18009c2f0	FUN_18009c2f0	Global	0xd0	false	false
18009c3c0	FUN_18009c3c0	Global	0x64	false	false
18009c430	FUN_18009c430	Global	0x72	false	false
18009c4b0	FUN_18009c4b0	Global	0x8e	false	false
18009c540	FUN_18009c540	Global	0x1a0	false	false
18009c6e0	FUN_18009c6e0	Global	0x5e	false	false
18009c740	FUN_18009c740	Global	0x7a	false	false
18009c7c0	FUN_18009c7c0	Global	0x1a3	false	false
18009c970	FUN_18009c970	Global	0xdf	false	false
18009ca50	FUN_18009ca50	Global	0x70	false	false
18009cac0	FUN_18009cac0	Global	0x7e	false	false
18009cb40	FUN_18009cb40	Global	0x7e	false	false
18009cbc0	FUN_18009cbc0	Global	0x7e	false	false
18009cc40	FUN_18009cc40	Global	0x7a	false	false
18009ccc0	FUN_18009ccc0	Global	0x1b6	false	false
18009ce80	FUN_18009ce80	Global	0xcf	false	false
18009cf50	FUN_18009cf50	Global	0x23	false	false
18009cf80	FUN_18009cf80	Global	0x29	false	false
18009cfb0	FUN_18009cfb0	Global	0x29	false	false
18009cfe0	FUN_18009cfe0	Global	0x29	false	false
18009d010	FUN_18009d010	Global	0xae	false	false
18009d0c0	FUN_18009d0c0	Global	0x9f	false	false
18009d160	FUN_18009d160	Global	0x70	false	false
18009d1d0	FUN_18009d1d0	Global	0x7e	false	false
18009d250	FUN_18009d250	Global	0x7e	false	false
18009d2d0	FUN_18009d2d0	Global	0x7e	false	false
18009d350	FUN_18009d350	Global	0x213	false	false
18009d570	FUN_18009d570	Global	0x108	false	false
18009d680	FUN_18009d680	Global	0xff	false	false
18009d780	FUN_18009d780	Global	0xdf	false	false
18009d860	FUN_18009d860	Global	0xff	false	false
18009d960	FUN_18009d960	Global	0x82	false	false
18009d9f0	FUN_18009d9f0	Global	0x6b	false	false
18009da60	FUN_18009da60	Global	0x1c	false	false
18009da80	FUN_18009da80	Global	0x69	false	false
18009daf0	FUN_18009daf0	Global	0x8b	false	false
18009db80	FUN_18009db80	Global	0x8b	false	false
18009dc10	FUN_18009dc10	Global	0x72	false	false
18009dc90	FUN_18009dc90	Global	0x72	false	false
18009dd10	FUN_18009dd10	Global	0x8b	false	false
18009dda0	FUN_18009dda0	Global	0x72	false	false
18009de20	FUN_18009de20	Global	0x72	false	false
18009dea0	FUN_18009dea0	Global	0xd0	false	false
18009df70	FUN_18009df70	Global	0x77	false	false
18009dff0	FUN_18009dff0	Global	0x64	false	false
18009e060	FUN_18009e060	Global	0x72	false	false
18009e0e0	FUN_18009e0e0	Global	0x9b	false	false
18009e180	FUN_18009e180	Global	0x82	false	false
18009e210	FUN_18009e210	Global	0x4e	false	false
18009e260	FUN_18009e260	Global	0x1c	false	false
18009e280	FUN_18009e280	Global	0x72	false	false
18009e300	FUN_18009e300	Global	0x24b	false	false
18009e550	FUN_18009e550	Global	0x72	false	false
18009e5d0	FUN_18009e5d0	Global	0x86	false	false
18009e660	FUN_18009e660	Global	0x86	false	false
18009e6f0	FUN_18009e6f0	Global	0x86	false	false
18009e780	FUN_18009e780	Global	0x86	false	false
18009e810	FUN_18009e810	Global	0x5c	false	false
18009e870	FUN_18009e870	Global	0x72	false	false
18009e8f0	FUN_18009e8f0	Global	0x72	false	false
18009e970	FUN_18009e970	Global	0x106	false	false
18009ea80	FUN_18009ea80	Global	0x72	false	false
18009eb00	FUN_18009eb00	Global	0xe0	false	false
18009ebe0	FUN_18009ebe0	Global	0x64	false	false
18009ec50	FUN_18009ec50	Global	0x72	false	false
18009ecd0	FUN_18009ecd0	Global	0x111	false	false
18009edf0	FUN_18009edf0	Global	0xea	false	false
18009eee0	FUN_18009eee0	Global	0xea	false	false
18009efd0	FUN_18009efd0	Global	0x1a0	false	false
18009f170	FUN_18009f170	Global	0x1a0	false	false
18009f310	FUN_18009f310	Global	0x1a3	false	false
18009f4c0	FUN_18009f4c0	Global	0x82	false	false
18009f550	FUN_18009f550	Global	0x6b	false	false
18009f5c0	FUN_18009f5c0	Global	0x2d	false	false
18009f5f0	FUN_18009f5f0	Global	0x2d	false	false
18009f620	FUN_18009f620	Global	0x2d	false	false
18009f650	FUN_18009f650	Global	0x38	false	false
18009f690	FUN_18009f690	Global	0x33	false	false
18009f6d0	FUN_18009f6d0	Global	0xa1	false	false
18009f780	FUN_18009f780	Global	0x33	false	false
18009f7c0	FUN_18009f7c0	Global	0xcb	false	false
18009f890	FUN_18009f890	Global	0x87	false	false
18009f920	FUN_18009f920	Global	0x5c	false	false
18009f980	FUN_18009f980	Global	0x5c	false	false
18009f9e0	FUN_18009f9e0	Global	0x1a0	false	false
18009fb80	FUN_18009fb80	Global	0x1a0	false	false
18009fd20	FUN_18009fd20	Global	0xba	false	false
18009fde0	FUN_18009fde0	Global	0xf5	false	false
18009fee0	FUN_18009fee0	Global	0x159	false	false
1800a0040	FUN_1800a0040	Global	0x11d	false	false
1800a0160	FUN_1800a0160	Global	0x141	false	false
1800a02b0	FUN_1800a02b0	Global	0x141	false	false
1800a0400	FUN_1800a0400	Global	0x128	false	false
1800a0530	FUN_1800a0530	Global	0x70	false	false
1800a05a0	FUN_1800a05a0	Global	0x7e	false	false
1800a0620	FUN_1800a0620	Global	0x7e	false	false
1800a06a0	FUN_1800a06a0	Global	0x7e	false	false
1800a0720	FUN_1800a0720	Global	0x7a	false	false
1800a07a0	FUN_1800a07a0	Global	0x42	false	false
1800a07f0	FUN_1800a07f0	Global	0x1b6	false	false
1800a09b0	FUN_1800a09b0	Global	0x1e5	false	false
1800a0ba0	FUN_1800a0ba0	Global	0x23	false	false
1800a0bd0	FUN_1800a0bd0	Global	0x29	false	false
1800a0c00	FUN_1800a0c00	Global	0x29	false	false
1800a0c30	FUN_1800a0c30	Global	0x29	false	false
1800a0c60	FUN_1800a0c60	Global	0x7a	false	false
1800a0ce0	FUN_1800a0ce0	Global	0x1b6	false	false
1800a0ea0	FUN_1800a0ea0	Global	0x81	false	false
1800a0f30	FUN_1800a0f30	Global	0x23	false	false
1800a0f60	FUN_1800a0f60	Global	0x29	false	false
1800a0f90	FUN_1800a0f90	Global	0x29	false	false
1800a0fc0	FUN_1800a0fc0	Global	0x29	false	false
1800a0ff0	FUN_1800a0ff0	Global	0x7a	false	false
1800a1070	FUN_1800a1070	Global	0x1b6	false	false
1800a1230	FUN_1800a1230	Global	0x84	false	false
1800a12c0	FUN_1800a12c0	Global	0x23	false	false
1800a12f0	FUN_1800a12f0	Global	0x29	false	false
1800a1320	FUN_1800a1320	Global	0x29	false	false
1800a1350	FUN_1800a1350	Global	0x29	false	false
1800a1380	FUN_1800a1380	Global	0x9f	false	false
1800a1420	FUN_1800a1420	Global	0x1a0	false	false
1800a15c0	FUN_1800a15c0	Global	0x1a0	false	false
1800a1760	FUN_1800a1760	Global	0x108	false	false
1800a1870	FUN_1800a1870	Global	0xf1	false	false
1800a1970	FUN_1800a1970	Global	0x213	false	false
1800a1b90	FUN_1800a1b90	Global	0x212	false	false
1800a1db0	FUN_1800a1db0	Global	0x70	false	false
1800a1e20	FUN_1800a1e20	Global	0x7e	false	false
1800a1ea0	FUN_1800a1ea0	Global	0x7e	false	false
1800a1f20	FUN_1800a1f20	Global	0x7e	false	false
1800a1fa0	FUN_1800a1fa0	Global	0x7a	false	false
1800a2020	FUN_1800a2020	Global	0x13a	false	false
1800a2160	FUN_1800a2160	Global	0x70	false	false
1800a21d0	FUN_1800a21d0	Global	0x7e	false	false
1800a2250	FUN_1800a2250	Global	0x7e	false	false
1800a22d0	FUN_1800a22d0	Global	0x7e	false	false
1800a2350	FUN_1800a2350	Global	0x82	false	false
1800a23e0	FUN_1800a23e0	Global	0x6b	false	false
1800a2450	FUN_1800a2450	Global	0x1c	false	false
1800a2470	FUN_1800a2470	Global	0xe0	false	false
1800a2550	FUN_1800a2550	Global	0x77	false	false
1800a25d0	FUN_1800a25d0	Global	0x177	false	false
1800a2750	FUN_1800a2750	Global	0x177	false	false
1800a28d0	FUN_1800a28d0	Global	0x72	false	false
1800a2950	FUN_1800a2950	Global	0x72	false	false
1800a29d0	FUN_1800a29d0	Global	0x77	false	false
1800a2a50	FUN_1800a2a50	Global	0x109	false	false
1800a2b60	FUN_1800a2b60	Global	0x77	false	false
1800a2be0	FUN_1800a2be0	Global	0xd0	false	false
1800a2cb0	FUN_1800a2cb0	Global	0x64	false	false
1800a2d20	FUN_1800a2d20	Global	0x72	false	false
1800a2da0	FUN_1800a2da0	Global	0x8e	false	false
1800a2e30	FUN_1800a2e30	Global	0x85	false	false
1800a2ec0	FUN_1800a2ec0	Global	0x82	false	false
1800a2f50	FUN_1800a2f50	Global	0x6b	false	false
1800a2fc0	FUN_1800a2fc0	Global	0x2d	false	false
1800a2ff0	FUN_1800a2ff0	Global	0x13b	false	false
1800a3130	FUN_1800a3130	Global	0x2d	false	false
1800a3160	FUN_1800a3160	Global	0x2d	false	false
1800a3190	FUN_1800a3190	Global	0x38	false	false
1800a31d0	FUN_1800a31d0	Global	0x38	false	false
1800a3210	FUN_1800a3210	Global	0xa1	false	false
1800a32c0	FUN_1800a32c0	Global	0x8e	false	false
1800a3350	FUN_1800a3350	Global	0x85	false	false
1800a33e0	FUN_1800a33e0	Global	0x87	false	false
1800a3470	FUN_1800a3470	Global	0x112	false	false
1800a3590	FUN_1800a3590	Global	0x1a8	false	false
1800a3740	FUN_1800a3740	Global	0x16e	false	false
1800a38b0	FUN_1800a38b0	Global	0x70	false	false
1800a3920	FUN_1800a3920	Global	0x7e	false	false
1800a39a0	FUN_1800a39a0	Global	0x7e	false	false
1800a3a20	FUN_1800a3a20	Global	0x7e	false	false
1800a3aa0	FUN_1800a3aa0	Global	0x85	false	false
1800a3b30	FUN_1800a3b30	Global	0x1b6	false	false
1800a3cf0	FUN_1800a3cf0	Global	0x124	false	false
1800a3e20	FUN_1800a3e20	Global	0x93	false	false
1800a3ec0	FUN_1800a3ec0	Global	0x23	false	false
1800a3ef0	FUN_1800a3ef0	Global	0x29	false	false
1800a3f20	FUN_1800a3f20	Global	0x29	false	false
1800a3f50	FUN_1800a3f50	Global	0x29	false	false
1800a3f80	FUN_1800a3f80	Global	0x82	false	false
1800a4010	FUN_1800a4010	Global	0x4e	false	false
1800a4060	FUN_1800a4060	Global	0x2d	false	false
1800a4090	FUN_1800a4090	Global	0x130	false	false
1800a41c0	FUN_1800a41c0	Global	0x24	false	false
1800a41f0	FUN_1800a41f0	Global	0x14c	false	false
1800a4340	FUN_1800a4340	Global	0xb3	false	false
1800a4400	FUN_1800a4400	Global	0x130	false	false
1800a4530	FUN_1800a4530	Global	0x24	false	false
1800a4560	FUN_1800a4560	Global	0x130	false	false
1800a4690	FUN_1800a4690	Global	0x133	false	false
1800a47d0	FUN_1800a47d0	Global	0x2d	false	false
1800a4800	FUN_1800a4800	Global	0x2d	false	false
1800a4830	FUN_1800a4830	Global	0x29	false	false
1800a4860	FUN_1800a4860	Global	0x98	false	false
1800a4900	FUN_1800a4900	Global	0x2e	false	false
1800a4930	FUN_1800a4930	Global	0x2c	false	false
1800a4960	FUN_1800a4960	Global	0x57	false	false
1800a49c0	FUN_1800a49c0	Global	0x7f	false	false
1800a4a40	FUN_1800a4a40	Global	0x2e	false	false
1800a4a70	FUN_1800a4a70	Global	0x2c	false	false
1800a4aa0	FUN_1800a4aa0	Global	0x2e	false	false
1800a4ad0	FUN_1800a4ad0	Global	0x31	false	false
1800a4b10	FUN_1800a4b10	Global	0x82	false	false
1800a4ba0	FUN_1800a4ba0	Global	0x4e	false	false
1800a4bf0	FUN_1800a4bf0	Global	0x106	false	false
1800a4d00	FUN_1800a4d00	Global	0x1c	false	false
1800a4d20	FUN_1800a4d20	Global	0x6d	false	false
1800a4d90	FUN_1800a4d90	Global	0x219	false	false
1800a4fb0	FUN_1800a4fb0	Global	0x5c	false	false
1800a5010	FUN_1800a5010	Global	0x72	false	false
1800a5090	FUN_1800a5090	Global	0x72	false	false
1800a5110	FUN_1800a5110	Global	0x72	false	false
1800a5190	FUN_1800a5190	Global	0x72	false	false
1800a5210	FUN_1800a5210	Global	0xe0	false	false
1800a52f0	FUN_1800a52f0	Global	0x106	false	false
1800a5400	FUN_1800a5400	Global	0x64	false	false
1800a5470	FUN_1800a5470	Global	0x64	false	false
1800a54e0	FUN_1800a54e0	Global	0x72	false	false
1800a5560	FUN_1800a5560	Global	0xea	false	false
1800a5650	FUN_1800a5650	Global	0x8e	false	false
1800a56e0	FUN_1800a56e0	Global	0x1a0	false	false
1800a5880	FUN_1800a5880	Global	0x82	false	false
1800a5910	FUN_1800a5910	Global	0x6b	false	false
1800a5980	FUN_1800a5980	Global	0x2d	false	false
1800a59b0	FUN_1800a59b0	Global	0x13b	false	false
1800a5af0	FUN_1800a5af0	Global	0x13b	false	false
1800a5c30	FUN_1800a5c30	Global	0x13b	false	false
1800a5d70	FUN_1800a5d70	Global	0x13b	false	false
1800a5eb0	FUN_1800a5eb0	Global	0x94	false	false
1800a5f50	FUN_1800a5f50	Global	0x94	false	false
1800a5ff0	FUN_1800a5ff0	Global	0x13b	false	false
1800a6130	FUN_1800a6130	Global	0x2d	false	false
1800a6160	FUN_1800a6160	Global	0x2d	false	false
1800a6190	FUN_1800a6190	Global	0xa1	false	false
1800a6240	FUN_1800a6240	Global	0x82	false	false
1800a62d0	FUN_1800a62d0	Global	0x6b	false	false
1800a6340	FUN_1800a6340	Global	0x1c	false	false
1800a6360	FUN_1800a6360	Global	0x17a	false	false
1800a64e0	FUN_1800a64e0	Global	0x8b	false	false
1800a6570	FUN_1800a6570	Global	0x195	false	false
1800a6710	FUN_1800a6710	Global	0x8b	false	false
1800a67a0	FUN_1800a67a0	Global	0xaa	false	false
1800a6850	FUN_1800a6850	Global	0x8b	false	false
1800a68e0	FUN_1800a68e0	Global	0x8b	false	false
1800a6970	FUN_1800a6970	Global	0x177	false	false
1800a6af0	FUN_1800a6af0	Global	0x17a	false	false
1800a6c70	FUN_1800a6c70	Global	0x72	false	false
1800a6cf0	FUN_1800a6cf0	Global	0x72	false	false
1800a6d70	FUN_1800a6d70	Global	0x177	false	false
1800a6ef0	FUN_1800a6ef0	Global	0x72	false	false
1800a6f70	FUN_1800a6f70	Global	0x72	false	false
1800a6ff0	FUN_1800a6ff0	Global	0x72	false	false
1800a7070	FUN_1800a7070	Global	0x77	false	false
1800a70f0	FUN_1800a70f0	Global	0xd0	false	false
1800a71c0	FUN_1800a71c0	Global	0x64	false	false
1800a7230	FUN_1800a7230	Global	0x72	false	false
1800a72b0	FUN_1800a72b0	Global	0x1a3	false	false
1800a7460	FUN_1800a7460	Global	0x82	false	false
1800a74f0	FUN_1800a74f0	Global	0x6b	false	false
1800a7560	FUN_1800a7560	Global	0x1c	false	false
1800a7580	FUN_1800a7580	Global	0x77	false	false
1800a7600	FUN_1800a7600	Global	0x8f	false	false
1800a7690	FUN_1800a7690	Global	0x72	false	false
1800a7710	FUN_1800a7710	Global	0x72	false	false
1800a7790	FUN_1800a7790	Global	0x109	false	false
1800a78a0	FUN_1800a78a0	Global	0x10a	false	false
1800a79b0	FUN_1800a79b0	Global	0x109	false	false
1800a7ac0	FUN_1800a7ac0	Global	0xd0	false	false
1800a7b90	FUN_1800a7b90	Global	0x64	false	false
1800a7c00	FUN_1800a7c00	Global	0x72	false	false
1800a7c80	FUN_1800a7c80	Global	0x111	false	false
1800a7da0	FUN_1800a7da0	Global	0x85	false	false
1800a7e30	FUN_1800a7e30	Global	0x82	false	false
1800a7ec0	FUN_1800a7ec0	Global	0x4e	false	false
1800a7f10	FUN_1800a7f10	Global	0x2d	false	false
1800a7f40	FUN_1800a7f40	Global	0x24	false	false
1800a7f70	FUN_1800a7f70	Global	0x24	false	false
1800a7fa0	FUN_1800a7fa0	Global	0x24	false	false
1800a7fd0	FUN_1800a7fd0	Global	0x130	false	false
1800a8100	FUN_1800a8100	Global	0x130	false	false
1800a8230	FUN_1800a8230	Global	0x130	false	false
1800a8360	FUN_1800a8360	Global	0x24	false	false
1800a8390	FUN_1800a8390	Global	0x24	false	false
1800a83c0	FUN_1800a83c0	Global	0x2d	false	false
1800a83f0	FUN_1800a83f0	Global	0x2d	false	false
1800a8420	FUN_1800a8420	Global	0x98	false	false
1800a84c0	FUN_1800a84c0	Global	0x8e	false	false
1800a8550	FUN_1800a8550	Global	0x82	false	false
1800a85e0	FUN_1800a85e0	Global	0x18	false	false
1800a8600	FUN_1800a8600	Global	0x4e	false	false
1800a8650	FUN_1800a8650	Global	0x1c	false	false
1800a8670	FUN_1800a8670	Global	0x88	false	false
1800a8700	FUN_1800a8700	Global	0x75	false	false
1800a8780	FUN_1800a8780	Global	0x8f	false	false
1800a8810	FUN_1800a8810	Global	0x93	false	false
1800a88b0	FUN_1800a88b0	Global	0x1a2	false	false
1800a8a60	FUN_1800a8a60	Global	0x252	false	false
1800a8cc0	FUN_1800a8cc0	Global	0x70	false	false
1800a8d30	FUN_1800a8d30	Global	0x70	false	false
1800a8da0	FUN_1800a8da0	Global	0x89	false	false
1800a8e30	FUN_1800a8e30	Global	0x70	false	false
1800a8ea0	FUN_1800a8ea0	Global	0x75	false	false
1800a8f20	FUN_1800a8f20	Global	0x7c	false	false
1800a8fa0	FUN_1800a8fa0	Global	0x73	false	false
1800a9020	FUN_1800a9020	Global	0x89	false	false
1800a90b0	FUN_1800a90b0	Global	0x70	false	false
1800a9120	FUN_1800a9120	Global	0x89	false	false
1800a91b0	FUN_1800a91b0	Global	0x175	false	false
1800a9330	FUN_1800a9330	Global	0x70	false	false
1800a93a0	FUN_1800a93a0	Global	0x148	false	false
1800a94f0	FUN_1800a94f0	Global	0x175	false	false
1800a9670	FUN_1800a9670	Global	0x70	false	false
1800a96e0	FUN_1800a96e0	Global	0x89	false	false
1800a9770	FUN_1800a9770	Global	0x98	false	false
1800a9810	FUN_1800a9810	Global	0x9f	false	false
1800a98b0	FUN_1800a98b0	Global	0x72	false	false
1800a9930	FUN_1800a9930	Global	0x75	false	false
1800a99b0	FUN_1800a99b0	Global	0x72	false	false
1800a9a30	FUN_1800a9a30	Global	0x8f	false	false
1800a9ac0	FUN_1800a9ac0	Global	0x93	false	false
1800a9b60	FUN_1800a9b60	Global	0x72	false	false
1800a9be0	FUN_1800a9be0	Global	0x75	false	false
1800a9c60	FUN_1800a9c60	Global	0x72	false	false
1800a9ce0	FUN_1800a9ce0	Global	0x72	false	false
1800a9d60	FUN_1800a9d60	Global	0x72	false	false
1800a9de0	FUN_1800a9de0	Global	0x75	false	false
1800a9e60	FUN_1800a9e60	Global	0x72	false	false
1800a9ee0	FUN_1800a9ee0	Global	0x72	false	false
1800a9f60	FUN_1800a9f60	Global	0x72	false	false
1800a9fe0	FUN_1800a9fe0	Global	0x75	false	false
1800aa060	FUN_1800aa060	Global	0x109	false	false
1800aa170	FUN_1800aa170	Global	0x72	false	false
1800aa1f0	FUN_1800aa1f0	Global	0x72	false	false
1800aa270	FUN_1800aa270	Global	0x72	false	false
1800aa2f0	FUN_1800aa2f0	Global	0x75	false	false
1800aa370	FUN_1800aa370	Global	0x72	false	false
1800aa3f0	FUN_1800aa3f0	Global	0x75	false	false
1800aa470	FUN_1800aa470	Global	0x9d	false	false
1800aa510	FUN_1800aa510	Global	0xe0	false	false
1800aa5f0	FUN_1800aa5f0	Global	0x105	false	false
1800aa700	FUN_1800aa700	Global	0x8e	false	false
1800aa790	FUN_1800aa790	Global	0xd8	false	false
1800aa870	FUN_1800aa870	Global	0x11b	false	false
1800aa990	FUN_1800aa990	Global	0x8d	false	false
1800aaa20	FUN_1800aaa20	Global	0x10e	false	false
1800aab30	FUN_1800aab30	Global	0x64	false	false
1800aaba0	FUN_1800aaba0	Global	0x72	false	false
1800aac20	FUN_1800aac20	Global	0x8f	false	false
1800aacb0	FUN_1800aacb0	Global	0x9b	false	false
1800aad50	FUN_1800aad50	Global	0x9b	false	false
1800aadf0	FUN_1800aadf0	Global	0x8e	false	false
1800aae80	FUN_1800aae80	Global	0x75	false	false
1800aaf00	FUN_1800aaf00	Global	0x76	false	false
1800aaf80	FUN_1800aaf80	Global	0x82	false	false
1800ab010	FUN_1800ab010	Global	0x6b	false	false
1800ab080	FUN_1800ab080	Global	0x2d	false	false
1800ab0b0	FUN_1800ab0b0	Global	0x3a	false	false
1800ab0f0	FUN_1800ab0f0	Global	0x2d	false	false
1800ab120	FUN_1800ab120	Global	0x2d	false	false
1800ab150	FUN_1800ab150	Global	0xa1	false	false
1800ab200	FUN_1800ab200	Global	0x82	false	false
1800ab290	FUN_1800ab290	Global	0x6b	false	false
1800ab300	FUN_1800ab300	Global	0x2d	false	false
1800ab330	FUN_1800ab330	Global	0x3c	false	false
1800ab370	FUN_1800ab370	Global	0x2d	false	false
1800ab3a0	FUN_1800ab3a0	Global	0x2d	false	false
1800ab3d0	FUN_1800ab3d0	Global	0xa1	false	false
1800ab480	FUN_1800ab480	Global	0x82	false	false
1800ab510	FUN_1800ab510	Global	0x6b	false	false
1800ab580	FUN_1800ab580	Global	0x1c	false	false
1800ab5a0	FUN_1800ab5a0	Global	0x177	false	false
1800ab720	FUN_1800ab720	Global	0x8b	false	false
1800ab7b0	FUN_1800ab7b0	Global	0x8b	false	false
1800ab840	FUN_1800ab840	Global	0x72	false	false
1800ab8c0	FUN_1800ab8c0	Global	0x72	false	false
1800ab940	FUN_1800ab940	Global	0xd0	false	false
1800aba10	FUN_1800aba10	Global	0x8f	false	false
1800abaa0	FUN_1800abaa0	Global	0x69	false	false
1800abb10	FUN_1800abb10	Global	0x64	false	false
1800abb80	FUN_1800abb80	Global	0x72	false	false
1800abc00	FUN_1800abc00	Global	0x7a	false	false
1800abc80	FUN_1800abc80	Global	0x2d	false	false
1800abcb0	FUN_1800abcb0	Global	0x1b6	false	false
1800abe70	FUN_1800abe70	Global	0x118	false	false
1800abf90	FUN_1800abf90	Global	0x23	false	false
1800abfc0	FUN_1800abfc0	Global	0x29	false	false
1800abff0	FUN_1800abff0	Global	0x29	false	false
1800ac020	FUN_1800ac020	Global	0x29	false	false
1800ac050	FUN_1800ac050	Global	0x82	false	false
1800ac0e0	FUN_1800ac0e0	Global	0x4e	false	false
1800ac130	FUN_1800ac130	Global	0x2d	false	false
1800ac160	FUN_1800ac160	Global	0x49	false	false
1800ac1b0	FUN_1800ac1b0	Global	0x24	false	false
1800ac1e0	FUN_1800ac1e0	Global	0x130	false	false
1800ac310	FUN_1800ac310	Global	0x24	false	false
1800ac340	FUN_1800ac340	Global	0x2d	false	false
1800ac370	FUN_1800ac370	Global	0x2d	false	false
1800ac3a0	FUN_1800ac3a0	Global	0x29	false	false
1800ac3d0	FUN_1800ac3d0	Global	0x98	false	false
1800ac470	FUN_1800ac470	Global	0x3c	false	false
1800ac4b0	FUN_1800ac4b0	Global	0x24	false	false
1800ac4e0	FUN_1800ac4e0	Global	0x3a	false	false
1800ac520	FUN_1800ac520	Global	0x8e	false	false
1800ac5b0	FUN_1800ac5b0	Global	0x82	false	false
1800ac640	FUN_1800ac640	Global	0x6b	false	false
1800ac6b0	FUN_1800ac6b0	Global	0x1c	false	false
1800ac6d0	FUN_1800ac6d0	Global	0x177	false	false
1800ac850	FUN_1800ac850	Global	0x8e	false	false
1800ac8e0	FUN_1800ac8e0	Global	0x195	false	false
1800aca80	FUN_1800aca80	Global	0xf2	false	false
1800acb80	FUN_1800acb80	Global	0x8e	false	false
1800acc10	FUN_1800acc10	Global	0x17a	false	false
1800acd90	FUN_1800acd90	Global	0x17a	false	false
1800acf10	FUN_1800acf10	Global	0x8e	false	false
1800acfa0	FUN_1800acfa0	Global	0x72	false	false
1800ad020	FUN_1800ad020	Global	0x8e	false	false
1800ad0b0	FUN_1800ad0b0	Global	0x177	false	false
1800ad230	FUN_1800ad230	Global	0x8e	false	false
1800ad2c0	FUN_1800ad2c0	Global	0x8e	false	false
1800ad350	FUN_1800ad350	Global	0x8e	false	false
1800ad3e0	FUN_1800ad3e0	Global	0x72	false	false
1800ad460	FUN_1800ad460	Global	0x177	false	false
1800ad5e0	FUN_1800ad5e0	Global	0x72	false	false
1800ad660	FUN_1800ad660	Global	0x7a	false	false
1800ad6e0	FUN_1800ad6e0	Global	0xa2	false	false
1800ad790	FUN_1800ad790	Global	0x7a	false	false
1800ad810	FUN_1800ad810	Global	0x72	false	false
1800ad890	FUN_1800ad890	Global	0x77	false	false
1800ad910	FUN_1800ad910	Global	0x77	false	false
1800ad990	FUN_1800ad990	Global	0x77	false	false
1800ada10	FUN_1800ada10	Global	0x109	false	false
1800adb20	FUN_1800adb20	Global	0x77	false	false
1800adba0	FUN_1800adba0	Global	0xd0	false	false
1800adc70	FUN_1800adc70	Global	0xae	false	false
1800add20	FUN_1800add20	Global	0x9f	false	false
1800addc0	FUN_1800addc0	Global	0x64	false	false
1800ade30	FUN_1800ade30	Global	0x72	false	false
1800adeb0	FUN_1800adeb0	Global	0x111	false	false
1800adfd0	FUN_1800adfd0	Global	0x7a	false	false
1800ae050	FUN_1800ae050	Global	0x1b6	false	false
1800ae210	FUN_1800ae210	Global	0x23	false	false
1800ae240	FUN_1800ae240	Global	0x29	false	false
1800ae270	FUN_1800ae270	Global	0x29	false	false
1800ae2a0	FUN_1800ae2a0	Global	0x29	false	false
1800ae2d0	FUN_1800ae2d0	Global	0x68	false	false
1800ae340	FUN_1800ae340	Global	0x6b	false	false
1800ae3b0	FUN_1800ae3b0	Global	0x2b	false	false
1800ae3e0	FUN_1800ae3e0	Global	0x1c	false	false
1800ae400	FUN_1800ae400	Global	0x1b6	false	false
1800ae5e0	FUN_1800ae5e0	Global	0x40	false	false
1800ae620	FUN_1800ae620	Global	0x11	false	false
1800ae640	FUN_1800ae640	Global	0x23	false	false
1800ae670	FUN_1800ae670	Global	0x29	false	false
1800ae6a0	FUN_1800ae6a0	Global	0x29	false	false
1800ae6d0	FUN_1800ae6d0	Global	0x29	false	false
1800ae700	FUN_1800ae700	Global	0x9f	false	false
1800ae7a0	FUN_1800ae7a0	Global	0x9f	false	false
1800ae840	FUN_1800ae840	Global	0xa4	false	false
1800ae8e4	FUN_1800ae8e4	Global	0xa4	false	false
1800ae988	FUN_1800ae988	Global	0xbd	false	false
1800aea48	FUN_1800aea48	Global	0xde	false	false
1800aeb28	FUN_1800aeb28	Global	0x111	false	false
1800aec3c	FUN_1800aec3c	Global	0x3d	false	false
1800aec7c	FUN_1800aec7c	Global	0x2f4	false	false
1800aef70	FUN_1800aef70	Global	0x1a0	false	false
1800af110	FUN_1800af110	Global	0x7	false	false
1800af118	FUN_1800af118	Global	0xa	false	false
1800af124	FUN_1800af124	Global	0x5b	false	false
1800af180	FUN_1800af180	Global	0xd6	false	false
1800af258	FUN_1800af258	Global	0x7e	false	false
1800af2d8	FUN_1800af2d8	Global	0x76	false	false
1800af350	FUN_1800af350	Global	0x24	false	false
1800af374	FUN_1800af374	Global	0x68	false	false
1800af3dc	FUN_1800af3dc	Global	0x200	false	false
1800af5dc	FUN_1800af5dc	Global	0x3	false	false
1800af5e0	FUN_1800af5e0	Global	0x34	false	false
1800af614	FUN_1800af614	Global	0x39	false	false
1800af650	FUN_1800af650	Global	0x362	false	false
1800af9b4	FUN_1800af9b4	Global	0x3c	false	false
1800af9f0	FUN_1800af9f0	Global	0x65b	false	false
1800b0050	malloc	API-MS-WIN-CRT-HEAP-L1-1-0.DLL	0x7	true	false
1800b0060	free	API-MS-WIN-CRT-HEAP-L1-1-0.DLL	0x7	true	false
1800b00b0	FUN_1800b00b0	Global	0x98	false	false
1800b0150	FUN_1800b0150	Global	0xcdd	false	false
1800b0e30	FUN_1800b0e30	Global	0x225	false	false
1800b1060	FUN_1800b1060	Global	0x4f3	false	false
1800b1560	FUN_1800b1560	Global	0x590	false	false
1800b1af0	FUN_1800b1af0	Global	0x18	false	false
1800b1b10	FUN_1800b1b10	Global	0x154	false	false
1800b1c70	FUN_1800b1c70	Global	0x33	false	false
1800b1cb0	FUN_1800b1cb0	Global	0x33	false	false
1800b1cf0	FUN_1800b1cf0	Global	0x18	false	false
1800b1d10	FUN_1800b1d10	Global	0xaf	false	false
1800b1dc0	FUN_1800b1dc0	Global	0x18	false	false
1800b1de0	FUN_1800b1de0	Global	0x3a6	false	false
1800b2190	FUN_1800b2190	Global	0x18	false	false
1800b21b0	FUN_1800b21b0	Global	0x1b	false	false
1800b21d0	FUN_1800b21d0	Global	0x18	false	false
1800b21f0	FUN_1800b21f0	Global	0x33	false	false
1800b2230	FUN_1800b2230	Global	0x1b7	false	false
1800b23f0	FUN_1800b23f0	Global	0x45	false	false
1800b2440	FUN_1800b2440	Global	0xa8	false	false
1800b24f0	FUN_1800b24f0	Global	0x61	false	false
1800b2560	FUN_1800b2560	Global	0x13a	false	false
1800b26a0	FUN_1800b26a0	Global	0x21c	false	false
1800b28c0	FUN_1800b28c0	Global	0x24	false	false
1800b28f0	FUN_1800b28f0	Global	0x1c6	false	false
1800b2ac0	FUN_1800b2ac0	Global	0x13e	false	false
1800b2c00	FUN_1800b2c00	Global	0xe	false	false
1800b2c10	FUN_1800b2c10	Global	0x7b	false	false
1800b2c90	FUN_1800b2c90	Global	0xfc	false	false
1800b2d90	FUN_1800b2d90	Global	0xb5	false	false
1800b2e50	FUN_1800b2e50	Global	0xce	false	false
1800b2f20	FUN_1800b2f20	Global	0x62	false	false
1800b2f90	FUN_1800b2f90	Global	0x23fd	false	false
1800b5390	FUN_1800b5390	Global	0xa6	false	false
1800b5440	FUN_1800b5440	Global	0x3fa	false	false
1800b5840	FUN_1800b5840	Global	0xad	false	false
1800b58f0	FUN_1800b58f0	Global	0x1f2	false	false
1800b5af0	FUN_1800b5af0	Global	0x13b	false	false
1800b5c30	FUN_1800b5c30	Global	0xc3	false	false
1800b5d00	FUN_1800b5d00	Global	0x1e7	false	false
1800b5ef0	FUN_1800b5ef0	Global	0xa5	false	false
1800b5fa0	FUN_1800b5fa0	Global	0x9b	false	false
1800b6040	FUN_1800b6040	Global	0x28	false	false
1800b6070	FUN_1800b6070	Global	0x10b	false	false
1800b6180	FUN_1800b6180	Global	0x7f	false	false
1800b6200	FUN_1800b6200	Global	0x215	false	false
1800b6420	FUN_1800b6420	Global	0xf4	false	false
1800b6520	FUN_1800b6520	Global	0x5b	false	false
1800b6580	FUN_1800b6580	Global	0x259	false	false
1800b67e0	FUN_1800b67e0	Global	0x10e	false	false
1800b68f0	FUN_1800b68f0	Global	0xa5	false	false
1800b69a0	FUN_1800b69a0	Global	0x5b	false	false
1800b6a00	FUN_1800b6a00	Global	0x1d2	false	false
1800b6be0	FUN_1800b6be0	Global	0x5e	false	false
1800b6c90	FUN_1800b6c90	Global	0xc2	false	false
1800b6d60	FUN_1800b6d60	Global	0x162	false	false
1800b6ed0	FUN_1800b6ed0	Global	0x6c	false	false
1800b6f40	FUN_1800b6f40	Global	0x9	false	false
1800b6f50	FUN_1800b6f50	Global	0xcb	false	false
1800b7020	FUN_1800b7020	Global	0x118	false	false
1800b7140	FUN_1800b7140	Global	0x6f	false	false
1800b71b0	FUN_1800b71b0	Global	0xd2	false	false
1800b7290	FUN_1800b7290	Global	0x1fb	false	false
1800b7490	FUN_1800b7490	Global	0xf9	false	false
1800b7590	FUN_1800b7590	Global	0xad	false	false
1800b7640	FUN_1800b7640	Global	0x19f	false	false
1800b7800	FUN_1800b7800	Global	0x2e	false	false
1800b7830	FUN_1800b7830	Global	0x3b	false	false
1800b7870	FUN_1800b7870	Global	0x6f	false	false
1800b78e0	FUN_1800b78e0	Global	0x1f9	false	false
1800b7ae0	FUN_1800b7ae0	Global	0xc3	false	false
1800b7bb0	FUN_1800b7bb0	Global	0x87	false	false
1800b7c40	FUN_1800b7c40	Global	0x210	false	false
1800b7e50	FUN_1800b7e50	Global	0x19c	false	false
1800b7ff0	FUN_1800b7ff0	Global	0x27	false	false
1800b8020	FUN_1800b8020	Global	0x1e5	false	false
1800b8210	FUN_1800b8210	Global	0x26b	false	false
1800b8480	FUN_1800b8480	Global	0x57	false	false
1800b84e0	FUN_1800b84e0	Global	0x39f	false	false
1800b8880	FUN_1800b8880	Global	0x1fc	false	false
1800b8a80	FUN_1800b8a80	Global	0x6d	false	false
1800b8af0	FUN_1800b8af0	Global	0x558	false	false
1800b9050	FUN_1800b9050	Global	0x3dc	false	false
1800b9430	FUN_1800b9430	Global	0x63	false	false
1800b94a0	FUN_1800b94a0	Global	0x46	false	false
1800b94f0	FUN_1800b94f0	Global	0x1f4	false	false
1800b96f0	FUN_1800b96f0	Global	0x43a	false	false
1800b9b30	FUN_1800b9b30	Global	0x15f	false	false
1800b9c90	FUN_1800b9c90	Global	0x43b	false	false
1800ba0d0	FUN_1800ba0d0	Global	0x333	false	false
1800ba410	FUN_1800ba410	Global	0x246	false	false
1800ba660	FUN_1800ba660	Global	0x34	false	false
1800ba6a0	FUN_1800ba6a0	Global	0x9e	false	false
1800ba740	FUN_1800ba740	Global	0x73	false	false
1800ba7c0	FUN_1800ba7c0	Global	0x57	false	false
1800ba820	FUN_1800ba820	Global	0x86	false	false
1800ba8b0	FUN_1800ba8b0	Global	0x73	false	false
1800ba930	FUN_1800ba930	Global	0x70	false	false
1800ba9a0	FUN_1800ba9a0	Global	0x126	false	false
1800baad0	FUN_1800baad0	Global	0x2f1	false	false
1800badd0	FUN_1800badd0	Global	0x1e	false	false
1800badf0	FUN_1800badf0	Global	0x34	false	false
1800bae30	FUN_1800bae30	Global	0x47	false	false
1800bae80	FUN_1800bae80	Global	0x54	false	false
1800baee0	FUN_1800baee0	Global	0x8	false	false
1800baef0	FUN_1800baef0	Global	0x1e	false	false
1800baf10	FUN_1800baf10	Global	0x1c	false	false
1800baf30	FUN_1800baf30	Global	0xa4	false	false
1800bafe0	FUN_1800bafe0	Global	0x7d	false	false
1800bb060	FUN_1800bb060	Global	0xc	false	false
1800bb070	FUN_1800bb070	Global	0x168	false	false
1800bb1e0	FUN_1800bb1e0	Global	0x6f	false	false
1800bb250	FUN_1800bb250	Global	0x9d	false	false
1800bb2f0	FUN_1800bb2f0	Global	0x5f	false	false
1800bb350	FUN_1800bb350	Global	0xbd	false	false
1800bb410	FUN_1800bb410	Global	0x12	false	false
1800bb430	FUN_1800bb430	Global	0x6b	false	false
1800bb4a0	FUN_1800bb4a0	Global	0xe	false	false
1800bb4b0	FUN_1800bb4b0	Global	0xe	false	false
1800bb4c0	FUN_1800bb4c0	Global	0xd2	false	false
1800bb5a0	FUN_1800bb5a0	Global	0x139	false	false
1800bb6e0	FUN_1800bb6e0	Global	0x17	false	false
1800bb700	FUN_1800bb700	Global	0x175	false	false
1800bb880	FUN_1800bb880	Global	0xe	false	false
1800bb890	FUN_1800bb890	Global	0x18	false	false
1800bb8b0	FUN_1800bb8b0	Global	0x10	false	false
1800bb8c0	FUN_1800bb8c0	Global	0x48	false	false
1800bb910	FUN_1800bb910	Global	0xda	false	false
1800bb9f0	FUN_1800bb9f0	Global	0x1b2	false	false
1800bbbb0	FUN_1800bbbb0	Global	0x77	false	false
1800bbc30	FUN_1800bbc30	Global	0x181	false	false
1800bbdc0	FUN_1800bbdc0	Global	0x171	false	false
1800bbf40	FUN_1800bbf40	Global	0xa7	false	false
1800bbff0	FUN_1800bbff0	Global	0x16	false	false
1800bc010	FUN_1800bc010	Global	0x1c	false	false
1800bc030	FUN_1800bc030	Global	0x31	false	false
1800bc070	FUN_1800bc070	Global	0x1ac	false	false
1800bc220	FUN_1800bc220	Global	0xb9	false	false
1800bc2e0	FUN_1800bc2e0	Global	0x2a	false	false
1800bc310	FUN_1800bc310	Global	0x10b	false	false
1800bc420	FUN_1800bc420	Global	0x502	false	false
1800bc930	FUN_1800bc930	Global	0x1f	false	false
1800bc950	FUN_1800bc950	Global	0x7b	false	false
1800bc9d0	FUN_1800bc9d0	Global	0x1e	false	false
1800bc9f0	FUN_1800bc9f0	Global	0x57	false	false
1800bca50	FUN_1800bca50	Global	0x32e	false	false
1800bcd80	FUN_1800bcd80	Global	0x50	false	false
1800bcdd0	FUN_1800bcdd0	Global	0xa3	false	false
1800bce80	FUN_1800bce80	Global	0x6c	false	false
1800bcef0	FUN_1800bcef0	Global	0x47	false	false
1800bcf40	FUN_1800bcf40	Global	0x177	false	false
1800bd0c0	FUN_1800bd0c0	Global	0xb	false	false
1800bd0d0	FUN_1800bd0d0	Global	0x75	false	false
1800bd150	FUN_1800bd150	Global	0x88	false	false
1800bd1e0	FUN_1800bd1e0	Global	0xb9	false	false
1800bd2a0	FUN_1800bd2a0	Global	0x69	false	false
1800bd310	FUN_1800bd310	Global	0x68	false	false
1800bd380	FUN_1800bd380	Global	0x36	false	false
1800bd3c0	FUN_1800bd3c0	Global	0x2b	false	false
1800bd3f0	FUN_1800bd3f0	Global	0x38	false	false
1800bd430	FUN_1800bd430	Global	0xc6	false	false
1800bd500	FUN_1800bd500	Global	0x68	false	false
1800bd570	FUN_1800bd570	Global	0x36	false	false
1800bd5b0	FUN_1800bd5b0	Global	0x7b	false	false
1800bd630	FUN_1800bd630	Global	0x51	false	false
1800bd690	FUN_1800bd690	Global	0x68	false	false
1800bd700	FUN_1800bd700	Global	0x167	false	false
1800bd870	FUN_1800bd870	Global	0x26f	false	false
1800bdae0	FUN_1800bdae0	Global	0x30a	false	false
1800bddf0	FUN_1800bddf0	Global	0x16e	false	false
1800bdf60	FUN_1800bdf60	Global	0x23b	false	false
1800be1a0	FUN_1800be1a0	Global	0x1fd	false	false
1800be3a0	FUN_1800be3a0	Global	0x16	false	false
1800be3c0	FUN_1800be3c0	Global	0x3d	false	false
1800be400	FUN_1800be400	Global	0xa4	false	false
1800be4b0	FUN_1800be4b0	Global	0x26	false	false
1800be4e0	FUN_1800be4e0	Global	0x1d	false	false
1800be500	FUN_1800be500	Global	0x32	false	false
1800be540	FUN_1800be540	Global	0xa6	false	false
1800be5f0	FUN_1800be5f0	Global	0x86	false	false
1800be680	FUN_1800be680	Global	0xad	false	false
1800be730	FUN_1800be730	Global	0x2c3	false	false
1800bea00	FUN_1800bea00	Global	0x54	false	false
1800bea60	FUN_1800bea60	Global	0x125	false	false
1800beb90	FUN_1800beb90	Global	0x48e	false	false
1800bf020	FUN_1800bf020	Global	0x28	false	false
1800bf050	FUN_1800bf050	Global	0x48	false	false
1800bf0a0	FUN_1800bf0a0	Global	0x93	false	false
1800bf140	FUN_1800bf140	Global	0x196	false	false
1800bf2e0	FUN_1800bf2e0	Global	0x38	false	false
1800bf320	FUN_1800bf320	Global	0x452	false	false
1800bf780	FUN_1800bf780	Global	0xbe	false	false
1800bf840	FUN_1800bf840	Global	0x445	false	false
1800bfc90	FUN_1800bfc90	Global	0xae7	false	false
1800c0780	FUN_1800c0780	Global	0x29	false	false
1800c07b0	FUN_1800c07b0	Global	0x236	false	false
1800c09f0	FUN_1800c09f0	Global	0x82e	false	false
1800c1220	FUN_1800c1220	Global	0x266	false	false
1800c1490	FUN_1800c1490	Global	0x32	false	false
1800c14d0	FUN_1800c14d0	Global	0x384	false	false
1800c1860	FUN_1800c1860	Global	0x9a3	false	false
1800c2210	FUN_1800c2210	Global	0x2f8	false	false
1800c2510	FUN_1800c2510	Global	0x94	false	false
1800c25b0	FUN_1800c25b0	Global	0x1219	false	false
1800c37d0	FUN_1800c37d0	Global	0x1a5	false	false
1800c3980	FUN_1800c3980	Global	0x30	false	false
1800c39b0	FUN_1800c39b0	Global	0xa4	false	false
1800c3a60	FUN_1800c3a60	Global	0x126	false	false
1800c3b90	FUN_1800c3b90	Global	0x36	false	false
1800c3bd0	FUN_1800c3bd0	Global	0xc9	false	false
1800c3ca0	FUN_1800c3ca0	Global	0xd7	false	false
1800c3d80	FUN_1800c3d80	Global	0x80	false	false
1800c3e00	FUN_1800c3e00	Global	0x57	false	false
1800c3e60	FUN_1800c3e60	Global	0x91	false	false
1800c3f00	FUN_1800c3f00	Global	0x20b	false	false
1800c4110	FUN_1800c4110	Global	0x3a	false	false
1800c4150	FUN_1800c4150	Global	0x43	false	false
1800c41a0	FUN_1800c41a0	Global	0x80	false	false
1800c4220	FUN_1800c4220	Global	0x27f	false	false
1800c44a0	FUN_1800c44a0	Global	0x8a	false	false
1800c4530	FUN_1800c4530	Global	0xfc	false	false
1800c4630	FUN_1800c4630	Global	0x75	false	false
1800c46b0	FUN_1800c46b0	Global	0xb3	false	false
1800c4770	FUN_1800c4770	Global	0x7b	false	false
1800c47f0	FUN_1800c47f0	Global	0xa8	false	false
1800c48a0	FUN_1800c48a0	Global	0x72	false	false
1800c4920	FUN_1800c4920	Global	0xa1	false	false
1800c49d0	FUN_1800c49d0	Global	0x8c	false	false
1800c4a60	FUN_1800c4a60	Global	0x9b	false	false
1800c4b00	FUN_1800c4b00	Global	0x36d	false	false
1800c4e70	FUN_1800c4e70	Global	0x24a	false	false
1800c50c0	FUN_1800c50c0	Global	0x3ae	false	false
1800c5470	FUN_1800c5470	Global	0x19e	false	false
1800c5610	FUN_1800c5610	Global	0x14f	false	false
1800c5760	FUN_1800c5760	Global	0x41a	false	false
1800c5b80	FUN_1800c5b80	Global	0x264	false	false
1800c5df0	FUN_1800c5df0	Global	0x2c0	false	false
1800c60b0	FUN_1800c60b0	Global	0x290	false	false
1800c6340	FUN_1800c6340	Global	0x286	false	false
1800c65d0	FUN_1800c65d0	Global	0x66e	false	false
1800c6c40	FUN_1800c6c40	Global	0x298	false	false
1800c6ee0	FUN_1800c6ee0	Global	0x5dd	false	false
1800c74c0	FUN_1800c74c0	Global	0x23a	false	false
1800c7700	FUN_1800c7700	Global	0x1f8	false	false
1800c7900	FUN_1800c7900	Global	0x584	false	false
1800c7e90	FUN_1800c7e90	Global	0xa7	false	false
1800c7f40	FUN_1800c7f40	Global	0x75	false	false
1800c7fc0	FUN_1800c7fc0	Global	0x119	false	false
1800c80e0	FUN_1800c80e0	Global	0x45f	false	false
1800c8540	FUN_1800c8540	Global	0x156	false	false
1800c86a0	FUN_1800c86a0	Global	0x1a	false	false
1800c86c0	FUN_1800c86c0	Global	0xb8	false	false
1800c8780	FUN_1800c8780	Global	0x117	false	false
1800c88a0	FUN_1800c88a0	Global	0x14f	false	false
1800c89f0	FUN_1800c89f0	Global	0x2a	false	false
1800c8a20	FUN_1800c8a20	Global	0x2e	false	false
1800c8a50	FUN_1800c8a50	Global	0x8f	false	false
1800c8ae0	FUN_1800c8ae0	Global	0x1b8	false	false
1800c8ca0	FUN_1800c8ca0	Global	0xef	false	false
1800c8d90	FUN_1800c8d90	Global	0xae	false	false
1800c8e40	FUN_1800c8e40	Global	0xe	false	false
1800c8e50	FUN_1800c8e50	Global	0x28	false	false
1800c8e80	FUN_1800c8e80	Global	0x1aa	false	false
1800c9030	FUN_1800c9030	Global	0xc1	false	false
1800c9100	FUN_1800c9100	Global	0xa3	false	false
1800c91b0	FUN_1800c91b0	Global	0x3c	false	false
1800c91f0	FUN_1800c91f0	Global	0x2e	false	false
1800c9220	FUN_1800c9220	Global	0x30	false	false
1800c9250	FUN_1800c9250	Global	0x3b	false	false
1800c9290	FUN_1800c9290	Global	0x91	false	false
1800c9330	FUN_1800c9330	Global	0x17	false	false
1800c9350	FUN_1800c9350	Global	0x17	false	false
1800c9370	FUN_1800c9370	Global	0x27c	false	false
1800c95f0	FUN_1800c95f0	Global	0x49	false	false
1800c9640	FUN_1800c9640	Global	0x63	false	false
1800c96b0	FUN_1800c96b0	Global	0x31	false	false
1800c96f0	FUN_1800c96f0	Global	0x162	false	false
1800c9860	FUN_1800c9860	Global	0x125	false	false
1800c9990	FUN_1800c9990	Global	0xa9	false	false
1800c9a40	FUN_1800c9a40	Global	0x6ab	false	false
1800ca0f0	FUN_1800ca0f0	Global	0xe0	false	false
1800ca1d0	FUN_1800ca1d0	Global	0xaa	false	false
1800ca280	FUN_1800ca280	Global	0x5b	false	false
1800ca2e0	FUN_1800ca2e0	Global	0x22c	false	false
1800ca510	FUN_1800ca510	Global	0x491	false	false
1800ca9b0	FUN_1800ca9b0	Global	0x7e8	false	false
1800cb1a0	FUN_1800cb1a0	Global	0x1da	false	false
1800cb380	FUN_1800cb380	Global	0x76c	false	false
1800cbaf0	FUN_1800cbaf0	Global	0x3c8	false	false
1800cbec0	FUN_1800cbec0	Global	0x2b2	false	false
1800cc180	FUN_1800cc180	Global	0x6a9	false	false
1800cc830	FUN_1800cc830	Global	0x19b	false	false
1800cc9d0	FUN_1800cc9d0	Global	0xf5e	false	false
1800cd930	FUN_1800cd930	Global	0x151	false	false
1800cda90	FUN_1800cda90	Global	0x63	false	false
1800cdb00	FUN_1800cdb00	Global	0xfa	false	false
1800cdc00	FUN_1800cdc00	Global	0xd0	false	false
1800cdcd0	FUN_1800cdcd0	Global	0x311	false	false
1800cdff0	FUN_1800cdff0	Global	0xe7	false	false
1800ce0e0	FUN_1800ce0e0	Global	0x22	false	false
1800ce110	FUN_1800ce110	Global	0x10b	false	false
1800ce220	FUN_1800ce220	Global	0x71	false	false
1800ce2a0	FUN_1800ce2a0	Global	0xf6	false	false
1800ce3a0	FUN_1800ce3a0	Global	0x5d	false	false
1800ce400	FUN_1800ce400	Global	0xb5	false	false
1800ce4c0	FUN_1800ce4c0	Global	0xb2	false	false
1800ce580	FUN_1800ce580	Global	0xbf	false	false
1800ce640	FUN_1800ce640	Global	0xb7	false	false
1800ce700	FUN_1800ce700	Global	0x59	false	false
1800ce760	FUN_1800ce760	Global	0x61	false	false
1800ce7d0	FUN_1800ce7d0	Global	0x61	false	false
1800ce840	FUN_1800ce840	Global	0x61	false	false
1800ce8b0	FUN_1800ce8b0	Global	0x61	false	false
1800ce920	FUN_1800ce920	Global	0x66	false	false
1800ce990	FUN_1800ce990	Global	0xa8	false	false
1800cea40	FUN_1800cea40	Global	0xae	false	false
1800ceaf0	FUN_1800ceaf0	Global	0xb0	false	false
1800ceba0	FUN_1800ceba0	Global	0xb0	false	false
1800cec50	FUN_1800cec50	Global	0xb0	false	false
1800ced00	FUN_1800ced00	Global	0xb0	false	false
1800cedb0	FUN_1800cedb0	Global	0x8	false	false
1800cedc0	FUN_1800cedc0	Global	0x55	false	false
1800cee20	sscanf	Global	0x52	false	false
1800cee80	FUN_1800cee80	Global	0x59	false	false
1800ceee0	FUN_1800ceee0	Global	0x4b	false	false
1800cef30	FUN_1800cef30	Global	0x222	false	false
1800cf160	FUN_1800cf160	Global	0x560	false	false
1800cf6c0	FUN_1800cf6c0	Global	0x253	false	false
1800cf920	FUN_1800cf920	Global	0x92	false	false
1800cf9c0	FUN_1800cf9c0	Global	0x2be	false	false
1800cfc80	FUN_1800cfc80	Global	0x200	false	false
1800cfe80	FUN_1800cfe80	Global	0x8	false	false
1800cfe90	FUN_1800cfe90	Global	0x681	false	false
1800d0520	FUN_1800d0520	Global	0x29a	false	false
1800d07c0	FUN_1800d07c0	Global	0x47	false	false
1800d0810	FUN_1800d0810	Global	0xb6	false	false
1800d08d0	FUN_1800d08d0	Global	0x30a	false	false
1800d0be0	FUN_1800d0be0	Global	0x1be	false	false
1800d0da0	FUN_1800d0da0	Global	0xd4	false	false
1800d0e80	FUN_1800d0e80	Global	0xc4	false	false
1800d0f50	FUN_1800d0f50	Global	0x77	false	false
1800d0fd0	FUN_1800d0fd0	Global	0x231	false	false
1800d1210	FUN_1800d1210	Global	0x3cb	false	false
1800d15e0	FUN_1800d15e0	Global	0x137	false	false
1800d1720	FUN_1800d1720	Global	0x62	false	false
1800d1790	FUN_1800d1790	Global	0x48	false	false
1800d17e0	FUN_1800d17e0	Global	0x1a3	false	false
1800d1990	FUN_1800d1990	Global	0x70	false	false
1800d1a00	FUN_1800d1a00	Global	0x2bf7	false	false
1800d4600	FUN_1800d4600	Global	0x242	false	false
1800d4850	FUN_1800d4850	Global	0x138	false	false
1800d4990	FUN_1800d4990	Global	0x6d	false	false
1800d4a00	FUN_1800d4a00	Global	0x1c	false	false
1800d4a20	FUN_1800d4a20	Global	0x4d2	false	false
1800d4f00	FUN_1800d4f00	Global	0x90	false	false
1800d4f90	FUN_1800d4f90	Global	0xe4	false	false
1800d5080	FUN_1800d5080	Global	0x562	false	false
1800d55f0	FUN_1800d55f0	Global	0x10d	false	false
1800d5700	FUN_1800d5700	Global	0x10d	false	false
1800d5810	FUN_1800d5810	Global	0x45	false	false
1800d5860	FUN_1800d5860	Global	0x9c	false	false
1800d5900	FUN_1800d5900	Global	0xe2	false	false
1800d59f0	FUN_1800d59f0	Global	0x72	false	false
1800d5a70	FUN_1800d5a70	Global	0xc1	false	false
1800d5b40	FUN_1800d5b40	Global	0x1c4	false	false
1800d5d10	FUN_1800d5d10	Global	0x1d5	false	false
1800d5ef0	FUN_1800d5ef0	Global	0x609	false	false
1800d6500	FUN_1800d6500	Global	0x6ff	false	false
1800d6c00	FUN_1800d6c00	Global	0x48	false	false
1800d6c50	FUN_1800d6c50	Global	0x2ae	false	false
1800d6f00	FUN_1800d6f00	Global	0x50	false	false
1800d6f50	FUN_1800d6f50	Global	0x3db	false	false
1800d7350	FUN_1800d7350	Global	0x3c3	false	false
1800d7720	FUN_1800d7720	Global	0x50	false	false
1800d7770	FUN_1800d7770	Global	0x100c	false	false
1800d8780	FUN_1800d8780	Global	0x160	false	false
1800d88e0	FUN_1800d88e0	Global	0x2ef	false	false
1800d8bd0	FUN_1800d8bd0	Global	0xd7	false	false
1800d8d00	FUN_1800d8d00	Global	0x27	false	false
1800d8d30	FUN_1800d8d30	Global	0x43	false	false
1800d8d80	FUN_1800d8d80	Global	0x476	false	false
1800d9200	FUN_1800d9200	Global	0x74	false	false
1800d9280	FUN_1800d9280	Global	0xbb	false	false
1800d9340	FUN_1800d9340	Global	0xc4	false	false
1800d9410	FUN_1800d9410	Global	0x13b	false	false
1800d9550	FUN_1800d9550	Global	0x66	false	false
1800d95c0	FUN_1800d95c0	Global	0x19f	false	false
1800d9760	FUN_1800d9760	Global	0x1e2	false	false
1800d9950	FUN_1800d9950	Global	0x67	false	false
1800d99c0	FUN_1800d99c0	Global	0x17c	false	false
1800d9b40	FUN_1800d9b40	Global	0x2a2	false	false
1800d9df0	FUN_1800d9df0	Global	0x7e	false	false
1800d9e70	FUN_1800d9e70	Global	0xad	false	false
1800d9f20	FUN_1800d9f20	Global	0x93	false	false
1800d9fc0	FUN_1800d9fc0	Global	0xab	false	false
1800da070	FUN_1800da070	Global	0x84	false	false
1800da100	FUN_1800da100	Global	0x222	false	false
1800da330	FUN_1800da330	Global	0xc54	false	false
1800db000	FUN_1800db000	Global	0xda	false	false
1800db0e0	FUN_1800db0e0	Global	0x20f	false	false
1800db2f0	FUN_1800db2f0	Global	0x55	false	false
1800db350	FUN_1800db350	Global	0x3d6	false	false
1800db730	FUN_1800db730	Global	0x5a	false	false
1800db790	FUN_1800db790	Global	0x42	false	false
1800db7e0	FUN_1800db7e0	Global	0x45	false	false
1800db830	FUN_1800db830	Global	0x597	false	false
1800dbdd0	FUN_1800dbdd0	Global	0xb6	false	false
1800dbe90	FUN_1800dbe90	Global	0xd6	false	false
1800dbf70	FUN_1800dbf70	Global	0x312	false	false
1800dc290	FUN_1800dc290	Global	0x2b7	false	false
1800dc550	FUN_1800dc550	Global	0x27d	false	false
1800dc7d0	FUN_1800dc7d0	Global	0x139	false	false
1800dc910	FUN_1800dc910	Global	0x20a	false	false
1800dcb20	FUN_1800dcb20	Global	0xc7	false	false
1800dcbf0	FUN_1800dcbf0	Global	0xc3	false	false
1800dccc0	FUN_1800dccc0	Global	0xf19	false	false
1800ddbe0	FUN_1800ddbe0	Global	0x104	false	false
1800ddcf0	FUN_1800ddcf0	Global	0x1a4	false	false
1800ddea0	FUN_1800ddea0	Global	0x114	false	false
1800ddfc0	FUN_1800ddfc0	Global	0x5a5	false	false
1800de570	FUN_1800de570	Global	0x279	false	false
1800de7f0	FUN_1800de7f0	Global	0x1cb	false	false
1800de9c0	FUN_1800de9c0	Global	0x61	false	false
1800dea30	FUN_1800dea30	Global	0x1bb	false	false
1800debf0	FUN_1800debf0	Global	0xbd	false	false
1800decb0	FUN_1800decb0	Global	0x72	false	false
1800ded30	FUN_1800ded30	Global	0x30	false	false
1800ded60	FUN_1800ded60	Global	0x100	false	false
1800dee60	FUN_1800dee60	Global	0x107	false	false
1800def70	FUN_1800def70	Global	0x151	false	false
1800df0d0	FUN_1800df0d0	Global	0x2cc	false	false
1800df3a0	FUN_1800df3a0	Global	0x21b	false	false
1800df5c0	FUN_1800df5c0	Global	0x1450	false	false
1800e0a10	FUN_1800e0a10	Global	0x450	false	false
1800e0e60	FUN_1800e0e60	Global	0x3a7	false	false
1800e1210	FUN_1800e1210	Global	0x99	false	false
1800e12b0	FUN_1800e12b0	Global	0x3c0	false	false
1800e1670	FUN_1800e1670	Global	0x40	false	false
1800e16b0	FUN_1800e16b0	Global	0x3d	false	false
1800e16f0	FUN_1800e16f0	Global	0x14e	false	false
1800e1840	FUN_1800e1840	Global	0xbe	false	false
1800e1900	FUN_1800e1900	Global	0x10d	false	false
1800e1a10	FUN_1800e1a10	Global	0x77	false	false
1800e1a90	FUN_1800e1a90	Global	0x1f0	false	false
1800e1c80	FUN_1800e1c80	Global	0x95	false	false
1800e1d20	FUN_1800e1d20	Global	0x1a8	false	false
1800e1ed0	FUN_1800e1ed0	Global	0x1fe	false	false
1800e20d0	FUN_1800e20d0	Global	0x6df	false	false
1800e27b0	FUN_1800e27b0	Global	0xfa	false	false
1800e28b0	FUN_1800e28b0	Global	0xd4	false	false
1800e2990	FUN_1800e2990	Global	0x181	false	false
1800e2b20	FUN_1800e2b20	Global	0x537	false	false
1800e3060	FUN_1800e3060	Global	0x90	false	false
1800e30f0	FUN_1800e30f0	Global	0xe5	false	false
1800e31e0	FUN_1800e31e0	Global	0xa6	false	false
1800e3290	FUN_1800e3290	Global	0x96	false	false
1800e3330	FUN_1800e3330	Global	0x2e7	false	false
1800e3620	FUN_1800e3620	Global	0x1b2	false	false
1800e37e0	FUN_1800e37e0	Global	0x34	false	false
1800e3820	FUN_1800e3820	Global	0x184	false	false
1800e39b0	FUN_1800e39b0	Global	0x10	false	false
1800e39c0	FUN_1800e39c0	Global	0x7e	false	false
1800e3a40	FUN_1800e3a40	Global	0xac	false	false
1800e3af0	FUN_1800e3af0	Global	0x5f	false	false
1800e3ba0	FUN_1800e3ba0	Global	0x61	false	false
1800e3c10	FUN_1800e3c10	Global	0x41	false	false
1800e3c60	FUN_1800e3c60	Global	0xb0	false	false
1800e3d10	FUN_1800e3d10	Global	0xb8	false	false
1800e3dd0	FUN_1800e3dd0	Global	0xb8	false	false
1800e3e90	FUN_1800e3e90	Global	0x51	false	false
1800e3ef0	FUN_1800e3ef0	Global	0x57	false	false
1800e3f50	FUN_1800e3f50	Global	0x247	false	false
1800e41a0	FUN_1800e41a0	Global	0x310	false	false
1800e44b0	FUN_1800e44b0	Global	0xc0	false	false
1800e4570	FUN_1800e4570	Global	0x39f	false	false
1800e4910	FUN_1800e4910	Global	0x521	false	false
1800e4e40	FUN_1800e4e40	Global	0xda	false	false
1800e4f20	FUN_1800e4f20	Global	0xaf	false	false
1800e4fd0	FUN_1800e4fd0	Global	0xc96	false	false
1800e5c70	FUN_1800e5c70	Global	0x111	false	false
1800e5d90	FUN_1800e5d90	Global	0x143	false	false
1800e5ee0	FUN_1800e5ee0	Global	0x231	false	false
1800e6120	FUN_1800e6120	Global	0x1c5	false	false
1800e62f0	FUN_1800e62f0	Global	0xf0	false	false
1800e63e0	FUN_1800e63e0	Global	0x86	false	false
1800e6470	FUN_1800e6470	Global	0xf4	false	false
1800e6570	FUN_1800e6570	Global	0x7e	false	false
1800e65f0	FUN_1800e65f0	Global	0x96	false	false
1800e6690	FUN_1800e6690	Global	0x159	false	false
1800e67f0	FUN_1800e67f0	Global	0x635	false	false
1800e6e30	FUN_1800e6e30	Global	0xa9	false	false
1800e6ee0	FUN_1800e6ee0	Global	0x164	false	false
1800e7050	FUN_1800e7050	Global	0x2a9	false	false
1800e7300	FUN_1800e7300	Global	0x140	false	false
1800e7440	FUN_1800e7440	Global	0x77	false	false
1800e74c0	FUN_1800e74c0	Global	0x363	false	false
1800e7830	FUN_1800e7830	Global	0x47f	false	false
1800e7cb0	FUN_1800e7cb0	Global	0xbb7	false	false
1800e88f0	FUN_1800e88f0	Global	0x1d2	false	false
1800e8ad0	FUN_1800e8ad0	Global	0x499	false	false
1800e8f70	FUN_1800e8f70	Global	0x1e8	false	false
1800e9160	FUN_1800e9160	Global	0x67	false	false
1800e91d0	FUN_1800e91d0	Global	0x295	false	false
1800e9470	FUN_1800e9470	Global	0x233	false	false
1800e96b0	FUN_1800e96b0	Global	0x203	false	false
1800e98c0	FUN_1800e98c0	Global	0x378	false	false
1800e9c40	FUN_1800e9c40	Global	0xd1	false	false
1800e9d20	FUN_1800e9d20	Global	0xd3	false	false
1800e9e00	FUN_1800e9e00	Global	0x242	false	false
1800ea050	FUN_1800ea050	Global	0x7c3	false	false
1800ea820	FUN_1800ea820	Global	0x10e	false	false
1800ea930	FUN_1800ea930	Global	0x3b	false	false
1800ea970	FUN_1800ea970	Global	0x6e	false	false
1800ea9e0	FUN_1800ea9e0	Global	0x7	false	false
1800ea9f0	FUN_1800ea9f0	Global	0x1e1	false	false
1800eabe0	FUN_1800eabe0	Global	0x303	false	false
1800eb1a0	FUN_1800eb1a0	Global	0x30f	false	false
1800eb4b0	FUN_1800eb4b0	Global	0x67	false	false
1800eb520	FUN_1800eb520	Global	0x500	false	false
1800eba20	FUN_1800eba20	Global	0x51	false	false
1800eba80	FUN_1800eba80	Global	0x157	false	false
1800ebc00	FUN_1800ebc00	Global	0x6a6	false	false
1800ec490	FUN_1800ec490	Global	0x576	false	false
1800eca10	FUN_1800eca10	Global	0x197	false	false
1800ecbb0	FUN_1800ecbb0	Global	0x119	false	false
1800eccd0	FUN_1800eccd0	Global	0x33	false	false
1800ecd10	FUN_1800ecd10	Global	0xa9d	false	false
1800ed7b0	FUN_1800ed7b0	Global	0x1fe	false	false
1800ed9b0	FUN_1800ed9b0	Global	0x89	false	false
1800eda40	FUN_1800eda40	Global	0x4d2	false	false
1800edf20	FUN_1800edf20	Global	0x83f	false	false
1800ee760	FUN_1800ee760	Global	0xbe	false	false
1800ee820	FUN_1800ee820	Global	0xc7	false	false
1800ee8f0	FUN_1800ee8f0	Global	0x119	false	false
1800eea10	FUN_1800eea10	Global	0x526	false	false
1800eef40	FUN_1800eef40	Global	0x29c	false	false
1800ef1e0	FUN_1800ef1e0	Global	0xc4	false	false
1800ef2b0	FUN_1800ef2b0	Global	0x6b0	false	false
1800ef960	FUN_1800ef960	Global	0x1e1	false	false
1800efb50	FUN_1800efb50	Global	0xcf	false	false
1800efc20	FUN_1800efc20	Global	0x1f	false	false
1800efc40	FUN_1800efc40	Global	0x99c	false	false
1800f05e0	FUN_1800f05e0	Global	0x70	false	false
1800f0650	FUN_1800f0650	Global	0xc6	false	false
1800f0720	FUN_1800f0720	Global	0xcc	false	false
1800f07f0	FUN_1800f07f0	Global	0x1b5	false	false
1800f09b0	FUN_1800f09b0	Global	0x9b	false	false
1800f0a50	FUN_1800f0a50	Global	0x1b0	false	false
1800f0c50	FUN_1800f0c50	Global	0x85	false	false
1800f0ce0	FUN_1800f0ce0	Global	0x254	false	false
1800f0f40	FUN_1800f0f40	Global	0xfc	false	false
1800f1040	FUN_1800f1040	Global	0x2ec	false	false
1800f1330	FUN_1800f1330	Global	0x8f	false	false
1800f13c0	FUN_1800f13c0	Global	0x1ac	false	false
1800f1570	FUN_1800f1570	Global	0x193	false	false
1800f1710	FUN_1800f1710	Global	0x1a2	false	false
1800f18c0	FUN_1800f18c0	Global	0x234	false	false
1800f1b00	FUN_1800f1b00	Global	0x355	false	false
1800f1e60	FUN_1800f1e60	Global	0x1225	false	false
1800f3085	CreateToolhelp32Snapshot	KERNEL32.DLL	0x6	true	false
1800f308b	Thread32First	KERNEL32.DLL	0x6	true	false
1800f3091	Thread32Next	KERNEL32.DLL	0x6	true	false
1800f3098	FUN_1800f3098	Global	0x27	false	false
1800f30c0	__std_fs_convert_narrow_to_wide	Global	0x45	false	false
1800f3108	__std_fs_convert_wide_to_narrow	Global	0x121	false	false
1800f322c	FUN_1800f322c	Global	0xcb	false	false
1800f32f8	FUN_1800f32f8	Global	0x322	false	false
1800f3620	__std_fs_open_handle	Global	0x57	false	false
1800f3677	_Xlength_error	MSVCP140.DLL::std	0x6	true	false
1800f3680	FUN_1800f3680	Global	0x96	false	false
1800f3718	LocalFree	KERNEL32.DLL	0x7	true	false
1800f3720	FUN_1800f3720	Global	0x3c	false	false
1800f3770	FUN_1800f3770	Global	0x199	false	false
1800f3910	FUN_1800f3910	Global	0x102	false	false
1800f3a20	thunk_FUN_1800f3770	Global	0x5	true	false
1800f3a30	thunk_FUN_1800f3910	Global	0x5	true	false
1800f3a3b	_Xbad_alloc	MSVCP140.DLL::std	0x6	true	false
1800f3a41	_Unlock	MSVCP140.DLL::std::basic_streambuf<char,std::char_traits<char>_>	0x6	true	false
1800f3a4d	_Lock	MSVCP140.DLL::std::basic_streambuf<char,std::char_traits<char>_>	0x6	true	false
1800f3a71	showmanyc	MSVCP140.DLL::std::basic_streambuf<char,std::char_traits<char>_>	0x6	true	false
1800f3a78	Sleep	KERNEL32.DLL	0x7	true	false
1800f3a7f	_Mtx_lock	MSVCP140.DLL	0x6	true	false
1800f3a85	_Mtx_unlock	MSVCP140.DLL	0x6	true	false
1800f3a8b	_Mtx_init_in_situ	MSVCP140.DLL	0x6	true	false
1800f3a91	_Mtx_destroy_in_situ	MSVCP140.DLL	0x6	true	false
1800f3a97	_Throw_C_error	MSVCP140.DLL::std	0x6	true	false
1800f3ab0	__security_check_cookie	Global	0x1e	false	false
1800f3ad0	free	API-MS-WIN-CRT-HEAP-L1-1-0.DLL	0x5	true	false
1800f3ad8	free	API-MS-WIN-CRT-HEAP-L1-1-0.DLL	0x5	true	false
1800f3ae0	FUN_1800f3ae0	Global	0x2b	false	false
1800f3b0c	FUN_1800f3b0c	Global	0x3a	false	false
1800f3b48	FUN_1800f3b48	Global	0x39	false	false
1800f3b84	_Init_thread_footer	Global	0x69	false	false
1800f3bf0	FUN_1800f3bf0	Global	0x78	false	false
1800f3c68	__scrt_acquire_startup_lock	Global	0x39	false	false
1800f3ca4	__scrt_dllmain_after_initialize_c	Global	0x34	false	false
1800f3cd8	FUN_1800f3cd8	Global	0x15	false	false
1800f3cf0	FUN_1800f3cf0	Global	0x28	false	false
1800f3d18	FUN_1800f3d18	Global	0x15	false	false
1800f3d30	__scrt_dllmain_exception_filter	Global	0x60	false	false
1800f3d90	__scrt_dllmain_uninitialize_c	Global	0x30	false	false
1800f3dc0	FUN_1800f3dc0	Global	0x14	false	false
1800f3dd4	FUN_1800f3dd4	Global	0x3a	false	false
1800f3e10	FUN_1800f3e10	Global	0x8a	false	false
1800f3e9c	FUN_1800f3e9c	Global	0x96	false	false
1800f3f34	__scrt_release_startup_lock	Global	0x24	false	false
1800f3f58	__scrt_uninitialize_crt	Global	0x29	false	false
1800f3f84	_onexit	Global	0x3a	false	false
1800f3fc0	atexit	Global	0x17	false	false
1800f3fd8	FUN_1800f3fd8	Global	0xe	false	false
1800f3fe8	FUN_1800f3fe8	Global	0xc	false	false
1800f3ff4	`eh_vector_destructor_iterator'	Global	0x6b	false	false
1800f4060	__ArrayUnwind	Global	0x61	false	false
1800f40c4	FUN_1800f40c4	Global	0x50	false	false
1800f4114	FUN_1800f4114	Global	0x114	false	false
1800f422c	FUN_1800f422c	Global	0x7d	false	false
1800f42ac	FUN_1800f42ac	Global	0x122	false	false
1800f43d4	entry	Global	0x3d	false	false
1800f4414	__GSHandlerCheck	Global	0x1d	false	false
1800f4434	__GSHandlerCheckCommon	Global	0x5b	false	false
1800f4490	FID_conflict:__GSHandlerCheck_EH	Global	0x7f	false	false
1800f4510	thunk_FUN_1800f3b0c	Global	0x5	true	false
1800f4518	FUN_1800f4518	Global	0x2ca	false	false
1800f4800	__chkstk	Global	0x4e	false	false
1800f4850	__raise_securityfailure	Global	0x34	false	false
1800f4884	FUN_1800f4884	Global	0xd3	false	false
1800f4958	capture_previous_context	Global	0x71	false	false
1800f49cc	FUN_1800f49cc	Global	0x1f	false	false
1800f49ec	__scrt_is_ucrt_dll_in_use	Global	0xc	false	false
1800f49f8	FUN_1800f49f8	Global	0x8	false	false
1800f4a00	FUN_1800f4a00	Global	0x148	false	false
1800f4b48	__security_init_cookie	Global	0xac	false	false
1800f4bf4	FUN_1800f4bf4	Global	0x1b	false	false
1800f4c10	FUN_1800f4c10	Global	0x8	false	false
1800f4c18	FUN_1800f4c18	Global	0x3c	false	false
1800f4c54	FUN_1800f4c54	Global	0x3c	false	false
1800f4c90	ImmGetContext	IMM32.DLL	0x6	true	false
1800f4c96	ImmReleaseContext	IMM32.DLL	0x6	true	false
1800f4c9c	ImmSetCompositionWindow	IMM32.DLL	0x6	true	false
1800f4ca2	ImmSetCandidateWindow	IMM32.DLL	0x6	true	false
1800f4ca8	D3DCompile	D3DCOMPILER_47.DLL	0x6	true	false
1800f4cae	__CxxFrameHandler4	VCRUNTIME140_1.DLL	0x6	true	false
1800f4cba	__std_exception_copy	VCRUNTIME140.DLL	0x6	true	false
1800f4cc0	__std_exception_destroy	VCRUNTIME140.DLL	0x6	true	false
1800f4cc6	_CxxThrowException	VCRUNTIME140.DLL	0x6	true	false
1800f4ccc	memmove	VCRUNTIME140.DLL	0x6	true	false
1800f4cd2	memset	VCRUNTIME140.DLL	0x6	true	false
1800f4cd8	_purecall	VCRUNTIME140.DLL	0x6	true	false
1800f4cde	memcpy	VCRUNTIME140.DLL	0x6	true	false
1800f4ce4	strstr	VCRUNTIME140.DLL	0x6	true	false
1800f4cea	memchr	VCRUNTIME140.DLL	0x6	true	false
1800f4cf0	strchr	VCRUNTIME140.DLL	0x6	true	false
1800f4cf6	memcmp	VCRUNTIME140.DLL	0x6	true	false
1800f4d02	__std_type_info_destroy_list	VCRUNTIME140.DLL	0x6	true	false
1800f4d08	__current_exception	VCRUNTIME140.DLL	0x6	true	false
1800f4d0e	__current_exception_context	VCRUNTIME140.DLL	0x6	true	false
1800f4d14	terminate	API-MS-WIN-CRT-RUNTIME-L1-1-0.DLL	0x6	true	false
1800f4d1a	free	API-MS-WIN-CRT-HEAP-L1-1-0.DLL	0x6	true	false
1800f4d20	malloc	API-MS-WIN-CRT-HEAP-L1-1-0.DLL	0x6	true	false
1800f4d26	cosf	API-MS-WIN-CRT-MATH-L1-1-0.DLL	0x6	true	false
1800f4d2c	fmodf	API-MS-WIN-CRT-MATH-L1-1-0.DLL	0x6	true	false
1800f4d32	sqrtf	API-MS-WIN-CRT-MATH-L1-1-0.DLL	0x6	true	false
1800f4d38	strcmp	API-MS-WIN-CRT-STRING-L1-1-0.DLL	0x6	true	false
1800f4d3e	sinf	API-MS-WIN-CRT-MATH-L1-1-0.DLL	0x6	true	false
1800f4d44	acosf	API-MS-WIN-CRT-MATH-L1-1-0.DLL	0x6	true	false
1800f4d4a	ceilf	API-MS-WIN-CRT-MATH-L1-1-0.DLL	0x6	true	false
1800f4d50	_callnewh	API-MS-WIN-CRT-HEAP-L1-1-0.DLL	0x6	true	false
1800f4d56	_seh_filter_dll	API-MS-WIN-CRT-RUNTIME-L1-1-0.DLL	0x6	true	false
1800f4d5c	_configure_narrow_argv	API-MS-WIN-CRT-RUNTIME-L1-1-0.DLL	0x6	true	false
1800f4d62	_initialize_narrow_environment	API-MS-WIN-CRT-RUNTIME-L1-1-0.DLL	0x6	true	false
1800f4d68	_initialize_onexit_table	API-MS-WIN-CRT-RUNTIME-L1-1-0.DLL	0x6	true	false
1800f4d6e	_register_onexit_function	API-MS-WIN-CRT-RUNTIME-L1-1-0.DLL	0x6	true	false
1800f4d74	_execute_onexit_table	API-MS-WIN-CRT-RUNTIME-L1-1-0.DLL	0x6	true	false
1800f4d7a	_crt_atexit	API-MS-WIN-CRT-RUNTIME-L1-1-0.DLL	0x6	true	false
1800f4d80	_cexit	API-MS-WIN-CRT-RUNTIME-L1-1-0.DLL	0x6	true	false
1800f4d86	_initterm	API-MS-WIN-CRT-RUNTIME-L1-1-0.DLL	0x6	true	false
1800f4d8c	_initterm_e	API-MS-WIN-CRT-RUNTIME-L1-1-0.DLL	0x6	true	false
1800f4d92	cef_string_utf16_set	LIBCEF.DLL	0x6	true	false
1800f4d98	cef_string_userfree_utf16_free	LIBCEF.DLL	0x6	true	false
1800f4d9e	cef_list_value_create	LIBCEF.DLL	0x6	true	false
1800f4da4	cef_get_min_log_level	LIBCEF.DLL	0x6	true	false
1800f4daa	cef_log	LIBCEF.DLL	0x6	true	false
1800f4db0	cef_string_list_alloc	LIBCEF.DLL	0x6	true	false
1800f4db6	cef_string_list_free	LIBCEF.DLL	0x6	true	false
1800f4dbc	cef_browser_host_create_browser	LIBCEF.DLL	0x6	true	false
1800f4dc2	cef_string_utf16_cmp	LIBCEF.DLL	0x6	true	false
1800f4dc8	cef_string_list_size	LIBCEF.DLL	0x6	true	false
1800f4dce	cef_string_list_value	LIBCEF.DLL	0x6	true	false
1800f4dd4	cef_string_list_append	LIBCEF.DLL	0x6	true	false
1800f4dda	cef_string_map_size	LIBCEF.DLL	0x6	true	false
1800f4de0	cef_string_map_key	LIBCEF.DLL	0x6	true	false
1800f4de6	cef_string_map_value	LIBCEF.DLL	0x6	true	false
1800f4dec	cef_string_map_append	LIBCEF.DLL	0x6	true	false
1800f4df2	cef_string_multimap_size	LIBCEF.DLL	0x6	true	false
1800f4df8	cef_string_multimap_key	LIBCEF.DLL	0x6	true	false
1800f4dfe	cef_string_multimap_value	LIBCEF.DLL	0x6	true	false
1800f4e04	cef_string_multimap_append	LIBCEF.DLL	0x6	true	false
1800f4e0a	cef_string_multimap_alloc	LIBCEF.DLL	0x6	true	false
1800f4e10	cef_string_multimap_free	LIBCEF.DLL	0x6	true	false
1800f4e16	cef_string_map_alloc	LIBCEF.DLL	0x6	true	false
1800f4e1c	cef_string_map_free	LIBCEF.DLL	0x6	true	false
1800f4e24	FUN_1800f4e24	Global	0x3	false	false
1800f4e27	__RTDynamicCast	VCRUNTIME140.DLL	0x6	true	false
1800f4e40	_guard_dispatch_icall	Global	0x2	false	false
1800f4e60	_guard_dispatch_icall	Global	0x6	true	false
1800f539c	FUN_1800f539c	Global	0x1d	false	false
1800f596c	FUN_1800f596c	Global	0x1d	false	false
1800f599c	FUN_1800f599c	Global	0x1d	false	false
1800f5a40	FUN_1800f5a40	Global	0x20	false	false
1800f5ac0	FUN_1800f5ac0	Global	0x26	false	false
1800f5b00	FUN_1800f5b00	Global	0x20	false	false
1800f5b50	FUN_1800f5b50	Global	0x26	false	false
1800f5bb4	FUN_1800f5bb4	Global	0x20	false	false
1800f5c10	FUN_1800f5c10	Global	0x2e	false	false
1800f5c60	FUN_1800f5c60	Global	0x31	false	false
1800f5d5c	FUN_1800f5d5c	Global	0x1d	false	false
1800f5dc4	FUN_1800f5dc4	Global	0x20	false	false
1800f5ecc	FUN_1800f5ecc	Global	0x1d	false	false
1800f5ef0	FUN_1800f5ef0	Global	0x30	false	false
1800f5f90	FUN_1800f5f90	Global	0x2d	false	false
1800f6230	FUN_1800f6230	Global	0x2d	false	false
1800f62e8	FUN_1800f62e8	Global	0x1d	false	false
1800f6408	FUN_1800f6408	Global	0x2d	false	false
1800f64b8	FUN_1800f64b8	Global	0x2d	false	false
1800f655d	FUN_1800f655d	Global	0x2d	false	false
1800f660e	FUN_1800f660e	Global	0x2d	false	false
1800f66bf	FUN_1800f66bf	Global	0x2d	false	false
1800f67d0	FUN_1800f67d0	Global	0x2d	false	false
1800f688d	FUN_1800f688d	Global	0x2d	false	false
1800f6956	FUN_1800f6956	Global	0x2d	false	false
1800f69ef	FUN_1800f69ef	Global	0x2d	false	false
1800f6b00	FUN_1800f6b00	Global	0x2d	false	false
1800f6bbd	FUN_1800f6bbd	Global	0x2d	false	false
1800f6c6e	FUN_1800f6c6e	Global	0x2d	false	false
1800f6d2b	FUN_1800f6d2b	Global	0x2d	false	false
1800f6ddc	FUN_1800f6ddc	Global	0x2d	false	false
1800f6e70	FUN_1800f6e70	Global	0x2e	false	false
1800f6ebc	FUN_1800f6ebc	Global	0x26	false	false
1800f6f58	FUN_1800f6f58	Global	0x1d	false	false
1800f6f80	FUN_1800f6f80	Global	0x1d	false	false
1800f6f9d	FUN_1800f6f9d	Global	0x1d	false	false
1800f7028	FUN_1800f7028	Global	0x2d	false	false
1800f7091	FUN_1800f7091	Global	0x2d	false	false
1800f70fa	FUN_1800f70fa	Global	0x2d	false	false
1800f7163	FUN_1800f7163	Global	0x2d	false	false
1800f71d8	FUN_1800f71d8	Global	0x2d	false	false
1800f7314	FUN_1800f7314	Global	0x2d	false	false
1800f7389	FUN_1800f7389	Global	0x2d	false	false
1800f7468	FUN_1800f7468	Global	0x2d	false	false
1800f754d	FUN_1800f754d	Global	0x2d	false	false
1800f75f6	FUN_1800f75f6	Global	0x2d	false	false
1800f766b	FUN_1800f766b	Global	0x2d	false	false
1800f76e0	FUN_1800f76e0	Global	0x2d	false	false
1800f7755	FUN_1800f7755	Global	0x2d	false	false
1800f77bc	FUN_1800f77bc	Global	0x30	false	false
1800f7830	FUN_1800f7830	Global	0x1d	false	false
1800f784d	FUN_1800f784d	Global	0x1d	false	false
1800f7974	FUN_1800f7974	Global	0x2d	false	false
1800f7a35	FUN_1800f7a35	Global	0x2d	false	false
1800f7aaa	FUN_1800f7aaa	Global	0x2d	false	false
1800f7d54	FUN_1800f7d54	Global	0x2d	false	false
1800f7dd5	FUN_1800f7dd5	Global	0x2d	false	false
1800f7e56	FUN_1800f7e56	Global	0x2d	false	false
1800f7f37	FUN_1800f7f37	Global	0x2d	false	false
1800f7fa0	FUN_1800f7fa0	Global	0x29	false	false
1800f7fed	FUN_1800f7fed	Global	0x2d	false	false
1800f8040	FUN_1800f8040	Global	0x2e	false	false
1800f80f4	FUN_1800f80f4	Global	0x2d	false	false
1800f8175	FUN_1800f8175	Global	0x2d	false	false
1800f81f6	FUN_1800f81f6	Global	0x2d	false	false
1800f82d7	FUN_1800f82d7	Global	0x2d	false	false
1800f83a0	FUN_1800f83a0	Global	0x2d	false	false
1800f8409	FUN_1800f8409	Global	0x29	false	false
1800f8456	FUN_1800f8456	Global	0x2d	false	false
1800f84f4	FUN_1800f84f4	Global	0x2d	false	false
1800f8569	FUN_1800f8569	Global	0x2d	false	false
1800f85ea	FUN_1800f85ea	Global	0x2d	false	false
1800f866b	FUN_1800f866b	Global	0x29	false	false
1800f86b8	FUN_1800f86b8	Global	0x2d	false	false
1800f8754	FUN_1800f8754	Global	0x2d	false	false
1800f87f9	FUN_1800f87f9	Global	0x2d	false	false
1800f886e	FUN_1800f886e	Global	0x2d	false	false
1800f88ef	FUN_1800f88ef	Global	0x29	false	false
1800f893c	FUN_1800f893c	Global	0x2d	false	false
1800f8c08	FUN_1800f8c08	Global	0x2d	false	false
1800f8cad	FUN_1800f8cad	Global	0x2d	false	false
1800f8d22	FUN_1800f8d22	Global	0x2d	false	false
1800f8dc7	FUN_1800f8dc7	Global	0x29	false	false
1800f8e14	FUN_1800f8e14	Global	0x2d	false	false
1800f8e89	FUN_1800f8e89	Global	0x2d	false	false
1800f8f84	FUN_1800f8f84	Global	0x2d	false	false
1800f901d	FUN_1800f901d	Global	0x2d	false	false
1800f90ce	FUN_1800f90ce	Global	0x2d	false	false
1800f9173	FUN_1800f9173	Global	0x29	false	false
1800f91c0	FUN_1800f91c0	Global	0x2d	false	false
1800f9235	FUN_1800f9235	Global	0x2d	false	false
1800f9280	FUN_1800f9280	Global	0x29	false	false
1800f92cd	FUN_1800f92cd	Global	0x2d	false	false
1800f9350	FUN_1800f9350	Global	0x29	false	false
1800f93a9	FUN_1800f93a9	Global	0x36	false	false
1800f942f	FUN_1800f942f	Global	0x2d	false	false
1800f9498	FUN_1800f9498	Global	0x2d	false	false
1800f951c	FUN_1800f951c	Global	0x2d	false	false
1800f9561	FUN_1800f9561	Global	0x29	false	false
1800f95ae	FUN_1800f95ae	Global	0x2d	false	false
1800f963b	FUN_1800f963b	Global	0x2d	false	false
1800f9698	FUN_1800f9698	Global	0x31	false	false
1800f9719	FUN_1800f9719	Global	0x2d	false	false
1800f975e	FUN_1800f975e	Global	0x29	false	false
1800f97c3	FUN_1800f97c3	Global	0x2d	false	false
1800f9820	FUN_1800f9820	Global	0x29	false	false
1800f986d	FUN_1800f986d	Global	0x2d	false	false
1800f98ca	FUN_1800f98ca	Global	0x2d	false	false
1800f9927	FUN_1800f9927	Global	0x31	false	false
1800f99a8	FUN_1800f99a8	Global	0x2d	false	false
1800f9a29	FUN_1800f9a29	Global	0x2d	false	false
1800f9b28	FUN_1800f9b28	Global	0x29	false	false
1800f9b75	FUN_1800f9b75	Global	0x2d	false	false
1800f9bea	FUN_1800f9bea	Global	0x2d	false	false
1800f9fcc	FUN_1800f9fcc	Global	0x29	false	false
1800fa001	FUN_1800fa001	Global	0x2d	false	false
1800fa06a	FUN_1800fa06a	Global	0x2d	false	false
1800fa0bb	FUN_1800fa0bb	Global	0x2d	false	false
1800fa124	FUN_1800fa124	Global	0x2d	false	false
1800fa175	FUN_1800fa175	Global	0x2d	false	false
1800fa1ba	FUN_1800fa1ba	Global	0x2d	false	false
1800fa20b	FUN_1800fa20b	Global	0x2d	false	false
1800fa250	FUN_1800fa250	Global	0x2d	false	false
1800fa2a1	FUN_1800fa2a1	Global	0x2d	false	false
1800fa2fe	FUN_1800fa2fe	Global	0x2d	false	false
1800fa373	FUN_1800fa373	Global	0x2d	false	false
1800fa3b8	FUN_1800fa3b8	Global	0x2d	false	false
1800fa409	FUN_1800fa409	Global	0x2d	false	false
1800fa44e	FUN_1800fa44e	Global	0x2d	false	false
1800fa49f	FUN_1800fa49f	Global	0x2d	false	false
1800fa4e4	FUN_1800fa4e4	Global	0x2d	false	false
1800fa535	FUN_1800fa535	Global	0x2d	false	false
1800fa57a	FUN_1800fa57a	Global	0x2d	false	false
1800fa5cb	FUN_1800fa5cb	Global	0x2d	false	false
1800fa610	FUN_1800fa610	Global	0x2d	false	false
1800fa661	FUN_1800fa661	Global	0x2d	false	false
1800fa6a6	FUN_1800fa6a6	Global	0x2d	false	false
1800fa70f	FUN_1800fa70f	Global	0x2d	false	false
1800fa770	FUN_1800fa770	Global	0x2e	false	false
1800fa7bc	FUN_1800fa7bc	Global	0x2b	false	false
1800fa7f0	FUN_1800fa7f0	Global	0x2e	false	false
1800fa83c	FUN_1800fa83c	Global	0x26	false	false
1800fa870	FUN_1800fa870	Global	0x26	false	false
1800fa974	FUN_1800fa974	Global	0x2d	false	false
1800fa9f5	FUN_1800fa9f5	Global	0x2d	false	false
1800faa76	FUN_1800faa76	Global	0x2d	false	false
1800faaf7	FUN_1800faaf7	Global	0x2d	false	false
1800fab84	FUN_1800fab84	Global	0x29	false	false
1800fabd1	FUN_1800fabd1	Global	0x2d	false	false
1800fac70	FUN_1800fac70	Global	0x30	false	false
1800fadf8	FUN_1800fadf8	Global	0x31	false	false
1800fae55	FUN_1800fae55	Global	0x29	false	false
1800faea2	FUN_1800faea2	Global	0x2d	false	false
1800faf17	FUN_1800faf17	Global	0x2d	false	false
1800faf94	FUN_1800faf94	Global	0x2d	false	false
1800faffd	FUN_1800faffd	Global	0x2d	false	false
1800fb066	FUN_1800fb066	Global	0x2d	false	false
1800fb0ab	FUN_1800fb0ab	Global	0x2d	false	false
1800fb114	FUN_1800fb114	Global	0x2d	false	false
1800fb1d8	FUN_1800fb1d8	Global	0x2d	false	false
1800fb295	FUN_1800fb295	Global	0x2d	false	false
1800fb33a	FUN_1800fb33a	Global	0x29	false	false
1800fb387	FUN_1800fb387	Global	0x2d	false	false
1800fb3fc	FUN_1800fb3fc	Global	0x2d	false	false
1800fb4c8	FUN_1800fb4c8	Global	0x2d	false	false
1800fb555	FUN_1800fb555	Global	0x2d	false	false
1800fb61e	FUN_1800fb61e	Global	0x29	false	false
1800fb66b	FUN_1800fb66b	Global	0x2d	false	false
1800fb6e0	FUN_1800fb6e0	Global	0x2d	false	false
1800fb7a8	FUN_1800fb7a8	Global	0x29	false	false
1800fb84d	FUN_1800fb84d	Global	0x2d	false	false
1800fb93c	FUN_1800fb93c	Global	0x2d	false	false
1800fb9b1	FUN_1800fb9b1	Global	0x2d	false	false
1800fba0e	FUN_1800fba0e	Global	0x29	false	false
1800fba8b	FUN_1800fba8b	Global	0x2d	false	false
1800fbaf4	FUN_1800fbaf4	Global	0x2a	false	false
1800fbb8c	FUN_1800fbb8c	Global	0x1d	false	false
1800fbcc0	FUN_1800fbcc0	Global	0x26	false	false
1800fbd98	FUN_1800fbd98	Global	0x3a	false	false
1800fbde0	FUN_1800fbde0	Global	0x2e	false	false
1800fbe5c	FUN_1800fbe5c	Global	0x26	false	false
1800fbf10	FUN_1800fbf10	Global	0x2e	false	false
1800fbf68	FUN_1800fbf68	Global	0x3a	false	false
1800fbfd0	FUN_1800fbfd0	Global	0x26	false	false
1800fc030	FUN_1800fc030	Global	0x26	false	false
1800fc224	FUN_1800fc224	Global	0x3a	false	false
1800fc260	FUN_1800fc260	Global	0x2e	false	false
1800fc2f4	FUN_1800fc2f4	Global	0x37	false	false
1800fc370	FUN_1800fc370	Global	0x26	false	false
1800fc396	FUN_1800fc396	Global	0x26	false	false
1800fc3d0	FUN_1800fc3d0	Global	0x26	false	false
1800fc440	FUN_1800fc440	Global	0x20	false	false
1800fc868	FUN_1800fc868	Global	0x3a	false	false
1800fc8b0	FUN_1800fc8b0	Global	0x26	false	false
1800fc8d6	FUN_1800fc8d6	Global	0x2e	false	false
1800fc980	FUN_1800fc980	Global	0x26	false	false
1800fc9b2	FUN_1800fc9b2	Global	0x1d	false	false
1800fca40	FUN_1800fca40	Global	0x1d	false	false
1800fcab0	FUN_1800fcab0	Global	0x26	false	false
1800fcaf0	FUN_1800fcaf0	Global	0x27	false	false
1800fcb20	FUN_1800fcb20	Global	0x2f	false	false
1800fcc30	FUN_1800fcc30	Global	0x26	false	false
1800fcc90	FUN_1800fcc90	Global	0x26	false	false
1800fccd0	FUN_1800fccd0	Global	0x26	false	false
1800fcd60	FUN_1800fcd60	Global	0x1d	false	false
1800fcd90	FUN_1800fcd90	Global	0x26	false	false
1800fcdf0	FUN_1800fcdf0	Global	0x1d	false	false
1800fce20	FUN_1800fce20	Global	0x1d	false	false
1800fce60	FUN_1800fce60	Global	0x2f	false	false
1800fcea0	FUN_1800fcea0	Global	0x20	false	false
1800fcec0	FUN_1800fcec0	Global	0x34	false	false
1800fcf60	dtor$1	`protected:_void___cdecl_CWinApp::UpdatePrinterSelection(int)___ptr64'::__l1	0x2c	false	false
1800fcf90	FUN_1800fcf90	Global	0x26	false	false
1800fcfc0	FUN_1800fcfc0	Global	0x20	false	false
1800fcff0	FUN_1800fcff0	Global	0x26	false	false
1800fd050	FUN_1800fd050	Global	0x26	false	false
1800fd110	FUN_1800fd110	Global	0x20	false	false
1800fd150	FUN_1800fd150	Global	0x1d	false	false
1800fd170	FUN_1800fd170	Global	0x1d	false	false
1800fd190	FUN_1800fd190	Global	0x1d	false	false
1800fd1c0	dtor$1	`protected:_void___cdecl_CWinApp::UpdatePrinterSelection(int)___ptr64'::__l1	0x2c	false	false
1800fd1f0	FUN_1800fd1f0	Global	0x26	false	false
1800fd220	FUN_1800fd220	Global	0x1d	false	false
1800fd240	FUN_1800fd240	Global	0x1d	false	false
1800fd260	FUN_1800fd260	Global	0x1d	false	false
1800fd280	FUN_1800fd280	Global	0x1d	false	false
1800fd2a0	FUN_1800fd2a0	Global	0x1d	false	false
1800fd2c0	FUN_1800fd2c0	Global	0x1d	false	false
1800fd2e0	FUN_1800fd2e0	Global	0x1d	false	false
1800fd3a0	FUN_1800fd3a0	Global	0x20	false	false
1800fd3c0	FUN_1800fd3c0	Global	0x34	false	false
1800fd6c0	FUN_1800fd6c0	Global	0x1d	false	false
1800fd860	FUN_1800fd860	Global	0x1d	false	false
1800fde60	FUN_1800fde60	Global	0x23	false	false
1800fdf70	FUN_1800fdf70	Global	0x23	false	false
1800fdfa0	FUN_1800fdfa0	Global	0x23	false	false
1800fdfe0	FUN_1800fdfe0	Global	0x2c	false	false
1800fe0ac	FUN_1800fe0ac	Global	0x17	false	false
1800fe0c4	FUN_1800fe0c4	Global	0x2b	false	false
1800fe0f0	FUN_1800fe0f0	Global	0x5d	false	false
1800fe14f	FUN_1800fe14f	Global	0x16	false	false
1800fe166	FUN_1800fe166	Global	0x18	false	false
1800fe17f	FUN_1800fe17f	Global	0x13	false	false
1800fe193	FUN_1800fe193	Global	0x35	false	false
1800fe1d0	FUN_1800fe1d0	Global	0x4e	false	false
1800fe220	FUN_1800fe220	Global	0x4e	false	false
1800fe270	FUN_1800fe270	Global	0x4e	false	false
1800fe2c0	FUN_1800fe2c0	Global	0xc	false	false
1800fe2d0	FUN_1800fe2d0	Global	0xbc	false	false
1800fe390	FUN_1800fe390	Global	0x33	false	false
1800fe3f0	FUN_1800fe3f0	Global	0xc	false	false
1800fe400	FUN_1800fe400	Global	0xc	false	false
1800fe410	FUN_1800fe410	Global	0x4e	false	false
1800fe460	FUN_1800fe460	Global	0x4e	false	false
1800fe4b0	FUN_1800fe4b0	Global	0x4e	false	false
1800fe500	FUN_1800fe500	Global	0x4e	false	false
1800fe550	FUN_1800fe550	Global	0x57	false	false
