ADDRESS	NAME	NAMESPACE	SIZE	THUNK	EXTERNAL
180001010	FUN_180001010	Global	0x58	false	false
1800010b0	FUN_1800010b0	Global	0xb7	false	false
180001170	FUN_180001170	Global	0xb7	false	false
180001230	FUN_180001230	Global	0xb7	false	false
180001300	FUN_180001300	Global	0x33	false	false
180001360	FUN_180001360	Global	0x13	false	false
180001380	FUN_180001380	Global	0x43	false	false
1800013d0	FUN_1800013d0	Global	0x21	false	false
180001400	FUN_180001400	Global	0x1f	false	false
180001420	FUN_180001420	Global	0x3d	false	false
180001460	FUN_180001460	Global	0x3d	false	false
1800014a0	FUN_1800014a0	Global	0x3	false	false
1800014b0	FUN_1800014b0	Global	0x12	false	false
1800014d0	FUN_1800014d0	Global	0x6e	false	false
180001540	FUN_180001540	Global	0x3d	false	false
180001580	FUN_180001580	Global	0xb	false	false
180001590	FUN_180001590	Global	0x3f	false	false
1800015d0	FUN_1800015d0	Global	0x19	false	false
1800015f0	FUN_1800015f0	Global	0x15	false	false
180001610	FUN_180001610	Global	0x43	false	false
180001660	FUN_180001660	Global	0xe8	false	false
180001750	FUN_180001750	Global	0x36	false	false
180001790	FUN_180001790	Global	0x58	false	false
1800017f0	FUN_1800017f0	Global	0x4e	false	false
180001850	FUN_180001850	Global	0x8	false	false
180001860	FUN_180001860	Global	0x4e	false	false
1800018b0	FUN_1800018b0	Global	0x21	false	false
1800018e0	FUN_1800018e0	Global	0x8	false	false
1800018f0	FUN_1800018f0	Global	0x97	false	false
180001990	FUN_180001990	Global	0x73	false	false
180001a10	FUN_180001a10	Global	0x11	false	false
180001a30	FUN_180001a30	Global	0x38	false	false
180001a70	FUN_180001a70	Global	0xdf	false	false
180001b60	FUN_180001b60	Global	0x167	false	false
180001cd0	FUN_180001cd0	Global	0x10d	false	false
180001de0	FUN_180001de0	Global	0x2dc	false	false
1800020c0	FUN_1800020c0	Global	0x4c	false	false
180002110	FUN_180002110	Global	0x287	false	false
1800023a0	FUN_1800023a0	Global	0x61	false	false
180002410	FUN_180002410	Global	0x1f7	false	false
180002610	FUN_180002610	Global	0xb	false	false
180002620	FUN_180002620	Global	0x2b	false	false
180002650	FUN_180002650	Global	0x2c	false	false
180002680	GetBrowser	ClientHandler	0x32	false	false
1800026c0	GetRenderHandler	ClientHandler	0x3b	false	false
180002700	GetRequestHandler	ClientHandler	0x3b	false	false
180002740	GetJSDialogHandler	ClientHandler	0x3b	false	false
180002780	GetLifeSpanHandler	ClientHandler	0x3b	false	false
1800027c0	GetContextMenuHandler	ClientHandler	0x3b	false	false
180002800	AddRef	ClientHandler	0x5	false	false
180002810	Release	ClientHandler	0x47	false	false
180002860	HasOneRef	ClientHandler	0xa	false	false
180002870	HasAtLeastOneRef	ClientHandler	0x9	false	false
180002880	__autoclassinit2	CEFManager	0xa	false	false
180002890	`vbase_destructor'	ClientHandler	0x25	false	false
1800028c0	FUN_1800028c0	Global	0x25	false	false
1800028f0	FUN_1800028f0	Global	0x5	false	false
180002900	FUN_180002900	Global	0x44	false	false
180002950	FUN_180002950	Global	0xa	false	false
180002960	FUN_180002960	Global	0x9	false	false
180002970	FUN_180002970	Global	0x72	false	false
1800029f0	FUN_1800029f0	Global	0x25	false	false
180002a20	Singleton<CEFManager>	Singleton<CEFManager>	0x4	false	false
180002a30	~Singleton<CEFManager>	Singleton<CEFManager>	0x3	false	false
180002a40	CEFManager	CEFManager	0xc4	false	false
180002b20	FUN_180002b20	Global	0x65	false	false
180002b90	~CEFManager	CEFManager	0x1f	false	false
180002bb0	FUN_180002bb0	Global	0x25d	false	false
180002e10	Initialize	CEFManager	0xa7e	false	false
1800038a0	Run	CEFManager	0x5	false	false
1800038b0	Shutdown	CEFManager	0x46	false	false
180003900	GetMainWindow	CEFManager	0x4	false	false
180003910	IsAnyBrowserFocused	CEFManager	0xc3	false	false
1800039e0	FUN_1800039e0	Global	0x164	false	false
180003bf0	FUN_180003bf0	Global	0x1ef	false	false
180003e10	WindowProcedureHandler	CEFManager	0x270	false	false
180004080	Draw	CEFManager	0xba	false	false
180004140	DoFrame	CEFManager	0x131	false	false
180004280	WasResized	CEFManager	0x127	false	false
1800043b0	Invalidate	CEFManager	0x129	false	false
1800044e0	SendProcessMessage	CEFManager	0xca	false	false
1800045b0	SendProcessMessage	CEFManager	0xca	false	false
180004680	SetBrowserFocus	CEFManager	0x141	false	false
1800047d0	SetBrowserVisible	CEFManager	0x6c	false	false
180004840	ReloadAllBrowsers	CEFManager	0x146	false	false
180004990	CloseAllBrowsers	CEFManager	0x195	false	false
180004b30	ReloadBrowser	CEFManager	0xc2	false	false
180004c00	CloseBrowser	CEFManager	0x10e	false	false
180004d10	PostTask	CEFManager	0x10c	false	false
180004e20	FUN_180004e20	Global	0x27	false	false
180004e50	FUN_180004e50	Global	0xda	false	false
180004f30	FID_conflict:~vector<CHN*___ptr64,std::allocator<CHN*___ptr64>_>	Global	0x5b	false	false
180004f90	FUN_180004f90	Global	0xc3	false	false
180005060	FUN_180005060	Global	0x6d	false	false
1800050d0	Get	Singleton<CEFManager>	0x108	false	false
1800051f0	FUN_1800051f0	Global	0x81	false	false
180005280	FUN_180005280	Global	0x3b	false	false
1800052c0	FUN_1800052c0	Global	0xf	false	false
1800052d0	FUN_1800052d0	Global	0x5e	false	false
180005330	FUN_180005330	Global	0x37	false	false
180005370	FUN_180005370	Global	0x112	false	false
180005490	FUN_180005490	Global	0x4b	false	false
1800054e0	FUN_1800054e0	Global	0x1f9	false	false
1800056e0	FUN_1800056e0	Global	0x80	false	false
180005760	FUN_180005760	Global	0x13d	false	false
1800058a0	FUN_1800058a0	Global	0x12	false	false
1800058c0	FUN_1800058c0	Global	0x6d	false	false
180005930	FUN_180005930	Global	0x1c7	false	false
180005b10	FUN_180005b10	Global	0x4e	false	false
180005b60	FUN_180005b60	Global	0x124	false	false
180005c90	FUN_180005c90	Global	0x245	false	false
180005ee0	FUN_180005ee0	Global	0x180	false	false
180006060	FUN_180006060	Global	0x84	false	false
1800060f0	FUN_1800060f0	Global	0x18a	false	false
180006280	FUN_180006280	Global	0x157	false	false
1800063e0	FUN_1800063e0	Global	0x1bf	false	false
1800065b0	FUN_1800065b0	Global	0xfa	false	false
1800066b0	FUN_1800066b0	Global	0x1af	false	false
180006870	FUN_180006870	Global	0x19f	false	false
180006a20	FUN_180006a20	Global	0x182	false	false
180006bb0	FUN_180006bb0	Global	0x12	false	false
180006bd0	FUN_180006bd0	Global	0x1f	false	false
180006bf0	FUN_180006bf0	Global	0x3e	false	false
180006c30	FUN_180006c30	Global	0x2b	false	false
180006c60	FUN_180006c60	Global	0x24	false	false
180006c90	FUN_180006c90	Global	0x7d	false	false
180006d10	FUN_180006d10	Global	0x17c	false	false
180006e90	FUN_180006e90	Global	0x155	false	false
180006ff0	FUN_180006ff0	Global	0x15f	false	false
180007154	FUN_180007154	Global	0xc	false	false
180007160	FUN_180007160	Global	0xc	false	false
18000716c	FUN_18000716c	Global	0xc	false	false
180007178	FUN_180007178	Global	0xc	false	false
180007184	FUN_180007184	Global	0xc	false	false
180007190	FUN_180007190	Global	0x27	false	false
1800071c0	DoClose	ClientHandler	0x29	false	false
1800071f0	FUN_1800071f0	Global	0xb	false	false
180007200	FUN_180007200	Global	0x27	false	false
180007230	FUN_180007230	Global	0x44	false	false
180007280	FUN_180007280	Global	0x2f	false	false
1800072b0	FUN_1800072b0	Global	0x5aa	false	false
18000785c	FUN_18000785c	Global	0xc	false	false
180007868	FUN_180007868	Global	0xc	false	false
180007880	FUN_180007880	Global	0x8	false	false
180007890	FUN_180007890	Global	0x5c	false	false
1800078f0	FUN_1800078f0	Global	0x64	false	false
180007960	FUN_180007960	Global	0xbc	false	false
180007a20	FUN_180007a20	Global	0x14	false	false
180007a40	FUN_180007a40	Global	0x14e	false	false
180007b90	FUN_180007b90	Global	0x5b	false	false
180007bf0	FUN_180007bf0	Global	0x3a	false	false
180007c30	FUN_180007c30	Global	0x29d	false	false
180007ed0	FUN_180007ed0	Global	0x241	false	false
180008120	FUN_180008120	Global	0x1be	false	false
1800082e0	FUN_1800082e0	Global	0x98	false	false
180008380	FUN_180008380	Global	0xbd	false	false
180008440	OnContextMenuCommand	ClientHandler	0x77	false	false
1800084c0	FUN_1800084c0	Global	0x4b	false	false
180008510	FUN_180008510	Global	0x70	false	false
180008580	FUN_180008580	Global	0x4d	false	false
1800085d0	FUN_1800085d0	Global	0x4c	false	false
180008620	FUN_180008620	Global	0x4c	false	false
180008670	FUN_180008670	Global	0x84	false	false
180008700	FUN_180008700	Global	0x4c	false	false
180008750	FUN_180008750	Global	0x6f	false	false
1800087c0	FUN_1800087c0	Global	0x70	false	false
180008830	FUN_180008830	Global	0xac	false	false
1800088e0	ClientHandler	ClientHandler	0x269	false	false
180008b60	FUN_180008b60	Global	0x65	false	false
180008bd0	~ClientHandler	ClientHandler	0x133	false	false
180008d10	OnBeforeContextMenu	ClientHandler	0xba	false	false
180008dd0	OnProcessMessageReceived	ClientHandler	0x47f	false	false
180009250	OnPaint	ClientHandler	0xe5	false	false
180009340	GetViewRect	ClientHandler	0xf9	false	false
180009440	OnJSDialog	ClientHandler	0xdd	false	false
180009520	OnBeforeBrowse	ClientHandler	0x1c4	false	false
1800096f0	OnBeforePopup	ClientHandler	0x13c	false	false
180009830	OnAfterCreated	ClientHandler	0xd5	false	false
180009910	OnBeforeClose	ClientHandler	0xb4	false	false
1800099d0	SetFocus	ClientHandler	0x7	false	false
1800099e0	HasFocus	ClientHandler	0x8	false	false
1800099f0	SetVisible	ClientHandler	0x7	false	false
180009a00	Draw	ClientHandler	0x295	false	false
180009ca0	DoFrame	ClientHandler	0x54	false	false
180009d00	WasResized	ClientHandler	0x4b	false	false
180009d50	Invalidate	ClientHandler	0x4d	false	false
180009da0	SendProcessMessage	ClientHandler	0x460	false	false
18000a220	SendProcessMessage	ClientHandler	0x1b9	false	false
18000a3e0	SendProcessMessage	ClientHandler	0xd1	false	false
18000a4c0	RegisterFunction	ClientHandler	0x8e	false	false
18000a570	FUN_18000a570	Global	0x18f	false	false
18000a700	FUN_18000a700	Global	0xc3	false	false
18000a7d0	FUN_18000a7d0	Global	0x6d	false	false
18000a840	FUN_18000a840	Global	0x12e	false	false
18000a970	FUN_18000a970	Global	0x29e	false	false
18000ac10	FUN_18000ac10	Global	0x57	false	false
18000ac70	FUN_18000ac70	Global	0x8b	false	false
18000ad00	FUN_18000ad00	Global	0x10b	false	false
18000ae10	FUN_18000ae10	Global	0xae	false	false
18000aec0	FUN_18000aec0	Global	0xb14	false	false
18000ba00	FUN_18000ba00	Global	0x1fa	false	false
18000bc00	FUN_18000bc00	Global	0x79	false	false
18000bc80	FUN_18000bc80	Global	0x9	false	false
18000bc90	FUN_18000bc90	Global	0x36	false	false
18000bcd0	FUN_18000bcd0	Global	0x353	false	false
18000c0a0	FUN_18000c0a0	Global	0x21	false	false
18000c0d0	FUN_18000c0d0	Global	0x85	false	false
18000c160	FUN_18000c160	Global	0x18	false	false
18000c180	FUN_18000c180	Global	0x2c8	false	false
18000c450	FUN_18000c450	Global	0x146	false	false
18000c5a0	FUN_18000c5a0	Global	0x162	false	false
18000c710	FUN_18000c710	Global	0x125	false	false
18000c840	FUN_18000c840	Global	0x125	false	false
18000c970	FUN_18000c970	Global	0x1a6	false	false
18000cb20	FUN_18000cb20	Global	0xd6	false	false
18000cc00	FUN_18000cc00	Global	0x229	false	false
18000ce30	FUN_18000ce30	Global	0x95	false	false
18000ced0	FUN_18000ced0	Global	0xe	false	false
18000cee0	FUN_18000cee0	Global	0x39	false	false
18000cf20	FUN_18000cf20	Global	0xaf	false	false
18000cfd0	FUN_18000cfd0	Global	0x2b	false	false
18000d020	FUN_18000d020	Global	0x2a5	false	false
18000d2d0	FUN_18000d2d0	Global	0x100	false	false
18000d3e0	FUN_18000d3e0	Global	0xc2	false	false
18000d4b0	FUN_18000d4b0	Global	0x12	false	false
18000d4d0	FUN_18000d4d0	Global	0x83	false	false
18000d560	FUN_18000d560	Global	0x88	false	false
18000d5f0	FUN_18000d5f0	Global	0x11c	false	false
18000d70c	FUN_18000d70c	Global	0xc	false	false
18000d718	FUN_18000d718	Global	0xc	false	false
18000d724	FUN_18000d724	Global	0xc	false	false
18000d730	FUN_18000d730	Global	0xc	false	false
18000d73c	FUN_18000d73c	Global	0xc	false	false
18000d750	FUN_18000d750	Global	0xda	false	false
18000d830	FUN_18000d830	Global	0x88	false	false
18000d8c0	FUN_18000d8c0	Global	0x92	false	false
18000d960	FUN_18000d960	Global	0x1b	false	false
18000d980	FUN_18000d980	Global	0xc1	false	false
18000da50	FUN_18000da50	Global	0x3e	false	false
18000da90	FUN_18000da90	Global	0x3e	false	false
18000dad0	FUN_18000dad0	Global	0x47	false	false
18000db20	FUN_18000db20	Global	0x59	false	false
18000db80	ChatClient	ChatClient	0x3aa	false	false
18000df30	FUN_18000df30	Global	0x9b	false	false
18000dfd0	FUN_18000dfd0	Global	0x7a	false	false
18000e050	FUN_18000e050	Global	0x2d	false	false
18000e080	FUN_18000e080	Global	0xda	false	false
18000e160	FUN_18000e160	Global	0xb5	false	false
18000e220	FUN_18000e220	Global	0x53f	false	false
18000e770	IsOpen	ChatClient	0x8	false	false
18000e780	SetInputActive	ChatClient	0x7	false	false
18000e790	FUN_18000e790	Global	0x136	false	false
18000e8d0	FUN_18000e8d0	Global	0x2c0	false	false
18000eb90	FUN_18000eb90	Global	0xd2	false	false
18000ec70	FUN_18000ec70	Global	0xf	false	false
18000ec80	FUN_18000ec80	Global	0x5	false	false
18000ec90	FUN_18000ec90	Global	0x8	false	false
18000eca0	FUN_18000eca0	Global	0x8d	false	false
18000ed30	FUN_18000ed30	Global	0x16	false	false
18000ed48	FUN_18000ed48	Global	0xc	false	false
18000ed54	FUN_18000ed54	Global	0xc	false	false
18000ed60	FUN_18000ed60	Global	0x64	false	false
18000edd0	FUN_18000edd0	Global	0x6e	false	false
18000ee40	FUN_18000ee40	Global	0x15	false	false
18000ee60	FUN_18000ee60	Global	0x152	false	false
18000efc0	FUN_18000efc0	Global	0x8	false	false
18000efd0	FUN_18000efd0	Global	0x72	false	false
18000f050	FUN_18000f050	Global	0x21	false	false
18000f080	FUN_18000f080	Global	0x1f	false	false
18000f0a0	FUN_18000f0a0	Global	0x3d	false	false
18000f0e0	FUN_18000f0e0	Global	0x2f	false	false
18000f110	FUN_18000f110	Global	0x14e	false	false
18000f260	FUN_18000f260	Global	0xf9	false	false
18000f360	FUN_18000f360	Global	0x58	false	false
18000f450	FUN_18000f450	Global	0x89	false	false
18000f4e0	FUN_18000f4e0	Global	0x12	false	false
18000f500	FUN_18000f500	Global	0x17e	false	false
18000f680	FUN_18000f680	Global	0x5b	false	false
18000f6e0	FUN_18000f6e0	Global	0x47	false	false
18000f730	FUN_18000f730	Global	0x8a	false	false
18000f7c0	FUN_18000f7c0	Global	0x98	false	false
18000f860	FUN_18000f860	Global	0x98	false	false
18000f900	FUN_18000f900	Global	0x98	false	false
18000f9a0	FUN_18000f9a0	Global	0x98	false	false
18000fa40	FUN_18000fa40	Global	0x3	false	false
18000fa50	FUN_18000fa50	Global	0x37	false	false
18000fa90	FUN_18000fa90	Global	0x37	false	false
18000fad0	FUN_18000fad0	Global	0x37	false	false
18000fb10	FUN_18000fb10	Global	0x37	false	false
18000fb50	FUN_18000fb50	Global	0x11	false	false
18000fb70	FUN_18000fb70	Global	0x18a	false	false
18000fd00	FUN_18000fd00	Global	0x185	false	false
18000fe90	FUN_18000fe90	Global	0x9	false	false
18000fea0	FUN_18000fea0	Global	0x8	false	false
18000feb0	FUN_18000feb0	Global	0x32	false	false
18000fef0	FUN_18000fef0	Global	0x27	false	false
18000ff20	FUN_18000ff20	Global	0x61	false	false
18000ff90	FUN_18000ff90	Global	0x27	false	false
18000ffc0	FUN_18000ffc0	Global	0x1e	false	false
18000ffe0	FUN_18000ffe0	Global	0x1e	false	false
180010000	FUN_180010000	Global	0x92	false	false
1800100a0	FUN_1800100a0	Global	0x6	false	false
1800100b0	FUN_1800100b0	Global	0x4e	false	false
180010100	FUN_180010100	Global	0x43	false	false
180010150	FUN_180010150	Global	0x34	false	false
180010190	FUN_180010190	Global	0x9f	false	false
180010230	FUN_180010230	Global	0x21	false	false
180010260	FUN_180010260	Global	0x8	false	false
180010270	FUN_180010270	Global	0x57	false	false
1800102d0	FUN_1800102d0	Global	0x116	false	false
1800103f0	FUN_1800103f0	Global	0x116	false	false
180010520	FUN_180010520	Global	0x2b	false	false
180010550	FUN_180010550	Global	0x4e	false	false
1800105a0	FUN_1800105a0	Global	0x1e	false	false
1800105c0	FUN_1800105c0	Global	0x3ff	false	false
1800109d0	FUN_1800109d0	Global	0x34	false	false
180010a10	FUN_180010a10	Global	0x9f	false	false
180010ab0	FUN_180010ab0	Global	0x3d	false	false
180010af0	FUN_180010af0	Global	0x2c5	false	false
180010dc0	FUN_180010dc0	Global	0x1c5	false	false
180010fa0	FUN_180010fa0	Global	0x141	false	false
1800110f0	FUN_1800110f0	Global	0x9f8	false	false
180011af0	FUN_180011af0	Global	0x378	false	false
180011e70	FUN_180011e70	Global	0x5b	false	false
180011ed0	FUN_180011ed0	Global	0x8	false	false
180011ee0	FUN_180011ee0	Global	0x5	false	false
180011ef0	FUN_180011ef0	Global	0x4c	false	false
180011f40	FUN_180011f40	Global	0x2c	false	false
180011f70	FUN_180011f70	Global	0xab	false	false
180012020	FUN_180012020	Global	0x8c	false	false
1800120b0	FUN_1800120b0	Global	0xf	false	false
1800120c0	FUN_1800120c0	Global	0xa4	false	false
180012170	FUN_180012170	Global	0x83	false	false
180012200	FUN_180012200	Global	0x8c	false	false
180012290	FUN_180012290	Global	0x8c	false	false
180012320	FUN_180012320	Global	0x8b4	false	false
180012be0	FUN_180012be0	Global	0x71	false	false
180012c70	FUN_180012c70	Global	0x67	false	false
180012ce0	FUN_180012ce0	Global	0x41	false	false
180012d30	FUN_180012d30	Global	0x8c	false	false
180012dc0	FUN_180012dc0	Global	0xafd	false	false
1800138d0	FUN_1800138d0	Global	0xc35	false	false
180014510	FUN_180014510	Global	0x5b	false	false
180014570	FUN_180014570	Global	0xc35	false	false
1800151b0	FUN_1800151b0	Global	0x1045	false	false
180016200	FUN_180016200	Global	0xe66	false	false
180017070	FUN_180017070	Global	0x60d	false	false
180017690	FUN_180017690	Global	0x41	false	false
1800176e0	FUN_1800176e0	Global	0xb9b	false	false
180018300	FUN_180018300	Global	0x152	false	false
180018460	FUN_180018460	Global	0x1035	false	false
1800194b0	FUN_1800194b0	Global	0x71	false	false
180019530	FUN_180019530	Global	0x60	false	false
1800195a0	FUN_1800195a0	Global	0x69	false	false
180019610	FUN_180019610	Global	0xd7c	false	false
18001a3a0	FUN_18001a3a0	Global	0xe2f	false	false
18001b1e0	FUN_18001b1e0	Global	0xaaf	false	false
18001bca0	FUN_18001bca0	Global	0x384	false	false
18001c030	FUN_18001c030	Global	0xd2c	false	false
18001cd70	FUN_18001cd70	Global	0x12f3	false	false
18001e080	FUN_18001e080	Global	0x9	false	false
18001e090	FUN_18001e090	Global	0xa81	false	false
18001eb20	FUN_18001eb20	Global	0xbfe	false	false
18001f730	FUN_18001f730	Global	0x99a	false	false
1800200e0	FUN_1800200e0	Global	0x67	false	false
180020150	FUN_180020150	Global	0xd4c	false	false
180020eb0	FUN_180020eb0	Global	0x1fa1	false	false
180022e60	FUN_180022e60	Global	0xaff	false	false
180023970	FUN_180023970	Global	0xaf8	false	false
180024480	FUN_180024480	Global	0x2b	false	false
1800244b0	FUN_1800244b0	Global	0x2b	false	false
1800244e0	FUN_1800244e0	Global	0x2b	false	false
180024510	FUN_180024510	Global	0x81	false	false
1800245a0	FUN_1800245a0	Global	0xbc	false	false
180024660	FUN_180024660	Global	0x2b	false	false
180024690	FUN_180024690	Global	0xe0	false	false
180024770	FUN_180024770	Global	0xc1	false	false
180024840	FUN_180024840	Global	0x5c	false	false
1800248a0	FUN_1800248a0	Global	0x35	false	false
1800248e0	FUN_1800248e0	Global	0x1df	false	false
180024ad0	FUN_180024ad0	Global	0x19c	false	false
180024c70	FUN_180024c70	Global	0x1d4	false	false
180024e50	FUN_180024e50	Global	0x2cd	false	false
180025180	FUN_180025180	Global	0x408	false	false
180025590	FUN_180025590	Global	0x61	false	false
180025610	FUN_180025610	Global	0x137	false	false
180025750	FUN_180025750	Global	0x93	false	false
1800257f0	FUN_1800257f0	Global	0xbb	false	false
1800258b0	FUN_1800258b0	Global	0x171	false	false
180025a30	FUN_180025a30	Global	0x342	false	false
180025d80	FUN_180025d80	Global	0xaf	false	false
180025e30	FUN_180025e30	Global	0xf7	false	false
180025f30	FUN_180025f30	Global	0x1c0	false	false
180026100	FUN_180026100	Global	0x60	false	false
180026170	FUN_180026170	Global	0x19b	false	false
180026310	FUN_180026310	Global	0x39a	false	false
1800266b0	FUN_1800266b0	Global	0x6b	false	false
180026720	FUN_180026720	Global	0xa9	false	false
1800267d0	FUN_1800267d0	Global	0x3d6	false	false
180026bb0	FUN_180026bb0	Global	0xf1	false	false
180026cb0	FUN_180026cb0	Global	0x90	false	false
180026d40	FUN_180026d40	Global	0x142	false	false
180026e90	FUN_180026e90	Global	0x84	false	false
180026f20	FUN_180026f20	Global	0x63	false	false
180026f90	FUN_180026f90	Global	0x20	false	false
180026fb0	FUN_180026fb0	Global	0xb9	false	false
180027070	FUN_180027070	Global	0x16f	false	false
1800271f0	FUN_1800271f0	Global	0x7e	false	false
180027270	FUN_180027270	Global	0x10c	false	false
180027390	FUN_180027390	Global	0x3	false	false
1800273a0	FUN_1800273a0	Global	0x5e	false	false
180027400	FUN_180027400	Global	0x1b	false	false
180027420	FUN_180027420	Global	0x81	false	false
1800274b0	FUN_1800274b0	Global	0x213	false	false
1800276d0	FUN_1800276d0	Global	0xd7	false	false
1800277b0	FUN_1800277b0	Global	0x2a	false	false
1800277e0	FUN_1800277e0	Global	0x338	false	false
180027b20	FUN_180027b20	Global	0x4f9	false	false
180028020	FUN_180028020	Global	0x34	false	false
180028060	FUN_180028060	Global	0x516	false	false
180028580	FUN_180028580	Global	0x268	false	false
1800287f0	FUN_1800287f0	Global	0x30f	false	false
180028b10	FUN_180028b10	Global	0x2a	false	false
180028b40	FUN_180028b40	Global	0x84d	false	false
1800293a0	FUN_1800293a0	Global	0x451	false	false
180029800	FUN_180029800	Global	0x3f2	false	false
180029c00	FUN_180029c00	Global	0x3d	false	false
180029c40	FUN_180029c40	Global	0x1d2	false	false
180029e20	FUN_180029e20	Global	0x2a4	false	false
18002a0d0	FUN_18002a0d0	Global	0x3e5	false	false
18002a4c0	FUN_18002a4c0	Global	0xba4	false	false
18002b070	FUN_18002b070	Global	0xae	false	false
18002b120	FUN_18002b120	Global	0x1226	false	false
18002c360	FUN_18002c360	Global	0x6f1	false	false
18002ca60	FUN_18002ca60	Global	0x1de	false	false
18002cc40	FUN_18002cc40	Global	0x1dc	false	false
18002ce20	FUN_18002ce20	Global	0x6cf	false	false
18002d500	FUN_18002d500	Global	0x3d	false	false
18002d560	MainMenuClient	MainMenuClient	0x225	false	false
18002d790	FUN_18002d790	Global	0x1547	false	false
18002ede0	FUN_18002ede0	Global	0x231	false	false
18002f020	FUN_18002f020	Global	0x9b	false	false
18002f0c0	FUN_18002f0c0	Global	0x60	false	false
18002f130	FUN_18002f130	Global	0xa60	false	false
18002fbb0	FUN_18002fbb0	Global	0x12a	false	false
18002fce0	FUN_18002fce0	Global	0xd24	false	false
180030b00	OnConnectionFailed	MainMenuClient	0x17d	false	false
180030c80	FID_conflict:~vector<GSISymbolEntry,std::allocator<GSISymbolEntry>_>	Global	0x7a	false	false
180030d00	FUN_180030d00	Global	0x2a0	false	false
180030fb0	FUN_180030fb0	Global	0x2e	false	false
180030fe0	FUN_180030fe0	Global	0x11e	false	false
180031100	FUN_180031100	Global	0x5b	false	false
180031160	FUN_180031160	Global	0x98	false	false
180031200	FUN_180031200	Global	0x50	false	false
180031250	FUN_180031250	Global	0x48	false	false
1800312a0	FUN_1800312a0	Global	0xf5	false	false
1800313a0	FUN_1800313a0	Global	0xd3	false	false
180031480	FUN_180031480	Global	0x106	false	false
180031590	FUN_180031590	Global	0xc7	false	false
180031660	FUN_180031660	Global	0x142	false	false
1800317b0	FUN_1800317b0	Global	0x2d3	false	false
180031a90	FUN_180031a90	Global	0x65	false	false
180031b00	FUN_180031b00	Global	0xe2	false	false
180031bf0	FUN_180031bf0	Global	0x1b7	false	false
180031db0	FUN_180031db0	Global	0x14	false	false
180031dd0	FUN_180031dd0	Global	0x14	false	false
180031df0	FUN_180031df0	Global	0x69	false	false
180031e60	FUN_180031e60	Global	0x25f	false	false
1800320c0	FUN_1800320c0	Global	0x124	false	false
1800321f0	FUN_1800321f0	Global	0x221	false	false
180032420	FUN_180032420	Global	0x223	false	false
180032650	FUN_180032650	Global	0x154	false	false
1800327b0	FUN_1800327b0	Global	0x154	false	false
180032910	FUN_180032910	Global	0x223	false	false
180032b40	FUN_180032b40	Global	0x65	false	false
180032bb0	FUN_180032bb0	Global	0x35	false	false
180032bf0	FUN_180032bf0	Global	0x122	false	false
180032d20	FUN_180032d20	Global	0x2c0	false	false
180032ff0	FUN_180032ff0	Global	0x221	false	false
180033220	FUN_180033220	Global	0x7a	false	false
1800332a0	FUN_1800332a0	Global	0x264	false	false
180033510	FUN_180033510	Global	0x34	false	false
180033550	FUN_180033550	Global	0x71	false	false
1800335d0	FUN_1800335d0	Global	0x21b	false	false
1800337f0	FUN_1800337f0	Global	0x122	false	false
180033920	FUN_180033920	Global	0x73	false	false
1800339a0	FUN_1800339a0	Global	0x122	false	false
180033ad0	FUN_180033ad0	Global	0x221	false	false
180033d00	FUN_180033d00	Global	0x122	false	false
180033e30	FUN_180033e30	Global	0x20c	false	false
180034040	FUN_180034040	Global	0x20c	false	false
180034250	FUN_180034250	Global	0x21c	false	false
180034470	FUN_180034470	Global	0x73	false	false
1800344f0	FUN_1800344f0	Global	0x172	false	false
180034670	FUN_180034670	Global	0x151	false	false
1800347d0	FUN_1800347d0	Global	0x122	false	false
180034900	FUN_180034900	Global	0x124	false	false
180034a30	FUN_180034a30	Global	0x1d0	false	false
180034c00	FUN_180034c00	Global	0x20c	false	false
180034e10	FUN_180034e10	Global	0x172	false	false
180034f90	FUN_180034f90	Global	0x151	false	false
1800350f0	FUN_1800350f0	Global	0x124	false	false
180035220	FUN_180035220	Global	0x122	false	false
180035350	FUN_180035350	Global	0x21c	false	false
180035570	FUN_180035570	Global	0x1d0	false	false
180035740	FUN_180035740	Global	0x20c	false	false
180035950	FUN_180035950	Global	0x71	false	false
1800359d0	FUN_1800359d0	Global	0x172	false	false
180035b50	FUN_180035b50	Global	0x319	false	false
180035e70	FUN_180035e70	Global	0x221	false	false
1800360a0	FUN_1800360a0	Global	0x60	false	false
180036110	FUN_180036110	Global	0x35	false	false
180036150	FUN_180036150	Global	0x166	false	false
1800362c0	FUN_1800362c0	Global	0x7b	false	false
180036340	FUN_180036340	Global	0x122	false	false
180036470	FUN_180036470	Global	0x2f6	false	false
180036770	FUN_180036770	Global	0x2f6	false	false
180036a70	FUN_180036a70	Global	0x221	false	false
180036ca0	FUN_180036ca0	Global	0xb	false	false
180036cb0	FUN_180036cb0	Global	0x164	false	false
180036e20	FUN_180036e20	Global	0xf8	false	false
180036f30	FUN_180036f30	Global	0x61	false	false
180036fa0	FUN_180036fa0	Global	0x56	false	false
180037000	FUN_180037000	Global	0xf	false	false
180037010	thunk_FUN_180039dd0	Global	0x5	true	false
180037020	FUN_180037020	Global	0xa6	false	false
1800370d0	FUN_1800370d0	Global	0xd1	false	false
1800371b0	FUN_1800371b0	Global	0xd1	false	false
180037290	FUN_180037290	Global	0x11	false	false
1800372b0	FUN_1800372b0	Global	0xc3	false	false
1800373a0	FUN_1800373a0	Global	0x16	false	false
1800373c0	FUN_1800373c0	Global	0x12c	false	false
1800374f0	FUN_1800374f0	Global	0x18d	false	false
180037680	FUN_180037680	Global	0x7a	false	false
180037700	FUN_180037700	Global	0x52	false	false
180037760	FUN_180037760	Global	0x1f7	false	false
180037960	FUN_180037960	Global	0xb6	false	false
180037a20	FUN_180037a20	Global	0xa7	false	false
180037ad0	FUN_180037ad0	Global	0x35	false	false
180037b10	FUN_180037b10	Global	0x197	false	false
180037cb0	FUN_180037cb0	Global	0x4a	false	false
180037d00	FUN_180037d00	Global	0x155	false	false
180037e60	FUN_180037e60	Global	0x98	false	false
180037f00	FUN_180037f00	Global	0x2f	false	false
180037f30	FUN_180037f30	Global	0x34	false	false
180037f70	FUN_180037f70	Global	0x98	false	false
180038010	FUN_180038010	Global	0x92	false	false
1800380b0	FUN_1800380b0	Global	0x21	false	false
1800380e0	FUN_1800380e0	Global	0x34	false	false
180038120	FUN_180038120	Global	0x92	false	false
1800381c0	FUN_1800381c0	Global	0x4c	false	false
180038210	FUN_180038210	Global	0x61	false	false
180038280	FUN_180038280	Global	0x221	false	false
1800384b0	FUN_1800384b0	Global	0x139	false	false
1800385f0	FUN_1800385f0	Global	0x221	false	false
180038820	FUN_180038820	Global	0x154	false	false
180038980	FUN_180038980	Global	0x186	false	false
180038b10	FUN_180038b10	Global	0x154	false	false
180038c70	FUN_180038c70	Global	0x154	false	false
180038dd0	FUN_180038dd0	Global	0x2c7	false	false
1800390a0	FUN_1800390a0	Global	0x27e	false	false
180039320	FUN_180039320	Global	0x156	false	false
180039480	FUN_180039480	Global	0x154	false	false
1800395e0	FUN_1800395e0	Global	0x193	false	false
180039780	FUN_180039780	Global	0x128	false	false
1800398b0	FUN_1800398b0	Global	0xdb	false	false
180039990	FUN_180039990	Global	0x7d	false	false
180039a10	FUN_180039a10	Global	0xe8	false	false
180039b00	FUN_180039b00	Global	0xb4	false	false
180039bc0	FUN_180039bc0	Global	0x13a	false	false
180039d00	FUN_180039d00	Global	0x12	false	false
180039d20	FUN_180039d20	Global	0xad	false	false
180039dd0	FUN_180039dd0	Global	0x67	false	false
180039e40	FUN_180039e40	Global	0x99	false	false
180039ee0	FUN_180039ee0	Global	0x41	false	false
180039f30	FUN_180039f30	Global	0x16	false	false
180039f50	FUN_180039f50	Global	0x156	false	false
18003a0d0	FUN_18003a0d0	Global	0x35	false	false
18003a110	FUN_18003a110	Global	0x151	false	false
18003a270	FUN_18003a270	Global	0x26f	false	false
18003a4e0	FUN_18003a4e0	Global	0x27e	false	false
18003a760	FUN_18003a760	Global	0x2c7	false	false
18003aa30	FUN_18003aa30	Global	0x319	false	false
18003ad50	FUN_18003ad50	Global	0xdb	false	false
18003ae30	FUN_18003ae30	Global	0x154	false	false
18003af90	FUN_18003af90	Global	0x154	false	false
18003b0f0	FUN_18003b0f0	Global	0x21c	false	false
18003b310	FUN_18003b310	Global	0x85	false	false
18003b3a0	FUN_18003b3a0	Global	0x4df	false	false
18003b890	FUN_18003b890	Global	0x138	false	false
18003b9d0	FUN_18003b9d0	Global	0x154	false	false
18003bb30	FUN_18003bb30	Global	0x220	false	false
18003bd50	FUN_18003bd50	Global	0x155	false	false
18003beb0	FUN_18003beb0	Global	0x151	false	false
18003c010	FUN_18003c010	Global	0x151	false	false
18003c180	FUN_18003c180	Global	0x21	false	false
18003c1c0	FUN_18003c1c0	Global	0x73	false	false
18003c240	FUN_18003c240	Global	0x159	false	false
18003c3a0	FUN_18003c3a0	Global	0x1e7	false	false
18003c5a0	FUN_18003c5a0	Global	0x23	false	false
18003c5d0	FUN_18003c5d0	Global	0x8b	false	false
18003c660	FUN_18003c660	Global	0x296	false	false
18003c900	FUN_18003c900	Global	0x151	false	false
18003ca60	FUN_18003ca60	Global	0x151	false	false
18003cbc0	FUN_18003cbc0	Global	0xb1	false	false
18003cc80	FUN_18003cc80	Global	0x41	false	false
18003ccd0	FUN_18003ccd0	Global	0x229	false	false
18003cf00	FUN_18003cf00	Global	0x220	false	false
18003d120	FUN_18003d120	Global	0x229	false	false
18003d350	FUN_18003d350	Global	0x220	false	false
18003d570	FUN_18003d570	Global	0x229	false	false
18003d7a0	FUN_18003d7a0	Global	0x222	false	false
18003d9d0	FUN_18003d9d0	Global	0x22b	false	false
18003dc00	FUN_18003dc00	Global	0x2b2	false	false
18003dec0	FUN_18003dec0	Global	0xb	false	false
18003ded0	FUN_18003ded0	Global	0x1c1	false	false
18003e0a0	FUN_18003e0a0	Global	0xbc	false	false
18003e160	FUN_18003e160	Global	0x30	false	false
18003e190	FUN_18003e190	Global	0x24	false	false
18003e1c0	FUN_18003e1c0	Global	0x77	false	false
18003e240	FUN_18003e240	Global	0xa9	false	false
18003e2f0	FUN_18003e2f0	Global	0x17	false	false
18003e310	FUN_18003e310	Global	0xa9	false	false
18003e3c0	FUN_18003e3c0	Global	0x15f	false	false
18003e520	FUN_18003e520	Global	0xa9	false	false
18003e5d0	FUN_18003e5d0	Global	0xa9	false	false
18003e680	FUN_18003e680	Global	0x162	false	false
18003e7f0	FUN_18003e7f0	Global	0x91	false	false
18003e890	FUN_18003e890	Global	0xa9	false	false
18003e940	FUN_18003e940	Global	0xa9	false	false
18003e9f0	FUN_18003e9f0	Global	0xa9	false	false
18003eaa0	FUN_18003eaa0	Global	0xa9	false	false
18003eb50	FUN_18003eb50	Global	0xa1	false	false
18003ec00	FUN_18003ec00	Global	0x152	false	false
18003ed60	FUN_18003ed60	Global	0x301	false	false
18003f070	FUN_18003f070	Global	0x2e2	false	false
18003f360	FUN_18003f360	Global	0x1f4	false	false
18003f560	FUN_18003f560	Global	0x314	false	false
18003f880	FUN_18003f880	Global	0x304	false	false
18003fb90	FUN_18003fb90	Global	0x329	false	false
18003fec0	FUN_18003fec0	Global	0x3e1	false	false
1800402b0	FUN_1800402b0	Global	0x26a	false	false
180040520	FUN_180040520	Global	0x146	false	false
180040670	FUN_180040670	Global	0x11d	false	false
180040790	FUN_180040790	Global	0x11d	false	false
1800408b0	FUN_1800408b0	Global	0x146	false	false
180040a00	FUN_180040a00	Global	0x146	false	false
180040b50	FUN_180040b50	Global	0x13e	false	false
180040c90	FUN_180040c90	Global	0x7fa	false	false
180041490	FUN_180041490	Global	0x116	false	false
1800415b0	FUN_1800415b0	Global	0xdf	false	false
1800416c0	FUN_1800416c0	Global	0x2de	false	false
1800419a0	FUN_1800419a0	Global	0x2de	false	false
180041c80	FUN_180041c80	Global	0x2ce	false	false
180041f50	FUN_180041f50	Global	0x373	false	false
1800422d0	FUN_1800422d0	Global	0x25b	false	false
180042530	FUN_180042530	Global	0x6a	false	false
1800425a0	FUN_1800425a0	Global	0x1aa	false	false
180042750	FUN_180042750	Global	0x19c	false	false
1800428f0	FUN_1800428f0	Global	0x84	false	false
180042980	FUN_180042980	Global	0x10c	false	false
180042a90	FUN_180042a90	Global	0x16c	false	false
180042c00	FUN_180042c00	Global	0x246	false	false
180042e50	FUN_180042e50	Global	0x1df	false	false
180043030	FUN_180043030	Global	0x236	false	false
180043270	FUN_180043270	Global	0x236	false	false
1800434b0	FUN_1800434b0	Global	0x233	false	false
1800436f0	FUN_1800436f0	Global	0x236	false	false
180043930	FUN_180043930	Global	0x236	false	false
180043b70	FUN_180043b70	Global	0x236	false	false
180043db0	FUN_180043db0	Global	0x236	false	false
180043ff0	FUN_180043ff0	Global	0x236	false	false
180044230	FUN_180044230	Global	0x236	false	false
180044470	FUN_180044470	Global	0x184	false	false
180044600	FUN_180044600	Global	0x14f	false	false
180044760	FUN_180044760	Global	0x1d5	false	false
180044940	FUN_180044940	Global	0x84	false	false
1800449d0	FUN_1800449d0	Global	0x19f	false	false
180044b80	FUN_180044b80	Global	0x21f	false	false
180044db0	FUN_180044db0	Global	0x233	false	false
180044ff0	FUN_180044ff0	Global	0x261	false	false
180045260	FUN_180045260	Global	0x261	false	false
1800454d0	FUN_1800454d0	Global	0xa4	false	false
180045580	FUN_180045580	Global	0xf3	false	false
180045680	FUN_180045680	Global	0x184	false	false
180045810	FUN_180045810	Global	0x5e	false	false
180045870	FUN_180045870	Global	0xc0	false	false
180045940	FUN_180045940	Global	0x1c8	false	false
180045b10	FUN_180045b10	Global	0x16c	false	false
180045c80	FUN_180045c80	Global	0x76	false	false
180045d00	FUN_180045d00	Global	0x229	false	false
180045f30	FUN_180045f30	Global	0x31	false	false
180045f70	FUN_180045f70	Global	0xcd	false	false
180046040	FUN_180046040	Global	0x5e	false	false
1800460a0	FUN_1800460a0	Global	0x9e	false	false
180046140	FUN_180046140	Global	0x258	false	false
1800463a0	FUN_1800463a0	Global	0x258	false	false
180046600	FUN_180046600	Global	0x254	false	false
180046860	FUN_180046860	Global	0x254	false	false
180046ac0	FUN_180046ac0	Global	0x94	false	false
180046b60	FUN_180046b60	Global	0x35	false	false
180046ba0	FUN_180046ba0	Global	0xa9	false	false
180046c50	FUN_180046c50	Global	0x7c	false	false
180046cd0	FUN_180046cd0	Global	0xac	false	false
180046d80	~pair<>	Global	0x5d	false	false
180046de0	~pair<>	Global	0x5d	false	false
180046e80	FUN_180046e80	Global	0x155	false	false
180046fe0	FUN_180046fe0	Global	0x154	false	false
180047140	FUN_180047140	Global	0x165	false	false
1800472b0	FUN_1800472b0	Global	0x154	false	false
180047410	FUN_180047410	Global	0x154	false	false
1800475a0	FUN_1800475a0	Global	0x221	false	false
1800477d0	FUN_1800477d0	Global	0x221	false	false
180047a00	FUN_180047a00	Global	0x258	false	false
180047c60	FUN_180047c60	Global	0x24c	false	false
180047eb0	FUN_180047eb0	Global	0x24c	false	false
180048100	FUN_180048100	Global	0x263	false	false
180048370	FUN_180048370	Global	0x139	false	false
1800484b0	FUN_1800484b0	Global	0x18f	false	false
180048640	FUN_180048640	Global	0x139	false	false
180048780	FUN_180048780	Global	0x154	false	false
1800488e0	FUN_1800488e0	Global	0x264	false	false
180048b50	FUN_180048b50	Global	0x1c9	false	false
180048d20	FUN_180048d20	Global	0x223	false	false
180048f50	FUN_180048f50	Global	0x264	false	false
1800491e0	FUN_1800491e0	Global	0x39	false	false
180049220	FUN_180049220	Global	0x39	false	false
180049260	FUN_180049260	Global	0x5c	false	false
1800492c0	FUN_1800492c0	Global	0x5b6	false	false
180049880	FUN_180049880	Global	0x25b	false	false
180049ae0	FUN_180049ae0	Global	0x319	false	false
180049e00	FUN_180049e00	Global	0xb2	false	false
180049ec0	FUN_180049ec0	Global	0x86	false	false
180049f50	FUN_180049f50	Global	0x5b	false	false
180049fb0	FUN_180049fb0	Global	0x1e6	false	false
18004a1a0	FUN_18004a1a0	Global	0x11d	false	false
18004a2e0	FUN_18004a2e0	Global	0x131	false	false
18004a420	~pair<>	Global	0x5d	false	false
18004a480	FUN_18004a480	Global	0x2b	false	false
18004a4b0	FUN_18004a4b0	Global	0x264	false	false
18004a720	FUN_18004a720	Global	0x139	false	false
18004a860	FUN_18004a860	Global	0x221	false	false
18004aa90	FUN_18004aa90	Global	0x311	false	false
18004adb0	FUN_18004adb0	Global	0x159	false	false
18004af10	FUN_18004af10	Global	0x159	false	false
18004b070	FUN_18004b070	Global	0x229	false	false
18004b2a0	FUN_18004b2a0	Global	0x223	false	false
18004b4d0	FUN_18004b4d0	Global	0xc0	false	false
18004b5a0	FUN_18004b5a0	Global	0x4ee	false	false
18004baa0	FUN_18004baa0	Global	0x185	false	false
18004bce0	FUN_18004bce0	Global	0x119	false	false
18004be00	FUN_18004be00	Global	0x8a	false	false
18004be90	FUN_18004be90	Global	0x85	false	false
18004bf20	FUN_18004bf20	Global	0x9f	false	false
18004bfc0	FUN_18004bfc0	Global	0x5b	false	false
18004c050	FUN_18004c050	Global	0x196	false	false
18004c1f0	FUN_18004c1f0	Global	0x1fd	false	false
18004c3f0	FUN_18004c3f0	Global	0x271	false	false
18004c670	FUN_18004c670	Global	0x122	false	false
18004c7a0	FUN_18004c7a0	Global	0x223	false	false
18004c9d0	FUN_18004c9d0	Global	0x223	false	false
18004cc00	FUN_18004cc00	Global	0x9f	false	false
18004ccf0	FUN_18004ccf0	Global	0x154	false	false
18004ce50	FUN_18004ce50	Global	0x154	false	false
18004cfb0	FUN_18004cfb0	Global	0x99	false	false
18004d050	FUN_18004d050	Global	0x1c8	false	false
18004d220	FUN_18004d220	Global	0xea	false	false
18004d310	FUN_18004d310	Global	0x8d0	false	false
18004dd80	FUN_18004dd80	Global	0x2a7	false	false
18004e030	FUN_18004e030	Global	0xa83	false	false
18004ece0	FUN_18004ece0	Global	0x2a5	false	false
18004ef90	FUN_18004ef90	Global	0x172	false	false
18004f120	FUN_18004f120	Global	0x65	false	false
18004f1a0	FUN_18004f1a0	Global	0x6d	false	false
18004f210	FUN_18004f210	Global	0x155	false	false
18004f370	FUN_18004f370	Global	0x127	false	false
18004f4a0	FUN_18004f4a0	Global	0xad	false	false
18004f550	FUN_18004f550	Global	0x228	false	false
18004f780	FUN_18004f780	Global	0x3e	false	false
18004f7c0	FUN_18004f7c0	Global	0x12	false	false
18004f7e0	FUN_18004f7e0	Global	0x1aa	false	false
18004f9a0	FUN_18004f9a0	Global	0x16e	false	false
18004fb10	FUN_18004fb10	Global	0x17a	false	false
18004fc90	FUN_18004fc90	Global	0x349	false	false
18004ffe0	FUN_18004ffe0	Global	0x19a	false	false
180050180	FUN_180050180	Global	0x134	false	false
1800502c0	FUN_1800502c0	Global	0x29f	false	false
180050560	FUN_180050560	Global	0x3fe	false	false
180050990	FUN_180050990	Global	0x219	false	false
180050bb0	FUN_180050bb0	Global	0x183	false	false
180050d40	FUN_180050d40	Global	0x181	false	false
180050ed0	FUN_180050ed0	Global	0x26a	false	false
180051140	FUN_180051140	Global	0x184	false	false
1800512d0	FUN_1800512d0	Global	0x233	false	false
180051510	FUN_180051510	Global	0x266	false	false
180051780	FUN_180051780	Global	0x8c	false	false
180051810	FUN_180051810	Global	0x24d	false	false
180051a60	FUN_180051a60	Global	0x289	false	false
180051cf0	FUN_180051cf0	Global	0x11c	false	false
180051e10	FUN_180051e10	Global	0x7b	false	false
180051e90	FUN_180051e90	Global	0x129	false	false
180051fc0	FUN_180051fc0	Global	0x25d	false	false
180052220	FUN_180052220	Global	0xa9	false	false
1800522d0	FUN_1800522d0	Global	0x1ad	false	false
180052480	FUN_180052480	Global	0x106b	false	false
180053540	FUN_180053540	Global	0x296	false	false
1800537e0	FUN_1800537e0	Global	0xf89	false	false
1800547c0	FUN_1800547c0	Global	0x238	false	false
180054a00	FUN_180054a00	Global	0xbc	false	false
180054ac0	FUN_180054ac0	Global	0x21f	false	false
180054cf0	FUN_180054cf0	Global	0x236	false	false
180054f30	FUN_180054f30	Global	0x24d	false	false
180055180	FUN_180055180	Global	0x236	false	false
1800553c0	FUN_1800553c0	Global	0x20a	false	false
1800555d0	FUN_1800555d0	Global	0x16c	false	false
180055740	FUN_180055740	Global	0x144	false	false
180055890	FUN_180055890	Global	0x31	false	false
1800558d0	FUN_1800558d0	Global	0x221	false	false
180055b00	FUN_180055b00	Global	0x2bf	false	false
180055dc0	FUN_180055dc0	Global	0x18f	false	false
180055f50	FUN_180055f50	Global	0x172	false	false
1800560d0	FUN_1800560d0	Global	0x18f	false	false
180056260	FUN_180056260	Global	0x18f	false	false
1800563f0	FUN_1800563f0	Global	0x32	false	false
180056430	FUN_180056430	Global	0x76	false	false
1800564d0	FUN_1800564d0	Global	0x32	false	false
180056510	FUN_180056510	Global	0x221	false	false
180056740	FUN_180056740	Global	0x5f	false	false
1800567a0	FUN_1800567a0	Global	0x8	false	false
1800567b0	FUN_1800567b0	Global	0x9	false	false
1800567c0	FUN_1800567c0	Global	0x16	false	false
1800567e0	FUN_1800567e0	Global	0x7e	false	false
180056860	FUN_180056860	Global	0x8	false	false
180056870	FUN_180056870	Global	0xd2	false	false
180056950	FUN_180056950	Global	0x52	false	false
1800569b0	FUN_1800569b0	Global	0x8	false	false
1800569c0	FUN_1800569c0	Global	0xb2	false	false
180056a80	FUN_180056a80	Global	0x16	false	false
180056aa0	FUN_180056aa0	Global	0x8	false	false
180056ab0	FUN_180056ab0	Global	0x9	false	false
180056ac0	FUN_180056ac0	Global	0x16	false	false
180056ae0	FUN_180056ae0	Global	0xf	false	false
180056af0	FUN_180056af0	Global	0x8	false	false
180056b00	FUN_180056b00	Global	0x87	false	false
180056b90	FUN_180056b90	Global	0x20	false	false
180056bb0	FUN_180056bb0	Global	0x8	false	false
180056bc0	FUN_180056bc0	Global	0x3b	false	false
180056c00	FUN_180056c00	Global	0x16	false	false
180056c20	FUN_180056c20	Global	0x8	false	false
180056c30	FUN_180056c30	Global	0xb4	false	false
180056cf0	FUN_180056cf0	Global	0x20	false	false
180056d10	FUN_180056d10	Global	0xf	false	false
180056d20	FUN_180056d20	Global	0x8	false	false
180056d30	FUN_180056d30	Global	0x2f	false	false
180056d60	FUN_180056d60	Global	0x28	false	false
180056d90	FUN_180056d90	Global	0x136	false	false
180056ed0	FUN_180056ed0	Global	0x136	false	false
180057010	FUN_180057010	Global	0xfe	false	false
180057110	FUN_180057110	Global	0x33d	false	false
180057590	FUN_180057590	Global	0x1c2	false	false
180057760	FUN_180057760	Global	0x4	false	false
180057770	FUN_180057770	Global	0xaf	false	false
180057820	FUN_180057820	Global	0xa5	false	false
1800578d0	FUN_1800578d0	Global	0x20f	false	false
180057ae0	FUN_180057ae0	Global	0x255	false	false
180057d40	FUN_180057d40	Global	0x1e	false	false
180057d60	FUN_180057d60	Global	0x9d	false	false
180057e00	FUN_180057e00	Global	0x1ae	false	false
180057fb0	FUN_180057fb0	Global	0x2b	false	false
180057fe0	FUN_180057fe0	Global	0x108	false	false
1800580f0	FUN_1800580f0	Global	0x21	false	false
180058120	FUN_180058120	Global	0x19c	false	false
1800582c0	FUN_1800582c0	Global	0x13d	false	false
180058400	FUN_180058400	Global	0x280	false	false
1800586b0	FUN_1800586b0	Global	0x294	false	false
180058950	FUN_180058950	Global	0x22f	false	false
180058b80	FUN_180058b80	Global	0x18f	false	false
180058d10	FUN_180058d10	Global	0x21b	false	false
180058f30	FUN_180058f30	Global	0x21b	false	false
180059150	FUN_180059150	Global	0x21b	false	false
180059370	FUN_180059370	Global	0x17e	false	false
1800594f0	FUN_1800594f0	Global	0x223	false	false
180059720	FUN_180059720	Global	0x65d	false	false
180059de0	FUN_180059de0	Global	0xd	false	false
180059df0	FUN_180059df0	Global	0x22d	false	false
18005a0c0	FUN_18005a0c0	Global	0x270	false	false
18005a330	FUN_18005a330	Global	0xb2	false	false
18005a3f0	FUN_18005a3f0	Global	0x8d	false	false
18005a480	FUN_18005a480	Global	0xb	false	false
18005a490	FUN_18005a490	Global	0xa9	false	false
18005a540	FUN_18005a540	Global	0x223	false	false
18005a770	FUN_18005a770	Global	0xa9	false	false
18005a820	FUN_18005a820	Global	0x223	false	false
18005aa50	FUN_18005aa50	Global	0x215	false	false
18005ac70	FUN_18005ac70	Global	0xa9	false	false
18005ad20	FUN_18005ad20	Global	0x223	false	false
18005af50	FUN_18005af50	Global	0x215	false	false
18005b170	FUN_18005b170	Global	0xa9	false	false
18005b220	FUN_18005b220	Global	0x221	false	false
18005b450	FUN_18005b450	Global	0x223	false	false
18005b680	FUN_18005b680	Global	0xa9	false	false
18005b730	FUN_18005b730	Global	0x223	false	false
18005b960	FUN_18005b960	Global	0x223	false	false
18005bb90	FUN_18005bb90	Global	0x204	false	false
18005bda0	FUN_18005bda0	Global	0x223	false	false
18005bfd0	FUN_18005bfd0	Global	0x223	false	false
18005c200	FUN_18005c200	Global	0x20f	false	false
18005c430	FUN_18005c430	Global	0x19a	false	false
18005c5d0	FUN_18005c5d0	Global	0x4f	false	false
18005c630	FUN_18005c630	Global	0x4f	false	false
18005c690	FUN_18005c690	Global	0x174	false	false
18005c810	FUN_18005c810	Global	0x236	false	false
18005ca50	FUN_18005ca50	Global	0x233	false	false
18005cc90	FUN_18005cc90	Global	0x16c	false	false
18005ce00	FUN_18005ce00	Global	0x25d	false	false
18005d060	FUN_18005d060	Global	0x16c	false	false
18005d1d0	FUN_18005d1d0	Global	0xd8	false	false
18005d2b0	FUN_18005d2b0	Global	0x229	false	false
18005d4e0	FUN_18005d4e0	Global	0x1b7	false	false
18005d6a0	FUN_18005d6a0	Global	0x161	false	false
18005d810	FUN_18005d810	Global	0xca	false	false
18005d8e0	FUN_18005d8e0	Global	0x16c	false	false
18005da50	FUN_18005da50	Global	0x13d	false	false
18005db90	FUN_18005db90	Global	0x185	false	false
18005dd20	FUN_18005dd20	Global	0x164	false	false
18005de90	FUN_18005de90	Global	0x130	false	false
18005dfc0	FUN_18005dfc0	Global	0x130	false	false
18005e0f0	FUN_18005e0f0	Global	0x14c	false	false
18005e240	FUN_18005e240	Global	0x2c2	false	false
18005e510	FUN_18005e510	Global	0x322	false	false
18005e890	FUN_18005e890	Global	0x9b	false	false
18005e930	FUN_18005e930	Global	0x34b	false	false
18005ec80	FUN_18005ec80	Global	0x340	false	false
18005efd0	FUN_18005efd0	Global	0x333	false	false
18005f310	FUN_18005f310	Global	0x333	false	false
18005f650	FUN_18005f650	Global	0x33a	false	false
18005f990	FUN_18005f990	Global	0x315	false	false
18005fcb0	FUN_18005fcb0	Global	0x261	false	false
18005ff20	FUN_18005ff20	Global	0x6a	false	false
18005ff90	FUN_18005ff90	Global	0x182	false	false
180060120	FUN_180060120	Global	0x14f	false	false
180060280	FUN_180060280	Global	0x184	false	false
180060410	FUN_180060410	Global	0x41	false	false
1800604a0	FUN_1800604a0	Global	0x8e	false	false
180060540	FUN_180060540	Global	0x193	false	false
1800606e0	FUN_1800606e0	Global	0x18f	false	false
180060890	FUN_180060890	Global	0x1d0	false	false
180060a60	FUN_180060a60	Global	0x8	false	false
180060a70	FUN_180060a70	Global	0x1a	false	false
180060a90	FUN_180060a90	Global	0x16	false	false
180060ab0	FUN_180060ab0	Global	0x8	false	false
180060ac0	FUN_180060ac0	Global	0x16	false	false
180060ae0	FUN_180060ae0	Global	0x124	false	false
180060c10	FUN_180060c10	Global	0x94	false	false
180060cd0	FUN_180060cd0	Global	0x194	false	false
180060e90	FUN_180060e90	Global	0x204	false	false
1800610a0	FUN_1800610a0	Global	0x3aa	false	false
180061450	FUN_180061450	Global	0x2bd	false	false
180061710	FUN_180061710	Global	0x1bc	false	false
1800618d0	FUN_1800618d0	Global	0x66a	false	false
180061f40	FUN_180061f40	Global	0x84	false	false
180061fd0	FUN_180061fd0	Global	0x63c	false	false
180062670	FUN_180062670	Global	0x1a0	false	false
180062810	FUN_180062810	Global	0x86	false	false
1800628a0	FUN_1800628a0	Global	0x2d9	false	false
180062b80	FUN_180062b80	Global	0x67	false	false
180062bf0	FUN_180062bf0	Global	0x75	false	false
180062c70	FUN_180062c70	Global	0xbc	false	false
180062d30	FUN_180062d30	Global	0x17e	false	false
180062ec0	FUN_180062ec0	Global	0x221	false	false
1800630f0	FUN_1800630f0	Global	0x197	false	false
180063290	FUN_180063290	Global	0x1d2	false	false
180063470	FUN_180063470	Global	0x14d	false	false
1800635c0	FUN_1800635c0	Global	0x25d	false	false
180063820	FUN_180063820	Global	0xff	false	false
180063920	FUN_180063920	Global	0x163	false	false
180063a90	FUN_180063a90	Global	0xf6	false	false
180063b90	FUN_180063b90	Global	0x32	false	false
180063bd0	FUN_180063bd0	Global	0xba	false	false
180063c90	FUN_180063c90	Global	0x8	false	false
180063ca0	FUN_180063ca0	Global	0x7f	false	false
180063d20	FUN_180063d20	Global	0x16	false	false
180063d40	FUN_180063d40	Global	0xf	false	false
180063d50	FUN_180063d50	Global	0x8	false	false
180063d60	FUN_180063d60	Global	0x29	false	false
180063d90	FUN_180063d90	Global	0x16	false	false
180063db0	FUN_180063db0	Global	0x8	false	false
180063dc0	FUN_180063dc0	Global	0x5f	false	false
180063e20	FUN_180063e20	Global	0x20	false	false
180063e40	FUN_180063e40	Global	0x8	false	false
180063e50	FUN_180063e50	Global	0x16	false	false
180063e70	FUN_180063e70	Global	0xf	false	false
180063e80	FUN_180063e80	Global	0x8	false	false
180063e90	FUN_180063e90	Global	0x9	false	false
180063ea0	FUN_180063ea0	Global	0x1e	false	false
180063ec0	FUN_180063ec0	Global	0x8	false	false
180063ed0	FUN_180063ed0	Global	0xf	false	false
180063ee0	FUN_180063ee0	Global	0x28	false	false
180063f10	FUN_180063f10	Global	0x136	false	false
180064070	FUN_180064070	Global	0x4f2	false	false
180064570	FUN_180064570	Global	0x86	false	false
180064600	FUN_180064600	Global	0x42b	false	false
180064a30	FUN_180064a30	Global	0x181	false	false
180064bc0	FUN_180064bc0	Global	0x181	false	false
180064d50	FUN_180064d50	Global	0x1f0	false	false
180064f50	FUN_180064f50	Global	0x251	false	false
1800651b0	FUN_1800651b0	Global	0x122	false	false
1800652e0	FUN_1800652e0	Global	0x3aa	false	false
180065690	FUN_180065690	Global	0x33e	false	false
1800659d0	FUN_1800659d0	Global	0x197	false	false
180065b70	FUN_180065b70	Global	0x13b	false	false
180065cb0	FUN_180065cb0	Global	0x14f8	false	false
1800671c0	FUN_1800671c0	Global	0x24d	false	false
180067410	FUN_180067410	Global	0x86	false	false
1800674a0	FUN_1800674a0	Global	0x67	false	false
180067510	FUN_180067510	Global	0x1f1	false	false
180067710	FUN_180067710	Global	0x1d7	false	false
1800678f0	FUN_1800678f0	Global	0x1d4	false	false
180067ad0	FUN_180067ad0	Global	0x1d1	false	false
180067cb0	FUN_180067cb0	Global	0x1d1	false	false
180067e90	FUN_180067e90	Global	0x1cf	false	false
180068070	FUN_180068070	Global	0x19e	false	false
180068220	FUN_180068220	Global	0x46e	false	false
180068690	FUN_180068690	Global	0x5e	false	false
1800686f0	FUN_1800686f0	Global	0x71	false	false
180068770	FUN_180068770	Global	0x1b	false	false
180068790	FUN_180068790	Global	0x15c	false	false
1800688f0	FUN_1800688f0	Global	0xc7	false	false
1800689c0	FUN_1800689c0	Global	0x2a5	false	false
180068c70	FUN_180068c70	Global	0x9f	false	false
180068d10	FUN_180068d10	Global	0x1fa	false	false
180068f10	FUN_180068f10	Global	0xe5	false	false
180069000	FUN_180069000	Global	0xf9	false	false
180069100	FUN_180069100	Global	0x2ae	false	false
1800693c0	FUN_1800693c0	Global	0x523	false	false
180069990	FUN_180069990	Global	0x112	false	false
180069ab0	FUN_180069ab0	Global	0x9c	false	false
180069b50	FUN_180069b50	Global	0x33b	false	false
180069e90	FUN_180069e90	Global	0x424	false	false
18006a2c0	FUN_18006a2c0	Global	0xca	false	false
18006a390	FUN_18006a390	Global	0x148	false	false
18006a510	FUN_18006a510	Global	0xc64	false	false
18006b180	FUN_18006b180	Global	0x1d3b	false	false
18006cee0	FUN_18006cee0	Global	0x2e5	false	false
18006d1d0	FUN_18006d1d0	Global	0xff	false	false
18006d2d0	FUN_18006d2d0	Global	0x24f	false	false
18006d520	FUN_18006d520	Global	0xb9	false	false
18006d5e0	FUN_18006d5e0	Global	0x60	false	false
18006d670	FUN_18006d670	Global	0x71	false	false
18006d6f0	FUN_18006d6f0	Global	0x9	false	false
18006d700	FUN_18006d700	Global	0x101	false	false
18006d810	FUN_18006d810	Global	0x156	false	false
18006d970	FUN_18006d970	Global	0x1ca	false	false
18006db70	FUN_18006db70	Global	0x207	false	false
18006dda0	FUN_18006dda0	Global	0x43	false	false
18006ddf0	FUN_18006ddf0	Global	0xe8	false	false
18006dee0	FUN_18006dee0	Global	0x72	false	false
18006df60	FUN_18006df60	Global	0x7f	false	false
18006dfe0	FUN_18006dfe0	Global	0xf9	false	false
18006e0e0	FUN_18006e0e0	Global	0x39d	false	false
18006e480	FUN_18006e480	Global	0x197	false	false
18006e620	FUN_18006e620	Global	0xd5	false	false
18006e700	FUN_18006e700	Global	0xaa	false	false
18006e7b0	FUN_18006e7b0	Global	0x145	false	false
18006e900	FUN_18006e900	Global	0x1320	false	false
18006fc30	FUN_18006fc30	Global	0xf4	false	false
18006fd30	FUN_18006fd30	Global	0x7e0	false	false
180070520	FUN_180070520	Global	0x339	false	false
180070860	FUN_180070860	Global	0xff	false	false
180070960	FUN_180070960	Global	0xff	false	false
180070a60	FUN_180070a60	Global	0x39	false	false
180070ac0	FUN_180070ac0	Global	0x7a	false	false
180070b40	FUN_180070b40	Global	0x8	false	false
180070b50	FUN_180070b50	Global	0xb9	false	false
180070c10	FUN_180070c10	Global	0xe	false	false
180070c20	FUN_180070c20	Global	0x8	false	false
180070c30	FUN_180070c30	Global	0x10	false	false
180070c40	FUN_180070c40	Global	0x16	false	false
180070c60	FUN_180070c60	Global	0x8	false	false
180070c70	FUN_180070c70	Global	0x9	false	false
180070c80	FUN_180070c80	Global	0x16	false	false
180070ca0	FUN_180070ca0	Global	0xac	false	false
180070d50	FUN_180070d50	Global	0xab	false	false
180070e00	FUN_180070e00	Global	0x1f	false	false
180070e20	FUN_180070e20	Global	0x231	false	false
180071060	FUN_180071060	Global	0xc43	false	false
180071d60	FUN_180071d60	Global	0x2be	false	false
180072020	FUN_180072020	Global	0xfb2	false	false
180072fe0	FUN_180072fe0	Global	0xdd	false	false
1800730c0	FUN_1800730c0	Global	0x233	false	false
180073300	FUN_180073300	Global	0x76	false	false
180073390	FUN_180073390	Global	0x7a	false	false
180073410	FUN_180073410	Global	0xd0	false	false
1800734f0	FUN_1800734f0	Global	0x88	false	false
180073580	FUN_180073580	Global	0xc6	false	false
180073650	FUN_180073650	Global	0x15d	false	false
1800737e0	FUN_1800737e0	Global	0x94	false	false
180073880	FUN_180073880	Global	0x1f	false	false
1800738a0	FUN_1800738a0	Global	0x190	false	false
180073a40	FUN_180073a40	Global	0x201	false	false
180073c50	FUN_180073c50	Global	0x202	false	false
180073e60	FUN_180073e60	Global	0x204	false	false
180074070	FUN_180074070	Global	0x3c6	false	false
180074440	FUN_180074440	Global	0x201	false	false
180074650	FUN_180074650	Global	0x213	false	false
180074870	FUN_180074870	Global	0x200	false	false
180074a70	FUN_180074a70	Global	0x20c	false	false
180074c80	FUN_180074c80	Global	0x8c8	false	false
180075550	FUN_180075550	Global	0x2f0	false	false
180075840	FUN_180075840	Global	0x29f	false	false
180075ae0	FUN_180075ae0	Global	0xd	false	false
180075af0	FUN_180075af0	Global	0x32	false	false
180075b30	FUN_180075b30	Global	0x2b	false	false
180075b60	FUN_180075b60	Global	0xdc	false	false
180075c40	FUN_180075c40	Global	0x166	false	false
180075db0	FUN_180075db0	Global	0x1d0	false	false
180075f80	FUN_180075f80	Global	0x1d1	false	false
180076160	FUN_180076160	Global	0x1ea	false	false
180076350	FUN_180076350	Global	0x1ce	false	false
180076520	FUN_180076520	Global	0x1de	false	false
180076700	FUN_180076700	Global	0x1cc	false	false
1800768d0	FUN_1800768d0	Global	0x1d8	false	false
180076ab0	FUN_180076ab0	Global	0x2ae	false	false
180076d60	FUN_180076d60	Global	0x170	false	false
180076ed0	FUN_180076ed0	Global	0x233	false	false
180077108	FUN_180077108	Global	0xc	false	false
180077114	FUN_180077114	Global	0xc	false	false
180077120	FUN_180077120	Global	0xc	false	false
18007712c	FUN_18007712c	Global	0xc	false	false
180077138	FUN_180077138	Global	0xc	false	false
180077144	FUN_180077144	Global	0xc	false	false
180077150	FUN_180077150	Global	0xe5	false	false
180077240	FUN_180077240	Global	0x1bc	false	false
180077400	FUN_180077400	Global	0x67	false	false
180077470	FUN_180077470	Global	0x306	false	false
180077780	FUN_180077780	Global	0x2d0	false	false
180077a50	FUN_180077a50	Global	0x12b	false	false
180077b80	FUN_180077b80	Global	0x71	false	false
180077c00	FUN_180077c00	Global	0x39	false	false
180077c60	FUN_180077c60	Global	0x3a7	false	false
180078010	FUN_180078010	Global	0x67	false	false
180078080	FUN_180078080	Global	0x96	false	false
180078120	FUN_180078120	Global	0x37	false	false
180078160	FUN_180078160	Global	0x2b	false	false
180078190	FUN_180078190	Global	0x2b	false	false
1800781c0	FUN_1800781c0	Global	0x280	false	false
180078450	FUN_180078450	Global	0x73	false	false
1800784d0	FUN_1800784d0	Global	0x5b	false	false
180078530	FUN_180078530	Global	0x21	false	false
180078560	FUN_180078560	Global	0x4b	false	false
1800785b0	FUN_1800785b0	Global	0x18	false	false
1800785d0	FUN_1800785d0	Global	0x21	false	false
180078640	FUN_180078640	Global	0x42	false	false
180078690	FUN_180078690	Global	0x2c8	false	false
180078960	FUN_180078960	Global	0x5d	false	false
1800789c0	FUN_1800789c0	Global	0x29e	false	false
180078c60	FUN_180078c60	Global	0x2bc	false	false
180078f20	FUN_180078f20	Global	0x4a	false	false
180078f70	FUN_180078f70	Global	0x11	false	false
180078f90	deallocate	Global	0x42	false	false
180078fe0	FUN_180078fe0	Global	0x27	false	false
180079010	FUN_180079010	Global	0x2b	false	false
18007903b	cef_string_utf16_clear	LIBCEF.DLL	0x6	true	false
180079050	FUN_180079050	Global	0x18d	false	false
1800791e0	cef_do_message_loop_work	LIBCEF.DLL	0x5	true	false
1800791f0	FUN_1800791f0	Global	0x11b	false	false
180079310	FUN_180079310	Global	0x89	false	false
1800793a0	cef_shutdown	LIBCEF.DLL	0x5	true	false
1800793b0	FUN_1800793b0	Global	0x5c	false	false
180079410	FUN_180079410	Global	0x5c	false	false
180079470	FUN_180079470	Global	0xea	false	false
180079560	FUN_180079560	Global	0x1a0	false	false
180079700	FUN_180079700	Global	0x1a3	false	false
1800798b0	FUN_1800798b0	Global	0x85	false	false
180079940	FUN_180079940	Global	0x85	false	false
1800799d0	FUN_1800799d0	Global	0x85	false	false
180079a60	FUN_180079a60	Global	0x85	false	false
180079af0	FUN_180079af0	Global	0xe9	false	false
180079be0	FUN_180079be0	Global	0x55	false	false
180079c40	FUN_180079c40	Global	0xfd	false	false
180079d40	FUN_180079d40	Global	0x102	false	false
180079e60	FUN_180079e60	Global	0xef	false	false
180079f50	FUN_180079f50	Global	0x25	false	false
180079f80	FUN_180079f80	Global	0x6b	false	false
180079ff0	FUN_180079ff0	Global	0x1c	false	false
18007a010	FUN_18007a010	Global	0x8b	false	false
18007a0a0	FUN_18007a0a0	Global	0x57	false	false
18007a100	FUN_18007a100	Global	0x8b	false	false
18007a190	FUN_18007a190	Global	0x177	false	false
18007a310	FUN_18007a310	Global	0x8b	false	false
18007a3a0	FUN_18007a3a0	Global	0x5c	false	false
18007a400	FUN_18007a400	Global	0x72	false	false
18007a480	FUN_18007a480	Global	0x72	false	false
18007a500	FUN_18007a500	Global	0x77	false	false
18007a580	FUN_18007a580	Global	0x77	false	false
18007a600	FUN_18007a600	Global	0xd0	false	false
18007a6d0	FUN_18007a6d0	Global	0x64	false	false
18007a740	FUN_18007a740	Global	0x72	false	false
18007a7c0	FUN_18007a7c0	Global	0x8e	false	false
18007a850	FUN_18007a850	Global	0x1a3	false	false
18007aa00	FUN_18007aa00	Global	0x1a3	false	false
18007abb0	FUN_18007abb0	Global	0x1a0	false	false
18007ad50	FUN_18007ad50	Global	0x82	false	false
18007ade0	FUN_18007ade0	Global	0x6b	false	false
18007ae50	FUN_18007ae50	Global	0x1c	false	false
18007ae70	FUN_18007ae70	Global	0x77	false	false
18007aef0	FUN_18007aef0	Global	0x8b	false	false
18007af80	FUN_18007af80	Global	0x27	false	false
18007afb0	FUN_18007afb0	Global	0x9d	false	false
18007b050	FUN_18007b050	Global	0x94	false	false
18007b0f0	FUN_18007b0f0	Global	0x9d	false	false
18007b190	FUN_18007b190	Global	0x92	false	false
18007b230	FUN_18007b230	Global	0x8f	false	false
18007b2c0	FUN_18007b2c0	Global	0x9d	false	false
18007b360	FUN_18007b360	Global	0x72	false	false
18007b3e0	FUN_18007b3e0	Global	0x180	false	false
18007b560	FUN_18007b560	Global	0x8c	false	false
18007b5f0	FUN_18007b5f0	Global	0x9d	false	false
18007b690	FUN_18007b690	Global	0x72	false	false
18007b710	FUN_18007b710	Global	0x72	false	false
18007b790	FUN_18007b790	Global	0x109	false	false
18007b8a0	FUN_18007b8a0	Global	0x77	false	false
18007b920	FUN_18007b920	Global	0x77	false	false
18007b9a0	FUN_18007b9a0	Global	0x109	false	false
18007bab0	FUN_18007bab0	Global	0x77	false	false
18007bb30	FUN_18007bb30	Global	0xd0	false	false
18007bc00	FUN_18007bc00	Global	0x91	false	false
18007bca0	FUN_18007bca0	Global	0x10d	false	false
18007bdb0	FUN_18007bdb0	Global	0x93	false	false
18007be50	FUN_18007be50	Global	0x10d	false	false
18007bf60	FUN_18007bf60	Global	0x99	false	false
18007c000	FUN_18007c000	Global	0x92	false	false
18007c0a0	FUN_18007c0a0	Global	0x10d	false	false
18007c1b0	FUN_18007c1b0	Global	0x94	false	false
18007c250	FUN_18007c250	Global	0x91	false	false
18007c2f0	FUN_18007c2f0	Global	0x92	false	false
18007c390	FUN_18007c390	Global	0x10d	false	false
18007c4a0	FUN_18007c4a0	Global	0x64	false	false
18007c510	FUN_18007c510	Global	0x72	false	false
18007c590	FUN_18007c590	Global	0xea	false	false
18007c680	FUN_18007c680	Global	0xea	false	false
18007c770	FUN_18007c770	Global	0x111	false	false
18007c890	FUN_18007c890	Global	0x1a3	false	false
18007ca40	FUN_18007ca40	Global	0xae	false	false
18007caf0	FUN_18007caf0	Global	0x2b	false	false
18007cb20	FUN_18007cb20	Global	0x2b	false	false
18007cb90	FUN_18007cb90	Global	0x4f	false	false
18007cbe0	FUN_18007cbe0	Global	0x1a3	false	false
18007cd90	FUN_18007cd90	Global	0x12a	false	false
18007cec0	FUN_18007cec0	Global	0x85	false	false
18007cf50	FUN_18007cf50	Global	0x85	false	false
18007cfe0	FUN_18007cfe0	Global	0x85	false	false
18007d070	FUN_18007d070	Global	0x12b	false	false
18007d1a0	FUN_18007d1a0	Global	0x12b	false	false
18007d2d0	FUN_18007d2d0	Global	0x12b	false	false
18007d400	FUN_18007d400	Global	0x132	false	false
18007d540	FUN_18007d540	Global	0xeb	false	false
18007d630	FUN_18007d630	Global	0x70	false	false
18007d6a0	FUN_18007d6a0	Global	0x7e	false	false
18007d720	FUN_18007d720	Global	0x7e	false	false
18007d7a0	FUN_18007d7a0	Global	0x7e	false	false
18007d820	FUN_18007d820	Global	0x7a	false	false
18007d8a0	FUN_18007d8a0	Global	0x2b	false	false
18007d8d0	FUN_18007d8d0	Global	0x48	false	false
18007d920	FUN_18007d920	Global	0x2b	false	false
18007d950	FUN_18007d950	Global	0x1b6	false	false
18007db10	FUN_18007db10	Global	0x4f	false	false
18007db60	FUN_18007db60	Global	0x73	false	false
18007dbe0	FUN_18007dbe0	Global	0x23	false	false
18007dc10	FUN_18007dc10	Global	0x29	false	false
18007dc40	FUN_18007dc40	Global	0x29	false	false
18007dc70	FUN_18007dc70	Global	0x29	false	false
18007dca0	FUN_18007dca0	Global	0x7a	false	false
18007dd20	FUN_18007dd20	Global	0x1a3	false	false
18007ded0	FUN_18007ded0	Global	0x1a3	false	false
18007e080	FUN_18007e080	Global	0x1a3	false	false
18007e230	FUN_18007e230	Global	0x85	false	false
18007e2c0	FUN_18007e2c0	Global	0x1f4	false	false
18007e4c0	FUN_18007e4c0	Global	0x70	false	false
18007e530	FUN_18007e530	Global	0x7e	false	false
18007e5b0	FUN_18007e5b0	Global	0x7e	false	false
18007e630	FUN_18007e630	Global	0x7e	false	false
18007e6b0	FUN_18007e6b0	Global	0x7a	false	false
18007e730	FUN_18007e730	Global	0x1b6	false	false
18007e8f0	FUN_18007e8f0	Global	0x23	false	false
18007e920	FUN_18007e920	Global	0x29	false	false
18007e950	FUN_18007e950	Global	0x29	false	false
18007e980	FUN_18007e980	Global	0x29	false	false
18007e9b0	FUN_18007e9b0	Global	0x68	false	false
18007ea20	FUN_18007ea20	Global	0xea	false	false
18007eb10	FUN_18007eb10	Global	0x9f	false	false
18007ebb0	FUN_18007ebb0	Global	0x1a3	false	false
18007ed60	FUN_18007ed60	Global	0x82	false	false
18007edf0	FUN_18007edf0	Global	0x6b	false	false
18007ee60	FUN_18007ee60	Global	0x2d	false	false
18007ee90	FUN_18007ee90	Global	0x58	false	false
18007eef0	FUN_18007eef0	Global	0x65	false	false
18007ef60	FUN_18007ef60	Global	0x33	false	false
18007efa0	FUN_18007efa0	Global	0x33	false	false
18007efe0	FUN_18007efe0	Global	0x2d	false	false
18007f010	FUN_18007f010	Global	0x2d	false	false
18007f040	FUN_18007f040	Global	0xe1	false	false
18007f130	FUN_18007f130	Global	0x38	false	false
18007f170	FUN_18007f170	Global	0xe1	false	false
18007f260	FUN_18007f260	Global	0x38	false	false
18007f2a0	FUN_18007f2a0	Global	0xa1	false	false
18007f350	FUN_18007f350	Global	0x8e	false	false
18007f3e0	FUN_18007f3e0	Global	0xc6	false	false
18007f4b0	FUN_18007f4b0	Global	0x82	false	false
18007f540	FUN_18007f540	Global	0x4e	false	false
18007f590	FUN_18007f590	Global	0x2d	false	false
18007f5c0	FUN_18007f5c0	Global	0x3d	false	false
18007f600	FUN_18007f600	Global	0x3d	false	false
18007f640	FUN_18007f640	Global	0x52	false	false
18007f6a0	FUN_18007f6a0	Global	0x3f	false	false
18007f6e0	FUN_18007f6e0	Global	0x92	false	false
18007f780	FUN_18007f780	Global	0x89	false	false
18007f810	FUN_18007f810	Global	0x130	false	false
18007f940	FUN_18007f940	Global	0x130	false	false
18007fa70	FUN_18007fa70	Global	0x14c	false	false
18007fbc0	FUN_18007fbc0	Global	0xb3	false	false
18007fc80	FUN_18007fc80	Global	0x2c	false	false
18007fcb0	FUN_18007fcb0	Global	0x2d	false	false
18007fce0	FUN_18007fce0	Global	0x2d	false	false
18007fd10	FUN_18007fd10	Global	0x44	false	false
18007fd60	FUN_18007fd60	Global	0x29	false	false
18007fd90	FUN_18007fd90	Global	0x3a	false	false
18007fdd0	FUN_18007fdd0	Global	0x3a	false	false
18007fe10	FUN_18007fe10	Global	0x29	false	false
18007fe40	FUN_18007fe40	Global	0x29	false	false
18007fe70	FUN_18007fe70	Global	0x3d	false	false
18007feb0	FUN_18007feb0	Global	0x98	false	false
18007ff50	FUN_18007ff50	Global	0x24	false	false
18007ff80	FUN_18007ff80	Global	0x3a	false	false
18007ffc0	FUN_18007ffc0	Global	0x71	false	false
180080040	FUN_180080040	Global	0x82	false	false
1800800d0	FUN_1800800d0	Global	0x6b	false	false
180080140	FUN_180080140	Global	0x1c	false	false
180080160	FUN_180080160	Global	0x69	false	false
1800801d0	FUN_1800801d0	Global	0x1c5	false	false
1800803a0	FUN_1800803a0	Global	0x69	false	false
180080410	FUN_180080410	Global	0x69	false	false
180080480	FUN_180080480	Global	0xaa	false	false
180080530	FUN_180080530	Global	0x8e	false	false
1800805c0	FUN_1800805c0	Global	0x17a	false	false
180080740	FUN_180080740	Global	0x17a	false	false
1800808c0	FUN_1800808c0	Global	0x8e	false	false
180080950	FUN_180080950	Global	0xe0	false	false
180080a30	FUN_180080a30	Global	0xe3	false	false
180080b20	FUN_180080b20	Global	0x17a	false	false
180080ca0	FUN_180080ca0	Global	0x8e	false	false
180080d30	FUN_180080d30	Global	0x72	false	false
180080db0	FUN_180080db0	Global	0x72	false	false
180080e30	FUN_180080e30	Global	0x7a	false	false
180080eb0	FUN_180080eb0	Global	0x7a	false	false
180080f30	FUN_180080f30	Global	0x77	false	false
180080fb0	FUN_180080fb0	Global	0xe3	false	false
1800810a0	FUN_1800810a0	Global	0x8a	false	false
180081130	FUN_180081130	Global	0x69	false	false
1800811a0	FUN_1800811a0	Global	0x69	false	false
180081210	FUN_180081210	Global	0x69	false	false
180081280	FUN_180081280	Global	0xd0	false	false
180081350	FUN_180081350	Global	0x69	false	false
1800813c0	FUN_1800813c0	Global	0xe2	false	false
1800814b0	FUN_1800814b0	Global	0x64	false	false
180081520	FUN_180081520	Global	0x72	false	false
1800815a0	FUN_1800815a0	Global	0x69	false	false
180081610	FUN_180081610	Global	0xea	false	false
180081700	FUN_180081700	Global	0xea	false	false
1800817f0	FUN_1800817f0	Global	0x69	false	false
180081860	FUN_180081860	Global	0xe3	false	false
180081950	FUN_180081950	Global	0x1a0	false	false
180081af0	FUN_180081af0	Global	0x1a0	false	false
180081c90	FUN_180081c90	Global	0x85	false	false
180081d20	FUN_180081d20	Global	0x85	false	false
180081db0	FUN_180081db0	Global	0x85	false	false
180081e40	FUN_180081e40	Global	0x82	false	false
180081ed0	FUN_180081ed0	Global	0x6b	false	false
180081f40	FUN_180081f40	Global	0x1c	false	false
180081f60	FUN_180081f60	Global	0x8b	false	false
180081ff0	FUN_180081ff0	Global	0x8e	false	false
180082080	FUN_180082080	Global	0x77	false	false
180082100	FUN_180082100	Global	0x8e	false	false
180082190	FUN_180082190	Global	0x75	false	false
180082210	FUN_180082210	Global	0x72	false	false
180082290	FUN_180082290	Global	0x8e	false	false
180082320	FUN_180082320	Global	0x177	false	false
1800824a0	FUN_1800824a0	Global	0x72	false	false
180082520	FUN_180082520	Global	0x72	false	false
1800825a0	FUN_1800825a0	Global	0x72	false	false
180082620	FUN_180082620	Global	0x109	false	false
180082730	FUN_180082730	Global	0x77	false	false
1800827b0	FUN_1800827b0	Global	0x77	false	false
180082830	FUN_180082830	Global	0x109	false	false
180082940	FUN_180082940	Global	0x77	false	false
1800829c0	FUN_1800829c0	Global	0xd0	false	false
180082a90	FUN_180082a90	Global	0x10c	false	false
180082ba0	FUN_180082ba0	Global	0x93	false	false
180082c40	FUN_180082c40	Global	0x10c	false	false
180082d50	FUN_180082d50	Global	0x98	false	false
180082df0	FUN_180082df0	Global	0x92	false	false
180082e90	FUN_180082e90	Global	0x10c	false	false
180082fa0	FUN_180082fa0	Global	0x7a	false	false
180083020	FUN_180083020	Global	0x94	false	false
1800830c0	FUN_1800830c0	Global	0x64	false	false
180083130	FUN_180083130	Global	0x72	false	false
1800831b0	FUN_1800831b0	Global	0x8e	false	false
180083240	FUN_180083240	Global	0x60	false	false
1800832a0	FUN_1800832a0	Global	0x152	false	false
180083400	FUN_180083400	Global	0x177	false	false
180083580	FUN_180083580	Global	0x1e4	false	false
180083770	FUN_180083770	Global	0x60	false	false
1800837d0	FUN_1800837d0	Global	0x84	false	false
180083880	FUN_180083880	Global	0x90	false	false
180083910	FUN_180083910	Global	0x60	false	false
180083970	FUN_180083970	Global	0x68	false	false
1800839e0	FUN_1800839e0	Global	0x70	false	false
180083a50	FUN_180083a50	Global	0x5e	false	false
180083ab0	FUN_180083ab0	Global	0x143	false	false
180083c00	FUN_180083c00	Global	0x94	false	false
180083ca0	FUN_180083ca0	Global	0x254	false	false
180083f00	FUN_180083f00	Global	0x94	false	false
180083fa0	FUN_180083fa0	Global	0x254	false	false
180084200	FUN_180084200	Global	0x82	false	false
180084290	FUN_180084290	Global	0x6b	false	false
180084300	FUN_180084300	Global	0x2d	false	false
180084330	FUN_180084330	Global	0x2d	false	false
180084360	FUN_180084360	Global	0x2d	false	false
180084390	FUN_180084390	Global	0x38	false	false
1800843d0	FUN_1800843d0	Global	0x33	false	false
180084410	FUN_180084410	Global	0xa1	false	false
1800844c0	FUN_1800844c0	Global	0x33	false	false
180084500	FUN_180084500	Global	0x82	false	false
180084590	FUN_180084590	Global	0x6b	false	false
180084600	FUN_180084600	Global	0x1c	false	false
180084620	FUN_180084620	Global	0x77	false	false
1800846a0	FUN_1800846a0	Global	0x9a	false	false
180084740	FUN_180084740	Global	0xad	false	false
1800847f0	FUN_1800847f0	Global	0xa2	false	false
1800848a0	FUN_1800848a0	Global	0xad	false	false
180084950	FUN_180084950	Global	0x9e	false	false
1800849f0	FUN_1800849f0	Global	0x9d	false	false
180084a90	FUN_180084a90	Global	0x144	false	false
180084be0	FUN_180084be0	Global	0xad	false	false
180084c90	FUN_180084c90	Global	0x72	false	false
180084d10	FUN_180084d10	Global	0x195	false	false
180084eb0	FUN_180084eb0	Global	0x9d	false	false
180084f50	FUN_180084f50	Global	0xad	false	false
180085000	FUN_180085000	Global	0x72	false	false
180085080	FUN_180085080	Global	0x9f	false	false
180085120	FUN_180085120	Global	0x72	false	false
1800851a0	FUN_1800851a0	Global	0x109	false	false
1800852b0	FUN_1800852b0	Global	0x77	false	false
180085330	FUN_180085330	Global	0x77	false	false
1800853b0	FUN_1800853b0	Global	0x109	false	false
1800854c0	FUN_1800854c0	Global	0x77	false	false
180085540	FUN_180085540	Global	0xd0	false	false
180085610	FUN_180085610	Global	0x9f	false	false
1800856b0	FUN_1800856b0	Global	0x11e	false	false
1800857d0	FUN_1800857d0	Global	0xa3	false	false
180085880	FUN_180085880	Global	0x11e	false	false
1800859a0	FUN_1800859a0	Global	0xa9	false	false
180085a50	FUN_180085a50	Global	0xa2	false	false
180085b00	FUN_180085b00	Global	0x11e	false	false
180085c20	FUN_180085c20	Global	0xa2	false	false
180085cd0	FUN_180085cd0	Global	0xa2	false	false
180085d80	FUN_180085d80	Global	0x11e	false	false
180085ea0	FUN_180085ea0	Global	0x64	false	false
180085f10	FUN_180085f10	Global	0x72	false	false
180085f90	FUN_180085f90	Global	0x8e	false	false
180086020	FUN_180086020	Global	0xcb	false	false
1800860f0	FUN_1800860f0	Global	0x2b	false	false
180086120	FUN_180086120	Global	0x2e	false	false
180086150	FUN_180086150	Global	0x52	false	false
1800861b0	FUN_1800861b0	Global	0x12a	false	false
1800862e0	FUN_1800862e0	Global	0x85	false	false
180086370	FUN_180086370	Global	0x85	false	false
180086400	FUN_180086400	Global	0x12b	false	false
180086530	FUN_180086530	Global	0x12b	false	false
180086660	FUN_180086660	Global	0x13b	false	false
1800867a0	FUN_1800867a0	Global	0xdb	false	false
180086880	FUN_180086880	Global	0xb5	false	false
180086940	FUN_180086940	Global	0xfa	false	false
180086a40	FUN_180086a40	Global	0xc4	false	false
180086b10	FUN_180086b10	Global	0x70	false	false
180086b80	FUN_180086b80	Global	0x7e	false	false
180086c00	FUN_180086c00	Global	0x7e	false	false
180086c80	FUN_180086c80	Global	0x7e	false	false
180086d00	FUN_180086d00	Global	0xee	false	false
180086df0	FUN_180086df0	Global	0x2b	false	false
180086e20	FUN_180086e20	Global	0x2e	false	false
180086e50	FUN_180086e50	Global	0x5c	false	false
180086eb0	FUN_180086eb0	Global	0x52	false	false
180086f10	FUN_180086f10	Global	0x1a3	false	false
1800870c0	FUN_1800870c0	Global	0x1a0	false	false
180087260	FUN_180087260	Global	0x1a0	false	false
180087400	FUN_180087400	Global	0x85	false	false
180087490	FUN_180087490	Global	0x12b	false	false
1800875c0	FUN_1800875c0	Global	0x10a	false	false
1800876d0	FUN_1800876d0	Global	0xdb	false	false
1800877b0	FUN_1800877b0	Global	0x141	false	false
180087900	FUN_180087900	Global	0x141	false	false
180087a50	FUN_180087a50	Global	0x12f	false	false
180087b80	FUN_180087b80	Global	0x161	false	false
180087cf0	FUN_180087cf0	Global	0x1ac	false	false
180087ea0	FUN_180087ea0	Global	0xb4	false	false
180087f60	FUN_180087f60	Global	0x70	false	false
180087fd0	FUN_180087fd0	Global	0x7e	false	false
180088050	FUN_180088050	Global	0x7e	false	false
1800880d0	FUN_1800880d0	Global	0x7e	false	false
180088150	FUN_180088150	Global	0x94	false	false
1800881f0	FUN_1800881f0	Global	0x2b	false	false
180088220	FUN_180088220	Global	0x48	false	false
180088270	FUN_180088270	Global	0x2b	false	false
1800882a0	FUN_1800882a0	Global	0x1b6	false	false
180088460	FUN_180088460	Global	0x4f	false	false
1800884b0	FUN_1800884b0	Global	0xd6	false	false
180088590	FUN_180088590	Global	0xf4	false	false
180088690	FUN_180088690	Global	0xdb	false	false
180088770	FUN_180088770	Global	0x23	false	false
1800887a0	FUN_1800887a0	Global	0x29	false	false
1800887d0	FUN_1800887d0	Global	0x29	false	false
180088800	FUN_180088800	Global	0x29	false	false
180088830	FUN_180088830	Global	0xe	false	false
180088840	FUN_180088840	Global	0x2b	false	false
180088870	FUN_180088870	Global	0x6e	false	false
1800888e0	FUN_1800888e0	Global	0x55	false	false
180088940	FUN_180088940	Global	0x1b6	false	false
180088b00	FUN_180088b00	Global	0xcb	false	false
180088bd0	FUN_180088bd0	Global	0x48	false	false
180088c20	FUN_180088c20	Global	0x87	false	false
180088cb0	FUN_180088cb0	Global	0x5c	false	false
180088d10	FUN_180088d10	Global	0x5c	false	false
180088d70	FUN_180088d70	Global	0x5c	false	false
180088dd0	FUN_180088dd0	Global	0x5c	false	false
180088e30	FUN_180088e30	Global	0x1a0	false	false
180088fd0	FUN_180088fd0	Global	0x1a0	false	false
180089170	FUN_180089170	Global	0x1a0	false	false
180089310	FUN_180089310	Global	0x1a3	false	false
1800894c0	FUN_1800894c0	Global	0xba	false	false
180089580	FUN_180089580	Global	0xf5	false	false
180089680	FUN_180089680	Global	0x159	false	false
1800897e0	FUN_1800897e0	Global	0x11d	false	false
180089900	FUN_180089900	Global	0x141	false	false
180089a50	FUN_180089a50	Global	0x141	false	false
180089ba0	FUN_180089ba0	Global	0x128	false	false
180089cd0	FUN_180089cd0	Global	0x70	false	false
180089d40	FUN_180089d40	Global	0x7e	false	false
180089dc0	FUN_180089dc0	Global	0x7e	false	false
180089e40	FUN_180089e40	Global	0x7e	false	false
180089ec0	FUN_180089ec0	Global	0x82	false	false
180089f50	FUN_180089f50	Global	0x6b	false	false
180089fc0	FUN_180089fc0	Global	0x1c	false	false
180089fe0	FUN_180089fe0	Global	0x77	false	false
18008a060	FUN_18008a060	Global	0x77	false	false
18008a0e0	FUN_18008a0e0	Global	0x8e	false	false
18008a170	FUN_18008a170	Global	0xad	false	false
18008a220	FUN_18008a220	Global	0x9d	false	false
18008a2c0	FUN_18008a2c0	Global	0x75	false	false
18008a340	FUN_18008a340	Global	0xd5	false	false
18008a420	FUN_18008a420	Global	0xd5	false	false
18008a500	FUN_18008a500	Global	0x8b	false	false
18008a590	FUN_18008a590	Global	0x72	false	false
18008a610	FUN_18008a610	Global	0x8e	false	false
18008a6a0	FUN_18008a6a0	Global	0x69	false	false
18008a710	FUN_18008a710	Global	0x69	false	false
18008a780	FUN_18008a780	Global	0x72	false	false
18008a800	FUN_18008a800	Global	0x7a	false	false
18008a880	FUN_18008a880	Global	0x72	false	false
18008a900	FUN_18008a900	Global	0x77	false	false
18008a980	FUN_18008a980	Global	0x7a	false	false
18008aa00	FUN_18008aa00	Global	0x10c	false	false
18008ab10	FUN_18008ab10	Global	0x77	false	false
18008ab90	FUN_18008ab90	Global	0xd0	false	false
18008ac60	FUN_18008ac60	Global	0x69	false	false
18008acd0	FUN_18008acd0	Global	0x69	false	false
18008ad40	FUN_18008ad40	Global	0x69	false	false
18008adb0	FUN_18008adb0	Global	0x64	false	false
18008ae20	FUN_18008ae20	Global	0x72	false	false
18008aea0	FUN_18008aea0	Global	0x111	false	false
18008afc0	FUN_18008afc0	Global	0x1a3	false	false
18008b170	FUN_18008b170	Global	0x82	false	false
18008b200	FUN_18008b200	Global	0x4e	false	false
18008b250	FUN_18008b250	Global	0x1c	false	false
18008b270	FUN_18008b270	Global	0x175	false	false
18008b3f0	FUN_18008b3f0	Global	0x70	false	false
18008b460	FUN_18008b460	Global	0x190	false	false
18008b5f0	FUN_18008b5f0	Global	0xe4	false	false
18008b6e0	FUN_18008b6e0	Global	0x70	false	false
18008b750	FUN_18008b750	Global	0x172	false	false
18008b8d0	FUN_18008b8d0	Global	0x86	false	false
18008b960	FUN_18008b960	Global	0x6d	false	false
18008b9d0	FUN_18008b9d0	Global	0x172	false	false
18008bb50	FUN_18008bb50	Global	0x75	false	false
18008bbd0	FUN_18008bbd0	Global	0x75	false	false
18008bc50	FUN_18008bc50	Global	0x172	false	false
18008bdd0	FUN_18008bdd0	Global	0x72	false	false
18008be50	FUN_18008be50	Global	0x72	false	false
18008bed0	FUN_18008bed0	Global	0x72	false	false
18008bf50	FUN_18008bf50	Global	0xe0	false	false
18008c030	FUN_18008c030	Global	0x14c	false	false
18008c180	FUN_18008c180	Global	0x79	false	false
18008c200	FUN_18008c200	Global	0x77	false	false
18008c280	FUN_18008c280	Global	0xa6	false	false
18008c330	FUN_18008c330	Global	0xbd	false	false
18008c3f0	FUN_18008c3f0	Global	0x82	false	false
18008c480	FUN_18008c480	Global	0xdb	false	false
18008c560	FUN_18008c560	Global	0x85	false	false
18008c5f0	FUN_18008c5f0	Global	0x82	false	false
18008c680	FUN_18008c680	Global	0x64	false	false
18008c6f0	FUN_18008c6f0	Global	0x72	false	false
18008c770	FUN_18008c770	Global	0xea	false	false
18008c860	FUN_18008c860	Global	0x8e	false	false
18008c8f0	FUN_18008c8f0	Global	0x1a0	false	false
18008ca90	FUN_18008ca90	Global	0x82	false	false
18008cb20	FUN_18008cb20	Global	0x18	false	false
18008cb40	FUN_18008cb40	Global	0x4e	false	false
18008cb90	FUN_18008cb90	Global	0x1c	false	false
18008cbb0	FUN_18008cbb0	Global	0x88	false	false
18008cc40	FUN_18008cc40	Global	0x75	false	false
18008ccc0	FUN_18008ccc0	Global	0x8f	false	false
18008cd50	FUN_18008cd50	Global	0x93	false	false
18008cdf0	FUN_18008cdf0	Global	0x1a2	false	false
18008cfa0	FUN_18008cfa0	Global	0x252	false	false
18008d200	FUN_18008d200	Global	0x70	false	false
18008d270	FUN_18008d270	Global	0x70	false	false
18008d2e0	FUN_18008d2e0	Global	0x89	false	false
18008d370	FUN_18008d370	Global	0x70	false	false
18008d3e0	FUN_18008d3e0	Global	0x75	false	false
18008d460	FUN_18008d460	Global	0x7c	false	false
18008d4e0	FUN_18008d4e0	Global	0x73	false	false
18008d560	FUN_18008d560	Global	0x89	false	false
18008d5f0	FUN_18008d5f0	Global	0x70	false	false
18008d660	FUN_18008d660	Global	0x89	false	false
18008d6f0	FUN_18008d6f0	Global	0x175	false	false
18008d870	FUN_18008d870	Global	0x70	false	false
18008d8e0	FUN_18008d8e0	Global	0x148	false	false
18008da30	FUN_18008da30	Global	0x175	false	false
18008dbb0	FUN_18008dbb0	Global	0x70	false	false
18008dc20	FUN_18008dc20	Global	0x89	false	false
18008dcb0	FUN_18008dcb0	Global	0x98	false	false
18008dd50	FUN_18008dd50	Global	0x9f	false	false
18008ddf0	FUN_18008ddf0	Global	0x72	false	false
18008de70	FUN_18008de70	Global	0x75	false	false
18008def0	FUN_18008def0	Global	0x72	false	false
18008df70	FUN_18008df70	Global	0x8f	false	false
18008e000	FUN_18008e000	Global	0x93	false	false
18008e0a0	FUN_18008e0a0	Global	0x72	false	false
18008e120	FUN_18008e120	Global	0x75	false	false
18008e1a0	FUN_18008e1a0	Global	0x72	false	false
18008e220	FUN_18008e220	Global	0x72	false	false
18008e2a0	FUN_18008e2a0	Global	0x72	false	false
18008e320	FUN_18008e320	Global	0x75	false	false
18008e3a0	FUN_18008e3a0	Global	0x72	false	false
18008e420	FUN_18008e420	Global	0x72	false	false
18008e4a0	FUN_18008e4a0	Global	0x72	false	false
18008e520	FUN_18008e520	Global	0x75	false	false
18008e5a0	FUN_18008e5a0	Global	0x109	false	false
18008e6b0	FUN_18008e6b0	Global	0x72	false	false
18008e730	FUN_18008e730	Global	0x72	false	false
18008e7b0	FUN_18008e7b0	Global	0x72	false	false
18008e830	FUN_18008e830	Global	0x75	false	false
18008e8b0	FUN_18008e8b0	Global	0x72	false	false
18008e930	FUN_18008e930	Global	0x75	false	false
18008e9b0	FUN_18008e9b0	Global	0x9d	false	false
18008ea50	FUN_18008ea50	Global	0xe0	false	false
18008eb30	FUN_18008eb30	Global	0x105	false	false
18008ec40	FUN_18008ec40	Global	0x8e	false	false
18008ecd0	FUN_18008ecd0	Global	0xd8	false	false
18008edb0	FUN_18008edb0	Global	0x11b	false	false
18008eed0	FUN_18008eed0	Global	0x8d	false	false
18008ef60	FUN_18008ef60	Global	0x10e	false	false
18008f070	FUN_18008f070	Global	0x64	false	false
18008f0e0	FUN_18008f0e0	Global	0x72	false	false
18008f160	FUN_18008f160	Global	0xea	false	false
18008f250	FUN_18008f250	Global	0x8f	false	false
18008f2e0	FUN_18008f2e0	Global	0x9b	false	false
18008f380	FUN_18008f380	Global	0x9b	false	false
18008f420	FUN_18008f420	Global	0x8e	false	false
18008f4b0	FUN_18008f4b0	Global	0x75	false	false
18008f530	FUN_18008f530	Global	0x76	false	false
18008f5b0	FUN_18008f5b0	Global	0x7a	false	false
18008f630	FUN_18008f630	Global	0x1a3	false	false
18008f7e0	FUN_18008f7e0	Global	0xdf	false	false
18008f8c0	FUN_18008f8c0	Global	0x70	false	false
18008f930	FUN_18008f930	Global	0x7e	false	false
18008f9b0	FUN_18008f9b0	Global	0x7e	false	false
18008fa30	FUN_18008fa30	Global	0x7e	false	false
18008fab0	FUN_18008fab0	Global	0x7a	false	false
18008fb30	FUN_18008fb30	Global	0x1b6	false	false
18008fcf0	FUN_18008fcf0	Global	0xcf	false	false
18008fdc0	FUN_18008fdc0	Global	0x23	false	false
18008fdf0	FUN_18008fdf0	Global	0x29	false	false
18008fe20	FUN_18008fe20	Global	0x29	false	false
18008fe50	FUN_18008fe50	Global	0x29	false	false
18008fe80	FUN_18008fe80	Global	0xae	false	false
18008ff30	FUN_18008ff30	Global	0x48	false	false
18008ff80	FUN_18008ff80	Global	0x5c	false	false
18008ffe0	FUN_18008ffe0	Global	0x9f	false	false
180090080	FUN_180090080	Global	0x1a0	false	false
180090220	FUN_180090220	Global	0x70	false	false
180090290	FUN_180090290	Global	0x7e	false	false
180090310	FUN_180090310	Global	0x7e	false	false
180090390	FUN_180090390	Global	0x7e	false	false
180090410	FUN_180090410	Global	0x213	false	false
180090630	FUN_180090630	Global	0x108	false	false
180090740	FUN_180090740	Global	0xff	false	false
180090840	FUN_180090840	Global	0xdf	false	false
180090920	FUN_180090920	Global	0xff	false	false
180090a20	FUN_180090a20	Global	0x82	false	false
180090ab0	FUN_180090ab0	Global	0x6b	false	false
180090b20	FUN_180090b20	Global	0x1c	false	false
180090b40	FUN_180090b40	Global	0x69	false	false
180090bb0	FUN_180090bb0	Global	0x8b	false	false
180090c40	FUN_180090c40	Global	0x8b	false	false
180090cd0	FUN_180090cd0	Global	0x72	false	false
180090d50	FUN_180090d50	Global	0x72	false	false
180090dd0	FUN_180090dd0	Global	0x8b	false	false
180090e60	FUN_180090e60	Global	0x72	false	false
180090ee0	FUN_180090ee0	Global	0x72	false	false
180090f60	FUN_180090f60	Global	0xd0	false	false
180091030	FUN_180091030	Global	0x77	false	false
1800910b0	FUN_1800910b0	Global	0x64	false	false
180091120	FUN_180091120	Global	0x72	false	false
1800911a0	FUN_1800911a0	Global	0xea	false	false
180091290	FUN_180091290	Global	0x9b	false	false
180091330	FUN_180091330	Global	0x82	false	false
1800913c0	FUN_1800913c0	Global	0x4e	false	false
180091410	FUN_180091410	Global	0x1c	false	false
180091430	FUN_180091430	Global	0x72	false	false
1800914b0	FUN_1800914b0	Global	0x24b	false	false
180091700	FUN_180091700	Global	0x72	false	false
180091780	FUN_180091780	Global	0x86	false	false
180091810	FUN_180091810	Global	0x86	false	false
1800918a0	FUN_1800918a0	Global	0x86	false	false
180091930	FUN_180091930	Global	0x86	false	false
1800919c0	FUN_1800919c0	Global	0x72	false	false
180091a40	FUN_180091a40	Global	0x72	false	false
180091ac0	FUN_180091ac0	Global	0x106	false	false
180091bd0	FUN_180091bd0	Global	0x72	false	false
180091c50	FUN_180091c50	Global	0xe0	false	false
180091d30	FUN_180091d30	Global	0x64	false	false
180091da0	FUN_180091da0	Global	0x72	false	false
180091e20	FUN_180091e20	Global	0xea	false	false
180091f10	FUN_180091f10	Global	0x8e	false	false
180091fa0	FUN_180091fa0	Global	0x1a0	false	false
180092140	FUN_180092140	Global	0x180	false	false
1800922c0	FUN_1800922c0	Global	0x2b	false	false
1800922f0	FUN_1800922f0	Global	0x2e	false	false
180092320	FUN_180092320	Global	0x52	false	false
180092380	FUN_180092380	Global	0x9f	false	false
180092420	FUN_180092420	Global	0x85	false	false
1800924b0	FUN_1800924b0	Global	0x85	false	false
180092540	FUN_180092540	Global	0x85	false	false
1800925d0	FUN_1800925d0	Global	0x85	false	false
180092660	FUN_180092660	Global	0x85	false	false
1800926f0	FUN_1800926f0	Global	0x85	false	false
180092780	FUN_180092780	Global	0x85	false	false
180092810	FUN_180092810	Global	0x85	false	false
1800928a0	FUN_1800928a0	Global	0x85	false	false
180092930	FUN_180092930	Global	0x85	false	false
1800929c0	FUN_1800929c0	Global	0x85	false	false
180092a50	FUN_180092a50	Global	0x85	false	false
180092ae0	FUN_180092ae0	Global	0x85	false	false
180092b70	FUN_180092b70	Global	0x85	false	false
180092c00	FUN_180092c00	Global	0x85	false	false
180092c90	FUN_180092c90	Global	0x85	false	false
180092d20	FUN_180092d20	Global	0x85	false	false
180092db0	FUN_180092db0	Global	0x12a	false	false
180092ee0	FUN_180092ee0	Global	0x12b	false	false
180093010	FUN_180093010	Global	0x12b	false	false
180093140	FUN_180093140	Global	0x12b	false	false
180093270	FUN_180093270	Global	0x12b	false	false
1800933a0	FUN_1800933a0	Global	0x12b	false	false
1800934d0	FUN_1800934d0	Global	0x12b	false	false
180093600	FUN_180093600	Global	0x12b	false	false
180093730	FUN_180093730	Global	0x12b	false	false
180093860	FUN_180093860	Global	0x12b	false	false
180093990	FUN_180093990	Global	0x12b	false	false
180093ac0	FUN_180093ac0	Global	0x12b	false	false
180093bf0	FUN_180093bf0	Global	0x12b	false	false
180093d20	FUN_180093d20	Global	0x12b	false	false
180093e50	FUN_180093e50	Global	0x12b	false	false
180093f80	FUN_180093f80	Global	0x12b	false	false
1800940b0	FUN_1800940b0	Global	0x12e	false	false
1800941e0	FUN_1800941e0	Global	0x12e	false	false
180094310	FUN_180094310	Global	0x164	false	false
180094480	FUN_180094480	Global	0x70	false	false
1800944f0	FUN_1800944f0	Global	0x7e	false	false
180094570	FUN_180094570	Global	0x7e	false	false
1800945f0	FUN_1800945f0	Global	0x7e	false	false
180094670	FUN_180094670	Global	0x85	false	false
180094700	FUN_180094700	Global	0x2b	false	false
180094730	FUN_180094730	Global	0x2b	false	false
180094760	FUN_180094760	Global	0x4f	false	false
1800947b0	FUN_1800947b0	Global	0x9f	false	false
180094850	FUN_180094850	Global	0x1a3	false	false
180094a00	FUN_180094a00	Global	0x85	false	false
180094a90	FUN_180094a90	Global	0x239	false	false
180094cd0	FUN_180094cd0	Global	0xda	false	false
180094db0	FUN_180094db0	Global	0x70	false	false
180094e20	FUN_180094e20	Global	0x7e	false	false
180094ea0	FUN_180094ea0	Global	0x7e	false	false
180094f20	FUN_180094f20	Global	0x7e	false	false
180094fa0	FUN_180094fa0	Global	0xe	false	false
180094fb0	FUN_180094fb0	Global	0x70	false	false
180095020	FUN_180095020	Global	0x3e	false	false
180095060	FUN_180095060	Global	0x118	false	false
180095180	FUN_180095180	Global	0x9f	false	false
180095220	FUN_180095220	Global	0x2b	false	false
180095250	FUN_180095250	Global	0x48	false	false
1800952a0	FUN_1800952a0	Global	0x2b	false	false
1800952d0	FUN_1800952d0	Global	0x4f	false	false
180095320	FUN_180095320	Global	0x123	false	false
180095450	FUN_180095450	Global	0x1e1	false	false
180095640	FUN_180095640	Global	0x123	false	false
180095770	FUN_180095770	Global	0x115	false	false
180095890	FUN_180095890	Global	0x70	false	false
180095900	FUN_180095900	Global	0x7e	false	false
180095980	FUN_180095980	Global	0x7e	false	false
180095a00	FUN_180095a00	Global	0x7e	false	false
180095a80	FUN_180095a80	Global	0x82	false	false
180095b10	FUN_180095b10	Global	0x6b	false	false
180095b80	FUN_180095b80	Global	0x1c	false	false
180095ba0	FUN_180095ba0	Global	0x177	false	false
180095d20	FUN_180095d20	Global	0x8e	false	false
180095db0	FUN_180095db0	Global	0x195	false	false
180095f50	FUN_180095f50	Global	0xf2	false	false
180096050	FUN_180096050	Global	0x8e	false	false
1800960e0	FUN_1800960e0	Global	0x17a	false	false
180096260	FUN_180096260	Global	0x17a	false	false
1800963e0	FUN_1800963e0	Global	0x8e	false	false
180096470	FUN_180096470	Global	0x72	false	false
1800964f0	FUN_1800964f0	Global	0x8e	false	false
180096580	FUN_180096580	Global	0x177	false	false
180096700	FUN_180096700	Global	0x8e	false	false
180096790	FUN_180096790	Global	0x8e	false	false
180096820	FUN_180096820	Global	0x8e	false	false
1800968b0	FUN_1800968b0	Global	0x72	false	false
180096930	FUN_180096930	Global	0x177	false	false
180096ab0	FUN_180096ab0	Global	0x72	false	false
180096b30	FUN_180096b30	Global	0x7a	false	false
180096bb0	FUN_180096bb0	Global	0xa2	false	false
180096c60	FUN_180096c60	Global	0x7a	false	false
180096ce0	FUN_180096ce0	Global	0x72	false	false
180096d60	FUN_180096d60	Global	0x77	false	false
180096de0	FUN_180096de0	Global	0x77	false	false
180096e60	FUN_180096e60	Global	0x77	false	false
180096ee0	FUN_180096ee0	Global	0x109	false	false
180096ff0	FUN_180096ff0	Global	0x77	false	false
180097070	FUN_180097070	Global	0xd0	false	false
180097140	FUN_180097140	Global	0xae	false	false
1800971f0	FUN_1800971f0	Global	0x9f	false	false
180097290	FUN_180097290	Global	0x64	false	false
180097300	FUN_180097300	Global	0x72	false	false
180097380	FUN_180097380	Global	0x111	false	false
1800974a0	FUN_1800974a0	Global	0x82	false	false
180097530	FUN_180097530	Global	0x4e	false	false
180097580	FUN_180097580	Global	0x2d	false	false
1800975b0	FUN_1800975b0	Global	0x24	false	false
1800975e0	FUN_1800975e0	Global	0x24	false	false
180097610	FUN_180097610	Global	0x24	false	false
180097640	FUN_180097640	Global	0x130	false	false
180097770	FUN_180097770	Global	0x130	false	false
1800978a0	FUN_1800978a0	Global	0x130	false	false
1800979d0	FUN_1800979d0	Global	0x24	false	false
180097a00	FUN_180097a00	Global	0x24	false	false
180097a30	FUN_180097a30	Global	0x2d	false	false
180097a60	FUN_180097a60	Global	0x2d	false	false
180097a90	FUN_180097a90	Global	0x98	false	false
180097b30	FUN_180097b30	Global	0x8e	false	false
180097bc0	FUN_180097bc0	Global	0x82	false	false
180097c50	FUN_180097c50	Global	0x6b	false	false
180097cc0	FUN_180097cc0	Global	0x1c	false	false
180097ce0	FUN_180097ce0	Global	0x99	false	false
180097d80	FUN_180097d80	Global	0x72	false	false
180097e00	FUN_180097e00	Global	0x5c	false	false
180097e60	FUN_180097e60	Global	0x72	false	false
180097ee0	FUN_180097ee0	Global	0x72	false	false
180097f60	FUN_180097f60	Global	0x77	false	false
180097fe0	FUN_180097fe0	Global	0xd0	false	false
1800980b0	FUN_1800980b0	Global	0x64	false	false
180098120	FUN_180098120	Global	0x72	false	false
1800981a0	FUN_1800981a0	Global	0x1a0	false	false
180098340	FUN_180098340	Global	0x82	false	false
1800983d0	FUN_1800983d0	Global	0x6b	false	false
180098440	FUN_180098440	Global	0x2d	false	false
180098470	FUN_180098470	Global	0x33	false	false
1800984b0	FUN_1800984b0	Global	0x33	false	false
1800984f0	FUN_1800984f0	Global	0x2d	false	false
180098520	FUN_180098520	Global	0x2d	false	false
180098550	FUN_180098550	Global	0xa1	false	false
180098600	FUN_180098600	Global	0x82	false	false
180098690	FUN_180098690	Global	0x6b	false	false
180098700	FUN_180098700	Global	0x2d	false	false
180098730	FUN_180098730	Global	0x3a	false	false
180098770	FUN_180098770	Global	0x2d	false	false
1800987a0	FUN_1800987a0	Global	0x2d	false	false
1800987d0	FUN_1800987d0	Global	0xa1	false	false
180098880	FUN_180098880	Global	0x82	false	false
180098910	FUN_180098910	Global	0x6b	false	false
180098980	FUN_180098980	Global	0x2d	false	false
1800989b0	FUN_1800989b0	Global	0x3c	false	false
1800989f0	FUN_1800989f0	Global	0x2d	false	false
180098a20	FUN_180098a20	Global	0x2d	false	false
180098a50	FUN_180098a50	Global	0xa1	false	false
180098b00	FUN_180098b00	Global	0x82	false	false
180098b90	FUN_180098b90	Global	0x4e	false	false
180098be0	FUN_180098be0	Global	0x2d	false	false
180098c10	FUN_180098c10	Global	0x130	false	false
180098d40	FUN_180098d40	Global	0x24	false	false
180098d70	FUN_180098d70	Global	0x14c	false	false
180098ec0	FUN_180098ec0	Global	0xb3	false	false
180098f80	FUN_180098f80	Global	0x130	false	false
1800990b0	FUN_1800990b0	Global	0x24	false	false
1800990e0	FUN_1800990e0	Global	0x130	false	false
180099210	FUN_180099210	Global	0x133	false	false
180099350	FUN_180099350	Global	0x2d	false	false
180099380	FUN_180099380	Global	0x2d	false	false
1800993b0	FUN_1800993b0	Global	0x29	false	false
1800993e0	FUN_1800993e0	Global	0x98	false	false
180099480	FUN_180099480	Global	0x2e	false	false
1800994b0	FUN_1800994b0	Global	0x2c	false	false
1800994e0	FUN_1800994e0	Global	0x57	false	false
180099540	FUN_180099540	Global	0x7f	false	false
1800995c0	FUN_1800995c0	Global	0x2e	false	false
1800995f0	FUN_1800995f0	Global	0x2c	false	false
180099620	FUN_180099620	Global	0x2e	false	false
180099650	FUN_180099650	Global	0x31	false	false
180099690	FUN_180099690	Global	0x82	false	false
180099720	FUN_180099720	Global	0x22	false	false
180099750	FUN_180099750	Global	0x6b	false	false
1800997c0	FUN_1800997c0	Global	0xf5	false	false
1800998c0	FUN_1800998c0	Global	0x1c	false	false
1800998e0	FUN_1800998e0	Global	0x8a	false	false
180099970	FUN_180099970	Global	0x92	false	false
180099a10	FUN_180099a10	Global	0x92	false	false
180099ab0	FUN_180099ab0	Global	0x7a	false	false
180099b30	FUN_180099b30	Global	0x6c	false	false
180099ba0	FUN_180099ba0	Global	0x133	false	false
180099ce0	FUN_180099ce0	Global	0x9a	false	false
180099d80	FUN_180099d80	Global	0x6c	false	false
180099df0	FUN_180099df0	Global	0xf5	false	false
180099ef0	FUN_180099ef0	Global	0x6c	false	false
180099f60	FUN_180099f60	Global	0x8d	false	false
180099ff0	FUN_180099ff0	Global	0x7e	false	false
18009a070	FUN_18009a070	Global	0x8b	false	false
18009a100	FUN_18009a100	Global	0x125	false	false
18009a230	FUN_18009a230	Global	0x7d	false	false
18009a2b0	FUN_18009a2b0	Global	0xb7	false	false
18009a370	FUN_18009a370	Global	0x8b	false	false
18009a400	FUN_18009a400	Global	0x8b	false	false
18009a490	FUN_18009a490	Global	0x78	false	false
18009a510	FUN_18009a510	Global	0xf0	false	false
18009a600	FUN_18009a600	Global	0x72	false	false
18009a680	FUN_18009a680	Global	0x72	false	false
18009a700	FUN_18009a700	Global	0x8b	false	false
18009a790	FUN_18009a790	Global	0x75	false	false
18009a810	FUN_18009a810	Global	0x8e	false	false
18009a8a0	FUN_18009a8a0	Global	0x72	false	false
18009a920	FUN_18009a920	Global	0x75	false	false
18009a9a0	FUN_18009a9a0	Global	0x5c	false	false
18009aa00	FUN_18009aa00	Global	0x78	false	false
18009aa80	FUN_18009aa80	Global	0x72	false	false
18009ab00	FUN_18009ab00	Global	0x7a	false	false
18009ab80	FUN_18009ab80	Global	0x72	false	false
18009ac00	FUN_18009ac00	Global	0x77	false	false
18009ac80	FUN_18009ac80	Global	0x6c	false	false
18009acf0	FUN_18009acf0	Global	0x9e	false	false
18009ad90	FUN_18009ad90	Global	0x7d	false	false
18009ae10	FUN_18009ae10	Global	0x133	false	false
18009af50	FUN_18009af50	Global	0x7c	false	false
18009afd0	FUN_18009afd0	Global	0x7a	false	false
18009b050	FUN_18009b050	Global	0x7a	false	false
18009b0d0	FUN_18009b0d0	Global	0x77	false	false
18009b150	FUN_18009b150	Global	0x7a	false	false
18009b1d0	FUN_18009b1d0	Global	0x7a	false	false
18009b250	FUN_18009b250	Global	0x6c	false	false
18009b2c0	FUN_18009b2c0	Global	0x6c	false	false
18009b330	FUN_18009b330	Global	0x6c	false	false
18009b3a0	FUN_18009b3a0	Global	0x104	false	false
18009b4b0	FUN_18009b4b0	Global	0xd0	false	false
18009b580	FUN_18009b580	Global	0x8a	false	false
18009b610	FUN_18009b610	Global	0x150	false	false
18009b760	FUN_18009b760	Global	0x6c	false	false
18009b7d0	FUN_18009b7d0	Global	0x9b	false	false
18009b870	FUN_18009b870	Global	0x6c	false	false
18009b8e0	FUN_18009b8e0	Global	0x7e	false	false
18009b960	FUN_18009b960	Global	0xa9	false	false
18009ba10	FUN_18009ba10	Global	0x8e	false	false
18009baa0	FUN_18009baa0	Global	0x9c	false	false
18009bb40	FUN_18009bb40	Global	0x7e	false	false
18009bbc0	FUN_18009bbc0	Global	0x7c	false	false
18009bc40	FUN_18009bc40	Global	0x7d	false	false
18009bcc0	FUN_18009bcc0	Global	0x9b	false	false
18009bd60	FUN_18009bd60	Global	0x7a	false	false
18009bde0	FUN_18009bde0	Global	0x7c	false	false
18009be60	FUN_18009be60	Global	0x82	false	false
18009bef0	FUN_18009bef0	Global	0x100	false	false
18009bff0	FUN_18009bff0	Global	0x8a	false	false
18009c080	FUN_18009c080	Global	0x7d	false	false
18009c100	FUN_18009c100	Global	0x77	false	false
18009c180	FUN_18009c180	Global	0x64	false	false
18009c1f0	FUN_18009c1f0	Global	0x72	false	false
18009c270	FUN_18009c270	Global	0xea	false	false
18009c360	FUN_18009c360	Global	0x9b	false	false
18009c400	FUN_18009c400	Global	0x7d	false	false
18009c480	FUN_18009c480	Global	0x6c	false	false
18009c4f0	FUN_18009c4f0	Global	0x1a0	false	false
18009c690	FUN_18009c690	Global	0x19b	false	false
18009c830	FUN_18009c830	Global	0x85	false	false
18009c8c0	FUN_18009c8c0	Global	0x85	false	false
18009c950	FUN_18009c950	Global	0x85	false	false
18009c9e0	FUN_18009c9e0	Global	0x85	false	false
18009ca70	FUN_18009ca70	Global	0x85	false	false
18009cb00	FUN_18009cb00	Global	0x7c	false	false
18009cb80	FUN_18009cb80	Global	0x212	false	false
18009cda0	FUN_18009cda0	Global	0x82	false	false
18009ce30	FUN_18009ce30	Global	0x4e	false	false
18009ce80	FUN_18009ce80	Global	0x106	false	false
18009cf90	FUN_18009cf90	Global	0x1c	false	false
18009cfb0	FUN_18009cfb0	Global	0x6d	false	false
18009d020	FUN_18009d020	Global	0x219	false	false
18009d240	FUN_18009d240	Global	0x5c	false	false
18009d2a0	FUN_18009d2a0	Global	0x72	false	false
18009d320	FUN_18009d320	Global	0x72	false	false
18009d3a0	FUN_18009d3a0	Global	0x72	false	false
18009d420	FUN_18009d420	Global	0x72	false	false
18009d4a0	FUN_18009d4a0	Global	0xe0	false	false
18009d580	FUN_18009d580	Global	0x106	false	false
18009d690	FUN_18009d690	Global	0x64	false	false
18009d700	FUN_18009d700	Global	0x64	false	false
18009d770	FUN_18009d770	Global	0x72	false	false
18009d7f0	FUN_18009d7f0	Global	0xea	false	false
18009d8e0	FUN_18009d8e0	Global	0x8e	false	false
18009d970	FUN_18009d970	Global	0x1a0	false	false
18009db10	FUN_18009db10	Global	0x6b	false	false
18009db80	FUN_18009db80	Global	0x2b	false	false
18009dbb0	FUN_18009dbb0	Global	0x1c	false	false
18009dbd0	FUN_18009dbd0	Global	0x1b6	false	false
18009ddb0	FUN_18009ddb0	Global	0x40	false	false
18009ddf0	FUN_18009ddf0	Global	0x11	false	false
18009de10	FUN_18009de10	Global	0x23	false	false
18009de40	FUN_18009de40	Global	0x29	false	false
18009de70	FUN_18009de70	Global	0x29	false	false
18009dea0	FUN_18009dea0	Global	0x29	false	false
18009ded0	FUN_18009ded0	Global	0x9f	false	false
18009df70	FUN_18009df70	Global	0x82	false	false
18009e000	FUN_18009e000	Global	0x6b	false	false
18009e070	FUN_18009e070	Global	0x1c	false	false
18009e090	FUN_18009e090	Global	0x17a	false	false
18009e210	FUN_18009e210	Global	0x8b	false	false
18009e2a0	FUN_18009e2a0	Global	0x195	false	false
18009e440	FUN_18009e440	Global	0x8b	false	false
18009e4d0	FUN_18009e4d0	Global	0xaa	false	false
18009e580	FUN_18009e580	Global	0x8b	false	false
18009e610	FUN_18009e610	Global	0x8b	false	false
18009e6a0	FUN_18009e6a0	Global	0x177	false	false
18009e820	FUN_18009e820	Global	0x17a	false	false
18009e9a0	FUN_18009e9a0	Global	0x72	false	false
18009ea20	FUN_18009ea20	Global	0x72	false	false
18009eaa0	FUN_18009eaa0	Global	0x177	false	false
18009ec20	FUN_18009ec20	Global	0x72	false	false
18009eca0	FUN_18009eca0	Global	0x72	false	false
18009ed20	FUN_18009ed20	Global	0x72	false	false
18009eda0	FUN_18009eda0	Global	0x77	false	false
18009ee20	FUN_18009ee20	Global	0xd0	false	false
18009eef0	FUN_18009eef0	Global	0x64	false	false
18009ef60	FUN_18009ef60	Global	0x72	false	false
18009efe0	FUN_18009efe0	Global	0x82	false	false
18009f070	FUN_18009f070	Global	0x6b	false	false
18009f0e0	FUN_18009f0e0	Global	0x2d	false	false
18009f110	FUN_18009f110	Global	0x33	false	false
18009f150	FUN_18009f150	Global	0x4c	false	false
18009f1a0	FUN_18009f1a0	Global	0x2d	false	false
18009f1d0	FUN_18009f1d0	Global	0x2d	false	false
18009f200	FUN_18009f200	Global	0xa1	false	false
18009f2b0	FUN_18009f2b0	Global	0xa0	false	false
18009f350	FUN_18009f350	Global	0x4e	false	false
18009f3a0	FUN_18009f3a0	Global	0xfe	false	false
18009f4a0	FUN_18009f4a0	Global	0x1c	false	false
18009f4c0	FUN_18009f4c0	Global	0xf0	false	false
18009f5b0	FUN_18009f5b0	Global	0x9a	false	false
18009f650	FUN_18009f650	Global	0xdc	false	false
18009f730	FUN_18009f730	Global	0xdc	false	false
18009f810	FUN_18009f810	Global	0x75	false	false
18009f890	FUN_18009f890	Global	0xdc	false	false
18009f970	FUN_18009f970	Global	0x95	false	false
18009fa10	FUN_18009fa10	Global	0x172	false	false
18009fb90	FUN_18009fb90	Global	0x70	false	false
18009fc00	FUN_18009fc00	Global	0x70	false	false
18009fc70	FUN_18009fc70	Global	0x70	false	false
18009fce0	FUN_18009fce0	Global	0x99	false	false
18009fd80	FUN_18009fd80	Global	0xeb	false	false
18009fe70	FUN_18009fe70	Global	0x86	false	false
18009ff00	FUN_18009ff00	Global	0xeb	false	false
18009fff0	FUN_18009fff0	Global	0xa5	false	false
1800a00a0	FUN_1800a00a0	Global	0xb1	false	false
1800a0160	FUN_1800a0160	Global	0x72	false	false
1800a01e0	FUN_1800a01e0	Global	0x72	false	false
1800a0260	FUN_1800a0260	Global	0x9a	false	false
1800a0300	FUN_1800a0300	Global	0x72	false	false
1800a0380	FUN_1800a0380	Global	0x106	false	false
1800a0490	FUN_1800a0490	Global	0x106	false	false
1800a05a0	FUN_1800a05a0	Global	0x12a	false	false
1800a06d0	FUN_1800a06d0	Global	0xe0	false	false
1800a07b0	FUN_1800a07b0	Global	0xf2	false	false
1800a08b0	FUN_1800a08b0	Global	0x86	false	false
1800a0940	FUN_1800a0940	Global	0xa5	false	false
1800a09f0	FUN_1800a09f0	Global	0x156	false	false
1800a0b50	FUN_1800a0b50	Global	0x10c	false	false
1800a0c60	FUN_1800a0c60	Global	0x64	false	false
1800a0cd0	FUN_1800a0cd0	Global	0x72	false	false
1800a0d50	FUN_1800a0d50	Global	0x9b	false	false
1800a0df0	FUN_1800a0df0	Global	0x8e	false	false
1800a0e80	FUN_1800a0e80	Global	0x1a0	false	false
1800a1020	FUN_1800a1020	Global	0x1a0	false	false
1800a11c0	FUN_1800a11c0	Global	0x85	false	false
1800a1250	FUN_1800a1250	Global	0x85	false	false
1800a12e0	FUN_1800a12e0	Global	0x85	false	false
1800a1370	FUN_1800a1370	Global	0x82	false	false
1800a1400	FUN_1800a1400	Global	0x6b	false	false
1800a1470	FUN_1800a1470	Global	0x1c	false	false
1800a1490	FUN_1800a1490	Global	0x77	false	false
1800a1510	FUN_1800a1510	Global	0x8f	false	false
1800a15a0	FUN_1800a15a0	Global	0x72	false	false
1800a1620	FUN_1800a1620	Global	0x72	false	false
1800a16a0	FUN_1800a16a0	Global	0x109	false	false
1800a17b0	FUN_1800a17b0	Global	0x10a	false	false
1800a18c0	FUN_1800a18c0	Global	0x109	false	false
1800a19d0	FUN_1800a19d0	Global	0xd0	false	false
1800a1aa0	FUN_1800a1aa0	Global	0x64	false	false
1800a1b10	FUN_1800a1b10	Global	0x72	false	false
1800a1b90	FUN_1800a1b90	Global	0x111	false	false
1800a1cb0	FUN_1800a1cb0	Global	0xae	false	false
1800a1d60	FUN_1800a1d60	Global	0x87	false	false
1800a1df0	FUN_1800a1df0	Global	0x106	false	false
1800a1f00	FUN_1800a1f00	Global	0x12e	false	false
1800a2030	FUN_1800a2030	Global	0x115	false	false
1800a2150	FUN_1800a2150	Global	0xe8	false	false
1800a2240	FUN_1800a2240	Global	0xe0	false	false
1800a2320	FUN_1800a2320	Global	0x70	false	false
1800a2390	FUN_1800a2390	Global	0x7e	false	false
1800a2410	FUN_1800a2410	Global	0x7e	false	false
1800a2490	FUN_1800a2490	Global	0x7e	false	false
1800a2510	FUN_1800a2510	Global	0xae	false	false
1800a25c0	FUN_1800a25c0	Global	0xf9	false	false
1800a26c0	FUN_1800a26c0	Global	0xf9	false	false
1800a27c0	FUN_1800a27c0	Global	0xce	false	false
1800a2890	FUN_1800a2890	Global	0xce	false	false
1800a2960	FUN_1800a2960	Global	0x106	false	false
1800a2a70	FUN_1800a2a70	Global	0x70	false	false
1800a2ae0	FUN_1800a2ae0	Global	0x7e	false	false
1800a2b60	FUN_1800a2b60	Global	0x7e	false	false
1800a2be0	FUN_1800a2be0	Global	0x7e	false	false
1800a2c60	FUN_1800a2c60	Global	0xcb	false	false
1800a2d30	FUN_1800a2d30	Global	0x87	false	false
1800a2dc0	FUN_1800a2dc0	Global	0x5c	false	false
1800a2e20	FUN_1800a2e20	Global	0x5c	false	false
1800a2e80	FUN_1800a2e80	Global	0x5c	false	false
1800a2ee0	FUN_1800a2ee0	Global	0x1a3	false	false
1800a3090	FUN_1800a3090	Global	0x1a3	false	false
1800a3240	FUN_1800a3240	Global	0x1a0	false	false
1800a33e0	FUN_1800a33e0	Global	0x1a0	false	false
1800a3580	FUN_1800a3580	Global	0x180	false	false
1800a3700	FUN_1800a3700	Global	0x164	false	false
1800a3870	FUN_1800a3870	Global	0x115	false	false
1800a3990	FUN_1800a3990	Global	0x136	false	false
1800a3ad0	FUN_1800a3ad0	Global	0x115	false	false
1800a3bf0	FUN_1800a3bf0	Global	0x1bc	false	false
1800a3db0	FUN_1800a3db0	Global	0x152	false	false
1800a3f10	FUN_1800a3f10	Global	0x70	false	false
1800a3f80	FUN_1800a3f80	Global	0x7e	false	false
1800a4000	FUN_1800a4000	Global	0x7e	false	false
1800a4080	FUN_1800a4080	Global	0x7e	false	false
1800a4100	FUN_1800a4100	Global	0x7a	false	false
1800a4180	FUN_1800a4180	Global	0xba	false	false
1800a4240	FUN_1800a4240	Global	0x5c	false	false
1800a42a0	FUN_1800a42a0	Global	0x1a0	false	false
1800a4440	FUN_1800a4440	Global	0x403	false	false
1800a4850	FUN_1800a4850	Global	0x70	false	false
1800a48c0	FUN_1800a48c0	Global	0x7e	false	false
1800a4940	FUN_1800a4940	Global	0x7e	false	false
1800a49c0	FUN_1800a49c0	Global	0x7e	false	false
1800a4a40	FUN_1800a4a40	Global	0x111	false	false
1800a4b60	FUN_1800a4b60	Global	0x2b	false	false
1800a4b90	FUN_1800a4b90	Global	0x48	false	false
1800a4be0	FUN_1800a4be0	Global	0x2e	false	false
1800a4c10	FUN_1800a4c10	Global	0x87	false	false
1800a4ca0	FUN_1800a4ca0	Global	0x52	false	false
1800a4d00	FUN_1800a4d00	Global	0x162	false	false
1800a4e70	FUN_1800a4e70	Global	0xad	false	false
1800a4f20	FUN_1800a4f20	Global	0x1b9	false	false
1800a50e0	FUN_1800a50e0	Global	0xd1	false	false
1800a51c0	FUN_1800a51c0	Global	0x198	false	false
1800a5360	FUN_1800a5360	Global	0xf5	false	false
1800a5460	FUN_1800a5460	Global	0xf6	false	false
1800a5560	FUN_1800a5560	Global	0x107	false	false
1800a5670	FUN_1800a5670	Global	0x138	false	false
1800a57b0	FUN_1800a57b0	Global	0x138	false	false
1800a58f0	FUN_1800a58f0	Global	0x130	false	false
1800a5a20	FUN_1800a5a20	Global	0x70	false	false
1800a5a90	FUN_1800a5a90	Global	0x7e	false	false
1800a5b10	FUN_1800a5b10	Global	0x7e	false	false
1800a5b90	FUN_1800a5b90	Global	0x7e	false	false
1800a5c10	FUN_1800a5c10	Global	0x94	false	false
1800a5cb0	FUN_1800a5cb0	Global	0x5c	false	false
1800a5d10	FUN_1800a5d10	Global	0x5c	false	false
1800a5d70	FUN_1800a5d70	Global	0x5c	false	false
1800a5dd0	FUN_1800a5dd0	Global	0x1a0	false	false
1800a5f70	FUN_1800a5f70	Global	0x1a3	false	false
1800a6120	FUN_1800a6120	Global	0x1a0	false	false
1800a62c0	FUN_1800a62c0	Global	0x18b	false	false
1800a6450	FUN_1800a6450	Global	0x1a3	false	false
1800a6600	FUN_1800a6600	Global	0x146	false	false
1800a6750	FUN_1800a6750	Global	0x70	false	false
1800a67c0	FUN_1800a67c0	Global	0x7e	false	false
1800a6840	FUN_1800a6840	Global	0x7e	false	false
1800a68c0	FUN_1800a68c0	Global	0x7e	false	false
1800a6940	FUN_1800a6940	Global	0x20d	false	false
1800a6b50	FUN_1800a6b50	Global	0x85	false	false
1800a6be0	FID_conflict:~vector<GSISymbolEntry,std::allocator<GSISymbolEntry>_>	Global	0x7a	false	false
1800a6c60	FUN_1800a6c60	Global	0x48	false	false
1800a6cb0	FUN_1800a6cb0	Global	0x1a3	false	false
1800a6e60	FUN_1800a6e60	Global	0x12a	false	false
1800a6f90	FUN_1800a6f90	Global	0x21c	false	false
1800a71b0	FUN_1800a71b0	Global	0x70	false	false
1800a7220	FUN_1800a7220	Global	0x7e	false	false
1800a72a0	FUN_1800a72a0	Global	0x7e	false	false
1800a7320	FUN_1800a7320	Global	0x7e	false	false
1800a73a0	FUN_1800a73a0	Global	0x7a	false	false
1800a7420	FUN_1800a7420	Global	0x148	false	false
1800a7570	FUN_1800a7570	Global	0x70	false	false
1800a75e0	FUN_1800a75e0	Global	0x7e	false	false
1800a7660	FUN_1800a7660	Global	0x7e	false	false
1800a76e0	FUN_1800a76e0	Global	0x7e	false	false
1800a7760	FUN_1800a7760	Global	0x94	false	false
1800a7800	FUN_1800a7800	Global	0xe0	false	false
1800a78e0	FUN_1800a78e0	Global	0xf9	false	false
1800a79e0	FUN_1800a79e0	Global	0xf4	false	false
1800a7ae0	FUN_1800a7ae0	Global	0x70	false	false
1800a7b50	FUN_1800a7b50	Global	0x7e	false	false
1800a7bd0	FUN_1800a7bd0	Global	0x7e	false	false
1800a7c50	FUN_1800a7c50	Global	0x7e	false	false
1800a7cd0	FUN_1800a7cd0	Global	0xae	false	false
1800a7d80	FUN_1800a7d80	Global	0x126	false	false
1800a7eb0	FUN_1800a7eb0	Global	0x114	false	false
1800a7fd0	FUN_1800a7fd0	Global	0x115	false	false
1800a80f0	FUN_1800a80f0	Global	0x115	false	false
1800a8210	FUN_1800a8210	Global	0x134	false	false
1800a8350	FUN_1800a8350	Global	0x70	false	false
1800a83c0	FUN_1800a83c0	Global	0x7e	false	false
1800a8440	FUN_1800a8440	Global	0x7e	false	false
1800a84c0	FUN_1800a84c0	Global	0x7e	false	false
1800a8540	FUN_1800a8540	Global	0x9f	false	false
1800a85e0	FUN_1800a85e0	Global	0x5c	false	false
1800a8640	FUN_1800a8640	Global	0x1a0	false	false
1800a87e0	FUN_1800a87e0	Global	0x191	false	false
1800a8980	FUN_1800a8980	Global	0xe0	false	false
1800a8a60	FUN_1800a8a60	Global	0x26a	false	false
1800a8cd0	FUN_1800a8cd0	Global	0xe0	false	false
1800a8db0	FUN_1800a8db0	Global	0x70	false	false
1800a8e20	FUN_1800a8e20	Global	0x7e	false	false
1800a8ea0	FUN_1800a8ea0	Global	0x7e	false	false
1800a8f20	FUN_1800a8f20	Global	0x7e	false	false
1800a8fa0	FUN_1800a8fa0	Global	0x85	false	false
1800a9030	FUN_1800a9030	Global	0x87	false	false
1800a90c0	FUN_1800a90c0	Global	0x105	false	false
1800a91d0	FUN_1800a91d0	Global	0x13d	false	false
1800a9310	FUN_1800a9310	Global	0x70	false	false
1800a9380	FUN_1800a9380	Global	0x7e	false	false
1800a9400	FUN_1800a9400	Global	0x7e	false	false
1800a9480	FUN_1800a9480	Global	0x7e	false	false
1800a9500	FUN_1800a9500	Global	0xb9	false	false
1800a95c0	FUN_1800a95c0	Global	0x63	false	false
1800a9650	FUN_1800a9650	Global	0x2b	false	false
1800a9680	FUN_1800a9680	Global	0x48	false	false
1800a96d0	FUN_1800a96d0	Global	0x2b	false	false
1800a9700	FUN_1800a9700	Global	0x113	false	false
1800a9820	FUN_1800a9820	Global	0x87	false	false
1800a98b0	FUN_1800a98b0	Global	0x4f	false	false
1800a9900	FUN_1800a9900	Global	0xe8	false	false
1800a99f0	FUN_1800a99f0	Global	0xe0	false	false
1800a9ad0	FUN_1800a9ad0	Global	0xe0	false	false
1800a9bb0	FUN_1800a9bb0	Global	0x4e0	false	false
1800aa090	FUN_1800aa090	Global	0x64a	false	false
1800aa6e0	FUN_1800aa6e0	Global	0xf1	false	false
1800aa7e0	FUN_1800aa7e0	Global	0x70	false	false
1800aa850	FUN_1800aa850	Global	0x7e	false	false
1800aa8d0	FUN_1800aa8d0	Global	0x7e	false	false
1800aa950	FUN_1800aa950	Global	0x7e	false	false
1800aa9d0	FUN_1800aa9d0	Global	0x94	false	false
1800aaa70	FUN_1800aaa70	Global	0x5c	false	false
1800aaad0	FUN_1800aaad0	Global	0x5c	false	false
1800aab30	FUN_1800aab30	Global	0x1a0	false	false
1800aacd0	FUN_1800aacd0	Global	0x1a0	false	false
1800aae70	FUN_1800aae70	Global	0xff	false	false
1800aaf70	FUN_1800aaf70	Global	0x1ad	false	false
1800ab120	FUN_1800ab120	Global	0x18e	false	false
1800ab2b0	FUN_1800ab2b0	Global	0x70	false	false
1800ab320	FUN_1800ab320	Global	0x7e	false	false
1800ab3a0	FUN_1800ab3a0	Global	0x7e	false	false
1800ab420	FUN_1800ab420	Global	0x7e	false	false
1800ab4a0	FUN_1800ab4a0	Global	0xb9	false	false
1800ab560	FUN_1800ab560	Global	0x5c	false	false
1800ab5c0	FUN_1800ab5c0	Global	0x5c	false	false
1800ab620	FUN_1800ab620	Global	0x1a0	false	false
1800ab7c0	FUN_1800ab7c0	Global	0x1a0	false	false
1800ab960	FUN_1800ab960	Global	0x1a3	false	false
1800abb10	FUN_1800abb10	Global	0xff	false	false
1800abc10	FUN_1800abc10	Global	0x12e	false	false
1800abd40	FUN_1800abd40	Global	0x1ca	false	false
1800abf10	FUN_1800abf10	Global	0xe0	false	false
1800abff0	FUN_1800abff0	Global	0x126	false	false
1800ac120	FUN_1800ac120	Global	0xdf	false	false
1800ac200	FUN_1800ac200	Global	0x70	false	false
1800ac270	FUN_1800ac270	Global	0x7e	false	false
1800ac2f0	FUN_1800ac2f0	Global	0x7e	false	false
1800ac370	FUN_1800ac370	Global	0x7e	false	false
1800ac3f0	FUN_1800ac3f0	Global	0x195	false	false
1800ac590	FUN_1800ac590	Global	0x164	false	false
1800ac700	FUN_1800ac700	Global	0x2b	false	false
1800ac730	FUN_1800ac730	Global	0x48	false	false
1800ac780	FUN_1800ac780	Global	0x2e	false	false
1800ac7b0	FUN_1800ac7b0	Global	0x87	false	false
1800ac840	FUN_1800ac840	Global	0x52	false	false
1800ac8a0	FUN_1800ac8a0	Global	0x85	false	false
1800ac930	FUN_1800ac930	Global	0x12f	false	false
1800aca60	FUN_1800aca60	Global	0xc0	false	false
1800acb20	FUN_1800acb20	Global	0x140	false	false
1800acc60	FUN_1800acc60	Global	0x167	false	false
1800acdd0	FUN_1800acdd0	Global	0xab	false	false
1800ace80	FUN_1800ace80	Global	0xb8	false	false
1800acf40	FUN_1800acf40	Global	0x268	false	false
1800ad1b0	FUN_1800ad1b0	Global	0x1e9	false	false
1800ad3a0	FUN_1800ad3a0	Global	0x1fd	false	false
1800ad5a0	FUN_1800ad5a0	Global	0xf5	false	false
1800ad6a0	FUN_1800ad6a0	Global	0xa4	false	false
1800ad750	FUN_1800ad750	Global	0x109	false	false
1800ad860	FUN_1800ad860	Global	0x164	false	false
1800ad9d0	FUN_1800ad9d0	Global	0xf3	false	false
1800adad0	FUN_1800adad0	Global	0xf4	false	false
1800adbd0	FUN_1800adbd0	Global	0x141	false	false
1800add20	FUN_1800add20	Global	0xf1	false	false
1800ade20	FUN_1800ade20	Global	0x70	false	false
1800ade90	FUN_1800ade90	Global	0x7e	false	false
1800adf10	FUN_1800adf10	Global	0x7e	false	false
1800adf90	FUN_1800adf90	Global	0x7e	false	false
1800ae010	FUN_1800ae010	Global	0x232	false	false
1800ae250	FUN_1800ae250	Global	0x111	false	false
1800ae370	FUN_1800ae370	Global	0xa1	false	false
1800ae420	FUN_1800ae420	Global	0x5c	false	false
1800ae480	FUN_1800ae480	Global	0x1a0	false	false
1800ae620	FUN_1800ae620	Global	0x1a0	false	false
1800ae7c0	FUN_1800ae7c0	Global	0x1a0	false	false
1800ae960	FUN_1800ae960	Global	0x1a0	false	false
1800aeb00	FUN_1800aeb00	Global	0x298	false	false
1800aeda0	FUN_1800aeda0	Global	0x25d	false	false
1800af000	FUN_1800af000	Global	0x16a	false	false
1800af170	FUN_1800af170	Global	0x1b0	false	false
1800af320	FUN_1800af320	Global	0xe0	false	false
1800af400	FUN_1800af400	Global	0x184	false	false
1800af590	FUN_1800af590	Global	0xe0	false	false
1800af670	FUN_1800af670	Global	0x157	false	false
1800af7d0	FUN_1800af7d0	Global	0x11d	false	false
1800af8f0	FUN_1800af8f0	Global	0xe0	false	false
1800af9d0	FUN_1800af9d0	Global	0x2ed	false	false
1800afcc0	FUN_1800afcc0	Global	0x70	false	false
1800afd30	FUN_1800afd30	Global	0x7e	false	false
1800afdb0	FUN_1800afdb0	Global	0x7e	false	false
1800afe30	FUN_1800afe30	Global	0x7e	false	false
1800afeb0	FUN_1800afeb0	Global	0xd9	false	false
1800aff90	FUN_1800aff90	Global	0x2b	false	false
1800affc0	FUN_1800affc0	Global	0x2e	false	false
1800afff0	FUN_1800afff0	Global	0x87	false	false
1800b0080	FUN_1800b0080	Global	0x52	false	false
1800b00e0	FUN_1800b00e0	Global	0x85	false	false
1800b0170	FUN_1800b0170	Global	0x85	false	false
1800b0200	FUN_1800b0200	Global	0x18f	false	false
1800b0390	FUN_1800b0390	Global	0x190	false	false
1800b0520	FUN_1800b0520	Global	0x1c0	false	false
1800b06e0	FUN_1800b06e0	Global	0x169	false	false
1800b0850	FUN_1800b0850	Global	0x169	false	false
1800b09c0	FUN_1800b09c0	Global	0x17d	false	false
1800b0b40	FUN_1800b0b40	Global	0x159	false	false
1800b0ca0	FUN_1800b0ca0	Global	0x167	false	false
1800b0e10	FUN_1800b0e10	Global	0x70	false	false
1800b0e80	FUN_1800b0e80	Global	0x7e	false	false
1800b0f00	FUN_1800b0f00	Global	0x7e	false	false
1800b0f80	FUN_1800b0f80	Global	0x7e	false	false
1800b1000	FUN_1800b1000	Global	0x82	false	false
1800b1090	FUN_1800b1090	Global	0x4e	false	false
1800b10e0	FUN_1800b10e0	Global	0x2d	false	false
1800b1110	FUN_1800b1110	Global	0x24	false	false
1800b1140	FUN_1800b1140	Global	0x130	false	false
1800b1270	FUN_1800b1270	Global	0x24	false	false
1800b12a0	FUN_1800b12a0	Global	0x130	false	false
1800b13d0	FUN_1800b13d0	Global	0x130	false	false
1800b1500	FUN_1800b1500	Global	0x2d	false	false
1800b1530	FUN_1800b1530	Global	0x2d	false	false
1800b1560	FUN_1800b1560	Global	0x29	false	false
1800b1590	FUN_1800b1590	Global	0x29	false	false
1800b15c0	FUN_1800b15c0	Global	0x29	false	false
1800b15f0	FUN_1800b15f0	Global	0x98	false	false
1800b1690	FUN_1800b1690	Global	0xae	false	false
1800b1740	FUN_1800b1740	Global	0xe0	false	false
1800b1820	FUN_1800b1820	Global	0xe0	false	false
1800b1900	FUN_1800b1900	Global	0x149	false	false
1800b1a50	FUN_1800b1a50	Global	0x10f	false	false
1800b1b60	FUN_1800b1b60	Global	0x11d	false	false
1800b1c80	FUN_1800b1c80	Global	0x70	false	false
1800b1cf0	FUN_1800b1cf0	Global	0x7e	false	false
1800b1d70	FUN_1800b1d70	Global	0x7e	false	false
1800b1df0	FUN_1800b1df0	Global	0x7e	false	false
1800b1e70	FUN_1800b1e70	Global	0x7a	false	false
1800b1ef0	FUN_1800b1ef0	Global	0x1a3	false	false
1800b20a0	FUN_1800b20a0	Global	0x132	false	false
1800b21e0	FUN_1800b21e0	Global	0x70	false	false
1800b2250	FUN_1800b2250	Global	0x7e	false	false
1800b22d0	FUN_1800b22d0	Global	0x7e	false	false
1800b2350	FUN_1800b2350	Global	0x7e	false	false
1800b23d0	FUN_1800b23d0	Global	0x7a	false	false
1800b2450	FUN_1800b2450	Global	0x115	false	false
1800b2570	FUN_1800b2570	Global	0x70	false	false
1800b25e0	FUN_1800b25e0	Global	0x7e	false	false
1800b2660	FUN_1800b2660	Global	0x7e	false	false
1800b26e0	FUN_1800b26e0	Global	0x7e	false	false
1800b2760	FUN_1800b2760	Global	0x7a	false	false
1800b27e0	FUN_1800b27e0	Global	0x1b6	false	false
1800b29a0	FUN_1800b29a0	Global	0xe2	false	false
1800b2a90	FUN_1800b2a90	Global	0x23	false	false
1800b2ac0	FUN_1800b2ac0	Global	0x29	false	false
1800b2af0	FUN_1800b2af0	Global	0x29	false	false
1800b2b20	FUN_1800b2b20	Global	0x29	false	false
1800b2b50	FUN_1800b2b50	Global	0x7a	false	false
1800b2bd0	FUN_1800b2bd0	Global	0x1b6	false	false
1800b2d90	FUN_1800b2d90	Global	0x130	false	false
1800b2ed0	FUN_1800b2ed0	Global	0x23	false	false
1800b2f00	FUN_1800b2f00	Global	0x29	false	false
1800b2f30	FUN_1800b2f30	Global	0x29	false	false
1800b2f60	FUN_1800b2f60	Global	0x29	false	false
1800b2f90	FUN_1800b2f90	Global	0x82	false	false
1800b3020	FUN_1800b3020	Global	0x6b	false	false
1800b3090	FUN_1800b3090	Global	0x99	false	false
1800b3130	FUN_1800b3130	Global	0x1c	false	false
1800b3150	FUN_1800b3150	Global	0x6c	false	false
1800b31c0	FUN_1800b31c0	Global	0x8b	false	false
1800b3250	FUN_1800b3250	Global	0x106	false	false
1800b3360	FUN_1800b3360	Global	0x17a	false	false
1800b34e0	FUN_1800b34e0	Global	0xf4	false	false
1800b35e0	FUN_1800b35e0	Global	0xf4	false	false
1800b36e0	FUN_1800b36e0	Global	0x177	false	false
1800b3860	FUN_1800b3860	Global	0x177	false	false
1800b39e0	FUN_1800b39e0	Global	0x177	false	false
1800b3b60	FUN_1800b3b60	Global	0x8e	false	false
1800b3bf0	FUN_1800b3bf0	Global	0x81	false	false
1800b3c80	FUN_1800b3c80	Global	0x177	false	false
1800b3e00	FUN_1800b3e00	Global	0x177	false	false
1800b3f80	FUN_1800b3f80	Global	0x177	false	false
1800b4100	FUN_1800b4100	Global	0x72	false	false
1800b4180	FUN_1800b4180	Global	0x7a	false	false
1800b4200	FUN_1800b4200	Global	0x72	false	false
1800b4280	FUN_1800b4280	Global	0x77	false	false
1800b4300	FUN_1800b4300	Global	0x77	false	false
1800b4380	FUN_1800b4380	Global	0x77	false	false
1800b4400	FUN_1800b4400	Global	0x77	false	false
1800b4480	FUN_1800b4480	Global	0xd0	false	false
1800b4550	FUN_1800b4550	Global	0x6c	false	false
1800b45c0	FUN_1800b45c0	Global	0x7e	false	false
1800b4640	FUN_1800b4640	Global	0x7e	false	false
1800b46c0	FUN_1800b46c0	Global	0x7e	false	false
1800b4740	FUN_1800b4740	Global	0x7e	false	false
1800b47c0	FUN_1800b47c0	Global	0x7e	false	false
1800b4840	FUN_1800b4840	Global	0x7e	false	false
1800b48c0	FUN_1800b48c0	Global	0x64	false	false
1800b4930	FUN_1800b4930	Global	0x72	false	false
1800b49b0	FUN_1800b49b0	Global	0xea	false	false
1800b4aa0	FUN_1800b4aa0	Global	0x8e	false	false
1800b4b30	FUN_1800b4b30	Global	0x82	false	false
1800b4bc0	FUN_1800b4bc0	Global	0x6b	false	false
1800b4c30	FUN_1800b4c30	Global	0x1c	false	false
1800b4c50	FUN_1800b4c50	Global	0x7e	false	false
1800b4cd0	FUN_1800b4cd0	Global	0x177	false	false
1800b4e50	FUN_1800b4e50	Global	0x72	false	false
1800b4ed0	FUN_1800b4ed0	Global	0x177	false	false
1800b5050	FUN_1800b5050	Global	0x8b	false	false
1800b50e0	FUN_1800b50e0	Global	0x177	false	false
1800b5260	FUN_1800b5260	Global	0x77	false	false
1800b52e0	FUN_1800b52e0	Global	0x177	false	false
1800b5460	FUN_1800b5460	Global	0x72	false	false
1800b54e0	FUN_1800b54e0	Global	0x72	false	false
1800b5560	FUN_1800b5560	Global	0x77	false	false
1800b55e0	FUN_1800b55e0	Global	0x77	false	false
1800b5660	FUN_1800b5660	Global	0xd0	false	false
1800b5730	FUN_1800b5730	Global	0x64	false	false
1800b57a0	FUN_1800b57a0	Global	0x72	false	false
1800b5820	FUN_1800b5820	Global	0x1a0	false	false
1800b59c0	FUN_1800b59c0	Global	0x5d	false	false
1800b5a20	FUN_1800b5a20	Global	0x2f	false	false
1800b5a50	FUN_1800b5a50	Global	0x25	false	false
1800b5a80	FUN_1800b5a80	Global	0x60	false	false
1800b5ae0	FUN_1800b5ae0	Global	0x2d	false	false
1800b5b10	FUN_1800b5b10	Global	0x2d	false	false
1800b5b40	FUN_1800b5b40	Global	0x2d	false	false
1800b5b70	FUN_1800b5b70	Global	0x96	false	false
1800b5c10	FUN_1800b5c10	Global	0x82	false	false
1800b5ca0	FUN_1800b5ca0	Global	0x4e	false	false
1800b5cf0	FUN_1800b5cf0	Global	0x2d	false	false
1800b5d20	FUN_1800b5d20	Global	0x49	false	false
1800b5d70	FUN_1800b5d70	Global	0x24	false	false
1800b5da0	FUN_1800b5da0	Global	0x130	false	false
1800b5ed0	FUN_1800b5ed0	Global	0x24	false	false
1800b5f00	FUN_1800b5f00	Global	0x2d	false	false
1800b5f30	FUN_1800b5f30	Global	0x2d	false	false
1800b5f60	FUN_1800b5f60	Global	0x29	false	false
1800b5f90	FUN_1800b5f90	Global	0x98	false	false
1800b6030	FUN_1800b6030	Global	0x3c	false	false
1800b6070	FUN_1800b6070	Global	0x24	false	false
1800b60a0	FUN_1800b60a0	Global	0x3a	false	false
1800b60e0	FUN_1800b60e0	Global	0x8e	false	false
1800b6170	FUN_1800b6170	Global	0x7a	false	false
1800b61f0	FUN_1800b61f0	Global	0x1b6	false	false
1800b63b0	FUN_1800b63b0	Global	0xc5	false	false
1800b6480	FUN_1800b6480	Global	0x23	false	false
1800b64b0	FUN_1800b64b0	Global	0x29	false	false
1800b64e0	FUN_1800b64e0	Global	0x29	false	false
1800b6510	FUN_1800b6510	Global	0x29	false	false
1800b6540	FUN_1800b6540	Global	0x7a	false	false
1800b65c0	FUN_1800b65c0	Global	0x1b6	false	false
1800b6780	FUN_1800b6780	Global	0x138	false	false
1800b68c0	FUN_1800b68c0	Global	0x23	false	false
1800b68f0	FUN_1800b68f0	Global	0x29	false	false
1800b6920	FUN_1800b6920	Global	0x29	false	false
1800b6950	FUN_1800b6950	Global	0x29	false	false
1800b6980	FUN_1800b6980	Global	0x7a	false	false
1800b6a00	FUN_1800b6a00	Global	0x1b6	false	false
1800b6bc0	FUN_1800b6bc0	Global	0x130	false	false
1800b6cf0	FUN_1800b6cf0	Global	0x23	false	false
1800b6d20	FUN_1800b6d20	Global	0x29	false	false
1800b6d50	FUN_1800b6d50	Global	0x29	false	false
1800b6d80	FUN_1800b6d80	Global	0x29	false	false
1800b6db0	FUN_1800b6db0	Global	0x82	false	false
1800b6e40	FUN_1800b6e40	Global	0x4e	false	false
1800b6e90	FUN_1800b6e90	Global	0x1c	false	false
1800b6eb0	FUN_1800b6eb0	Global	0x116	false	false
1800b6fd0	FUN_1800b6fd0	Global	0x102	false	false
1800b70e0	FUN_1800b70e0	Global	0x72	false	false
1800b7160	FUN_1800b7160	Global	0x72	false	false
1800b71e0	FUN_1800b71e0	Global	0xe0	false	false
1800b72c0	FUN_1800b72c0	Global	0x125	false	false
1800b73f0	FUN_1800b73f0	Global	0x64	false	false
1800b7460	FUN_1800b7460	Global	0x72	false	false
1800b74e0	FUN_1800b74e0	Global	0x106	false	false
1800b75f0	FUN_1800b75f0	Global	0x128	false	false
1800b7720	FUN_1800b7720	Global	0x85	false	false
1800b77b0	FUN_1800b77b0	Global	0x85	false	false
1800b7840	FUN_1800b7840	Global	0x85	false	false
1800b78d0	FUN_1800b78d0	Global	0x82	false	false
1800b7960	FUN_1800b7960	Global	0x6b	false	false
1800b79d0	FUN_1800b79d0	Global	0xf2	false	false
1800b7ad0	FUN_1800b7ad0	Global	0x1c	false	false
1800b7af0	FUN_1800b7af0	Global	0x20d	false	false
1800b7d00	FUN_1800b7d00	Global	0xaa	false	false
1800b7db0	FUN_1800b7db0	Global	0x5c	false	false
1800b7e10	FUN_1800b7e10	Global	0x72	false	false
1800b7e90	FUN_1800b7e90	Global	0x72	false	false
1800b7f10	FUN_1800b7f10	Global	0x69	false	false
1800b7f80	FUN_1800b7f80	Global	0x69	false	false
1800b7ff0	FUN_1800b7ff0	Global	0xd0	false	false
1800b80c0	FUN_1800b80c0	Global	0x64	false	false
1800b8130	FUN_1800b8130	Global	0x72	false	false
1800b81b0	FUN_1800b81b0	Global	0xea	false	false
1800b82a0	FUN_1800b82a0	Global	0xea	false	false
1800b8390	FUN_1800b8390	Global	0x1a0	false	false
1800b8530	FUN_1800b8530	Global	0x85	false	false
1800b85c0	FUN_1800b85c0	Global	0x85	false	false
1800b8650	FUN_1800b8650	Global	0x82	false	false
1800b86e0	FUN_1800b86e0	Global	0x6b	false	false
1800b8750	FUN_1800b8750	Global	0x2d	false	false
1800b8780	FUN_1800b8780	Global	0xf9	false	false
1800b8880	FUN_1800b8880	Global	0x36	false	false
1800b88c0	FUN_1800b88c0	Global	0x13b	false	false
1800b8a00	FUN_1800b8a00	Global	0x13b	false	false
1800b8b40	FUN_1800b8b40	Global	0x13b	false	false
1800b8c80	FUN_1800b8c80	Global	0x36	false	false
1800b8cc0	FUN_1800b8cc0	Global	0x36	false	false
1800b8d00	FUN_1800b8d00	Global	0x13e	false	false
1800b8e40	FUN_1800b8e40	Global	0x13b	false	false
1800b8f80	FUN_1800b8f80	Global	0x13e	false	false
1800b90c0	FUN_1800b90c0	Global	0x13b	false	false
1800b9200	FUN_1800b9200	Global	0x13b	false	false
1800b9340	FUN_1800b9340	Global	0x33	false	false
1800b9380	FUN_1800b9380	Global	0x13b	false	false
1800b94c0	FUN_1800b94c0	Global	0x33	false	false
1800b9500	FUN_1800b9500	Global	0x33	false	false
1800b9540	FUN_1800b9540	Global	0x2d	false	false
1800b9570	FUN_1800b9570	Global	0x38	false	false
1800b95b0	FUN_1800b95b0	Global	0x2d	false	false
1800b95e0	FUN_1800b95e0	Global	0x3b	false	false
1800b9620	FUN_1800b9620	Global	0x3b	false	false
1800b9660	FUN_1800b9660	Global	0x3b	false	false
1800b96a0	FUN_1800b96a0	Global	0xa1	false	false
1800b9750	FUN_1800b9750	Global	0x82	false	false
1800b97e0	FUN_1800b97e0	Global	0x6b	false	false
1800b9850	FUN_1800b9850	Global	0x9d	false	false
1800b98f0	FUN_1800b98f0	Global	0x9d	false	false
1800b9990	FUN_1800b9990	Global	0xac	false	false
1800b9a40	FUN_1800b9a40	Global	0x1c	false	false
1800b9a60	FUN_1800b9a60	Global	0x77	false	false
1800b9ae0	FUN_1800b9ae0	Global	0xb8	false	false
1800b9ba0	FUN_1800b9ba0	Global	0x77	false	false
1800b9c20	FUN_1800b9c20	Global	0x113	false	false
1800b9d40	FUN_1800b9d40	Global	0x113	false	false
1800b9e60	FUN_1800b9e60	Global	0x9f	false	false
1800b9f00	FUN_1800b9f00	Global	0x9f	false	false
1800b9fa0	FUN_1800b9fa0	Global	0x8f	false	false
1800ba030	FUN_1800ba030	Global	0x72	false	false
1800ba0b0	FUN_1800ba0b0	Global	0x8d	false	false
1800ba140	FUN_1800ba140	Global	0x8f	false	false
1800ba1d0	FUN_1800ba1d0	Global	0x8d	false	false
1800ba260	FUN_1800ba260	Global	0x17f	false	false
1800ba3e0	FUN_1800ba3e0	Global	0x180	false	false
1800ba560	FUN_1800ba560	Global	0x9c	false	false
1800ba600	FUN_1800ba600	Global	0x9d	false	false
1800ba6a0	FUN_1800ba6a0	Global	0x8d	false	false
1800ba730	FUN_1800ba730	Global	0x8f	false	false
1800ba7c0	FUN_1800ba7c0	Global	0x92	false	false
1800ba860	FUN_1800ba860	Global	0x94	false	false
1800ba900	FUN_1800ba900	Global	0x72	false	false
1800ba980	FUN_1800ba980	Global	0x72	false	false
1800baa00	FUN_1800baa00	Global	0xae	false	false
1800baab0	FUN_1800baab0	Global	0xae	false	false
1800bab60	FUN_1800bab60	Global	0xbd	false	false
1800bac20	FUN_1800bac20	Global	0x91	false	false
1800bacc0	FUN_1800bacc0	Global	0xc8	false	false
1800bad90	FUN_1800bad90	Global	0x92	false	false
1800bae30	FUN_1800bae30	Global	0x94	false	false
1800baed0	FUN_1800baed0	Global	0x92	false	false
1800baf70	FUN_1800baf70	Global	0x94	false	false
1800bb010	FUN_1800bb010	Global	0x77	false	false
1800bb090	FUN_1800bb090	Global	0x92	false	false
1800bb130	FUN_1800bb130	Global	0x94	false	false
1800bb1d0	FUN_1800bb1d0	Global	0xd0	false	false
1800bb2a0	FUN_1800bb2a0	Global	0x92	false	false
1800bb340	FUN_1800bb340	Global	0x92	false	false
1800bb3e0	FUN_1800bb3e0	Global	0x94	false	false
1800bb480	FUN_1800bb480	Global	0x94	false	false
1800bb520	FUN_1800bb520	Global	0xbd	false	false
1800bb5e0	FUN_1800bb5e0	Global	0xbf	false	false
1800bb6a0	FUN_1800bb6a0	Global	0x91	false	false
1800bb740	FUN_1800bb740	Global	0x93	false	false
1800bb7e0	FUN_1800bb7e0	Global	0x9f	false	false
1800bb880	FUN_1800bb880	Global	0x9f	false	false
1800bb920	FUN_1800bb920	Global	0x92	false	false
1800bb9c0	FUN_1800bb9c0	Global	0x91	false	false
1800bba60	FUN_1800bba60	Global	0x93	false	false
1800bbb00	FUN_1800bbb00	Global	0x90	false	false
1800bbb90	FUN_1800bbb90	Global	0x90	false	false
1800bbc20	FUN_1800bbc20	Global	0x90	false	false
1800bbcb0	FUN_1800bbcb0	Global	0x92	false	false
1800bbd50	FUN_1800bbd50	Global	0xa0	false	false
1800bbdf0	FUN_1800bbdf0	Global	0xa2	false	false
1800bbea0	FUN_1800bbea0	Global	0x91	false	false
1800bbf40	FUN_1800bbf40	Global	0x93	false	false
1800bbfe0	FUN_1800bbfe0	Global	0x64	false	false
1800bc050	FUN_1800bc050	Global	0x72	false	false
1800bc0d0	FUN_1800bc0d0	Global	0x82	false	false
1800bc160	FUN_1800bc160	Global	0x6b	false	false
1800bc1d0	FUN_1800bc1d0	Global	0x2d	false	false
1800bc200	FUN_1800bc200	Global	0x33	false	false
1800bc240	FUN_1800bc240	Global	0x4a	false	false
1800bc290	FUN_1800bc290	Global	0x2d	false	false
1800bc2c0	FUN_1800bc2c0	Global	0x2d	false	false
1800bc2f0	FUN_1800bc2f0	Global	0xa1	false	false
1800bc3a0	FUN_1800bc3a0	Global	0x82	false	false
1800bc430	FUN_1800bc430	Global	0x6b	false	false
1800bc4a0	FUN_1800bc4a0	Global	0x2d	false	false
1800bc4d0	FUN_1800bc4d0	Global	0x33	false	false
1800bc510	FUN_1800bc510	Global	0x4a	false	false
1800bc560	FUN_1800bc560	Global	0x2d	false	false
1800bc590	FUN_1800bc590	Global	0x2d	false	false
1800bc5c0	FUN_1800bc5c0	Global	0xa1	false	false
1800bc670	FUN_1800bc670	Global	0x82	false	false
1800bc700	FUN_1800bc700	Global	0x6b	false	false
1800bc770	FUN_1800bc770	Global	0x2d	false	false
1800bc7a0	FUN_1800bc7a0	Global	0x33	false	false
1800bc7e0	FUN_1800bc7e0	Global	0x81	false	false
1800bc870	FUN_1800bc870	Global	0x2d	false	false
1800bc8a0	FUN_1800bc8a0	Global	0x2d	false	false
1800bc8d0	FUN_1800bc8d0	Global	0xa1	false	false
1800bc980	FUN_1800bc980	Global	0x82	false	false
1800bca10	FUN_1800bca10	Global	0x6b	false	false
1800bca80	FUN_1800bca80	Global	0x2d	false	false
1800bcab0	FUN_1800bcab0	Global	0x4d	false	false
1800bcb00	FUN_1800bcb00	Global	0x2d	false	false
1800bcb30	FUN_1800bcb30	Global	0x2d	false	false
1800bcb60	FUN_1800bcb60	Global	0xa1	false	false
1800bcc10	FUN_1800bcc10	Global	0x82	false	false
1800bcca0	FUN_1800bcca0	Global	0x6b	false	false
1800bcd10	FUN_1800bcd10	Global	0x2d	false	false
1800bcd40	FUN_1800bcd40	Global	0x33	false	false
1800bcd80	FUN_1800bcd80	Global	0x2d	false	false
1800bcdb0	FUN_1800bcdb0	Global	0x2d	false	false
1800bcde0	FUN_1800bcde0	Global	0x33	false	false
1800bce20	FUN_1800bce20	Global	0xa1	false	false
1800bced0	FUN_1800bced0	Global	0x33	false	false
1800bcf10	FUN_1800bcf10	Global	0x82	false	false
1800bcfa0	FUN_1800bcfa0	Global	0x6b	false	false
1800bd010	FUN_1800bd010	Global	0x2d	false	false
1800bd040	FUN_1800bd040	Global	0x13e	false	false
1800bd180	FUN_1800bd180	Global	0x33	false	false
1800bd1c0	FUN_1800bd1c0	Global	0x53	false	false
1800bd220	FUN_1800bd220	Global	0x13e	false	false
1800bd360	FUN_1800bd360	Global	0x36	false	false
1800bd3a0	FUN_1800bd3a0	Global	0x33	false	false
1800bd3e0	FUN_1800bd3e0	Global	0x13e	false	false
1800bd520	FUN_1800bd520	Global	0x13e	false	false
1800bd660	FUN_1800bd660	Global	0x33	false	false
1800bd6a0	FUN_1800bd6a0	Global	0x33	false	false
1800bd6e0	FUN_1800bd6e0	Global	0x50	false	false
1800bd730	FUN_1800bd730	Global	0x13e	false	false
1800bd870	FUN_1800bd870	Global	0x33	false	false
1800bd8b0	FUN_1800bd8b0	Global	0x13e	false	false
1800bd9f0	FUN_1800bd9f0	Global	0x2d	false	false
1800bda20	FUN_1800bda20	Global	0x2d	false	false
1800bda50	FUN_1800bda50	Global	0x38	false	false
1800bda90	FUN_1800bda90	Global	0x38	false	false
1800bdad0	FUN_1800bdad0	Global	0x38	false	false
1800bdb10	FUN_1800bdb10	Global	0x38	false	false
1800bdb50	FUN_1800bdb50	Global	0x38	false	false
1800bdb90	FUN_1800bdb90	Global	0xa1	false	false
1800bdc40	FUN_1800bdc40	Global	0x82	false	false
1800bdcd0	FUN_1800bdcd0	Global	0x6b	false	false
1800bdd40	FUN_1800bdd40	Global	0x2d	false	false
1800bdd70	FUN_1800bdd70	Global	0x4b	false	false
1800bddc0	FUN_1800bddc0	Global	0x2d	false	false
1800bddf0	FUN_1800bddf0	Global	0x2d	false	false
1800bde20	FUN_1800bde20	Global	0xa1	false	false
1800bded0	FUN_1800bded0	Global	0x82	false	false
1800bdf60	FUN_1800bdf60	Global	0x6b	false	false
1800bdfd0	FUN_1800bdfd0	Global	0x2d	false	false
1800be000	FUN_1800be000	Global	0x33	false	false
1800be040	FUN_1800be040	Global	0x3a	false	false
1800be080	FUN_1800be080	Global	0x2d	false	false
1800be0b0	FUN_1800be0b0	Global	0x2d	false	false
1800be0e0	FUN_1800be0e0	Global	0xa1	false	false
1800be190	FUN_1800be190	Global	0x82	false	false
1800be220	FUN_1800be220	Global	0x6b	false	false
1800be290	FUN_1800be290	Global	0x2d	false	false
1800be2c0	FUN_1800be2c0	Global	0x3a	false	false
1800be300	FUN_1800be300	Global	0x2d	false	false
1800be330	FUN_1800be330	Global	0x2d	false	false
1800be360	FUN_1800be360	Global	0xa1	false	false
1800be410	FUN_1800be410	Global	0x82	false	false
1800be4a0	FUN_1800be4a0	Global	0x6b	false	false
1800be510	FUN_1800be510	Global	0x1c	false	false
1800be530	FUN_1800be530	Global	0x69	false	false
1800be5a0	FUN_1800be5a0	Global	0xe0	false	false
1800be680	FUN_1800be680	Global	0x72	false	false
1800be700	FUN_1800be700	Global	0x72	false	false
1800be780	FUN_1800be780	Global	0xd0	false	false
1800be850	FUN_1800be850	Global	0x64	false	false
1800be8c0	FUN_1800be8c0	Global	0x72	false	false
1800be940	FUN_1800be940	Global	0xea	false	false
1800bea30	FUN_1800bea30	Global	0x82	false	false
1800beac0	FUN_1800beac0	Global	0x6b	false	false
1800beb30	FUN_1800beb30	Global	0x2d	false	false
1800beb60	FUN_1800beb60	Global	0x33	false	false
1800beba0	FUN_1800beba0	Global	0x2d	false	false
1800bebd0	FUN_1800bebd0	Global	0x2d	false	false
1800bec00	FUN_1800bec00	Global	0xa1	false	false
1800becb0	FUN_1800becb0	Global	0x197	false	false
1800bee50	FUN_1800bee50	Global	0x82	false	false
1800beee0	FUN_1800beee0	Global	0x6b	false	false
1800bef50	FUN_1800bef50	Global	0x2d	false	false
1800bef80	FUN_1800bef80	Global	0x36	false	false
1800befc0	FUN_1800befc0	Global	0x36	false	false
1800bf000	FUN_1800bf000	Global	0x33	false	false
1800bf040	FUN_1800bf040	Global	0x13b	false	false
1800bf180	FUN_1800bf180	Global	0x3b	false	false
1800bf1c0	FUN_1800bf1c0	Global	0x14a	false	false
1800bf310	FUN_1800bf310	Global	0x33	false	false
1800bf350	FUN_1800bf350	Global	0x2d	false	false
1800bf380	FUN_1800bf380	Global	0x2d	false	false
1800bf3b0	FUN_1800bf3b0	Global	0x38	false	false
1800bf3f0	FUN_1800bf3f0	Global	0x38	false	false
1800bf430	FUN_1800bf430	Global	0x3b	false	false
1800bf470	FUN_1800bf470	Global	0x38	false	false
1800bf4b0	FUN_1800bf4b0	Global	0xa1	false	false
1800bf560	FUN_1800bf560	Global	0x3e	false	false
1800bf5a0	FUN_1800bf5a0	Global	0x3d	false	false
1800bf5e0	FUN_1800bf5e0	Global	0x3d	false	false
1800bf620	FUN_1800bf620	Global	0x3a	false	false
1800bf660	FUN_1800bf660	Global	0x3c	false	false
1800bf6a0	FUN_1800bf6a0	Global	0x3d	false	false
1800bf6e0	FUN_1800bf6e0	Global	0x3b	false	false
1800bf720	FUN_1800bf720	Global	0xbb	false	false
1800bf7e0	FUN_1800bf7e0	Global	0x5d	false	false
1800bf840	FUN_1800bf840	Global	0x3e	false	false
1800bf880	FUN_1800bf880	Global	0x8e	false	false
1800bf910	FUN_1800bf910	Global	0x3b	false	false
1800bf950	FUN_1800bf950	Global	0x85	false	false
1800bf9e0	FUN_1800bf9e0	Global	0xe0	false	false
1800bfac0	FUN_1800bfac0	Global	0xdf	false	false
1800bfba0	FUN_1800bfba0	Global	0x70	false	false
1800bfc10	FUN_1800bfc10	Global	0x7e	false	false
1800bfc90	FUN_1800bfc90	Global	0x7e	false	false
1800bfd10	FUN_1800bfd10	Global	0x7e	false	false
1800bfd90	FUN_1800bfd90	Global	0x82	false	false
1800bfe20	FUN_1800bfe20	Global	0x6b	false	false
1800bfe90	FUN_1800bfe90	Global	0x1c	false	false
1800bfeb0	FUN_1800bfeb0	Global	0x72	false	false
1800bff30	FUN_1800bff30	Global	0x72	false	false
1800bffb0	FUN_1800bffb0	Global	0xd0	false	false
1800c0080	FUN_1800c0080	Global	0xde	false	false
1800c0160	FUN_1800c0160	Global	0x64	false	false
1800c01d0	FUN_1800c01d0	Global	0x72	false	false
1800c0250	FUN_1800c0250	Global	0xea	false	false
1800c0340	FUN_1800c0340	Global	0x82	false	false
1800c03d0	FUN_1800c03d0	Global	0x6b	false	false
1800c0440	FUN_1800c0440	Global	0x1c	false	false
1800c0460	FUN_1800c0460	Global	0x72	false	false
1800c04e0	FUN_1800c04e0	Global	0x8b	false	false
1800c0570	FUN_1800c0570	Global	0x72	false	false
1800c05f0	FUN_1800c05f0	Global	0x72	false	false
1800c0670	FUN_1800c0670	Global	0xd0	false	false
1800c0740	FUN_1800c0740	Global	0x64	false	false
1800c07b0	FUN_1800c07b0	Global	0x72	false	false
1800c0830	FUN_1800c0830	Global	0x82	false	false
1800c08c0	FUN_1800c08c0	Global	0x6b	false	false
1800c0930	FUN_1800c0930	Global	0x2d	false	false
1800c0960	FUN_1800c0960	Global	0x2d	false	false
1800c0990	FUN_1800c0990	Global	0x2d	false	false
1800c09c0	FUN_1800c09c0	Global	0xa1	false	false
1800c0a70	FUN_1800c0a70	Global	0x33	false	false
1800c0ab0	FUN_1800c0ab0	Global	0x33	false	false
1800c0af0	FUN_1800c0af0	Global	0x82	false	false
1800c0b80	FUN_1800c0b80	Global	0x6b	false	false
1800c0bf0	FUN_1800c0bf0	Global	0x1c	false	false
1800c0c10	FUN_1800c0c10	Global	0x8b	false	false
1800c0ca0	FUN_1800c0ca0	Global	0x1f7	false	false
1800c0ea0	FUN_1800c0ea0	Global	0x8b	false	false
1800c0f30	FUN_1800c0f30	Global	0x72	false	false
1800c0fb0	FUN_1800c0fb0	Global	0x8b	false	false
1800c1040	FUN_1800c1040	Global	0x1f7	false	false
1800c1240	FUN_1800c1240	Global	0x8b	false	false
1800c12d0	FUN_1800c12d0	Global	0x8b	false	false
1800c1360	FUN_1800c1360	Global	0x7e	false	false
1800c13e0	FUN_1800c13e0	Global	0x7e	false	false
1800c1460	FUN_1800c1460	Global	0x5c	false	false
1800c14c0	FUN_1800c14c0	Global	0x72	false	false
1800c1540	FUN_1800c1540	Global	0x72	false	false
1800c15c0	FUN_1800c15c0	Global	0xd0	false	false
1800c1690	FUN_1800c1690	Global	0x64	false	false
1800c1700	FUN_1800c1700	Global	0x72	false	false
1800c1780	FUN_1800c1780	Global	0x8e	false	false
1800c1810	FUN_1800c1810	Global	0x1a0	false	false
1800c19b0	FUN_1800c19b0	Global	0x5e	false	false
1800c1a10	FUN_1800c1a10	Global	0x85	false	false
1800c1aa0	FUN_1800c1aa0	Global	0x42	false	false
1800c1af0	FUN_1800c1af0	Global	0x87	false	false
1800c1b80	FUN_1800c1b80	Global	0x112	false	false
1800c1ca0	FUN_1800c1ca0	Global	0x1a8	false	false
1800c1e50	FUN_1800c1e50	Global	0x16e	false	false
1800c1fc0	FUN_1800c1fc0	Global	0x70	false	false
1800c2030	FUN_1800c2030	Global	0x7e	false	false
1800c20b0	FUN_1800c20b0	Global	0x7e	false	false
1800c2130	FUN_1800c2130	Global	0x7e	false	false
1800c21b0	FUN_1800c21b0	Global	0x85	false	false
1800c2240	FUN_1800c2240	Global	0x1b6	false	false
1800c2400	FUN_1800c2400	Global	0x124	false	false
1800c2530	FUN_1800c2530	Global	0x93	false	false
1800c25d0	FUN_1800c25d0	Global	0x23	false	false
1800c2600	FUN_1800c2600	Global	0x29	false	false
1800c2630	FUN_1800c2630	Global	0x29	false	false
1800c2660	FUN_1800c2660	Global	0x29	false	false
1800c2690	FUN_1800c2690	Global	0x82	false	false
1800c2720	FUN_1800c2720	Global	0x6b	false	false
1800c2790	FUN_1800c2790	Global	0xdc	false	false
1800c2870	FUN_1800c2870	Global	0xab	false	false
1800c2920	FUN_1800c2920	Global	0xab	false	false
1800c29d0	FUN_1800c29d0	Global	0x1c	false	false
1800c29f0	FUN_1800c29f0	Global	0xcf	false	false
1800c2ac0	FUN_1800c2ac0	Global	0xc5	false	false
1800c2b90	FUN_1800c2b90	Global	0xc6	false	false
1800c2c60	FUN_1800c2c60	Global	0x72	false	false
1800c2ce0	FUN_1800c2ce0	Global	0xb3	false	false
1800c2da0	FUN_1800c2da0	Global	0x72	false	false
1800c2e20	FUN_1800c2e20	Global	0x72	false	false
1800c2ea0	FUN_1800c2ea0	Global	0x72	false	false
1800c2f20	FUN_1800c2f20	Global	0x95	false	false
1800c2fc0	FUN_1800c2fc0	Global	0x77	false	false
1800c3040	FUN_1800c3040	Global	0x109	false	false
1800c3150	FUN_1800c3150	Global	0xd0	false	false
1800c3220	FUN_1800c3220	Global	0x95	false	false
1800c32c0	FUN_1800c32c0	Global	0x64	false	false
1800c3330	FUN_1800c3330	Global	0x72	false	false
1800c33b0	FUN_1800c33b0	Global	0x111	false	false
1800c34d0	FUN_1800c34d0	Global	0x8e	false	false
1800c3560	FUN_1800c3560	Global	0x82	false	false
1800c35f0	FUN_1800c35f0	Global	0x6b	false	false
1800c3660	FUN_1800c3660	Global	0x1c	false	false
1800c3680	FUN_1800c3680	Global	0x72	false	false
1800c3700	FUN_1800c3700	Global	0x72	false	false
1800c3780	FUN_1800c3780	Global	0x72	false	false
1800c3800	FUN_1800c3800	Global	0x8b	false	false
1800c3890	FUN_1800c3890	Global	0x72	false	false
1800c3910	FUN_1800c3910	Global	0x72	false	false
1800c3990	FUN_1800c3990	Global	0x77	false	false
1800c3a10	FUN_1800c3a10	Global	0xd0	false	false
1800c3ae0	FUN_1800c3ae0	Global	0x64	false	false
1800c3b50	FUN_1800c3b50	Global	0x72	false	false
1800c3bd0	FUN_1800c3bd0	Global	0x7a	false	false
1800c3c50	FUN_1800c3c50	Global	0x1b6	false	false
1800c3e10	FUN_1800c3e10	Global	0x1e5	false	false
1800c4000	FUN_1800c4000	Global	0x23	false	false
1800c4030	FUN_1800c4030	Global	0x29	false	false
1800c4060	FUN_1800c4060	Global	0x29	false	false
1800c4090	FUN_1800c4090	Global	0x29	false	false
1800c40c0	FUN_1800c40c0	Global	0x7a	false	false
1800c4140	FUN_1800c4140	Global	0x1b6	false	false
1800c4300	FUN_1800c4300	Global	0x81	false	false
1800c4390	FUN_1800c4390	Global	0x23	false	false
1800c43c0	FUN_1800c43c0	Global	0x29	false	false
1800c43f0	FUN_1800c43f0	Global	0x29	false	false
1800c4420	FUN_1800c4420	Global	0x29	false	false
1800c4450	FUN_1800c4450	Global	0x7a	false	false
1800c44d0	FUN_1800c44d0	Global	0x1b6	false	false
1800c4690	FUN_1800c4690	Global	0x84	false	false
1800c4720	FUN_1800c4720	Global	0x23	false	false
1800c4750	FUN_1800c4750	Global	0x29	false	false
1800c4780	FUN_1800c4780	Global	0x29	false	false
1800c47b0	FUN_1800c47b0	Global	0x29	false	false
1800c47e0	FUN_1800c47e0	Global	0x9f	false	false
1800c4880	FUN_1800c4880	Global	0x1a0	false	false
1800c4a20	FUN_1800c4a20	Global	0x1a0	false	false
1800c4bc0	FUN_1800c4bc0	Global	0x108	false	false
1800c4cd0	FUN_1800c4cd0	Global	0xf1	false	false
1800c4dd0	FUN_1800c4dd0	Global	0x213	false	false
1800c4ff0	FUN_1800c4ff0	Global	0x212	false	false
1800c5210	FUN_1800c5210	Global	0x70	false	false
1800c5280	FUN_1800c5280	Global	0x7e	false	false
1800c5300	FUN_1800c5300	Global	0x7e	false	false
1800c5380	FUN_1800c5380	Global	0x7e	false	false
1800c5400	FUN_1800c5400	Global	0x7a	false	false
1800c5480	FUN_1800c5480	Global	0x13a	false	false
1800c55c0	FUN_1800c55c0	Global	0x70	false	false
1800c5630	FUN_1800c5630	Global	0x7e	false	false
1800c56b0	FUN_1800c56b0	Global	0x7e	false	false
1800c5730	FUN_1800c5730	Global	0x7e	false	false
1800c57b0	FUN_1800c57b0	Global	0x82	false	false
1800c5840	FUN_1800c5840	Global	0x6b	false	false
1800c58b0	FUN_1800c58b0	Global	0x1c	false	false
1800c58d0	FUN_1800c58d0	Global	0xe0	false	false
1800c59b0	FUN_1800c59b0	Global	0x77	false	false
1800c5a30	FUN_1800c5a30	Global	0x177	false	false
1800c5bb0	FUN_1800c5bb0	Global	0x177	false	false
1800c5d30	FUN_1800c5d30	Global	0x72	false	false
1800c5db0	FUN_1800c5db0	Global	0x72	false	false
1800c5e30	FUN_1800c5e30	Global	0x77	false	false
1800c5eb0	FUN_1800c5eb0	Global	0x109	false	false
1800c5fc0	FUN_1800c5fc0	Global	0x77	false	false
1800c6040	FUN_1800c6040	Global	0xd0	false	false
1800c6110	FUN_1800c6110	Global	0x64	false	false
1800c6180	FUN_1800c6180	Global	0x72	false	false
1800c6200	FUN_1800c6200	Global	0x8e	false	false
1800c6290	FUN_1800c6290	Global	0x85	false	false
1800c6320	FUN_1800c6320	Global	0x82	false	false
1800c63b0	FUN_1800c63b0	Global	0x6b	false	false
1800c6420	FUN_1800c6420	Global	0x2d	false	false
1800c6450	FUN_1800c6450	Global	0x13b	false	false
1800c6590	FUN_1800c6590	Global	0x2d	false	false
1800c65c0	FUN_1800c65c0	Global	0x2d	false	false
1800c65f0	FUN_1800c65f0	Global	0x38	false	false
1800c6630	FUN_1800c6630	Global	0x38	false	false
1800c6670	FUN_1800c6670	Global	0xa1	false	false
1800c6720	FUN_1800c6720	Global	0x8e	false	false
1800c67b0	FUN_1800c67b0	Global	0x82	false	false
1800c6840	FUN_1800c6840	Global	0x6b	false	false
1800c68b0	FUN_1800c68b0	Global	0x2d	false	false
1800c68e0	FUN_1800c68e0	Global	0x13b	false	false
1800c6a20	FUN_1800c6a20	Global	0x13b	false	false
1800c6b60	FUN_1800c6b60	Global	0x13b	false	false
1800c6ca0	FUN_1800c6ca0	Global	0x13b	false	false
1800c6de0	FUN_1800c6de0	Global	0x94	false	false
1800c6e80	FUN_1800c6e80	Global	0x94	false	false
1800c6f20	FUN_1800c6f20	Global	0x13b	false	false
1800c7060	FUN_1800c7060	Global	0x2d	false	false
1800c7090	FUN_1800c7090	Global	0x2d	false	false
1800c70c0	FUN_1800c70c0	Global	0xa1	false	false
1800c7170	FUN_1800c7170	Global	0x82	false	false
1800c7200	FUN_1800c7200	Global	0x6b	false	false
1800c7270	FUN_1800c7270	Global	0x1c	false	false
1800c7290	FUN_1800c7290	Global	0x177	false	false
1800c7410	FUN_1800c7410	Global	0x8b	false	false
1800c74a0	FUN_1800c74a0	Global	0x8b	false	false
1800c7530	FUN_1800c7530	Global	0x72	false	false
1800c75b0	FUN_1800c75b0	Global	0x72	false	false
1800c7630	FUN_1800c7630	Global	0xd0	false	false
1800c7700	FUN_1800c7700	Global	0x8f	false	false
1800c7790	FUN_1800c7790	Global	0x69	false	false
1800c7800	FUN_1800c7800	Global	0x64	false	false
1800c7870	FUN_1800c7870	Global	0x72	false	false
1800c78f0	FUN_1800c78f0	Global	0x7a	false	false
1800c7970	FUN_1800c7970	Global	0x2d	false	false
1800c79a0	FUN_1800c79a0	Global	0x1b6	false	false
1800c7b60	FUN_1800c7b60	Global	0x118	false	false
1800c7c80	FUN_1800c7c80	Global	0x23	false	false
1800c7cb0	FUN_1800c7cb0	Global	0x29	false	false
1800c7ce0	FUN_1800c7ce0	Global	0x29	false	false
1800c7d10	FUN_1800c7d10	Global	0x29	false	false
1800c7d3c	FUN_1800c7d3c	Global	0x96	false	false
1800c7dd4	LocalFree	KERNEL32.DLL	0x7	true	false
1800c7ddc	FUN_1800c7ddc	Global	0x27	false	false
1800c7e04	__std_fs_convert_narrow_to_wide	Global	0x45	false	false
1800c7e4c	__std_fs_convert_wide_to_narrow	Global	0x121	false	false
1800c7f6d	_Xbad_alloc	MSVCP140.DLL::std	0x6	true	false
1800c7f73	_Xlength_error	MSVCP140.DLL::std	0x6	true	false
1800c7f7c	AcquireSRWLockExclusive	KERNEL32.DLL	0x7	true	false
1800c7f84	AcquireSRWLockShared	KERNEL32.DLL	0x7	true	false
1800c7f8c	ReleaseSRWLockExclusive	KERNEL32.DLL	0x7	true	false
1800c7f94	ReleaseSRWLockShared	KERNEL32.DLL	0x7	true	false
1800c7fa0	FUN_1800c7fa0	Global	0x199	false	false
1800c8140	FUN_1800c8140	Global	0x102	false	false
1800c8250	thunk_FUN_1800c7fa0	Global	0x5	true	false
1800c8260	thunk_FUN_1800c8140	Global	0x5	true	false
1800c826c	FUN_1800c826c	Global	0x3c	false	false
1800c82af	_Lock	MSVCP140.DLL::std::basic_streambuf<char,std::char_traits<char>_>	0x6	true	false
1800c82b5	_Unlock	MSVCP140.DLL::std::basic_streambuf<char,std::char_traits<char>_>	0x6	true	false
1800c82bb	overflow	MSVCP140.DLL::std::basic_streambuf<char,std::char_traits<char>_>	0x6	true	false
1800c82c1	pbackfail	MSVCP140.DLL::std::basic_streambuf<char,std::char_traits<char>_>	0x6	true	false
1800c82c7	showmanyc	MSVCP140.DLL::std::basic_streambuf<char,std::char_traits<char>_>	0x6	true	false
1800c82cd	underflow	MSVCP140.DLL::std::basic_streambuf<char,std::char_traits<char>_>	0x6	true	false
1800c82d3	uflow	MSVCP140.DLL::std::basic_streambuf<char,std::char_traits<char>_>	0x6	true	false
1800c82d9	xsgetn	MSVCP140.DLL::std::basic_streambuf<char,std::char_traits<char>_>	0x6	true	false
1800c82df	xsputn	MSVCP140.DLL::std::basic_streambuf<char,std::char_traits<char>_>	0x6	true	false
1800c82f1	setbuf	MSVCP140.DLL::std::basic_streambuf<char,std::char_traits<char>_>	0x6	true	false
1800c82f7	sync	MSVCP140.DLL::std::basic_streambuf<char,std::char_traits<char>_>	0x6	true	false
1800c82fd	imbue	MSVCP140.DLL::std::basic_streambuf<char,std::char_traits<char>_>	0x6	true	false
1800c8309	_Decref	MSVCP140.DLL::std::locale::facet	0x6	true	false
1800c830f	_Incref	MSVCP140.DLL::std::locale::facet	0x6	true	false
1800c8315	_Mtx_init_in_situ	MSVCP140.DLL	0x6	true	false
1800c831b	_Mtx_destroy_in_situ	MSVCP140.DLL	0x6	true	false
1800c8340	__security_check_cookie	Global	0x1e	false	false
1800c8360	FUN_1800c8360	Global	0x39	false	false
1800c839c	_Init_thread_footer	Global	0x69	false	false
1800c8408	FUN_1800c8408	Global	0x78	false	false
1800c8480	FUN_1800c8480	Global	0x3a	false	false
1800c84bc	__scrt_acquire_startup_lock	Global	0x39	false	false
1800c84f8	__scrt_dllmain_after_initialize_c	Global	0x34	false	false
1800c852c	FUN_1800c852c	Global	0x15	false	false
1800c8544	FUN_1800c8544	Global	0x28	false	false
1800c856c	FUN_1800c856c	Global	0x15	false	false
1800c8584	__scrt_dllmain_exception_filter	Global	0x60	false	false
1800c85e4	__scrt_dllmain_uninitialize_c	Global	0x30	false	false
1800c8614	FUN_1800c8614	Global	0x14	false	false
1800c8628	FUN_1800c8628	Global	0x3a	false	false
1800c8664	FUN_1800c8664	Global	0x8a	false	false
1800c86f0	FUN_1800c86f0	Global	0x96	false	false
1800c8788	__scrt_release_startup_lock	Global	0x24	false	false
1800c87ac	__scrt_uninitialize_crt	Global	0x29	false	false
1800c87d8	_onexit	Global	0x3a	false	false
1800c8814	atexit	Global	0x17	false	false
1800c882c	free	API-MS-WIN-CRT-HEAP-L1-1-0.DLL	0x5	true	false
1800c8834	free	API-MS-WIN-CRT-HEAP-L1-1-0.DLL	0x5	true	false
1800c883c	FUN_1800c883c	Global	0x2b	false	false
1800c8868	free	API-MS-WIN-CRT-HEAP-L1-1-0.DLL	0x5	true	false
1800c8870	`eh_vector_destructor_iterator'	Global	0x6b	false	false
1800c88dc	__ArrayUnwind	Global	0x61	false	false
1800c8940	FUN_1800c8940	Global	0x50	false	false
1800c8990	FUN_1800c8990	Global	0x114	false	false
1800c8aa8	FUN_1800c8aa8	Global	0x7d	false	false
1800c8b28	FUN_1800c8b28	Global	0x122	false	false
1800c8c50	entry	Global	0x3d	false	false
1800c8c90	__GSHandlerCheck	Global	0x1d	false	false
1800c8cb0	__GSHandlerCheckCommon	Global	0x5b	false	false
1800c8d0c	FID_conflict:__GSHandlerCheck_EH	Global	0x7f	false	false
1800c8d8c	thunk_FUN_1800c8480	Global	0x5	true	false
1800c8d94	FUN_1800c8d94	Global	0x2ca	false	false
1800c9060	__raise_securityfailure	Global	0x34	false	false
1800c9094	FUN_1800c9094	Global	0xd3	false	false
1800c9168	capture_previous_context	Global	0x71	false	false
1800c91dc	FUN_1800c91dc	Global	0x1f	false	false
1800c91fc	__scrt_is_ucrt_dll_in_use	Global	0xc	false	false
1800c9208	FUN_1800c9208	Global	0x8	false	false
1800c9210	FUN_1800c9210	Global	0x148	false	false
1800c9358	__security_init_cookie	Global	0xac	false	false
1800c9404	FUN_1800c9404	Global	0x23	false	false
1800c9428	FUN_1800c9428	Global	0xe	false	false
1800c9438	FUN_1800c9438	Global	0xc	false	false
1800c9444	FUN_1800c9444	Global	0x8	false	false
1800c944c	FUN_1800c944c	Global	0x1b	false	false
1800c9468	FUN_1800c9468	Global	0x8	false	false
1800c9470	FUN_1800c9470	Global	0x3c	false	false
1800c94ac	FUN_1800c94ac	Global	0x3c	false	false
1800c94f0	__CxxFrameHandler4	VCRUNTIME140_1.DLL	0x6	true	false
1800c94f6	__std_exception_destroy	VCRUNTIME140.DLL	0x6	true	false
1800c94fc	__std_exception_copy	VCRUNTIME140.DLL	0x6	true	false
1800c9502	_purecall	VCRUNTIME140.DLL	0x6	true	false
1800c950e	_CxxThrowException	VCRUNTIME140.DLL	0x6	true	false
1800c9514	memmove	VCRUNTIME140.DLL	0x6	true	false
1800c951a	memset	VCRUNTIME140.DLL	0x6	true	false
1800c9520	memcpy	VCRUNTIME140.DLL	0x6	true	false
1800c9526	memchr	VCRUNTIME140.DLL	0x6	true	false
1800c9532	__current_exception	VCRUNTIME140.DLL	0x6	true	false
1800c9538	__current_exception_context	VCRUNTIME140.DLL	0x6	true	false
1800c953e	__std_type_info_destroy_list	VCRUNTIME140.DLL	0x6	true	false
1800c9544	free	API-MS-WIN-CRT-HEAP-L1-1-0.DLL	0x6	true	false
1800c954a	strcmp	API-MS-WIN-CRT-STRING-L1-1-0.DLL	0x6	true	false
1800c9550	malloc	API-MS-WIN-CRT-HEAP-L1-1-0.DLL	0x6	true	false
1800c9556	_callnewh	API-MS-WIN-CRT-HEAP-L1-1-0.DLL	0x6	true	false
1800c955c	_seh_filter_dll	API-MS-WIN-CRT-RUNTIME-L1-1-0.DLL	0x6	true	false
1800c9562	_configure_narrow_argv	API-MS-WIN-CRT-RUNTIME-L1-1-0.DLL	0x6	true	false
1800c9568	_initialize_narrow_environment	API-MS-WIN-CRT-RUNTIME-L1-1-0.DLL	0x6	true	false
1800c956e	_initialize_onexit_table	API-MS-WIN-CRT-RUNTIME-L1-1-0.DLL	0x6	true	false
1800c9574	_register_onexit_function	API-MS-WIN-CRT-RUNTIME-L1-1-0.DLL	0x6	true	false
1800c957a	_execute_onexit_table	API-MS-WIN-CRT-RUNTIME-L1-1-0.DLL	0x6	true	false
1800c9580	_crt_atexit	API-MS-WIN-CRT-RUNTIME-L1-1-0.DLL	0x6	true	false
1800c9586	_cexit	API-MS-WIN-CRT-RUNTIME-L1-1-0.DLL	0x6	true	false
1800c958c	terminate	API-MS-WIN-CRT-RUNTIME-L1-1-0.DLL	0x6	true	false
1800c9592	_initterm	API-MS-WIN-CRT-RUNTIME-L1-1-0.DLL	0x6	true	false
1800c9598	_initterm_e	API-MS-WIN-CRT-RUNTIME-L1-1-0.DLL	0x6	true	false
1800c959e	cef_string_utf16_set	LIBCEF.DLL	0x6	true	false
1800c95a4	cef_string_userfree_utf16_free	LIBCEF.DLL	0x6	true	false
1800c95aa	cef_string_list_alloc	LIBCEF.DLL	0x6	true	false
1800c95b0	cef_string_list_free	LIBCEF.DLL	0x6	true	false
1800c95b6	cef_api_hash	LIBCEF.DLL	0x6	true	false
1800c95bc	cef_post_task	LIBCEF.DLL	0x6	true	false
1800c95c2	cef_initialize	LIBCEF.DLL	0x6	true	false
1800c95c8	cef_shutdown	LIBCEF.DLL	0x6	true	false
1800c95ce	cef_do_message_loop_work	LIBCEF.DLL	0x6	true	false
1800c95d4	cef_get_min_log_level	LIBCEF.DLL	0x6	true	false
1800c95da	cef_log	LIBCEF.DLL	0x6	true	false
1800c95e0	cef_process_message_create	LIBCEF.DLL	0x6	true	false
1800c95e6	cef_list_value_create	LIBCEF.DLL	0x6	true	false
1800c95ec	cef_string_map_alloc	LIBCEF.DLL	0x6	true	false
1800c95f2	cef_string_map_free	LIBCEF.DLL	0x6	true	false
1800c95f8	cef_string_utf16_cmp	LIBCEF.DLL	0x6	true	false
1800c95fe	cef_string_list_size	LIBCEF.DLL	0x6	true	false
1800c9604	cef_string_list_value	LIBCEF.DLL	0x6	true	false
1800c960a	cef_string_list_append	LIBCEF.DLL	0x6	true	false
1800c9610	cef_string_map_size	LIBCEF.DLL	0x6	true	false
1800c9616	cef_string_map_key	LIBCEF.DLL	0x6	true	false
1800c961c	cef_string_map_value	LIBCEF.DLL	0x6	true	false
1800c9622	cef_string_map_append	LIBCEF.DLL	0x6	true	false
1800c9628	cef_string_multimap_size	LIBCEF.DLL	0x6	true	false
1800c962e	cef_string_multimap_key	LIBCEF.DLL	0x6	true	false
1800c9634	cef_string_multimap_value	LIBCEF.DLL	0x6	true	false
1800c963a	cef_string_multimap_append	LIBCEF.DLL	0x6	true	false
1800c9640	cef_string_multimap_alloc	LIBCEF.DLL	0x6	true	false
1800c9646	cef_string_multimap_free	LIBCEF.DLL	0x6	true	false
1800c9660	__chkstk	Global	0x4e	false	false
1800c96ae	memcmp	VCRUNTIME140.DLL	0x6	true	false
1800c96b4	ceilf	API-MS-WIN-CRT-MATH-L1-1-0.DLL	0x6	true	false
1800c96d0	_guard_dispatch_icall	Global	0x2	false	false
1800c96f0	_guard_dispatch_icall	Global	0x6	true	false
1800c9710	FUN_1800c9710	Global	0x26	false	false
1800c9740	FUN_1800c9740	Global	0x26	false	false
1800c9766	FUN_1800c9766	Global	0x26	false	false
1800c9a80	FUN_1800c9a80	Global	0x1d	false	false
1800c9a9d	FUN_1800c9a9d	Global	0x2a	false	false
1800c9aec	FUN_1800c9aec	Global	0x1d	false	false
1800c9b28	FUN_1800c9b28	Global	0x3a	false	false
1800c9b80	FUN_1800c9b80	Global	0x26	false	false
1800c9c5c	FUN_1800c9c5c	Global	0x26	false	false
1800c9c90	FUN_1800c9c90	Global	0x2d	false	false
1800c9f30	FUN_1800c9f30	Global	0x26	false	false
1800c9f60	FUN_1800c9f60	Global	0x26	false	false
1800ca020	FUN_1800ca020	Global	0x26	false	false
1800ca080	FUN_1800ca080	Global	0x26	false	false
1800ca0d0	FUN_1800ca0d0	Global	0x2d	false	false
1800ca2d8	FUN_1800ca2d8	Global	0x26	false	false
1800ca33c	FUN_1800ca33c	Global	0x1d	false	false
1800ca360	FUN_1800ca360	Global	0x26	false	false
1800ca420	FUN_1800ca420	Global	0x2e	false	false
1800ca49c	FUN_1800ca49c	Global	0x26	false	false
1800ca558	FUN_1800ca558	Global	0x29	false	false
1800ca5a5	FUN_1800ca5a5	Global	0x2d	false	false
1800ca61a	FUN_1800ca61a	Global	0x2d	false	false
1800ca6dc	FUN_1800ca6dc	Global	0x2d	false	false
1800ca721	FUN_1800ca721	Global	0x29	false	false
1800ca76e	FUN_1800ca76e	Global	0x2d	false	false
1800ca7fb	FUN_1800ca7fb	Global	0x2d	false	false
1800ca858	FUN_1800ca858	Global	0x31	false	false
1800ca8d9	FUN_1800ca8d9	Global	0x2d	false	false
1800ca91e	FUN_1800ca91e	Global	0x29	false	false
1800ca983	FUN_1800ca983	Global	0x2d	false	false
1800ca9e0	FUN_1800ca9e0	Global	0x29	false	false
1800caa2d	FUN_1800caa2d	Global	0x2d	false	false
1800caa8a	FUN_1800caa8a	Global	0x2d	false	false
1800caae7	FUN_1800caae7	Global	0x31	false	false
1800cab68	FUN_1800cab68	Global	0x2d	false	false
1800cabe9	FUN_1800cabe9	Global	0x2d	false	false
1800cac60	FUN_1800cac60	Global	0x29	false	false
1800cacb9	FUN_1800cacb9	Global	0x36	false	false
1800cad3f	FUN_1800cad3f	Global	0x2d	false	false
1800cada8	FUN_1800cada8	Global	0x2d	false	false
1800cae08	FUN_1800cae08	Global	0x31	false	false
1800cae65	FUN_1800cae65	Global	0x29	false	false
1800caeb2	FUN_1800caeb2	Global	0x2d	false	false
1800caf27	FUN_1800caf27	Global	0x2d	false	false
1800cafa4	FUN_1800cafa4	Global	0x2d	false	false
1800cb00d	FUN_1800cb00d	Global	0x2d	false	false
1800cb076	FUN_1800cb076	Global	0x2d	false	false
1800cb0bb	FUN_1800cb0bb	Global	0x2d	false	false
1800cb124	FUN_1800cb124	Global	0x2d	false	false
1800cb218	FUN_1800cb218	Global	0x2d	false	false
1800cb2bd	FUN_1800cb2bd	Global	0x2d	false	false
1800cb332	FUN_1800cb332	Global	0x2d	false	false
1800cb3d7	FUN_1800cb3d7	Global	0x29	false	false
1800cb424	FUN_1800cb424	Global	0x2d	false	false
1800cb499	FUN_1800cb499	Global	0x2d	false	false
1800cb538	FUN_1800cb538	Global	0x2d	false	false
1800cb5f5	FUN_1800cb5f5	Global	0x2d	false	false
1800cb69a	FUN_1800cb69a	Global	0x29	false	false
1800cb6e7	FUN_1800cb6e7	Global	0x2d	false	false
1800cb75c	FUN_1800cb75c	Global	0x2d	false	false
1800cb814	FUN_1800cb814	Global	0x2d	false	false
1800cb8ad	FUN_1800cb8ad	Global	0x2d	false	false
1800cb95e	FUN_1800cb95e	Global	0x2d	false	false
1800cba03	FUN_1800cba03	Global	0x29	false	false
1800cba50	FUN_1800cba50	Global	0x2d	false	false
1800cbac5	FUN_1800cbac5	Global	0x2d	false	false
1800cbb68	FUN_1800cbb68	Global	0x2d	false	false
1800cbbf5	FUN_1800cbbf5	Global	0x2d	false	false
1800cbcbe	FUN_1800cbcbe	Global	0x29	false	false
1800cbd0b	FUN_1800cbd0b	Global	0x2d	false	false
1800cbd80	FUN_1800cbd80	Global	0x2d	false	false
1800cbdd0	FUN_1800cbdd0	Global	0x29	false	false
1800cbe1d	FUN_1800cbe1d	Global	0x2d	false	false
1800cbec4	FUN_1800cbec4	Global	0x2d	false	false
1800cbf45	FUN_1800cbf45	Global	0x2d	false	false
1800cbfc6	FUN_1800cbfc6	Global	0x2d	false	false
1800cc0a7	FUN_1800cc0a7	Global	0x2d	false	false
1800cc110	FUN_1800cc110	Global	0x29	false	false
1800cc15d	FUN_1800cc15d	Global	0x2d	false	false
1800cc204	FUN_1800cc204	Global	0x2d	false	false
1800cc285	FUN_1800cc285	Global	0x2d	false	false
1800cc306	FUN_1800cc306	Global	0x2d	false	false
1800cc3e7	FUN_1800cc3e7	Global	0x2d	false	false
1800cc4b0	FUN_1800cc4b0	Global	0x2d	false	false
1800cc519	FUN_1800cc519	Global	0x29	false	false
1800cc566	FUN_1800cc566	Global	0x2d	false	false
1800cc604	FUN_1800cc604	Global	0x2d	false	false
1800cc679	FUN_1800cc679	Global	0x2d	false	false
1800cc6fa	FUN_1800cc6fa	Global	0x2d	false	false
1800cc77b	FUN_1800cc77b	Global	0x29	false	false
1800cc7c8	FUN_1800cc7c8	Global	0x2d	false	false
1800cc864	FUN_1800cc864	Global	0x2d	false	false
1800cc909	FUN_1800cc909	Global	0x2d	false	false
1800cc97e	FUN_1800cc97e	Global	0x2d	false	false
1800cc9ff	FUN_1800cc9ff	Global	0x29	false	false
1800cca4c	FUN_1800cca4c	Global	0x2d	false	false
1800ccab8	FUN_1800ccab8	Global	0x29	false	false
1800ccb5d	FUN_1800ccb5d	Global	0x2d	false	false
1800ccc2c	FUN_1800ccc2c	Global	0x2d	false	false
1800ccca1	FUN_1800ccca1	Global	0x2d	false	false
1800cccfe	FUN_1800cccfe	Global	0x29	false	false
1800ccd7b	FUN_1800ccd7b	Global	0x2d	false	false
1800ccde4	FUN_1800ccde4	Global	0x2a	false	false
1800cce4c	FUN_1800cce4c	Global	0x29	false	false
1800cce81	FUN_1800cce81	Global	0x2d	false	false
1800cceea	FUN_1800cceea	Global	0x2d	false	false
1800ccf3b	FUN_1800ccf3b	Global	0x2d	false	false
1800ccfa4	FUN_1800ccfa4	Global	0x2d	false	false
1800ccff5	FUN_1800ccff5	Global	0x2d	false	false
1800cd03a	FUN_1800cd03a	Global	0x2d	false	false
1800cd08b	FUN_1800cd08b	Global	0x2d	false	false
1800cd0d0	FUN_1800cd0d0	Global	0x2d	false	false
1800cd121	FUN_1800cd121	Global	0x2d	false	false
1800cd17e	FUN_1800cd17e	Global	0x2d	false	false
1800cd1f3	FUN_1800cd1f3	Global	0x2d	false	false
1800cd238	FUN_1800cd238	Global	0x2d	false	false
1800cd289	FUN_1800cd289	Global	0x2d	false	false
1800cd2ce	FUN_1800cd2ce	Global	0x2d	false	false
1800cd31f	FUN_1800cd31f	Global	0x2d	false	false
1800cd364	FUN_1800cd364	Global	0x2d	false	false
1800cd3b5	FUN_1800cd3b5	Global	0x2d	false	false
1800cd3fa	FUN_1800cd3fa	Global	0x2d	false	false
1800cd44b	FUN_1800cd44b	Global	0x2d	false	false
1800cd490	FUN_1800cd490	Global	0x2d	false	false
1800cd4e1	FUN_1800cd4e1	Global	0x2d	false	false
1800cd526	FUN_1800cd526	Global	0x2d	false	false
1800cd58f	FUN_1800cd58f	Global	0x2d	false	false
1800cd634	FUN_1800cd634	Global	0x2d	false	false
1800cd6b5	FUN_1800cd6b5	Global	0x2d	false	false
1800cd736	FUN_1800cd736	Global	0x2d	false	false
1800cd7b7	FUN_1800cd7b7	Global	0x2d	false	false
1800cd844	FUN_1800cd844	Global	0x29	false	false
1800cd891	FUN_1800cd891	Global	0x2d	false	false
1800cd8e0	FUN_1800cd8e0	Global	0x26	false	false
1800cd910	FUN_1800cd910	Global	0x26	false	false
1800cd940	FUN_1800cd940	Global	0x26	false	false
1800cd970	FUN_1800cd970	Global	0x26	false	false
1800cdde0	FUN_1800cdde0	Global	0x1d	false	false
1800cde09	FUN_1800cde09	Global	0x26	false	false
1800cde2f	FUN_1800cde2f	Global	0x26	false	false
1800cde55	FUN_1800cde55	Global	0x26	false	false
1800ce03c	FUN_1800ce03c	Global	0x29	false	false
1800ce065	FUN_1800ce065	Global	0x26	false	false
1800ce0c4	FUN_1800ce0c4	Global	0x2c	false	false
1800ce1b0	FUN_1800ce1b0	Global	0x1d	false	false
1800ce1cd	FUN_1800ce1cd	Global	0x1d	false	false
1800ce1f0	FUN_1800ce1f0	Global	0x2d	false	false
1800ce314	FUN_1800ce314	Global	0x2f	false	false
1800ce397	FUN_1800ce397	Global	0x34	false	false
1800ce407	FUN_1800ce407	Global	0x34	false	false
1800ce640	FUN_1800ce640	Global	0x42	false	false
1800ce720	FUN_1800ce720	Global	0x2e	false	false
1800ce7a2	FUN_1800ce7a2	Global	0x29	false	false
1800ce807	FUN_1800ce807	Global	0x29	false	false
1800cec60	FUN_1800cec60	Global	0x2e	false	false
1800cef08	FUN_1800cef08	Global	0x3a	false	false
1800cef60	FUN_1800cef60	Global	0x2e	false	false
1800cf1fc	FUN_1800cf1fc	Global	0x29	false	false
1800cf350	FUN_1800cf350	Global	0x2e	false	false
1800cf39c	FUN_1800cf39c	Global	0x26	false	false
1800cf4ee	FUN_1800cf4ee	Global	0x20	false	false
1800cf50e	FUN_1800cf50e	Global	0x26	false	false
1800cf534	FUN_1800cf534	Global	0x27	false	false
1800cf830	FUN_1800cf830	Global	0x26	false	false
1800cf856	FUN_1800cf856	Global	0x26	false	false
1800cf888	FUN_1800cf888	Global	0x26	false	false
1800cf8ae	FUN_1800cf8ae	Global	0x26	false	false
1800cf8d4	FUN_1800cf8d4	Global	0x26	false	false
1800cf9f0	FUN_1800cf9f0	Global	0x2e	false	false
1800cfa40	FUN_1800cfa40	Global	0x31	false	false
1800cfb3c	FUN_1800cfb3c	Global	0x1d	false	false
1800cfc50	FUN_1800cfc50	Global	0x30	false	false
1800d01f0	FUN_1800d01f0	Global	0x1d	false	false
1800d03d0	FUN_1800d03d0	Global	0x2e	false	false
1800d041c	FUN_1800d041c	Global	0x2b	false	false
1800d0460	FUN_1800d0460	Global	0x2e	false	false
1800d04ac	FUN_1800d04ac	Global	0x26	false	false
1800d050c	FUN_1800d050c	Global	0x1d	false	false
1800d06e0	FUN_1800d06e0	Global	0x2d	false	false
1800d09b0	FUN_1800d09b0	Global	0x2d	false	false
1800d0a30	FUN_1800d0a30	Global	0x30	false	false
1800d0aa8	FUN_1800d0aa8	Global	0x1d	false	false
1800d0bd8	FUN_1800d0bd8	Global	0x2d	false	false
1800d0c88	FUN_1800d0c88	Global	0x2d	false	false
1800d0d2d	FUN_1800d0d2d	Global	0x2d	false	false
1800d0dde	FUN_1800d0dde	Global	0x2d	false	false
1800d0e8f	FUN_1800d0e8f	Global	0x2d	false	false
1800d0fa0	FUN_1800d0fa0	Global	0x2d	false	false
1800d105d	FUN_1800d105d	Global	0x2d	false	false
1800d1126	FUN_1800d1126	Global	0x2d	false	false
1800d11bf	FUN_1800d11bf	Global	0x2d	false	false
1800d12d0	FUN_1800d12d0	Global	0x2d	false	false
1800d138d	FUN_1800d138d	Global	0x2d	false	false
1800d143e	FUN_1800d143e	Global	0x2d	false	false
1800d14fb	FUN_1800d14fb	Global	0x2d	false	false
1800d15ac	FUN_1800d15ac	Global	0x2d	false	false
1800d16a8	FUN_1800d16a8	Global	0x1d	false	false
1800d16d0	FUN_1800d16d0	Global	0x1d	false	false
1800d16ed	FUN_1800d16ed	Global	0x1d	false	false
1800d1778	FUN_1800d1778	Global	0x2d	false	false
1800d17e1	FUN_1800d17e1	Global	0x2d	false	false
1800d184a	FUN_1800d184a	Global	0x2d	false	false
1800d18b3	FUN_1800d18b3	Global	0x2d	false	false
1800d1928	FUN_1800d1928	Global	0x2d	false	false
1800d1a84	FUN_1800d1a84	Global	0x2d	false	false
1800d1af9	FUN_1800d1af9	Global	0x2d	false	false
1800d1bd8	FUN_1800d1bd8	Global	0x2d	false	false
1800d1cbd	FUN_1800d1cbd	Global	0x2d	false	false
1800d1d66	FUN_1800d1d66	Global	0x2d	false	false
1800d1ddb	FUN_1800d1ddb	Global	0x2d	false	false
1800d1e50	FUN_1800d1e50	Global	0x2d	false	false
1800d1ec5	FUN_1800d1ec5	Global	0x2d	false	false
1800d1f5c	FUN_1800d1f5c	Global	0x30	false	false
1800d1fd0	FUN_1800d1fd0	Global	0x1d	false	false
1800d1fed	FUN_1800d1fed	Global	0x1d	false	false
1800d2124	FUN_1800d2124	Global	0x2d	false	false
1800d21e5	FUN_1800d21e5	Global	0x2d	false	false
1800d225a	FUN_1800d225a	Global	0x2d	false	false
1800d2320	FUN_1800d2320	Global	0x26	false	false
1800d2460	FUN_1800d2460	Global	0x39	false	false
1800d24a0	FUN_1800d24a0	Global	0x1d	false	false
1800d24f0	FUN_1800d24f0	Global	0x20	false	false
1800d2510	FUN_1800d2510	Global	0x34	false	false
1800d2580	FUN_1800d2580	Global	0x26	false	false
1800d25d0	FUN_1800d25d0	Global	0x26	false	false
1800d2600	FUN_1800d2600	Global	0x20	false	false
1800d2640	FUN_1800d2640	Global	0x1d	false	false
1800d2660	FUN_1800d2660	Global	0x1d	false	false
1800d2680	FUN_1800d2680	Global	0x26	false	false
1800d26e0	FUN_1800d26e0	Global	0x26	false	false
1800d2720	dtor$1	`protected:_void___cdecl_CWinApp::UpdatePrinterSelection(int)___ptr64'::__l1	0x2c	false	false
1800d2770	dtor$1	`protected:_void___cdecl_CWinApp::UpdatePrinterSelection(int)___ptr64'::__l1	0x2c	false	false
1800d27a0	FUN_1800d27a0	Global	0x20	false	false
1800d27c0	FUN_1800d27c0	Global	0x1d	false	false
1800d27e0	FUN_1800d27e0	Global	0x1d	false	false
1800d2800	FUN_1800d2800	Global	0x1d	false	false
1800d2880	FUN_1800d2880	Global	0x20	false	false
1800d28a0	FUN_1800d28a0	Global	0x34	false	false
1800d29a0	FUN_1800d29a0	Global	0x1d	false	false
1800d29c0	FUN_1800d29c0	Global	0x1d	false	false
1800d29f0	FUN_1800d29f0	Global	0x1d	false	false
1800d2b10	FUN_1800d2b10	Global	0x1d	false	false
1800d2b60	FUN_1800d2b60	Global	0x1d	false	false
1800d2b80	FUN_1800d2b80	Global	0x1d	false	false
1800d2ba0	FUN_1800d2ba0	Global	0x1d	false	false
1800d2bc0	FUN_1800d2bc0	Global	0x1d	false	false
1800d2c60	FUN_1800d2c60	Global	0x20	false	false
1800d2f0c	FUN_1800d2f0c	Global	0x17	false	false
1800d2f24	FUN_1800d2f24	Global	0x2b	false	false
1800d2f50	FUN_1800d2f50	Global	0x5d	false	false
1800d2faf	FUN_1800d2faf	Global	0x16	false	false
1800d2fc6	FUN_1800d2fc6	Global	0x18	false	false
1800d2fdf	FUN_1800d2fdf	Global	0x13	false	false
1800d2ff3	FUN_1800d2ff3	Global	0x35	false	false
1800d3030	FUN_1800d3030	Global	0x33	false	false
1800d3070	FUN_1800d3070	Global	0x4e	false	false
1800d30e0	FUN_1800d30e0	Global	0x3e	false	false
1800d3120	FUN_1800d3120	Global	0x3e	false	false
1800d3160	FUN_1800d3160	Global	0x3e	false	false
1800d31a0	FUN_1800d31a0	Global	0x63	false	false
1800d3210	FUN_1800d3210	Global	0x4e	false	false
1800d3260	FUN_1800d3260	Global	0x4e	false	false
1800d32b0	FUN_1800d32b0	Global	0x4e	false	false
1800d3300	FUN_1800d3300	Global	0x57	false	false
