ADDRESS	NAME	NAMESPACE	SIZE	THUNK	EXTERNAL
180001010	FUN_180001010	Global	0xf9	false	false
180001110	FUN_180001110	Global	0x1777	false	false
1800028c0	FUN_1800028c0	Global	0x33	false	false
180002920	FUN_180002920	Global	0x13	false	false
180002940	FUN_180002940	Global	0x43	false	false
180002990	FUN_180002990	Global	0x21	false	false
1800029c0	FUN_1800029c0	Global	0x1f	false	false
1800029e0	FUN_1800029e0	Global	0x3d	false	false
180002a20	FUN_180002a20	Global	0x3d	false	false
180002a60	FUN_180002a60	Global	0x12	false	false
180002a80	FUN_180002a80	Global	0x64	false	false
180002b10	thunk_FUN_180009020	Global	0x5	true	false
180002b20	FUN_180002b20	Global	0x14	false	false
180002b40	FUN_180002b40	Global	0x5b	false	false
180002ba0	FUN_180002ba0	Global	0xf6	false	false
180002ca0	FUN_180002ca0	Global	0xc9	false	false
180002d70	FUN_180002d70	Global	0x59	false	false
180002dd0	FUN_180002dd0	Global	0xc2	false	false
180002ea0	FUN_180002ea0	Global	0x6	false	false
180002eb0	FUN_180002eb0	Global	0x23a	false	false
1800030f0	FUN_1800030f0	Global	0x1b4	false	false
1800032b0	FUN_1800032b0	Global	0xeb	false	false
1800033a0	FUN_1800033a0	Global	0x2b	false	false
1800033d0	FUN_1800033d0	Global	0x3d	false	false
180003410	FUN_180003410	Global	0x1d4	false	false
1800035f0	FUN_1800035f0	Global	0x351	false	false
180003960	FUN_180003960	Global	0x35e	false	false
180003cc0	FUN_180003cc0	Global	0xf6	false	false
180003dc0	FUN_180003dc0	Global	0x36	false	false
180003e00	FUN_180003e00	Global	0xf	false	false
180003e10	FUN_180003e10	Global	0x22	false	false
180003e40	FUN_180003e40	Global	0x56	false	false
180003ea0	FUN_180003ea0	Global	0x62	false	false
180003f10	FUN_180003f10	Global	0x1b	false	false
180003f30	FUN_180003f30	Global	0x35d	false	false
180004290	FUN_180004290	Global	0x4b	false	false
1800042e0	FUN_1800042e0	Global	0x6d	false	false
180004350	FUN_180004350	Global	0xb4	false	false
180004410	FUN_180004410	Global	0x1b	false	false
180004430	FUN_180004430	Global	0x55	false	false
180004490	FUN_180004490	Global	0x1709	false	false
180005ba0	FUN_180005ba0	Global	0x273	false	false
180005e20	FUN_180005e20	Global	0x21f	false	false
180006040	FUN_180006040	Global	0x407	false	false
180006450	FUN_180006450	Global	0x5b	false	false
1800064c0	FUN_1800064c0	Global	0x65	false	false
180006530	FUN_180006530	Global	0x348	false	false
180006880	FUN_180006880	Global	0x1d3	false	false
180006a60	FUN_180006a60	Global	0x3ac	false	false
180007370	FUN_180007370	Global	0x524	false	false
1800078c0	FUN_1800078c0	Global	0x36e	false	false
180007c40	FUN_180007c40	Global	0x2c	false	false
180007c70	FUN_180007c70	Global	0x616	false	false
1800082a0	FUN_1800082a0	Global	0x4b	false	false
1800082f0	FID_conflict:~vector<CHN*___ptr64,std::allocator<CHN*___ptr64>_>	Global	0x5b	false	false
180008350	FUN_180008350	Global	0xa3	false	false
180008400	FUN_180008400	Global	0x57	false	false
180008460	FUN_180008460	Global	0x12c	false	false
180008590	FUN_180008590	Global	0x18d	false	false
180008720	FUN_180008720	Global	0x7a	false	false
1800087a0	FUN_1800087a0	Global	0x52	false	false
180008800	FUN_180008800	Global	0x1f7	false	false
180008a00	FUN_180008a00	Global	0xb6	false	false
180008ac0	FUN_180008ac0	Global	0xa7	false	false
180008b70	FUN_180008b70	Global	0x80	false	false
180008bf0	thunk_FUN_180009090	Global	0x5	true	false
180008c00	FUN_180008c00	Global	0x8b	false	false
180008c90	FUN_180008c90	Global	0x37	false	false
180008cd0	FUN_180008cd0	Global	0x112	false	false
180008df0	FUN_180008df0	Global	0x92	false	false
180008e90	FUN_180008e90	Global	0x34	false	false
180008ed0	FUN_180008ed0	Global	0x92	false	false
180008f70	FUN_180008f70	Global	0xa7	false	false
180009020	FUN_180009020	Global	0x61	false	false
180009090	FUN_180009090	Global	0x5e	false	false
1800090f0	FUN_1800090f0	Global	0x155	false	false
180009250	FUN_180009250	Global	0x138	false	false
180009390	FUN_180009390	Global	0x74	false	false
180009410	FUN_180009410	Global	0x182	false	false
1800095a0	FUN_1800095a0	Global	0xfa	false	false
1800096a0	FUN_1800096a0	Global	0x162	false	false
180009810	FUN_180009810	Global	0x12	false	false
180009830	FUN_180009830	Global	0x72	false	false
1800098b0	FUN_1800098b0	Global	0x2b	false	false
1800098e0	FUN_1800098e0	Global	0xf	false	false
1800098f0	FUN_1800098f0	Global	0x5	false	false
180009900	FUN_180009900	Global	0x8	false	false
180009910	FUN_180009910	Global	0x16	false	false
180009930	FUN_180009930	Global	0x16	false	false
180009950	FUN_180009950	Global	0xf8	false	false
180009a4c	FUN_180009a4c	Global	0xc	false	false
180009a58	FUN_180009a58	Global	0xc	false	false
180009a70	FUN_180009a70	Global	0x8	false	false
180009a80	FUN_180009a80	Global	0x58	false	false
180009ae0	FUN_180009ae0	Global	0x5c	false	false
180009b40	FUN_180009b40	Global	0x5b	false	false
180009ba0	FUN_180009ba0	Global	0x6e	false	false
180009c10	FUN_180009c10	Global	0x6e	false	false
180009c80	FUN_180009c80	Global	0x68	false	false
180009cf0	FUN_180009cf0	Global	0x3d	false	false
180009d30	FUN_180009d30	Global	0x1f	false	false
180009d50	FUN_180009d50	Global	0xb	false	false
180009d60	FUN_180009d60	Global	0x3f	false	false
180009da0	FUN_180009da0	Global	0x19	false	false
180009dc0	FUN_180009dc0	Global	0x15	false	false
180009de0	FUN_180009de0	Global	0x43	false	false
180009e30	FUN_180009e30	Global	0xb3	false	false
180009ef0	FUN_180009ef0	Global	0x36	false	false
180009f30	FUN_180009f30	Global	0x58	false	false
180009f90	FUN_180009f90	Global	0x4e	false	false
180009ff0	FUN_180009ff0	Global	0x8	false	false
18000a000	FUN_18000a000	Global	0x4e	false	false
18000a050	FUN_18000a050	Global	0x21	false	false
18000a080	FUN_18000a080	Global	0x8	false	false
18000a090	FUN_18000a090	Global	0x97	false	false
18000a130	FUN_18000a130	Global	0x73	false	false
18000a1b0	FUN_18000a1b0	Global	0x11	false	false
18000a1d0	FUN_18000a1d0	Global	0x38	false	false
18000a220	FUN_18000a220	Global	0x177	false	false
18000a3a0	FUN_18000a3a0	Global	0x21	false	false
18000a3d0	FUN_18000a3d0	Global	0x1f	false	false
18000a3f0	FUN_18000a3f0	Global	0x3d	false	false
18000a430	FUN_18000a430	Global	0x3	false	false
18000a440	FUN_18000a440	Global	0x2f	false	false
18000a4e0	FUN_18000a4e0	Global	0x89	false	false
18000a570	FUN_18000a570	Global	0x167	false	false
18000a6e0	FUN_18000a6e0	Global	0x10d	false	false
18000a7f0	FUN_18000a7f0	Global	0x2dc	false	false
18000aad0	FUN_18000aad0	Global	0xe7	false	false
18000abc0	FUN_18000abc0	Global	0x1fc	false	false
18000adc0	FUN_18000adc0	Global	0x5c1	false	false
18000b390	FUN_18000b390	Global	0x12d	false	false
18000b4d0	FUN_18000b4d0	Global	0x1fd	false	false
18000b6d0	FUN_18000b6d0	Global	0xf	false	false
18000b6e0	FUN_18000b6e0	Global	0x1fa	false	false
18000b8e0	FUN_18000b8e0	Global	0x5e	false	false
18000b940	FUN_18000b940	Global	0x3e	false	false
18000b980	FUN_18000b980	Global	0x87	false	false
18000ba10	FUN_18000ba10	Global	0x58	false	false
18000ba70	FUN_18000ba70	Global	0x3c2	false	false
18000be40	FUN_18000be40	Global	0x8eb	false	false
18000c730	FUN_18000c730	Global	0x7c	false	false
18000c7b0	Resource	Resource	0x12c	false	false
18000c8e0	operator=	Resource	0xad	false	false
18000c990	__autoclassinit2	Resource	0xa	false	false
18000c9a0	FUN_18000c9a0	Global	0x5b	false	false
18000ca00	FUN_18000ca00	Global	0x1f	false	false
18000ca20	FUN_18000ca20	Global	0x5f	false	false
18000ca80	FUN_18000ca80	Global	0x3b	false	false
18000cac0	FUN_18000cac0	Global	0x49	false	false
18000cb10	FUN_18000cb10	Global	0x49	false	false
18000cb60	FUN_18000cb60	Global	0x49	false	false
18000cbb0	FUN_18000cbb0	Global	0x49	false	false
18000cc00	FUN_18000cc00	Global	0x3	false	false
18000cc10	FUN_18000cc10	Global	0x37	false	false
18000cc50	FUN_18000cc50	Global	0x37	false	false
18000cc90	FUN_18000cc90	Global	0x37	false	false
18000ccd0	FUN_18000ccd0	Global	0x37	false	false
18000cd10	FUN_18000cd10	Global	0x11	false	false
18000cd30	FUN_18000cd30	Global	0x142	false	false
18000ce80	FUN_18000ce80	Global	0x9	false	false
18000ce90	FUN_18000ce90	Global	0x8	false	false
18000cea0	FUN_18000cea0	Global	0x32	false	false
18000cee0	FUN_18000cee0	Global	0x27	false	false
18000cf10	FUN_18000cf10	Global	0x61	false	false
18000cf80	FUN_18000cf80	Global	0x27	false	false
18000cfb0	FUN_18000cfb0	Global	0x1e	false	false
18000cfd0	FUN_18000cfd0	Global	0x81	false	false
18000d060	FUN_18000d060	Global	0x92	false	false
18000d100	FUN_18000d100	Global	0x6	false	false
18000d110	FUN_18000d110	Global	0x4e	false	false
18000d160	FUN_18000d160	Global	0x43	false	false
18000d1b0	FUN_18000d1b0	Global	0x83	false	false
18000d240	FUN_18000d240	Global	0x57	false	false
18000d2a0	FUN_18000d2a0	Global	0x21	false	false
18000d2d0	FUN_18000d2d0	Global	0x8	false	false
18000d2e0	FUN_18000d2e0	Global	0x57	false	false
18000d340	FUN_18000d340	Global	0x116	false	false
18000d460	FUN_18000d460	Global	0xd5	false	false
18000d550	FUN_18000d550	Global	0x2b	false	false
18000d580	FUN_18000d580	Global	0x4e	false	false
18000d5d0	FUN_18000d5d0	Global	0x1e	false	false
18000d5f0	FUN_18000d5f0	Global	0x3c3	false	false
18000d9c0	FUN_18000d9c0	Global	0x83	false	false
18000da50	FUN_18000da50	Global	0x57	false	false
18000dab0	FUN_18000dab0	Global	0x1b0	false	false
18000dc60	FUN_18000dc60	Global	0x167	false	false
18000dde0	FUN_18000dde0	Global	0x172	false	false
18000df60	FUN_18000df60	Global	0x85d	false	false
18000e7c0	FUN_18000e7c0	Global	0x2e4	false	false
18000eab0	FUN_18000eab0	Global	0x8	false	false
18000eac0	FUN_18000eac0	Global	0x5	false	false
18000ead0	FUN_18000ead0	Global	0x55	false	false
18000eb30	FUN_18000eb30	Global	0x35	false	false
18000eb70	FUN_18000eb70	Global	0x20	false	false
18000eb90	FUN_18000eb90	Global	0x8c	false	false
18000ec20	FUN_18000ec20	Global	0x5e	false	false
18000ec80	FUN_18000ec80	Global	0x3e	false	false
18000ecc0	FUN_18000ecc0	Global	0x8c	false	false
18000ed50	FUN_18000ed50	Global	0x8c	false	false
18000ede0	FUN_18000ede0	Global	0x91d	false	false
18000f700	FUN_18000f700	Global	0x71	false	false
18000f780	FUN_18000f780	Global	0x57	false	false
18000f7e0	FUN_18000f7e0	Global	0x29	false	false
18000f810	FUN_18000f810	Global	0x41	false	false
18000f860	FUN_18000f860	Global	0x8c	false	false
18000f8f0	FUN_18000f8f0	Global	0x911	false	false
180010210	FUN_180010210	Global	0xa4f	false	false
180010c60	FUN_180010c60	Global	0xa4f	false	false
1800116b0	FUN_1800116b0	Global	0xf93	false	false
180012650	FUN_180012650	Global	0xe09	false	false
180013460	FUN_180013460	Global	0x554	false	false
1800139c0	FUN_1800139c0	Global	0x41	false	false
180013a10	FUN_180013a10	Global	0xabb	false	false
180014550	FUN_180014550	Global	0x150	false	false
1800146a0	FUN_1800146a0	Global	0xd2a	false	false
1800153e0	FUN_1800153e0	Global	0x71	false	false
180015470	FUN_180015470	Global	0x68	false	false
1800154e0	FUN_1800154e0	Global	0xb74	false	false
180016060	FUN_180016060	Global	0xb9a	false	false
180016c10	FUN_180016c10	Global	0x9da	false	false
1800175f0	FUN_1800175f0	Global	0x294	false	false
180017890	FUN_180017890	Global	0xcbd	false	false
180018560	FUN_180018560	Global	0x1153	false	false
1800196c0	FUN_1800196c0	Global	0x57	false	false
180019720	FUN_180019720	Global	0x9a9	false	false
18001a0d0	FUN_18001a0d0	Global	0xafa	false	false
18001abd0	FUN_18001abd0	Global	0x912	false	false
18001b4f0	FUN_18001b4f0	Global	0x67	false	false
18001b560	FUN_18001b560	Global	0xbe4	false	false
18001c150	FUN_18001c150	Global	0x67	false	false
18001c1c0	FUN_18001c1c0	Global	0x1dc6	false	false
18001df90	FUN_18001df90	Global	0xb29	false	false
18001eac0	FUN_18001eac0	Global	0xb22	false	false
18001f5f0	FUN_18001f5f0	Global	0xc	false	false
18001f600	FUN_18001f600	Global	0xac	false	false
18001f6e0	FUN_18001f6e0	Global	0x6c	false	false
18001f750	FUN_18001f750	Global	0xca	false	false
18001f820	FUN_18001f820	Global	0xd9	false	false
18001f900	FUN_18001f900	Global	0xd9	false	false
18001f9f0	FUN_18001f9f0	Global	0x28	false	false
18001fa20	FUN_18001fa20	Global	0x103	false	false
18001fb30	FUN_18001fb30	Global	0x16	false	false
18001fb50	FUN_18001fb50	Global	0x416	false	false
18001ff70	FUN_18001ff70	Global	0x110	false	false
180020080	FUN_180020080	Global	0x433	false	false
1800204c0	FUN_1800204c0	Global	0x3a9	false	false
180020920	FUN_180020920	Global	0x215	false	false
180020b40	FUN_180020b40	Global	0xa9	false	false
180020bf0	FUN_180020bf0	Global	0xd0	false	false
180020cc0	FUN_180020cc0	Global	0x230	false	false
180020f00	FUN_180020f00	Global	0xf1	false	false
180021000	FUN_180021000	Global	0x3d	false	false
180021040	FUN_180021040	Global	0x19d	false	false
1800211e0	FUN_1800211e0	Global	0x6e	false	false
180021250	FUN_180021250	Global	0x2b	false	false
180021280	FUN_180021280	Global	0x2b	false	false
1800212b0	FUN_1800212b0	Global	0x2b	false	false
1800212e0	FUN_1800212e0	Global	0x81	false	false
180021370	FUN_180021370	Global	0xbc	false	false
180021430	FUN_180021430	Global	0x2b	false	false
180021460	FUN_180021460	Global	0xe0	false	false
180021540	FUN_180021540	Global	0x230	false	false
180021780	FUN_180021780	Global	0xb2d	false	false
1800222c0	FUN_1800222c0	Global	0x2db	false	false
1800225a0	FUN_1800225a0	Global	0x12a	false	false
1800226f0	FUN_1800226f0	Global	0x35	false	false
180022730	FUN_180022730	Global	0x1d	false	false
180022750	FUN_180022750	Global	0x1d	false	false
180022770	FUN_180022770	Global	0x30	false	false
1800227a0	FUN_1800227a0	Global	0x65	false	false
180022810	FUN_180022810	Global	0xab2	false	false
1800232d0	FUN_1800232d0	Global	0xc9	false	false
1800233a0	FUN_1800233a0	Global	0xb1	false	false
180023460	FUN_180023460	Global	0x127bf	false	false
180035c20	FUN_180035c20	Global	0x265	false	false
180035e90	FUN_180035e90	Global	0x103	false	false
180035fa0	FUN_180035fa0	Global	0x1b9	false	false
180036160	FUN_180036160	Global	0x200	false	false
180036370	FUN_180036370	Global	0x1b9	false	false
180036530	FUN_180036530	Global	0x241	false	false
180036780	FUN_180036780	Global	0x213	false	false
1800369a0	FUN_1800369a0	Global	0x1e1	false	false
180036b90	FUN_180036b90	Global	0x1bd	false	false
180036d50	FUN_180036d50	Global	0x1b4	false	false
180036f10	FUN_180036f10	Global	0x1f4	false	false
180037110	FUN_180037110	Global	0x1bd	false	false
1800372d0	FUN_1800372d0	Global	0x1bd	false	false
180037490	FUN_180037490	Global	0x160	false	false
1800375f0	FUN_1800375f0	Global	0x1b4	false	false
1800377b0	FUN_1800377b0	Global	0x160	false	false
180037910	FUN_180037910	Global	0x1dd	false	false
180037af0	FUN_180037af0	Global	0x27c	false	false
180037d70	FUN_180037d70	Global	0x1e1	false	false
180037f60	FUN_180037f60	Global	0x1dd	false	false
180038140	FUN_180038140	Global	0x1b4	false	false
180038300	FUN_180038300	Global	0x1b4	false	false
1800384c0	FUN_1800384c0	Global	0x1f4	false	false
1800386c0	FUN_1800386c0	Global	0x1dd	false	false
1800388a0	FUN_1800388a0	Global	0x1dd	false	false
180038a80	FUN_180038a80	Global	0x144	false	false
180038bd0	FUN_180038bd0	Global	0x1b4	false	false
180038d90	FUN_180038d90	Global	0x1dd	false	false
180038f70	FUN_180038f70	Global	0x224	false	false
1800391a0	FUN_1800391a0	Global	0x194	false	false
180039340	FUN_180039340	Global	0x194	false	false
1800394e0	FUN_1800394e0	Global	0x19d	false	false
180039680	FUN_180039680	Global	0x160	false	false
1800397e0	FUN_1800397e0	Global	0x19d	false	false
180039980	FUN_180039980	Global	0x19d	false	false
180039b20	FUN_180039b20	Global	0x273	false	false
180039da0	FUN_180039da0	Global	0x18d	false	false
180039f40	FUN_180039f40	Global	0x1dd	false	false
18003a120	FUN_18003a120	Global	0x1b4	false	false
18003a2e0	FUN_18003a2e0	Global	0x1b4	false	false
18003a4a0	FUN_18003a4a0	Global	0x1bd	false	false
18003a660	FUN_18003a660	Global	0x1b4	false	false
18003a820	FUN_18003a820	Global	0x1b4	false	false
18003a9e0	FUN_18003a9e0	Global	0x1b4	false	false
18003aba0	FUN_18003aba0	Global	0x160	false	false
18003ad00	FUN_18003ad00	Global	0x1e8	false	false
18003aef0	FUN_18003aef0	Global	0x29	false	false
18003af20	FUN_18003af20	Global	0x1f4	false	false
18003b120	FUN_18003b120	Global	0x248	false	false
18003b370	FUN_18003b370	Global	0x1bd	false	false
18003b530	FUN_18003b530	Global	0x1dd	false	false
18003b710	FUN_18003b710	Global	0x1dd	false	false
18003b8f0	FUN_18003b8f0	Global	0x1dd	false	false
18003bad0	FUN_18003bad0	Global	0x1b4	false	false
18003bc90	FUN_18003bc90	Global	0x1b4	false	false
18003be50	FUN_18003be50	Global	0x224	false	false
18003c080	FUN_18003c080	Global	0x273	false	false
18003c300	FUN_18003c300	Global	0x224	false	false
18003c530	FUN_18003c530	Global	0x1b4	false	false
18003c6f0	FUN_18003c6f0	Global	0x1b4	false	false
18003c8b0	FUN_18003c8b0	Global	0x213	false	false
18003cad0	FUN_18003cad0	Global	0x224	false	false
18003cd00	FUN_18003cd00	Global	0x1b4	false	false
18003cec0	FUN_18003cec0	Global	0x1e1	false	false
18003d0b0	FUN_18003d0b0	Global	0x1dd	false	false
18003d290	FUN_18003d290	Global	0x1dd	false	false
18003d470	FUN_18003d470	Global	0x1e1	false	false
18003d660	FUN_18003d660	Global	0x1e1	false	false
18003d850	FUN_18003d850	Global	0x1e1	false	false
18003da40	FUN_18003da40	Global	0x1c2	false	false
18003dc10	FUN_18003dc10	Global	0x213	false	false
18003de30	FUN_18003de30	Global	0x1c2	false	false
18003e000	FUN_18003e000	Global	0x1c2	false	false
18003e1d0	FUN_18003e1d0	Global	0x1e1	false	false
18003e3c0	FUN_18003e3c0	Global	0x1b4	false	false
18003e580	FUN_18003e580	Global	0x224	false	false
18003e7b0	FUN_18003e7b0	Global	0x1dd	false	false
18003e990	FUN_18003e990	Global	0x1e1	false	false
18003eb80	FUN_18003eb80	Global	0x1bd	false	false
18003ed40	FUN_18003ed40	Global	0x1e1	false	false
18003ef30	FUN_18003ef30	Global	0x1e1	false	false
18003f120	FUN_18003f120	Global	0x19d	false	false
18003f2c0	FUN_18003f2c0	Global	0x1dd	false	false
18003f4a0	FUN_18003f4a0	Global	0x1b4	false	false
18003f660	FUN_18003f660	Global	0x1dd	false	false
18003f840	FUN_18003f840	Global	0x1dd	false	false
18003fa20	FUN_18003fa20	Global	0x19d	false	false
18003fbc0	FUN_18003fbc0	Global	0x1b4	false	false
18003fd80	FUN_18003fd80	Global	0x1dd	false	false
18003ff60	FUN_18003ff60	Global	0x1e1	false	false
180040150	FUN_180040150	Global	0x1e1	false	false
180040340	FUN_180040340	Global	0x1dd	false	false
180040520	FUN_180040520	Global	0x1dd	false	false
180040700	FUN_180040700	Global	0x1dd	false	false
1800408e0	FUN_1800408e0	Global	0x1e1	false	false
180040ad0	FUN_180040ad0	Global	0x19d	false	false
180040c70	FUN_180040c70	Global	0x1b4	false	false
180040e30	FUN_180040e30	Global	0x1b4	false	false
180040ff0	FUN_180040ff0	Global	0x1dd	false	false
1800411d0	FUN_1800411d0	Global	0x1dd	false	false
1800413b0	FUN_1800413b0	Global	0x19d	false	false
180041550	FUN_180041550	Global	0x1f4	false	false
180041750	FUN_180041750	Global	0x19d	false	false
1800418f0	FUN_1800418f0	Global	0x19d	false	false
180041a90	FUN_180041a90	Global	0x17c	false	false
180041c10	FUN_180041c10	Global	0x1dd	false	false
180041df0	FUN_180041df0	Global	0x1dd	false	false
180041fd0	FUN_180041fd0	Global	0x1dd	false	false
1800421b0	FUN_1800421b0	Global	0x1dd	false	false
180042390	FUN_180042390	Global	0x1dd	false	false
180042570	FUN_180042570	Global	0x1f4	false	false
180042770	FUN_180042770	Global	0x1b4	false	false
180042930	FUN_180042930	Global	0x1dd	false	false
180042b10	FUN_180042b10	Global	0x19d	false	false
180042cb0	FUN_180042cb0	Global	0x224	false	false
180042ee0	FUN_180042ee0	Global	0x1e1	false	false
1800430d0	FUN_1800430d0	Global	0x1bd	false	false
180043290	FUN_180043290	Global	0x1b4	false	false
180043450	FUN_180043450	Global	0x19d	false	false
1800435f0	FUN_1800435f0	Global	0x1dd	false	false
1800437d0	FUN_1800437d0	Global	0x19d	false	false
180043970	FUN_180043970	Global	0x144	false	false
180043ac0	FUN_180043ac0	Global	0x19d	false	false
180043c60	FUN_180043c60	Global	0x1dd	false	false
180043e40	FUN_180043e40	Global	0x19d	false	false
180043fe0	FUN_180043fe0	Global	0x1e1	false	false
1800441d0	FUN_1800441d0	Global	0x241	false	false
180044420	FUN_180044420	Global	0x1b4	false	false
1800445e0	FUN_1800445e0	Global	0x1b4	false	false
1800447a0	FUN_1800447a0	Global	0x1b4	false	false
180044960	FUN_180044960	Global	0x1f4	false	false
180044b60	FUN_180044b60	Global	0x1f4	false	false
180044d60	FUN_180044d60	Global	0x1f4	false	false
180044f60	FUN_180044f60	Global	0x1f4	false	false
180045160	FUN_180045160	Global	0x1b4	false	false
180045320	FUN_180045320	Global	0x1e1	false	false
180045510	FUN_180045510	Global	0x1bd	false	false
1800456d0	FUN_1800456d0	Global	0x144	false	false
180045820	FUN_180045820	Global	0x19d	false	false
1800459c0	FUN_1800459c0	Global	0x2ac	false	false
180045c80	FUN_180045c80	Global	0x273	false	false
180045f00	FUN_180045f00	Global	0x273	false	false
180046180	FUN_180046180	Global	0x2ac	false	false
180046440	FUN_180046440	Global	0x2ac	false	false
180046700	FUN_180046700	Global	0x2ac	false	false
1800469c0	FUN_1800469c0	Global	0x2ac	false	false
180046c80	FUN_180046c80	Global	0x1dd	false	false
180046e60	FUN_180046e60	Global	0x241	false	false
1800470b0	FUN_1800470b0	Global	0x273	false	false
180047330	FUN_180047330	Global	0x273	false	false
1800475b0	FUN_1800475b0	Global	0x2ac	false	false
180047870	FUN_180047870	Global	0x23f	false	false
180047ac0	FUN_180047ac0	Global	0x273	false	false
180047d40	FUN_180047d40	Global	0x1dd	false	false
180047f20	FUN_180047f20	Global	0x273	false	false
1800481a0	FUN_1800481a0	Global	0x19d	false	false
180048340	FUN_180048340	Global	0x1dd	false	false
180048520	FUN_180048520	Global	0x144	false	false
180048670	FUN_180048670	Global	0x144	false	false
1800487c0	FUN_1800487c0	Global	0x144	false	false
180048910	FUN_180048910	Global	0x144	false	false
180048a60	FUN_180048a60	Global	0x224	false	false
180048c90	FUN_180048c90	Global	0x1dd	false	false
180048e70	FUN_180048e70	Global	0x224	false	false
1800490a0	FUN_1800490a0	Global	0x224	false	false
1800492d0	FUN_1800492d0	Global	0x224	false	false
180049500	FUN_180049500	Global	0x224	false	false
180049730	FUN_180049730	Global	0x224	false	false
180049960	FUN_180049960	Global	0x224	false	false
180049b90	FUN_180049b90	Global	0x224	false	false
180049dc0	FUN_180049dc0	Global	0x1f4	false	false
180049fc0	FUN_180049fc0	Global	0x224	false	false
18004a1f0	FUN_18004a1f0	Global	0x224	false	false
18004a420	FUN_18004a420	Global	0x224	false	false
18004a650	FUN_18004a650	Global	0x1b4	false	false
18004a810	FUN_18004a810	Global	0x1e1	false	false
18004aa00	FUN_18004aa00	Global	0x1b4	false	false
18004abc0	FUN_18004abc0	Global	0x224	false	false
18004adf0	FUN_18004adf0	Global	0x224	false	false
18004b020	FUN_18004b020	Global	0x1e1	false	false
18004b210	FUN_18004b210	Global	0x1e0	false	false
18004b400	FUN_18004b400	Global	0x19d	false	false
18004b5a0	FUN_18004b5a0	Global	0x1f4	false	false
18004b7a0	FUN_18004b7a0	Global	0x1b4	false	false
18004b960	FUN_18004b960	Global	0x224	false	false
18004bb90	FUN_18004bb90	Global	0x224	false	false
18004bdc0	FUN_18004bdc0	Global	0x224	false	false
18004bff0	FUN_18004bff0	Global	0x224	false	false
18004c220	FUN_18004c220	Global	0x1dd	false	false
18004c400	FUN_18004c400	Global	0x1dd	false	false
18004c5e0	FUN_18004c5e0	Global	0x1dd	false	false
18004c7c0	FUN_18004c7c0	Global	0x224	false	false
18004c9f0	FUN_18004c9f0	Global	0x1dd	false	false
18004cbd0	FUN_18004cbd0	Global	0x16b	false	false
18004cd40	FUN_18004cd40	Global	0x160	false	false
18004cea0	FUN_18004cea0	Global	0x160	false	false
18004d000	FUN_18004d000	Global	0x144	false	false
18004d150	FUN_18004d150	Global	0x19d	false	false
18004d2f0	FUN_18004d2f0	Global	0x1dd	false	false
18004d4d0	FUN_18004d4d0	Global	0x19d	false	false
18004d670	FUN_18004d670	Global	0x19d	false	false
18004d810	FUN_18004d810	Global	0x19d	false	false
18004d9b0	FUN_18004d9b0	Global	0x19d	false	false
18004db50	FUN_18004db50	Global	0x19d	false	false
18004dcf0	FUN_18004dcf0	Global	0x144	false	false
18004de40	FUN_18004de40	Global	0x19d	false	false
18004dfe0	FUN_18004dfe0	Global	0x1dd	false	false
18004e1c0	FUN_18004e1c0	Global	0x1dd	false	false
18004e3a0	FUN_18004e3a0	Global	0x19d	false	false
18004e540	FUN_18004e540	Global	0x19d	false	false
18004e6e0	FUN_18004e6e0	Global	0x19d	false	false
18004e880	FUN_18004e880	Global	0x19d	false	false
18004ea20	FUN_18004ea20	Global	0x19d	false	false
18004ebc0	FUN_18004ebc0	Global	0x19d	false	false
18004ed60	FUN_18004ed60	Global	0x19d	false	false
18004ef00	FUN_18004ef00	Global	0x19d	false	false
18004f0a0	FUN_18004f0a0	Global	0x19d	false	false
18004f240	FUN_18004f240	Global	0x19d	false	false
18004f3e0	FUN_18004f3e0	Global	0x19d	false	false
18004f580	FUN_18004f580	Global	0x19d	false	false
18004f720	FUN_18004f720	Global	0x19d	false	false
18004f8c0	FUN_18004f8c0	Global	0x19d	false	false
18004fa60	FUN_18004fa60	Global	0x19d	false	false
18004fc00	FUN_18004fc00	Global	0x1dd	false	false
18004fde0	FUN_18004fde0	Global	0x19d	false	false
18004ff80	FUN_18004ff80	Global	0x1dd	false	false
180050160	FUN_180050160	Global	0x224	false	false
180050390	FUN_180050390	Global	0x1dd	false	false
180050570	FUN_180050570	Global	0x1f4	false	false
180050770	FUN_180050770	Global	0x1f4	false	false
180050970	FUN_180050970	Global	0x241	false	false
180050bc0	FUN_180050bc0	Global	0x1dd	false	false
180050da0	FUN_180050da0	Global	0x224	false	false
180050fd0	FUN_180050fd0	Global	0x224	false	false
180051200	FUN_180051200	Global	0x1f4	false	false
180051400	FUN_180051400	Global	0x1dd	false	false
1800515e0	FUN_1800515e0	Global	0x19d	false	false
180051780	FUN_180051780	Global	0x1dd	false	false
180051960	FUN_180051960	Global	0x1dd	false	false
180051b40	FUN_180051b40	Global	0x1dd	false	false
180051d20	FUN_180051d20	Global	0x1dd	false	false
180051f00	FUN_180051f00	Global	0x1dd	false	false
1800520e0	FUN_1800520e0	Global	0x1dd	false	false
1800522c0	FUN_1800522c0	Global	0x1dd	false	false
1800524a0	FUN_1800524a0	Global	0x19d	false	false
180052640	FUN_180052640	Global	0x1dd	false	false
180052820	FUN_180052820	Global	0x1f4	false	false
180052a20	FUN_180052a20	Global	0x19d	false	false
180052bc0	FUN_180052bc0	Global	0x144	false	false
180052d10	FUN_180052d10	Global	0x1dd	false	false
180052ef0	FUN_180052ef0	Global	0x144	false	false
180053040	FUN_180053040	Global	0x19d	false	false
1800531e0	FUN_1800531e0	Global	0x1b4	false	false
1800533a0	FUN_1800533a0	Global	0x1f4	false	false
1800535a0	FUN_1800535a0	Global	0x1dd	false	false
180053780	FUN_180053780	Global	0x19d	false	false
180053920	FUN_180053920	Global	0x224	false	false
180053b50	FUN_180053b50	Global	0x224	false	false
180053d80	FUN_180053d80	Global	0x19d	false	false
180053f20	FUN_180053f20	Global	0x18d	false	false
1800540c0	FUN_1800540c0	Global	0x2fb	false	false
1800543d0	FUN_1800543d0	Global	0x273	false	false
180054650	FUN_180054650	Global	0x1dd	false	false
180054830	FUN_180054830	Global	0x19d	false	false
1800549d0	FUN_1800549d0	Global	0x1dd	false	false
180054bb0	FUN_180054bb0	Global	0x19d	false	false
180054d50	FUN_180054d50	Global	0x1f4	false	false
180054f50	FUN_180054f50	Global	0x1b4	false	false
180055110	FUN_180055110	Global	0x1dd	false	false
1800552f0	FUN_1800552f0	Global	0x19d	false	false
180055490	FUN_180055490	Global	0x224	false	false
1800556c0	FUN_1800556c0	Global	0x1bd	false	false
180055880	FUN_180055880	Global	0x1bd	false	false
180055a40	FUN_180055a40	Global	0x144	false	false
180055b90	FUN_180055b90	Global	0x19d	false	false
180055d30	FUN_180055d30	Global	0x19d	false	false
180055ed0	FUN_180055ed0	Global	0x19d	false	false
180056070	FUN_180056070	Global	0x19d	false	false
180056210	FUN_180056210	Global	0x224	false	false
180056440	FUN_180056440	Global	0x1dd	false	false
180056620	FUN_180056620	Global	0x19d	false	false
1800567c0	FUN_1800567c0	Global	0x20d	false	false
1800569d0	FUN_1800569d0	Global	0x1dd	false	false
180056bb0	FUN_180056bb0	Global	0x1dd	false	false
180056d90	FUN_180056d90	Global	0x19d	false	false
180056f30	FUN_180056f30	Global	0x1b4	false	false
1800570f0	FUN_1800570f0	Global	0x1dd	false	false
1800572d0	FUN_1800572d0	Global	0x1b4	false	false
180057490	FUN_180057490	Global	0x1b4	false	false
180057650	FUN_180057650	Global	0x224	false	false
180057880	FUN_180057880	Global	0x1dd	false	false
180057a60	FUN_180057a60	Global	0x1b4	false	false
180057c20	FUN_180057c20	Global	0x1f4	false	false
180057e20	FUN_180057e20	Global	0x1dd	false	false
180058000	FUN_180058000	Global	0x1dd	false	false
1800581e0	FUN_1800581e0	Global	0x1dd	false	false
1800583c0	FUN_1800583c0	Global	0x1dd	false	false
1800585a0	FUN_1800585a0	Global	0x1dd	false	false
180058780	FUN_180058780	Global	0x1dd	false	false
180058960	FUN_180058960	Global	0x1dd	false	false
180058b40	FUN_180058b40	Global	0x1dd	false	false
180058d20	FUN_180058d20	Global	0x1dd	false	false
180058f00	FUN_180058f00	Global	0x1dd	false	false
1800590e0	FUN_1800590e0	Global	0x19d	false	false
180059280	FUN_180059280	Global	0x19d	false	false
180059420	FUN_180059420	Global	0x19d	false	false
1800595c0	FUN_1800595c0	Global	0x19d	false	false
180059760	FUN_180059760	Global	0x19d	false	false
180059900	FUN_180059900	Global	0x19d	false	false
180059aa0	FUN_180059aa0	Global	0x1dd	false	false
180059c80	FUN_180059c80	Global	0x1f4	false	false
180059e80	FUN_180059e80	Global	0x1dd	false	false
18005a060	FUN_18005a060	Global	0x1f4	false	false
18005a260	FUN_18005a260	Global	0x1dd	false	false
18005a440	FUN_18005a440	Global	0x1dd	false	false
18005a620	FUN_18005a620	Global	0x1b4	false	false
18005a7e0	FUN_18005a7e0	Global	0x241	false	false
18005aa30	FUN_18005aa30	Global	0x1dd	false	false
18005ac10	FUN_18005ac10	Global	0x1b4	false	false
18005add0	FUN_18005add0	Global	0x1f4	false	false
18005afd0	FUN_18005afd0	Global	0x241	false	false
18005b220	FUN_18005b220	Global	0x1dd	false	false
18005b400	FUN_18005b400	Global	0x241	false	false
18005b650	FUN_18005b650	Global	0x1f4	false	false
18005b850	FUN_18005b850	Global	0x1b4	false	false
18005ba10	FUN_18005ba10	Global	0x1b4	false	false
18005bbd0	FUN_18005bbd0	Global	0x144	false	false
18005bd20	FUN_18005bd20	Global	0x273	false	false
18005bfa0	FUN_18005bfa0	Global	0x1b4	false	false
18005c160	FUN_18005c160	Global	0x19d	false	false
18005c300	FUN_18005c300	Global	0x1dd	false	false
18005c4e0	FUN_18005c4e0	Global	0x19d	false	false
18005c680	FUN_18005c680	Global	0x1dd	false	false
18005c860	FUN_18005c860	Global	0x224	false	false
18005ca90	FUN_18005ca90	Global	0x224	false	false
18005ccc0	FUN_18005ccc0	Global	0x1dd	false	false
18005cea0	FUN_18005cea0	Global	0x1dd	false	false
18005d080	FUN_18005d080	Global	0x1dd	false	false
18005d260	FUN_18005d260	Global	0x1dd	false	false
18005d440	FUN_18005d440	Global	0x1dd	false	false
18005d620	FUN_18005d620	Global	0x19d	false	false
18005d7c0	FUN_18005d7c0	Global	0x1dd	false	false
18005d9a0	FUN_18005d9a0	Global	0x1dd	false	false
18005db80	FUN_18005db80	Global	0x1b4	false	false
18005dd40	FUN_18005dd40	Global	0x19d	false	false
18005dee0	FUN_18005dee0	Global	0x19d	false	false
18005e080	FUN_18005e080	Global	0x1dd	false	false
18005e260	FUN_18005e260	Global	0x1dd	false	false
18005e440	FUN_18005e440	Global	0x19d	false	false
18005e5e0	FUN_18005e5e0	Global	0x19d	false	false
18005e780	FUN_18005e780	Global	0x223	false	false
18005e9b0	FUN_18005e9b0	Global	0x1f4	false	false
18005ebb0	FUN_18005ebb0	Global	0x1a2	false	false
18005ed60	FUN_18005ed60	Global	0x224	false	false
18005ef90	FUN_18005ef90	Global	0x1dd	false	false
18005f170	FUN_18005f170	Global	0x273	false	false
18005f3f0	FUN_18005f3f0	Global	0x19d	false	false
18005f590	FUN_18005f590	Global	0x144	false	false
18005f6e0	FUN_18005f6e0	Global	0x1b4	false	false
18005f8a0	FUN_18005f8a0	Global	0x224	false	false
18005fad0	FUN_18005fad0	Global	0x1dd	false	false
18005fcb0	FUN_18005fcb0	Global	0x1dd	false	false
18005fe90	FUN_18005fe90	Global	0x19d	false	false
180060030	FUN_180060030	Global	0x1b4	false	false
1800601f0	FUN_1800601f0	Global	0x1b4	false	false
1800603b0	FUN_1800603b0	Global	0x19d	false	false
180060550	FUN_180060550	Global	0x224	false	false
180060780	FUN_180060780	Global	0x224	false	false
1800609b0	FUN_1800609b0	Global	0x19d	false	false
180060b50	FUN_180060b50	Global	0x1dd	false	false
180060d30	FUN_180060d30	Global	0x19d	false	false
180060ed0	FUN_180060ed0	Global	0x19d	false	false
180061070	FUN_180061070	Global	0x19d	false	false
180061210	FUN_180061210	Global	0x19d	false	false
1800613b0	FUN_1800613b0	Global	0x1dd	false	false
180061590	FUN_180061590	Global	0x1dd	false	false
180061770	FUN_180061770	Global	0x1dd	false	false
180061950	FUN_180061950	Global	0x19d	false	false
180061af0	FUN_180061af0	Global	0x224	false	false
180061d20	FUN_180061d20	Global	0x1fd	false	false
180061f20	FUN_180061f20	Global	0x19c	false	false
1800620c0	FUN_1800620c0	Global	0x19d	false	false
180062260	FUN_180062260	Global	0x17c	false	false
1800623e0	FUN_1800623e0	Global	0x144	false	false
180062530	FUN_180062530	Global	0x160	false	false
180062690	FUN_180062690	Global	0x19d	false	false
180062830	FUN_180062830	Global	0x160	false	false
180062990	FUN_180062990	Global	0x160	false	false
180062af0	FUN_180062af0	Global	0x19d	false	false
180062c90	FUN_180062c90	Global	0x1dd	false	false
180062e70	FUN_180062e70	Global	0x19d	false	false
180063010	FUN_180063010	Global	0x144	false	false
180063160	FUN_180063160	Global	0x19d	false	false
180063300	FUN_180063300	Global	0x19d	false	false
1800634a0	FUN_1800634a0	Global	0x144	false	false
1800635f0	FUN_1800635f0	Global	0x19d	false	false
180063790	FUN_180063790	Global	0x1dd	false	false
180063970	FUN_180063970	Global	0x1dd	false	false
180063b50	FUN_180063b50	Global	0x19d	false	false
180063cf0	FUN_180063cf0	Global	0x19d	false	false
180063e90	FUN_180063e90	Global	0x19d	false	false
180064030	FUN_180064030	Global	0x19d	false	false
1800641d0	FUN_1800641d0	Global	0x1b4	false	false
180064390	FUN_180064390	Global	0x1b4	false	false
180064550	FUN_180064550	Global	0x19d	false	false
1800646f0	FUN_1800646f0	Global	0x241	false	false
180064940	FUN_180064940	Global	0x2d8	false	false
180064c20	FUN_180064c20	Global	0x1b4	false	false
180064de0	FUN_180064de0	Global	0x1b4	false	false
180064fa0	FUN_180064fa0	Global	0x1dd	false	false
180065180	FUN_180065180	Global	0x1b4	false	false
180065340	FUN_180065340	Global	0x19d	false	false
1800654e0	FUN_1800654e0	Global	0x16c	false	false
180065650	FUN_180065650	Global	0x1dd	false	false
180065830	FUN_180065830	Global	0x1dd	false	false
180065a10	FUN_180065a10	Global	0x19d	false	false
180065bb0	FUN_180065bb0	Global	0x19d	false	false
180065d50	FUN_180065d50	Global	0x273	false	false
180065fd0	FUN_180065fd0	Global	0x144	false	false
180066120	FUN_180066120	Global	0x224	false	false
180066350	FUN_180066350	Global	0x144	false	false
1800664a0	FUN_1800664a0	Global	0x19d	false	false
180066640	FUN_180066640	Global	0x19d	false	false
1800667e0	FUN_1800667e0	Global	0x19d	false	false
180066980	FUN_180066980	Global	0x224	false	false
180066bb0	FUN_180066bb0	Global	0x19d	false	false
180066d50	FUN_180066d50	Global	0x144	false	false
180066ea0	FUN_180066ea0	Global	0x224	false	false
1800670d0	FUN_1800670d0	Global	0x19d	false	false
180067270	FUN_180067270	Global	0x1eb	false	false
180067460	FUN_180067460	Global	0x19d	false	false
180067600	FUN_180067600	Global	0x1eb	false	false
1800677f0	FUN_1800677f0	Global	0x19d	false	false
180067990	FUN_180067990	Global	0x1dd	false	false
180067b70	FUN_180067b70	Global	0x19d	false	false
180067d10	FUN_180067d10	Global	0x1dd	false	false
180067ef0	FUN_180067ef0	Global	0x273	false	false
180068170	FUN_180068170	Global	0x19d	false	false
180068310	FUN_180068310	Global	0x19d	false	false
1800684b0	FUN_1800684b0	Global	0x19d	false	false
180068650	FUN_180068650	Global	0x19d	false	false
1800687f0	FUN_1800687f0	Global	0x1dd	false	false
1800689d0	FUN_1800689d0	Global	0x210	false	false
180068bf0	FUN_180068bf0	Global	0x210	false	false
180068e10	FUN_180068e10	Global	0x19d	false	false
180068fb0	FUN_180068fb0	Global	0x1dd	false	false
180069190	FUN_180069190	Global	0x19d	false	false
180069330	FUN_180069330	Global	0x1dd	false	false
180069510	FUN_180069510	Global	0x19d	false	false
1800696b0	FUN_1800696b0	Global	0x1f4	false	false
1800698b0	FUN_1800698b0	Global	0x1ea	false	false
180069aa0	FUN_180069aa0	Global	0x1fd	false	false
180069ca0	FUN_180069ca0	Global	0x1ee	false	false
180069e90	FUN_180069e90	Global	0x1ee	false	false
18006a080	FUN_18006a080	Global	0x1dd	false	false
18006a260	FUN_18006a260	Global	0x24a	false	false
18006a4b0	FUN_18006a4b0	Global	0x1fd	false	false
18006a6b0	FUN_18006a6b0	Global	0x1dd	false	false
18006a890	FUN_18006a890	Global	0x19d	false	false
18006aa30	FUN_18006aa30	Global	0x1b4	false	false
18006abf0	FUN_18006abf0	Global	0x1dd	false	false
18006add0	FUN_18006add0	Global	0x1dd	false	false
18006afb0	FUN_18006afb0	Global	0x1b4	false	false
18006b170	FUN_18006b170	Global	0x19d	false	false
18006b310	FUN_18006b310	Global	0x241	false	false
18006b560	FUN_18006b560	Global	0x1dd	false	false
18006b740	FUN_18006b740	Global	0x19d	false	false
18006b8e0	FUN_18006b8e0	Global	0x1b4	false	false
18006baa0	FUN_18006baa0	Global	0x1b4	false	false
18006bc60	FUN_18006bc60	Global	0x19d	false	false
18006be00	FUN_18006be00	Global	0x1f4	false	false
18006c000	FUN_18006c000	Global	0x1f4	false	false
18006c200	FUN_18006c200	Global	0x19d	false	false
18006c3a0	FUN_18006c3a0	Global	0x19d	false	false
18006c540	FUN_18006c540	Global	0x1f4	false	false
18006c740	FUN_18006c740	Global	0x1b4	false	false
18006c900	FUN_18006c900	Global	0x1b4	false	false
18006cac0	FUN_18006cac0	Global	0x1b4	false	false
18006cc80	FUN_18006cc80	Global	0x1f4	false	false
18006ce80	FUN_18006ce80	Global	0x1f4	false	false
18006d080	FUN_18006d080	Global	0x1f4	false	false
18006d280	FUN_18006d280	Global	0x1b4	false	false
18006d440	FUN_18006d440	Global	0x1b4	false	false
18006d600	FUN_18006d600	Global	0x224	false	false
18006d830	FUN_18006d830	Global	0x1dd	false	false
18006da10	FUN_18006da10	Global	0x1c2	false	false
18006dbe0	FUN_18006dbe0	Global	0x1dd	false	false
18006ddc0	FUN_18006ddc0	Global	0x1dd	false	false
18006dfa0	FUN_18006dfa0	Global	0x1b4	false	false
18006e160	FUN_18006e160	Global	0x2d8	false	false
18006e440	FUN_18006e440	Global	0x289	false	false
18006e6d0	FUN_18006e6d0	Global	0x1b4	false	false
18006e890	FUN_18006e890	Global	0x1b4	false	false
18006ea50	FUN_18006ea50	Global	0x1f4	false	false
18006ec50	FUN_18006ec50	Global	0x1f4	false	false
18006ee50	FUN_18006ee50	Global	0x1f4	false	false
18006f050	FUN_18006f050	Global	0x1b4	false	false
18006f210	FUN_18006f210	Global	0x2d8	false	false
18006f4f0	FUN_18006f4f0	Global	0x241	false	false
18006f740	FUN_18006f740	Global	0x19d	false	false
18006f8e0	FUN_18006f8e0	Global	0x1b4	false	false
18006faa0	FUN_18006faa0	Global	0x241	false	false
18006fcf0	FUN_18006fcf0	Global	0x160	false	false
18006fe50	FUN_18006fe50	Global	0x1cb	false	false
180070030	FUN_180070030	Global	0x224	false	false
180070260	FUN_180070260	Global	0x1dd	false	false
180070440	FUN_180070440	Global	0x1dd	false	false
180070620	FUN_180070620	Global	0x160	false	false
180070780	FUN_180070780	Global	0x1b4	false	false
180070940	FUN_180070940	Global	0x144	false	false
180070a90	FUN_180070a90	Global	0x187	false	false
180070c20	FUN_180070c20	Global	0x144	false	false
180070d70	FUN_180070d70	Global	0x160	false	false
180070ed0	FUN_180070ed0	Global	0x19d	false	false
180071070	FUN_180071070	Global	0x1b4	false	false
180071230	FUN_180071230	Global	0x19d	false	false
1800713d0	FUN_1800713d0	Global	0x16c	false	false
180071540	FUN_180071540	Global	0x1dd	false	false
180071720	FUN_180071720	Global	0x1dd	false	false
180071900	FUN_180071900	Global	0x48	false	false
180071950	FUN_180071950	Global	0x2ac	false	false
180071c10	FUN_180071c10	Global	0x2ac	false	false
180071ed0	FUN_180071ed0	Global	0x241	false	false
180072120	FUN_180072120	Global	0x241	false	false
180072370	FUN_180072370	Global	0x1f4	false	false
180072570	FUN_180072570	Global	0x1e1	false	false
180072760	FUN_180072760	Global	0x19d	false	false
180072900	FUN_180072900	Global	0x1b4	false	false
180072ac0	FUN_180072ac0	Global	0x19d	false	false
180072c60	FUN_180072c60	Global	0x19d	false	false
180072e00	FUN_180072e00	Global	0x144	false	false
180072f50	FUN_180072f50	Global	0x144	false	false
1800730a0	FUN_1800730a0	Global	0x144	false	false
1800731f0	FUN_1800731f0	Global	0x144	false	false
180073340	FUN_180073340	Global	0x27d	false	false
1800735d0	FUN_1800735d0	Global	0x1cb	false	false
1800737b0	FUN_1800737b0	Global	0x1cb	false	false
180073990	FUN_180073990	Global	0x23f	false	false
180073be0	FUN_180073be0	Global	0x2fb	false	false
180073ef0	FUN_180073ef0	Global	0x1cb	false	false
1800740d0	FUN_1800740d0	Global	0x1cb	false	false
1800742b0	FUN_1800742b0	Global	0x1cb	false	false
180074490	FUN_180074490	Global	0x292	false	false
180074730	FUN_180074730	Global	0x2e1	false	false
180074a20	FUN_180074a20	Global	0x224	false	false
180074c50	FUN_180074c50	Global	0x1dd	false	false
180074e30	FUN_180074e30	Global	0x1ba	false	false
180074ff0	FUN_180074ff0	Global	0x19d	false	false
180075190	FUN_180075190	Global	0x19d	false	false
180075330	FUN_180075330	Global	0x1bd	false	false
1800754f0	FUN_1800754f0	Global	0x1b4	false	false
1800756b0	FUN_1800756b0	Global	0x1bd	false	false
180075870	FUN_180075870	Global	0x19d	false	false
180075a10	FUN_180075a10	Global	0x19d	false	false
180075bb0	FUN_180075bb0	Global	0x144	false	false
180075d00	FUN_180075d00	Global	0x144	false	false
180075e50	FUN_180075e50	Global	0x144	false	false
180075fa0	FUN_180075fa0	Global	0x144	false	false
1800760f0	FUN_1800760f0	Global	0x16c	false	false
180076260	FUN_180076260	Global	0x16c	false	false
1800763d0	FUN_1800763d0	Global	0x19d	false	false
180076570	FUN_180076570	Global	0x19d	false	false
180076710	FUN_180076710	Global	0x19d	false	false
1800768b0	FUN_1800768b0	Global	0x1dd	false	false
180076a90	FUN_180076a90	Global	0x19d	false	false
180076c30	FUN_180076c30	Global	0x19d	false	false
180076dd0	FUN_180076dd0	Global	0x144	false	false
180076f20	FUN_180076f20	Global	0x19d	false	false
1800770c0	FUN_1800770c0	Global	0x144	false	false
180077210	FUN_180077210	Global	0x144	false	false
180077360	FUN_180077360	Global	0x1dd	false	false
180077540	FUN_180077540	Global	0x1dd	false	false
180077720	FUN_180077720	Global	0x1dd	false	false
180077900	FUN_180077900	Global	0x1dd	false	false
180077ae0	FUN_180077ae0	Global	0x19d	false	false
180077c80	FUN_180077c80	Global	0x19d	false	false
180077e20	FUN_180077e20	Global	0x19d	false	false
180077fc0	FUN_180077fc0	Global	0x19d	false	false
180078160	FUN_180078160	Global	0x19d	false	false
180078300	FUN_180078300	Global	0x19d	false	false
1800784a0	FUN_1800784a0	Global	0x19d	false	false
180078640	FUN_180078640	Global	0x19d	false	false
1800787e0	FUN_1800787e0	Global	0x19d	false	false
180078980	FUN_180078980	Global	0x19d	false	false
180078b20	FUN_180078b20	Global	0x19d	false	false
180078cc0	FUN_180078cc0	Global	0x19d	false	false
180078e60	FUN_180078e60	Global	0x19d	false	false
180079000	FUN_180079000	Global	0x1dd	false	false
1800791e0	FUN_1800791e0	Global	0x1dd	false	false
1800793c0	FUN_1800793c0	Global	0x1dd	false	false
1800795a0	FUN_1800795a0	Global	0x1dd	false	false
180079780	FUN_180079780	Global	0x19d	false	false
180079920	FUN_180079920	Global	0x19d	false	false
180079ac0	FUN_180079ac0	Global	0x19d	false	false
180079c60	FUN_180079c60	Global	0x144	false	false
180079db0	FUN_180079db0	Global	0x144	false	false
180079f00	FUN_180079f00	Global	0x273	false	false
18007a180	FUN_18007a180	Global	0x224	false	false
18007a3b0	FUN_18007a3b0	Global	0x1dd	false	false
18007a590	FUN_18007a590	Global	0x144	false	false
18007a6e0	FUN_18007a6e0	Global	0x144	false	false
18007a830	FUN_18007a830	Global	0x144	false	false
18007a980	FUN_18007a980	Global	0x2ec	false	false
18007ac70	FUN_18007ac70	Global	0x18d	false	false
18007ae10	FUN_18007ae10	Global	0x249	false	false
18007b060	FUN_18007b060	Global	0x2d2	false	false
18007b340	FUN_18007b340	Global	0x16b	false	false
18007b4b0	FUN_18007b4b0	Global	0x1b4	false	false
18007b670	FUN_18007b670	Global	0x16b	false	false
18007b7e0	FUN_18007b7e0	Global	0x16c	false	false
18007b950	FUN_18007b950	Global	0x1dd	false	false
18007bb30	FUN_18007bb30	Global	0x19d	false	false
18007bcd0	FUN_18007bcd0	Global	0x16b	false	false
18007be40	FUN_18007be40	Global	0x19d	false	false
18007bfe0	FUN_18007bfe0	Global	0x144	false	false
18007c130	FUN_18007c130	Global	0x144	false	false
18007c280	FUN_18007c280	Global	0x224	false	false
18007c4b0	FUN_18007c4b0	Global	0x144	false	false
18007c600	FUN_18007c600	Global	0x144	false	false
18007c750	FUN_18007c750	Global	0x144	false	false
18007c8a0	FUN_18007c8a0	Global	0x144	false	false
18007c9f0	FUN_18007c9f0	Global	0x224	false	false
18007cc20	FUN_18007cc20	Global	0x1ca	false	false
18007cdf0	FUN_18007cdf0	Global	0x187	false	false
18007cf80	FUN_18007cf80	Global	0x1b8	false	false
18007d140	FUN_18007d140	Global	0x190	false	false
18007d2d0	FUN_18007d2d0	Global	0x16c	false	false
18007d440	FUN_18007d440	Global	0x19d	false	false
18007d5e0	FUN_18007d5e0	Global	0x3d	false	false
18007d620	FUN_18007d620	Global	0x1f3	false	false
18007d820	FUN_18007d820	Global	0x26b	false	false
18007da90	FUN_18007da90	Global	0x19d	false	false
18007dc30	FUN_18007dc30	Global	0x165	false	false
18007dda0	FUN_18007dda0	Global	0x16c	false	false
18007df10	FUN_18007df10	Global	0x17c	false	false
18007e090	FUN_18007e090	Global	0x19d	false	false
18007e230	FUN_18007e230	Global	0x144	false	false
18007e380	FUN_18007e380	Global	0x1eb	false	false
18007e570	FUN_18007e570	Global	0x1b0	false	false
18007e720	FUN_18007e720	Global	0x1d6	false	false
18007e900	FUN_18007e900	Global	0x1d6	false	false
18007eae0	FUN_18007eae0	Global	0x20b	false	false
18007ecf0	FUN_18007ecf0	Global	0x221	false	false
18007ef20	FUN_18007ef20	Global	0x221	false	false
18007f150	FUN_18007f150	Global	0x1f4	false	false
18007f350	FUN_18007f350	Global	0x1f4	false	false
18007f550	FUN_18007f550	Global	0x1ab	false	false
18007f700	FUN_18007f700	Global	0x1ab	false	false
18007f8b0	FUN_18007f8b0	Global	0x1ab	false	false
18007fa60	FUN_18007fa60	Global	0x1b9	false	false
18007fc20	FUN_18007fc20	Global	0x144	false	false
18007fd70	FUN_18007fd70	Global	0x160	false	false
18007fed0	FUN_18007fed0	Global	0x144	false	false
180080020	FUN_180080020	Global	0x1b4	false	false
1800801e0	FUN_1800801e0	Global	0x160	false	false
180080340	FUN_180080340	Global	0x160	false	false
1800804a0	FUN_1800804a0	Global	0x19d	false	false
180080640	FUN_180080640	Global	0x9d	false	false
1800806e0	FUN_1800806e0	Global	0x1a2	false	false
180080890	FUN_180080890	Global	0x19d	false	false
180080a30	FUN_180080a30	Global	0x20a	false	false
180080c40	FUN_180080c40	Global	0x160	false	false
180080da0	FUN_180080da0	Global	0x19d	false	false
180080f40	FUN_180080f40	Global	0x1dd	false	false
180081120	FUN_180081120	Global	0x144	false	false
180081270	FUN_180081270	Global	0x19d	false	false
180081410	FUN_180081410	Global	0x19d	false	false
1800815b0	FUN_1800815b0	Global	0x1dd	false	false
180081790	FUN_180081790	Global	0x1b4	false	false
180081950	FUN_180081950	Global	0x1dd	false	false
180081b30	FUN_180081b30	Global	0x1b4	false	false
180081cf0	FUN_180081cf0	Global	0x263	false	false
180081f60	FUN_180081f60	Global	0x1be	false	false
180082120	FUN_180082120	Global	0x144	false	false
180082270	FUN_180082270	Global	0x16b	false	false
1800823e0	FUN_1800823e0	Global	0x16b	false	false
180082550	FUN_180082550	Global	0x19d	false	false
1800826f0	FUN_1800826f0	Global	0x226	false	false
180082920	FUN_180082920	Global	0x1b4	false	false
180082ae0	FUN_180082ae0	Global	0x27d	false	false
180082d70	FUN_180082d70	Global	0x1dd	false	false
180082f50	FUN_180082f50	Global	0x1f4	false	false
180083150	FUN_180083150	Global	0x1f4	false	false
180083350	FUN_180083350	Global	0x1bd	false	false
180083510	FUN_180083510	Global	0x1fd	false	false
180083710	FUN_180083710	Global	0x19d	false	false
1800838b0	FUN_1800838b0	Global	0x1dd	false	false
180083a90	FUN_180083a90	Global	0x1ed	false	false
180083c80	FUN_180083c80	Global	0x200	false	false
180083e90	FUN_180083e90	Global	0x232	false	false
1800840d0	FUN_1800840d0	Global	0x200	false	false
1800842e0	FUN_1800842e0	Global	0x200	false	false
1800844f0	FUN_1800844f0	Global	0x1c2	false	false
1800846c0	FUN_1800846c0	Global	0x1b9	false	false
180084880	FUN_180084880	Global	0x1c2	false	false
180084a50	FUN_180084a50	Global	0x1b9	false	false
180084c10	FUN_180084c10	Global	0x1c2	false	false
180084de0	FUN_180084de0	Global	0x1c2	false	false
180084fb0	FUN_180084fb0	Global	0x232	false	false
1800851f0	FUN_1800851f0	Global	0x2ac	false	false
1800854b0	FUN_1800854b0	Global	0x224	false	false
1800856e0	FUN_1800856e0	Global	0x224	false	false
180085910	FUN_180085910	Global	0x224	false	false
180085b40	FUN_180085b40	Global	0x1dd	false	false
180085d20	FUN_180085d20	Global	0x1dd	false	false
180085f00	FUN_180085f00	Global	0x1dd	false	false
1800860e0	FUN_1800860e0	Global	0x224	false	false
180086310	FUN_180086310	Global	0x19d	false	false
1800864b0	FUN_1800864b0	Global	0x1f4	false	false
1800866b0	FUN_1800866b0	Global	0x1b4	false	false
180086870	FUN_180086870	Global	0x1a2	false	false
180086a20	FUN_180086a20	Global	0x1a2	false	false
180086bd0	FUN_180086bd0	Global	0x254	false	false
180086e30	FUN_180086e30	Global	0x1a2	false	false
180086fe0	FUN_180086fe0	Global	0x1f4	false	false
1800871e0	FUN_1800871e0	Global	0x19d	false	false
180087380	FUN_180087380	Global	0x19d	false	false
180087520	FUN_180087520	Global	0x273	false	false
1800877a0	FUN_1800877a0	Global	0x1dd	false	false
180087980	FUN_180087980	Global	0x2ac	false	false
180087c40	FUN_180087c40	Global	0x1dd	false	false
180087e20	FUN_180087e20	Global	0x1dd	false	false
180088000	FUN_180088000	Global	0x1b4	false	false
1800881c0	FUN_1800881c0	Global	0x1dd	false	false
1800883a0	FUN_1800883a0	Global	0x1dd	false	false
180088580	FUN_180088580	Global	0x1dd	false	false
180088760	FUN_180088760	Global	0x1b4	false	false
180088920	FUN_180088920	Global	0x2ac	false	false
180088be0	FUN_180088be0	Global	0x2ac	false	false
180088ea0	FUN_180088ea0	Global	0x224	false	false
1800890d0	FUN_1800890d0	Global	0x1cb	false	false
1800892b0	FUN_1800892b0	Global	0x1dd	false	false
180089490	FUN_180089490	Global	0x1dd	false	false
180089670	FUN_180089670	Global	0x1dd	false	false
180089850	FUN_180089850	Global	0x1dd	false	false
180089a30	FUN_180089a30	Global	0x1dd	false	false
180089c10	FUN_180089c10	Global	0x1dd	false	false
180089df0	FUN_180089df0	Global	0x1dd	false	false
180089fd0	FUN_180089fd0	Global	0x1dd	false	false
18008a1b0	FUN_18008a1b0	Global	0x224	false	false
18008a3e0	FUN_18008a3e0	Global	0x1dd	false	false
18008a5c0	FUN_18008a5c0	Global	0x1dd	false	false
18008a7a0	FUN_18008a7a0	Global	0x19d	false	false
18008a940	FUN_18008a940	Global	0x224	false	false
18008ab70	FUN_18008ab70	Global	0x224	false	false
18008ada0	FUN_18008ada0	Global	0x1dd	false	false
18008af80	FUN_18008af80	Global	0x1dd	false	false
18008b160	FUN_18008b160	Global	0x1dd	false	false
18008b340	FUN_18008b340	Global	0x27d	false	false
18008b5d0	FUN_18008b5d0	Global	0x241	false	false
18008b820	FUN_18008b820	Global	0x312	false	false
18008bb40	FUN_18008bb40	Global	0x1dd	false	false
18008bd20	FUN_18008bd20	Global	0x224	false	false
18008bf50	FUN_18008bf50	Global	0x1b4	false	false
18008c110	FUN_18008c110	Global	0x1bd	false	false
18008c2d0	FUN_18008c2d0	Global	0x19d	false	false
18008c470	FUN_18008c470	Global	0x1dd	false	false
18008c650	FUN_18008c650	Global	0x1dd	false	false
18008c830	FUN_18008c830	Global	0x2b0	false	false
18008caf0	FUN_18008caf0	Global	0x19d	false	false
18008cc90	FUN_18008cc90	Global	0x1a2	false	false
18008ce40	FUN_18008ce40	Global	0x1dd	false	false
18008d020	FUN_18008d020	Global	0x18d	false	false
18008d1c0	FUN_18008d1c0	Global	0x1f4	false	false
18008d3c0	FUN_18008d3c0	Global	0x2ac	false	false
18008d680	FUN_18008d680	Global	0x289	false	false
18008d910	FUN_18008d910	Global	0x1b4	false	false
18008dad0	FUN_18008dad0	Global	0x27d	false	false
18008dd60	FUN_18008dd60	Global	0x1f4	false	false
18008df60	FUN_18008df60	Global	0x289	false	false
18008e1f0	FUN_18008e1f0	Global	0x312	false	false
18008e510	FUN_18008e510	Global	0x312	false	false
18008e830	FUN_18008e830	Global	0x312	false	false
18008eb50	FUN_18008eb50	Global	0x312	false	false
18008ee70	FUN_18008ee70	Global	0x241	false	false
18008f0c0	FUN_18008f0c0	Global	0x1a2	false	false
18008f270	FUN_18008f270	Global	0x2d8	false	false
18008f550	FUN_18008f550	Global	0x1b4	false	false
18008f710	FUN_18008f710	Global	0x19d	false	false
18008f8b0	FUN_18008f8b0	Global	0x1dd	false	false
18008fa90	FUN_18008fa90	Global	0x1bd	false	false
18008fc50	FUN_18008fc50	Global	0x1b4	false	false
18008fe10	FUN_18008fe10	Global	0x1b4	false	false
18008ffd0	FUN_18008ffd0	Global	0x1dd	false	false
1800901b0	FUN_1800901b0	Global	0x241	false	false
180090400	FUN_180090400	Global	0x273	false	false
180090680	FUN_180090680	Global	0x273	false	false
180090900	FUN_180090900	Global	0x273	false	false
180090b80	FUN_180090b80	Global	0x224	false	false
180090db0	FUN_180090db0	Global	0x224	false	false
180090fe0	FUN_180090fe0	Global	0x16b	false	false
180091150	FUN_180091150	Global	0x144	false	false
1800912a0	FUN_1800912a0	Global	0x160	false	false
180091400	FUN_180091400	Global	0x160	false	false
180091560	FUN_180091560	Global	0x1b4	false	false
180091720	FUN_180091720	Global	0x160	false	false
180091880	FUN_180091880	Global	0x1e0	false	false
180091a70	FUN_180091a70	Global	0x312	false	false
180091d90	FUN_180091d90	Global	0x1bd	false	false
180091f50	FUN_180091f50	Global	0x1dd	false	false
180092130	FUN_180092130	Global	0x1bd	false	false
1800922f0	FUN_1800922f0	Global	0x1dd	false	false
1800924d0	FUN_1800924d0	Global	0x1dd	false	false
1800926b0	FUN_1800926b0	Global	0x1dd	false	false
180092890	FUN_180092890	Global	0x1dd	false	false
180092a70	FUN_180092a70	Global	0x2fb	false	false
180092d80	FUN_180092d80	Global	0x164	false	false
180092ef0	FUN_180092ef0	Global	0x164	false	false
180093060	FUN_180093060	Global	0x19d	false	false
180093200	FUN_180093200	Global	0x160	false	false
180093360	FUN_180093360	Global	0x160	false	false
1800934c0	FUN_1800934c0	Global	0x19d	false	false
180093660	FUN_180093660	Global	0x19d	false	false
180093800	FUN_180093800	Global	0x19d	false	false
1800939a0	FUN_1800939a0	Global	0x194	false	false
180093b40	FUN_180093b40	Global	0x194	false	false
180093ce0	FUN_180093ce0	Global	0x144	false	false
180093e30	FUN_180093e30	Global	0x160	false	false
180093f90	FUN_180093f90	Global	0x1bd	false	false
180094150	FUN_180094150	Global	0x192	false	false
1800942f0	FUN_1800942f0	Global	0x16b	false	false
180094460	FUN_180094460	Global	0x192	false	false
180094600	FUN_180094600	Global	0x16c	false	false
180094770	FUN_180094770	Global	0x19d	false	false
180094910	FUN_180094910	Global	0x19d	false	false
180094ab0	FUN_180094ab0	Global	0x19d	false	false
180094c50	FUN_180094c50	Global	0x160	false	false
180094db0	FUN_180094db0	Global	0x160	false	false
180094f10	FUN_180094f10	Global	0x160	false	false
180095070	FUN_180095070	Global	0x19d	false	false
180095210	FUN_180095210	Global	0x1f4	false	false
180095410	FUN_180095410	Global	0x1d6	false	false
1800955f0	FUN_1800955f0	Global	0x241	false	false
180095840	FUN_180095840	Global	0x1d6	false	false
180095a20	FUN_180095a20	Global	0x19d	false	false
180095bc0	FUN_180095bc0	Global	0x19d	false	false
180095d60	FUN_180095d60	Global	0x144	false	false
180095eb0	FUN_180095eb0	Global	0x160	false	false
180096010	FUN_180096010	Global	0x1b9	false	false
1800961d0	FUN_1800961d0	Global	0x1b9	false	false
180096390	FUN_180096390	Global	0x1b9	false	false
180096550	FUN_180096550	Global	0x164	false	false
1800966c0	FUN_1800966c0	Global	0x224	false	false
1800968f0	FUN_1800968f0	Global	0x1f4	false	false
180096af0	FUN_180096af0	Global	0x1b4	false	false
180096cb0	FUN_180096cb0	Global	0x259	false	false
180096f10	FUN_180096f10	Global	0x273	false	false
180097190	FUN_180097190	Global	0x2fb	false	false
1800974a0	FUN_1800974a0	Global	0x224	false	false
1800976d0	FUN_1800976d0	Global	0x228	false	false
180097900	FUN_180097900	Global	0x1b0	false	false
180097ab0	FUN_180097ab0	Global	0x1b4	false	false
180097c70	FUN_180097c70	Global	0x1b0	false	false
180097e20	FUN_180097e20	Global	0x1b0	false	false
180097fd0	FUN_180097fd0	Global	0x1b0	false	false
180098180	FUN_180098180	Global	0x1b0	false	false
180098330	FUN_180098330	Global	0x1d6	false	false
180098510	FUN_180098510	Global	0x198	false	false
1800986b0	FUN_1800986b0	Global	0x1b4	false	false
180098870	FUN_180098870	Global	0x1f4	false	false
180098a70	FUN_180098a70	Global	0x1dd	false	false
180098c50	FUN_180098c50	Global	0x1d3	false	false
180098e30	FUN_180098e30	Global	0x165	false	false
180098fa0	FUN_180098fa0	Global	0x165	false	false
180099110	FUN_180099110	Global	0x160	false	false
180099270	FUN_180099270	Global	0x160	false	false
1800993d0	FUN_1800993d0	Global	0x160	false	false
180099530	FUN_180099530	Global	0x165	false	false
1800996a0	FUN_1800996a0	Global	0x165	false	false
180099810	FUN_180099810	Global	0x165	false	false
180099980	FUN_180099980	Global	0x16c	false	false
180099af0	FUN_180099af0	Global	0x16c	false	false
180099c60	FUN_180099c60	Global	0x16c	false	false
180099dd0	FUN_180099dd0	Global	0x160	false	false
180099f30	FUN_180099f30	Global	0x224	false	false
18009a160	FUN_18009a160	Global	0x160	false	false
18009a2c0	FUN_18009a2c0	Global	0x1bd	false	false
18009a480	FUN_18009a480	Global	0x224	false	false
18009a6b0	FUN_18009a6b0	Global	0x144	false	false
18009a800	FUN_18009a800	Global	0x144	false	false
18009a950	FUN_18009a950	Global	0x1dd	false	false
18009ab30	FUN_18009ab30	Global	0x1bd	false	false
18009acf0	FUN_18009acf0	Global	0x1bd	false	false
18009aeb0	FUN_18009aeb0	Global	0x1bd	false	false
18009b070	FUN_18009b070	Global	0x1fd	false	false
18009b270	FUN_18009b270	Global	0x1fd	false	false
18009b470	FUN_18009b470	Global	0x292	false	false
18009b710	FUN_18009b710	Global	0x24b	false	false
18009b960	FUN_18009b960	Global	0x22e	false	false
18009bb90	FUN_18009bb90	Global	0x22e	false	false
18009bdc0	FUN_18009bdc0	Global	0x22e	false	false
18009bff0	FUN_18009bff0	Global	0x231	false	false
18009c230	FUN_18009c230	Global	0x1b4	false	false
18009c3f0	FUN_18009c3f0	Global	0x1b4	false	false
18009c5b0	FUN_18009c5b0	Global	0x24e	false	false
18009c800	FUN_18009c800	Global	0x24e	false	false
18009ca50	FUN_18009ca50	Global	0x19d	false	false
18009cbf0	FUN_18009cbf0	Global	0x1b4	false	false
18009cdb0	FUN_18009cdb0	Global	0x1b4	false	false
18009cf70	FUN_18009cf70	Global	0x1b4	false	false
18009d130	FUN_18009d130	Global	0x16b	false	false
18009d2a0	FUN_18009d2a0	Global	0x16b	false	false
18009d410	FUN_18009d410	Global	0x16b	false	false
18009d580	FUN_18009d580	Global	0x16b	false	false
18009d6f0	FUN_18009d6f0	Global	0x16b	false	false
18009d860	FUN_18009d860	Global	0x1b9	false	false
18009da20	FUN_18009da20	Global	0x1b9	false	false
18009dbe0	FUN_18009dbe0	Global	0x165	false	false
18009dd50	FUN_18009dd50	Global	0x165	false	false
18009dec0	FUN_18009dec0	Global	0x165	false	false
18009e030	FUN_18009e030	Global	0x1f4	false	false
18009e230	FUN_18009e230	Global	0x273	false	false
18009e4b0	FUN_18009e4b0	Global	0x1a2	false	false
18009e660	FUN_18009e660	Global	0x144	false	false
18009e7b0	FUN_18009e7b0	Global	0xe8	false	false
18009e8a0	FUN_18009e8a0	Global	0x19d	false	false
18009ea40	FUN_18009ea40	Global	0x1b4	false	false
18009ec00	FUN_18009ec00	Global	0x1b4	false	false
18009edc0	FUN_18009edc0	Global	0x1b4	false	false
18009ef80	FUN_18009ef80	Global	0x1b4	false	false
18009f140	FUN_18009f140	Global	0x160	false	false
18009f2a0	FUN_18009f2a0	Global	0x160	false	false
18009f400	FUN_18009f400	Global	0x160	false	false
18009f560	FUN_18009f560	Global	0x160	false	false
18009f6c0	FUN_18009f6c0	Global	0x19d	false	false
18009f860	FUN_18009f860	Global	0x160	false	false
18009f9c0	FUN_18009f9c0	Global	0x160	false	false
18009fb20	FUN_18009fb20	Global	0x225	false	false
18009fd50	FUN_18009fd50	Global	0x225	false	false
18009ff80	FUN_18009ff80	Global	0x144	false	false
1800a00d0	FUN_1800a00d0	Global	0x144	false	false
1800a0220	FUN_1800a0220	Global	0x16b	false	false
1800a0390	FUN_1800a0390	Global	0x1e3	false	false
1800a0580	FUN_1800a0580	Global	0x194	false	false
1800a0720	FUN_1800a0720	Global	0x192	false	false
1800a08c0	FUN_1800a08c0	Global	0x1bd	false	false
1800a0a80	FUN_1800a0a80	Global	0x192	false	false
1800a0c20	FUN_1800a0c20	Global	0x19d	false	false
1800a0dc0	FUN_1800a0dc0	Global	0x16c	false	false
1800a0f30	FUN_1800a0f30	Global	0x192	false	false
1800a10d0	FUN_1800a10d0	Global	0x16c	false	false
1800a1240	FUN_1800a1240	Global	0x2ac	false	false
1800a1500	FUN_1800a1500	Global	0x1bd	false	false
1800a16c0	FUN_1800a16c0	Global	0x228	false	false
1800a18f0	FUN_1800a18f0	Global	0x1e1	false	false
1800a1ae0	FUN_1800a1ae0	Global	0x2ac	false	false
1800a1da0	FUN_1800a1da0	Global	0x1dd	false	false
1800a1f80	FUN_1800a1f80	Global	0x16b	false	false
1800a20f0	FUN_1800a20f0	Global	0x16b	false	false
1800a2260	FUN_1800a2260	Global	0x1b4	false	false
1800a2420	FUN_1800a2420	Global	0x192	false	false
1800a25c0	FUN_1800a25c0	Global	0x224	false	false
1800a27f0	FUN_1800a27f0	Global	0x16b	false	false
1800a2960	FUN_1800a2960	Global	0x16b	false	false
1800a2ad0	FUN_1800a2ad0	Global	0x16b	false	false
1800a2c40	FUN_1800a2c40	Global	0x16b	false	false
1800a2db0	FUN_1800a2db0	Global	0x1b4	false	false
1800a2f70	FUN_1800a2f70	Global	0x16b	false	false
1800a30e0	FUN_1800a30e0	Global	0x16b	false	false
1800a3250	FUN_1800a3250	Global	0x16b	false	false
1800a33c0	FUN_1800a33c0	Global	0x1bd	false	false
1800a3580	FUN_1800a3580	Global	0x165	false	false
1800a36f0	FUN_1800a36f0	Global	0x16b	false	false
1800a3860	FUN_1800a3860	Global	0x194	false	false
1800a3a00	FUN_1800a3a00	Global	0x160	false	false
1800a3b60	FUN_1800a3b60	Global	0x241	false	false
1800a3db0	FUN_1800a3db0	Global	0x289	false	false
1800a4040	FUN_1800a4040	Global	0x19d	false	false
1800a41e0	FUN_1800a41e0	Global	0x144	false	false
1800a4330	FUN_1800a4330	Global	0x16b	false	false
1800a44a0	FUN_1800a44a0	Global	0x19d	false	false
1800a4640	FUN_1800a4640	Global	0x1b4	false	false
1800a4800	FUN_1800a4800	Global	0x1b4	false	false
1800a49c0	FUN_1800a49c0	Global	0x1b4	false	false
1800a4b80	FUN_1800a4b80	Global	0x1dd	false	false
1800a4d60	FUN_1800a4d60	Global	0x144	false	false
1800a4eb0	FUN_1800a4eb0	Global	0x228	false	false
1800a50e0	FUN_1800a50e0	Global	0x2ac	false	false
1800a53a0	FUN_1800a53a0	Global	0x16b	false	false
1800a5510	FUN_1800a5510	Global	0x16b	false	false
1800a5680	FUN_1800a5680	Global	0x144	false	false
1800a57d0	FUN_1800a57d0	Global	0x1f3	false	false
1800a59d0	FUN_1800a59d0	Global	0x260	false	false
1800a5c40	FUN_1800a5c40	Global	0x16b	false	false
1800a5db0	FUN_1800a5db0	Global	0x16b	false	false
1800a5f20	FUN_1800a5f20	Global	0x16b	false	false
1800a6090	FUN_1800a6090	Global	0x16b	false	false
1800a6200	FUN_1800a6200	Global	0x16b	false	false
1800a6370	FUN_1800a6370	Global	0x160	false	false
1800a64d0	FUN_1800a64d0	Global	0x19d	false	false
1800a6670	FUN_1800a6670	Global	0x160	false	false
1800a67d0	FUN_1800a67d0	Global	0x2d8	false	false
1800a6ab0	FUN_1800a6ab0	Global	0x312	false	false
1800a6dd0	FUN_1800a6dd0	Global	0x1f4	false	false
1800a6fd0	FUN_1800a6fd0	Global	0x1b4	false	false
1800a7190	FUN_1800a7190	Global	0x1f4	false	false
1800a7390	FUN_1800a7390	Global	0x1bd	false	false
1800a7550	FUN_1800a7550	Global	0x1b4	false	false
1800a7710	FUN_1800a7710	Global	0x1c0	false	false
1800a78d0	FUN_1800a78d0	Global	0x2d8	false	false
1800a7bb0	FUN_1800a7bb0	Global	0x254	false	false
1800a7e10	FUN_1800a7e10	Global	0x1f4	false	false
1800a8010	FUN_1800a8010	Global	0x1b4	false	false
1800a81d0	FUN_1800a81d0	Global	0x1b4	false	false
1800a8390	FUN_1800a8390	Global	0x1b4	false	false
1800a8550	FUN_1800a8550	Global	0x241	false	false
1800a87a0	FUN_1800a87a0	Global	0x1f4	false	false
1800a89a0	FUN_1800a89a0	Global	0x1f4	false	false
1800a8ba0	FUN_1800a8ba0	Global	0x241	false	false
1800a8df0	FUN_1800a8df0	Global	0x1dd	false	false
1800a8fd0	FUN_1800a8fd0	Global	0x2ac	false	false
1800a9290	FUN_1800a9290	Global	0x273	false	false
1800a9510	FUN_1800a9510	Global	0x289	false	false
1800a97a0	FUN_1800a97a0	Global	0x289	false	false
1800a9a30	FUN_1800a9a30	Global	0x19d	false	false
1800a9bd0	FUN_1800a9bd0	Global	0x1b4	false	false
1800a9d90	FUN_1800a9d90	Global	0x1b4	false	false
1800a9f50	FUN_1800a9f50	Global	0x273	false	false
1800aa1d0	FUN_1800aa1d0	Global	0x1dd	false	false
1800aa3b0	FUN_1800aa3b0	Global	0x1dd	false	false
1800aa590	FUN_1800aa590	Global	0x1b4	false	false
1800aa750	FUN_1800aa750	Global	0x2fb	false	false
1800aaa60	FUN_1800aaa60	Global	0x16b	false	false
1800aabd0	FUN_1800aabd0	Global	0x160	false	false
1800aad30	FUN_1800aad30	Global	0x144	false	false
1800aae80	FUN_1800aae80	Global	0x2fb	false	false
1800ab190	FUN_1800ab190	Global	0x16b	false	false
1800ab300	FUN_1800ab300	Global	0x144	false	false
1800ab450	FUN_1800ab450	Global	0x144	false	false
1800ab5a0	FUN_1800ab5a0	Global	0x1dd	false	false
1800ab780	FUN_1800ab780	Global	0x16b	false	false
1800ab8f0	FUN_1800ab8f0	Global	0x160	false	false
1800aba50	FUN_1800aba50	Global	0x1dd	false	false
1800abc30	FUN_1800abc30	Global	0x2ac	false	false
1800abef0	FUN_1800abef0	Global	0x19d	false	false
1800ac090	FUN_1800ac090	Global	0x19d	false	false
1800ac230	FUN_1800ac230	Global	0x160	false	false
1800ac390	FUN_1800ac390	Global	0x144	false	false
1800ac4e0	FUN_1800ac4e0	Global	0x160	false	false
1800ac640	FUN_1800ac640	Global	0x160	false	false
1800ac7a0	FUN_1800ac7a0	Global	0x160	false	false
1800ac900	FUN_1800ac900	Global	0x160	false	false
1800aca60	FUN_1800aca60	Global	0x1b4	false	false
1800acc20	FUN_1800acc20	Global	0x1b4	false	false
1800acde0	FUN_1800acde0	Global	0x241	false	false
1800ad030	FUN_1800ad030	Global	0x241	false	false
1800ad280	FUN_1800ad280	Global	0x160	false	false
1800ad3e0	FUN_1800ad3e0	Global	0x1b4	false	false
1800ad5a0	FUN_1800ad5a0	Global	0x1b4	false	false
1800ad760	FUN_1800ad760	Global	0x241	false	false
1800ad9b0	FUN_1800ad9b0	Global	0x241	false	false
1800adc00	FUN_1800adc00	Global	0x1b4	false	false
1800addc0	FUN_1800addc0	Global	0x1b4	false	false
1800adf80	FUN_1800adf80	Global	0x1f4	false	false
1800ae180	FUN_1800ae180	Global	0x2fb	false	false
1800ae490	FUN_1800ae490	Global	0x1dd	false	false
1800ae670	FUN_1800ae670	Global	0x160	false	false
1800ae7d0	FUN_1800ae7d0	Global	0x144	false	false
1800ae920	FUN_1800ae920	Global	0x19d	false	false
1800aeac0	FUN_1800aeac0	Global	0x241	false	false
1800aed10	FUN_1800aed10	Global	0x241	false	false
1800aef60	FUN_1800aef60	Global	0x241	false	false
1800af1b0	FUN_1800af1b0	Global	0x229	false	false
1800af3e0	FUN_1800af3e0	Global	0x209	false	false
1800af5f0	FUN_1800af5f0	Global	0x226	false	false
1800af820	FUN_1800af820	Global	0x2d8	false	false
1800afb00	FUN_1800afb00	Global	0x241	false	false
1800afd50	FUN_1800afd50	Global	0x241	false	false
1800affa0	FUN_1800affa0	Global	0x1f6	false	false
1800b01a0	FUN_1800b01a0	Global	0x1f4	false	false
1800b03a0	FUN_1800b03a0	Global	0x1ee	false	false
1800b0590	FUN_1800b0590	Global	0x1ea	false	false
1800b0780	FUN_1800b0780	Global	0x1e5	false	false
1800b0970	FUN_1800b0970	Global	0x241	false	false
1800b0bc0	FUN_1800b0bc0	Global	0x1f4	false	false
1800b0dc0	FUN_1800b0dc0	Global	0x1ee	false	false
1800b0fb0	FUN_1800b0fb0	Global	0x1ee	false	false
1800b11a0	FUN_1800b11a0	Global	0x1b4	false	false
1800b1360	FUN_1800b1360	Global	0x144	false	false
1800b14b0	FUN_1800b14b0	Global	0x144	false	false
1800b1600	FUN_1800b1600	Global	0x16c	false	false
1800b1770	FUN_1800b1770	Global	0x190	false	false
1800b1900	FUN_1800b1900	Global	0x1bd	false	false
1800b1ac0	FUN_1800b1ac0	Global	0x144	false	false
1800b1c10	FUN_1800b1c10	Global	0x1cb	false	false
1800b1de0	FUN_1800b1de0	Global	0x1b4	false	false
1800b1fa0	FUN_1800b1fa0	Global	0x1bd	false	false
1800b2160	FUN_1800b2160	Global	0x1bd	false	false
1800b2320	FUN_1800b2320	Global	0x1e1	false	false
1800b2510	FUN_1800b2510	Global	0x1bd	false	false
1800b26d0	FUN_1800b26d0	Global	0x1bd	false	false
1800b2890	FUN_1800b2890	Global	0x1bd	false	false
1800b2a50	FUN_1800b2a50	Global	0x1bd	false	false
1800b2c10	FUN_1800b2c10	Global	0x1e1	false	false
1800b2e00	FUN_1800b2e00	Global	0x224	false	false
1800b3030	FUN_1800b3030	Global	0x224	false	false
1800b3260	FUN_1800b3260	Global	0x1e1	false	false
1800b3450	FUN_1800b3450	Global	0x1dd	false	false
1800b3630	FUN_1800b3630	Global	0x1dd	false	false
1800b3810	FUN_1800b3810	Global	0x1dd	false	false
1800b39f0	FUN_1800b39f0	Global	0x19d	false	false
1800b3b90	FUN_1800b3b90	Global	0x19d	false	false
1800b3d30	FUN_1800b3d30	Global	0x1dd	false	false
1800b3f10	FUN_1800b3f10	Global	0x1f4	false	false
1800b4110	FUN_1800b4110	Global	0x1bd	false	false
1800b42d0	FUN_1800b42d0	Global	0x187	false	false
1800b4460	FUN_1800b4460	Global	0x1bd	false	false
1800b4620	FUN_1800b4620	Global	0x241	false	false
1800b4870	FUN_1800b4870	Global	0x241	false	false
1800b4ac0	FUN_1800b4ac0	Global	0x241	false	false
1800b4d10	FUN_1800b4d10	Global	0x200	false	false
1800b4f20	FUN_1800b4f20	Global	0x1b4	false	false
1800b50e0	FUN_1800b50e0	Global	0x19d	false	false
1800b5280	FUN_1800b5280	Global	0x144	false	false
1800b53d0	FUN_1800b53d0	Global	0x312	false	false
1800b56f0	FUN_1800b56f0	Global	0x312	false	false
1800b5a10	FUN_1800b5a10	Global	0x1a2	false	false
1800b5bc0	FUN_1800b5bc0	Global	0x1b4	false	false
1800b5d80	FUN_1800b5d80	Global	0x1b4	false	false
1800b5f40	FUN_1800b5f40	Global	0x1b4	false	false
1800b6100	FUN_1800b6100	Global	0x1b4	false	false
1800b62c0	FUN_1800b62c0	Global	0x1b4	false	false
1800b6480	FUN_1800b6480	Global	0x1b4	false	false
1800b6640	FUN_1800b6640	Global	0x1b4	false	false
1800b6800	FUN_1800b6800	Global	0x1dd	false	false
1800b69e0	FUN_1800b69e0	Global	0x1dd	false	false
1800b6bc0	FUN_1800b6bc0	Global	0x1b4	false	false
1800b6d80	FUN_1800b6d80	Global	0x1dd	false	false
1800b6f60	FUN_1800b6f60	Global	0x1dd	false	false
1800b7140	FUN_1800b7140	Global	0x1e1	false	false
1800b7330	FUN_1800b7330	Global	0x1f4	false	false
1800b7530	FUN_1800b7530	Global	0x144	false	false
1800b7680	FUN_1800b7680	Global	0x1bd	false	false
1800b7840	FUN_1800b7840	Global	0x1bd	false	false
1800b7a00	FUN_1800b7a00	Global	0x1bd	false	false
1800b7bc0	FUN_1800b7bc0	Global	0x1b4	false	false
1800b7d80	FUN_1800b7d80	Global	0x1bd	false	false
1800b7f40	FUN_1800b7f40	Global	0x1b4	false	false
1800b8100	FUN_1800b8100	Global	0x1bd	false	false
1800b82c0	FUN_1800b82c0	Global	0x1b4	false	false
1800b8480	FUN_1800b8480	Global	0x1bd	false	false
1800b8640	FUN_1800b8640	Global	0x1bd	false	false
1800b8800	FUN_1800b8800	Global	0x1b4	false	false
1800b89c0	FUN_1800b89c0	Global	0x1b4	false	false
1800b8b80	FUN_1800b8b80	Global	0x1b4	false	false
1800b8d40	FUN_1800b8d40	Global	0x19d	false	false
1800b8ee0	FUN_1800b8ee0	Global	0x19d	false	false
1800b9080	FUN_1800b9080	Global	0x1e1	false	false
1800b9270	FUN_1800b9270	Global	0x1bd	false	false
1800b9430	FUN_1800b9430	Global	0x1f4	false	false
1800b9630	FUN_1800b9630	Global	0x224	false	false
1800b9860	FUN_1800b9860	Global	0x1b4	false	false
1800b9a20	FUN_1800b9a20	Global	0x1bd	false	false
1800b9be0	FUN_1800b9be0	Global	0x1f4	false	false
1800b9de0	FUN_1800b9de0	Global	0x1b4	false	false
1800b9fa0	FUN_1800b9fa0	Global	0x1bd	false	false
1800ba160	FUN_1800ba160	Global	0x1e1	false	false
1800ba350	FUN_1800ba350	Global	0x1b4	false	false
1800ba510	FUN_1800ba510	Global	0x19d	false	false
1800ba6b0	FUN_1800ba6b0	Global	0x1dd	false	false
1800ba890	FUN_1800ba890	Global	0x1f4	false	false
1800baa90	FUN_1800baa90	Global	0x1b4	false	false
1800bac50	FUN_1800bac50	Global	0x1b4	false	false
1800bae10	FUN_1800bae10	Global	0x1b4	false	false
1800bafd0	FUN_1800bafd0	Global	0x1dd	false	false
1800bb1b0	FUN_1800bb1b0	Global	0x1dd	false	false
1800bb390	FUN_1800bb390	Global	0x22a	false	false
1800bb5c0	FUN_1800bb5c0	Global	0x1fd	false	false
1800bb7c0	FUN_1800bb7c0	Global	0x1dd	false	false
1800bb9a0	FUN_1800bb9a0	Global	0x1b4	false	false
1800bbb60	FUN_1800bbb60	Global	0x1f4	false	false
1800bbd60	FUN_1800bbd60	Global	0x1f4	false	false
1800bbf60	FUN_1800bbf60	Global	0x1dd	false	false
1800bc140	FUN_1800bc140	Global	0x1b4	false	false
1800bc300	FUN_1800bc300	Global	0x241	false	false
1800bc550	FUN_1800bc550	Global	0x1b4	false	false
1800bc710	FUN_1800bc710	Global	0x1f4	false	false
1800bc910	FUN_1800bc910	Global	0x1b4	false	false
1800bcad0	FUN_1800bcad0	Global	0x1f4	false	false
1800bccd0	FUN_1800bccd0	Global	0x1b4	false	false
1800bce90	FUN_1800bce90	Global	0x1dd	false	false
1800bd070	FUN_1800bd070	Global	0x1dd	false	false
1800bd250	FUN_1800bd250	Global	0x27d	false	false
1800bd4e0	FUN_1800bd4e0	Global	0x1dd	false	false
1800bd6c0	FUN_1800bd6c0	Global	0x19d	false	false
1800bd860	FUN_1800bd860	Global	0x1dd	false	false
1800bda40	FUN_1800bda40	Global	0x1dd	false	false
1800bdc20	FUN_1800bdc20	Global	0x1dd	false	false
1800bde00	FUN_1800bde00	Global	0x1b4	false	false
1800bdfc0	FUN_1800bdfc0	Global	0x1dd	false	false
1800be1a0	FUN_1800be1a0	Global	0x1dd	false	false
1800be380	FUN_1800be380	Global	0x1dd	false	false
1800be560	FUN_1800be560	Global	0x1dd	false	false
1800be740	FUN_1800be740	Global	0x1dd	false	false
1800be920	FUN_1800be920	Global	0x1b4	false	false
1800beae0	FUN_1800beae0	Global	0x1dd	false	false
1800becc0	FUN_1800becc0	Global	0x19d	false	false
1800bee60	FUN_1800bee60	Global	0x1f4	false	false
1800bf060	FUN_1800bf060	Global	0x1b4	false	false
1800bf220	FUN_1800bf220	Global	0x1dd	false	false
1800bf400	FUN_1800bf400	Global	0x144	false	false
1800bf550	FUN_1800bf550	Global	0x16b	false	false
1800bf6c0	FUN_1800bf6c0	Global	0x19d	false	false
1800bf860	FUN_1800bf860	Global	0x1dd	false	false
1800bfa40	FUN_1800bfa40	Global	0x1dd	false	false
1800bfc20	FUN_1800bfc20	Global	0x19d	false	false
1800bfdc0	FUN_1800bfdc0	Global	0x1dd	false	false
1800bffa0	FUN_1800bffa0	Global	0x1b4	false	false
1800c0160	FUN_1800c0160	Global	0x1c2	false	false
1800c0330	FUN_1800c0330	Global	0x19d	false	false
1800c04d0	FUN_1800c04d0	Global	0x1b4	false	false
1800c0690	FUN_1800c0690	Global	0x1b4	false	false
1800c0850	FUN_1800c0850	Global	0x1b4	false	false
1800c0a10	FUN_1800c0a10	Global	0x1b4	false	false
1800c0bd0	FUN_1800c0bd0	Global	0x20d	false	false
1800c0de0	FUN_1800c0de0	Global	0x2e1	false	false
1800c10d0	FUN_1800c10d0	Global	0x1f4	false	false
1800c12d0	FUN_1800c12d0	Global	0x1b4	false	false
1800c1490	FUN_1800c1490	Global	0x289	false	false
1800c1720	FUN_1800c1720	Global	0x1dd	false	false
1800c1900	FUN_1800c1900	Global	0x1dd	false	false
1800c1ae0	FUN_1800c1ae0	Global	0x1dd	false	false
1800c1cc0	FUN_1800c1cc0	Global	0x1f4	false	false
1800c1ec0	FUN_1800c1ec0	Global	0x1b4	false	false
1800c2080	FUN_1800c2080	Global	0x241	false	false
1800c22d0	FUN_1800c22d0	Global	0x224	false	false
1800c2500	FUN_1800c2500	Global	0x224	false	false
1800c2730	FUN_1800c2730	Global	0x19d	false	false
1800c28d0	FUN_1800c28d0	Global	0x1b4	false	false
1800c2a90	FUN_1800c2a90	Global	0x1dd	false	false
1800c2c70	FUN_1800c2c70	Global	0x1dd	false	false
1800c2e50	FUN_1800c2e50	Global	0x1dd	false	false
1800c3030	FUN_1800c3030	Global	0x1eb	false	false
1800c3220	FUN_1800c3220	Global	0x224	false	false
1800c3450	FUN_1800c3450	Global	0x1dd	false	false
1800c3630	FUN_1800c3630	Global	0x1dd	false	false
1800c3810	FUN_1800c3810	Global	0x1f4	false	false
1800c3a10	FUN_1800c3a10	Global	0x1b4	false	false
1800c3bd0	FUN_1800c3bd0	Global	0x18d	false	false
1800c3d70	FUN_1800c3d70	Global	0x1b4	false	false
1800c3f30	FUN_1800c3f30	Global	0x1b4	false	false
1800c40f0	FUN_1800c40f0	Global	0x1b4	false	false
1800c42b0	FUN_1800c42b0	Global	0x1f4	false	false
1800c44b0	FUN_1800c44b0	Global	0x160	false	false
1800c4610	FUN_1800c4610	Global	0x1b4	false	false
1800c47d0	FUN_1800c47d0	Global	0x1b4	false	false
1800c4990	FUN_1800c4990	Global	0x1b4	false	false
1800c4b50	FUN_1800c4b50	Global	0x1b4	false	false
1800c4d10	FUN_1800c4d10	Global	0x289	false	false
1800c4fa0	FUN_1800c4fa0	Global	0x2d8	false	false
1800c5280	FUN_1800c5280	Global	0x241	false	false
1800c54d0	FUN_1800c54d0	Global	0x144	false	false
1800c5620	FUN_1800c5620	Global	0x19d	false	false
1800c57c0	FUN_1800c57c0	Global	0x1b4	false	false
1800c5980	FUN_1800c5980	Global	0x1b4	false	false
1800c5b40	FUN_1800c5b40	Global	0x241	false	false
1800c5d90	FUN_1800c5d90	Global	0x1dd	false	false
1800c5f70	FUN_1800c5f70	Global	0x1dd	false	false
1800c6150	FUN_1800c6150	Global	0x1dd	false	false
1800c6330	FUN_1800c6330	Global	0x1dd	false	false
1800c6510	FUN_1800c6510	Global	0x1dd	false	false
1800c66f0	FUN_1800c66f0	Global	0x19d	false	false
1800c6890	FUN_1800c6890	Global	0x1b4	false	false
1800c6a50	FUN_1800c6a50	Global	0x19d	false	false
1800c6bf0	FUN_1800c6bf0	Global	0x160	false	false
1800c6d50	FUN_1800c6d50	Global	0x1b4	false	false
1800c6f10	FUN_1800c6f10	Global	0x1b4	false	false
1800c70d0	FUN_1800c70d0	Global	0x250	false	false
1800c7330	FUN_1800c7330	Global	0x19d	false	false
1800c74d0	FUN_1800c74d0	Global	0x19d	false	false
1800c7670	FUN_1800c7670	Global	0x144	false	false
1800c77c0	FUN_1800c77c0	Global	0x1b4	false	false
1800c7980	FUN_1800c7980	Global	0x1dd	false	false
1800c7b60	FUN_1800c7b60	Global	0x1bd	false	false
1800c7d20	FUN_1800c7d20	Global	0x1c1	false	false
1800c7ef0	FUN_1800c7ef0	Global	0x1dd	false	false
1800c80d0	FUN_1800c80d0	Global	0x224	false	false
1800c8300	FUN_1800c8300	Global	0x224	false	false
1800c8530	FUN_1800c8530	Global	0x224	false	false
1800c8760	FUN_1800c8760	Global	0x1dd	false	false
1800c8940	FUN_1800c8940	Global	0x1dd	false	false
1800c8b20	FUN_1800c8b20	Global	0x224	false	false
1800c8d50	FUN_1800c8d50	Global	0x224	false	false
1800c8f80	FUN_1800c8f80	Global	0x1dd	false	false
1800c9160	FUN_1800c9160	Global	0x1f4	false	false
1800c9360	FUN_1800c9360	Global	0x224	false	false
1800c9590	FUN_1800c9590	Global	0x224	false	false
1800c97c0	FUN_1800c97c0	Global	0x1b4	false	false
1800c9980	FUN_1800c9980	Global	0x144	false	false
1800c9ad0	FUN_1800c9ad0	Global	0x18d	false	false
1800c9c70	FUN_1800c9c70	Global	0x23f	false	false
1800c9ec0	FUN_1800c9ec0	Global	0x2ce	false	false
1800ca1a0	FUN_1800ca1a0	Global	0x224	false	false
1800ca3d0	FUN_1800ca3d0	Global	0x19d	false	false
1800ca570	FUN_1800ca570	Global	0x273	false	false
1800ca7f0	FUN_1800ca7f0	Global	0x19d	false	false
1800ca990	FUN_1800ca990	Global	0x19d	false	false
1800cab30	FUN_1800cab30	Global	0x16c	false	false
1800caca0	FUN_1800caca0	Global	0x16c	false	false
1800cae10	FUN_1800cae10	Global	0x1dd	false	false
1800caff0	FUN_1800caff0	Global	0x1b4	false	false
1800cb1b0	FUN_1800cb1b0	Global	0x144	false	false
1800cb300	FUN_1800cb300	Global	0x19d	false	false
1800cb4a0	FUN_1800cb4a0	Global	0x19d	false	false
1800cb640	FUN_1800cb640	Global	0x19d	false	false
1800cb7e0	FUN_1800cb7e0	Global	0x144	false	false
1800cb930	FUN_1800cb930	Global	0x144	false	false
1800cba80	FUN_1800cba80	Global	0x273	false	false
1800cbd00	FUN_1800cbd00	Global	0x19d	false	false
1800cbea0	FUN_1800cbea0	Global	0x254	false	false
1800cc100	FUN_1800cc100	Global	0x19d	false	false
1800cc2a0	FUN_1800cc2a0	Global	0x2fb	false	false
1800cc5b0	FUN_1800cc5b0	Global	0x19d	false	false
1800cc750	FUN_1800cc750	Global	0x144	false	false
1800cc8a0	FUN_1800cc8a0	Global	0x19d	false	false
1800cca40	FUN_1800cca40	Global	0x241	false	false
1800ccc90	FUN_1800ccc90	Global	0x18d	false	false
1800cce30	FUN_1800cce30	Global	0x144	false	false
1800ccf80	FUN_1800ccf80	Global	0x144	false	false
1800cd0d0	FUN_1800cd0d0	Global	0x19d	false	false
1800cd270	FUN_1800cd270	Global	0x19d	false	false
1800cd410	FUN_1800cd410	Global	0x210	false	false
1800cd630	FUN_1800cd630	Global	0x1dd	false	false
1800cd810	FUN_1800cd810	Global	0x16c	false	false
1800cd980	FUN_1800cd980	Global	0x1dd	false	false
1800cdb60	FUN_1800cdb60	Global	0x1dd	false	false
1800cdd40	FUN_1800cdd40	Global	0x160	false	false
1800cdea0	FUN_1800cdea0	Global	0x19d	false	false
1800ce040	FUN_1800ce040	Global	0x19d	false	false
1800ce1e0	FUN_1800ce1e0	Global	0x160	false	false
1800ce340	FUN_1800ce340	Global	0x16c	false	false
1800ce4b0	FUN_1800ce4b0	Global	0x19c	false	false
1800ce650	FUN_1800ce650	Global	0x16b	false	false
1800ce7c0	FUN_1800ce7c0	Global	0x1bd	false	false
1800ce980	FUN_1800ce980	Global	0x1a4	false	false
1800ceb30	FUN_1800ceb30	Global	0x162	false	false
1800ceca0	FUN_1800ceca0	Global	0x162	false	false
1800cee10	FUN_1800cee10	Global	0x1bd	false	false
1800cefd0	FUN_1800cefd0	Global	0x1bd	false	false
1800cf190	FUN_1800cf190	Global	0x28d	false	false
1800cf420	FUN_1800cf420	Global	0x19d	false	false
1800cf5c0	FUN_1800cf5c0	Global	0x16b	false	false
1800cf730	FUN_1800cf730	Global	0x160	false	false
1800cf890	FUN_1800cf890	Global	0x1b4	false	false
1800cfa50	FUN_1800cfa50	Global	0x1b4	false	false
1800cfc10	FUN_1800cfc10	Global	0x1b4	false	false
1800cfdd0	FUN_1800cfdd0	Global	0x1b4	false	false
1800cff90	FUN_1800cff90	Global	0x19d	false	false
1800d0130	FUN_1800d0130	Global	0x1b4	false	false
1800d02f0	FUN_1800d02f0	Global	0x1b4	false	false
1800d04b0	FUN_1800d04b0	Global	0x1b4	false	false
1800d0670	FUN_1800d0670	Global	0x1b4	false	false
1800d0830	FUN_1800d0830	Global	0x19d	false	false
1800d09d0	FUN_1800d09d0	Global	0x1b4	false	false
1800d0b90	FUN_1800d0b90	Global	0x19d	false	false
1800d0d30	FUN_1800d0d30	Global	0x1f4	false	false
1800d0f30	FUN_1800d0f30	Global	0x1f4	false	false
1800d1130	FUN_1800d1130	Global	0x1f4	false	false
1800d1330	FUN_1800d1330	Global	0x1f4	false	false
1800d1530	FUN_1800d1530	Global	0x19d	false	false
1800d16d0	FUN_1800d16d0	Global	0x1f4	false	false
1800d18d0	FUN_1800d18d0	Global	0x160	false	false
1800d1a30	FUN_1800d1a30	Global	0x160	false	false
1800d1b90	FUN_1800d1b90	Global	0x1b4	false	false
1800d1d50	FUN_1800d1d50	Global	0x1dd	false	false
1800d1f30	FUN_1800d1f30	Global	0x1b4	false	false
1800d20f0	FUN_1800d20f0	Global	0x1b4	false	false
1800d22b0	FUN_1800d22b0	Global	0x1b4	false	false
1800d2470	FUN_1800d2470	Global	0x19d	false	false
1800d2610	FUN_1800d2610	Global	0x1dd	false	false
1800d27f0	FUN_1800d27f0	Global	0x160	false	false
1800d2950	FUN_1800d2950	Global	0x1b4	false	false
1800d2b10	FUN_1800d2b10	Global	0x16b	false	false
1800d2c80	FUN_1800d2c80	Global	0x19d	false	false
1800d2e20	FUN_1800d2e20	Global	0x292	false	false
1800d30c0	FUN_1800d30c0	Global	0x135	false	false
1800d3200	FUN_1800d3200	Global	0x19d	false	false
1800d33a0	FUN_1800d33a0	Global	0x19d	false	false
1800d3540	FUN_1800d3540	Global	0x19d	false	false
1800d36e0	FUN_1800d36e0	Global	0x1dd	false	false
1800d38c0	FUN_1800d38c0	Global	0x19d	false	false
1800d3a60	FUN_1800d3a60	Global	0x19d	false	false
1800d3c00	FUN_1800d3c00	Global	0x1dd	false	false
1800d3de0	FUN_1800d3de0	Global	0x19d	false	false
1800d3f80	FUN_1800d3f80	Global	0x19d	false	false
1800d4120	FUN_1800d4120	Global	0x19d	false	false
1800d42c0	FUN_1800d42c0	Global	0x19d	false	false
1800d4460	FUN_1800d4460	Global	0x19d	false	false
1800d4600	FUN_1800d4600	Global	0x19d	false	false
1800d47a0	FUN_1800d47a0	Global	0x16b	false	false
1800d4910	FUN_1800d4910	Global	0x1b4	false	false
1800d4ad0	FUN_1800d4ad0	Global	0x1b4	false	false
1800d4c90	FUN_1800d4c90	Global	0x1b4	false	false
1800d4e50	FUN_1800d4e50	Global	0x19d	false	false
1800d4ff0	FUN_1800d4ff0	Global	0x144	false	false
1800d5140	FUN_1800d5140	Global	0x1f4	false	false
1800d5340	FUN_1800d5340	Global	0x1b4	false	false
1800d5500	FUN_1800d5500	Global	0x1b4	false	false
1800d56c0	FUN_1800d56c0	Global	0x19d	false	false
1800d5860	FUN_1800d5860	Global	0x19d	false	false
1800d5a00	FUN_1800d5a00	Global	0x1f4	false	false
1800d5c00	FUN_1800d5c00	Global	0x22f	false	false
1800d5e30	FUN_1800d5e30	Global	0x20d	false	false
1800d6040	FUN_1800d6040	Global	0x2d8	false	false
1800d6320	FUN_1800d6320	Global	0x289	false	false
1800d65b0	FUN_1800d65b0	Global	0x2d8	false	false
1800d6890	FUN_1800d6890	Global	0x241	false	false
1800d6ae0	FUN_1800d6ae0	Global	0x2e3	false	false
1800d6dd0	FUN_1800d6dd0	Global	0x2b0	false	false
1800d7090	FUN_1800d7090	Global	0x19d	false	false
1800d7230	FUN_1800d7230	Global	0x19d	false	false
1800d73d0	FUN_1800d73d0	Global	0x1dd	false	false
1800d75b0	FUN_1800d75b0	Global	0x1dd	false	false
1800d7790	FUN_1800d7790	Global	0x1f4	false	false
1800d7990	FUN_1800d7990	Global	0x273	false	false
1800d7c10	FUN_1800d7c10	Global	0x273	false	false
1800d7e90	FUN_1800d7e90	Global	0x289	false	false
1800d8120	FUN_1800d8120	Global	0x1dd	false	false
1800d8300	FUN_1800d8300	Global	0x224	false	false
1800d8530	FUN_1800d8530	Global	0x241	false	false
1800d8780	FUN_1800d8780	Global	0x16b	false	false
1800d88f0	FUN_1800d88f0	Global	0x16b	false	false
1800d8a60	FUN_1800d8a60	Global	0x160	false	false
1800d8bc0	FUN_1800d8bc0	Global	0x160	false	false
1800d8d20	FUN_1800d8d20	Global	0x160	false	false
1800d8e80	FUN_1800d8e80	Global	0x1dd	false	false
1800d9060	FUN_1800d9060	Global	0x224	false	false
1800d9290	FUN_1800d9290	Global	0x1dd	false	false
1800d9470	FUN_1800d9470	Global	0x1dd	false	false
1800d9650	FUN_1800d9650	Global	0x1b4	false	false
1800d9810	FUN_1800d9810	Global	0x1b4	false	false
1800d99d0	FUN_1800d99d0	Global	0x1f4	false	false
1800d9bd0	FUN_1800d9bd0	Global	0x1b4	false	false
1800d9d90	FUN_1800d9d90	Global	0x1f4	false	false
1800d9f90	FUN_1800d9f90	Global	0x241	false	false
1800da1e0	FUN_1800da1e0	Global	0x1f4	false	false
1800da3e0	FUN_1800da3e0	Global	0x289	false	false
1800da670	FUN_1800da670	Global	0x241	false	false
1800da8c0	FUN_1800da8c0	Global	0x1b4	false	false
1800daa80	FUN_1800daa80	Global	0x1f4	false	false
1800dac80	FUN_1800dac80	Global	0x1b4	false	false
1800dae40	FUN_1800dae40	Global	0x1f4	false	false
1800db040	FUN_1800db040	Global	0x1f4	false	false
1800db240	FUN_1800db240	Global	0x241	false	false
1800db490	FUN_1800db490	Global	0x19d	false	false
1800db630	FUN_1800db630	Global	0x160	false	false
1800db790	FUN_1800db790	Global	0x16b	false	false
1800db900	FUN_1800db900	Global	0x160	false	false
1800dba60	FUN_1800dba60	Global	0x160	false	false
1800dbbc0	FUN_1800dbbc0	Global	0x19d	false	false
1800dbd60	FUN_1800dbd60	Global	0x19d	false	false
1800dbf00	FUN_1800dbf00	Global	0x16b	false	false
1800dc070	FUN_1800dc070	Global	0x1f4	false	false
1800dc270	FUN_1800dc270	Global	0x1b4	false	false
1800dc430	FUN_1800dc430	Global	0x1b4	false	false
1800dc5f0	FUN_1800dc5f0	Global	0x1f4	false	false
1800dc7f0	FUN_1800dc7f0	Global	0x241	false	false
1800dca40	FUN_1800dca40	Global	0x312	false	false
1800dcd60	FUN_1800dcd60	Global	0x1f4	false	false
1800dcf60	FUN_1800dcf60	Global	0x1f4	false	false
1800dd160	FUN_1800dd160	Global	0x1b4	false	false
1800dd320	FUN_1800dd320	Global	0x1b4	false	false
1800dd4e0	FUN_1800dd4e0	Global	0x1f4	false	false
1800dd6e0	FUN_1800dd6e0	Global	0x1dd	false	false
1800dd8c0	FUN_1800dd8c0	Global	0x1b4	false	false
1800dda80	FUN_1800dda80	Global	0x1f4	false	false
1800ddc80	FUN_1800ddc80	Global	0x1dd	false	false
1800dde60	FUN_1800dde60	Global	0x1f4	false	false
1800de060	FUN_1800de060	Global	0x241	false	false
1800de2b0	FUN_1800de2b0	Global	0x16b	false	false
1800de420	FUN_1800de420	Global	0x1dd	false	false
1800de600	FUN_1800de600	Global	0x1b4	false	false
1800de7c0	FUN_1800de7c0	Global	0x19d	false	false
1800de960	FUN_1800de960	Global	0x1f4	false	false
1800deb60	FUN_1800deb60	Global	0x241	false	false
1800dedb0	FUN_1800dedb0	Global	0x1f4	false	false
1800defb0	FUN_1800defb0	Global	0x1b4	false	false
1800df170	FUN_1800df170	Global	0x1dd	false	false
1800df350	FUN_1800df350	Global	0x24a	false	false
1800df5a0	FUN_1800df5a0	Global	0x1f4	false	false
1800df7a0	FUN_1800df7a0	Global	0x1b4	false	false
1800df960	FUN_1800df960	Global	0x1b4	false	false
1800dfb20	FUN_1800dfb20	Global	0x312	false	false
1800dfe40	FUN_1800dfe40	Global	0x19d	false	false
1800dffe0	FUN_1800dffe0	Global	0x312	false	false
1800e0300	FUN_1800e0300	Global	0x2d8	false	false
1800e05e0	FUN_1800e05e0	Global	0x1b4	false	false
1800e07a0	FUN_1800e07a0	Global	0x1b4	false	false
1800e0960	FUN_1800e0960	Global	0x1b4	false	false
1800e0b20	FUN_1800e0b20	Global	0x1b4	false	false
1800e0ce0	FUN_1800e0ce0	Global	0x1f4	false	false
1800e0ee0	FUN_1800e0ee0	Global	0x1b4	false	false
1800e10a0	FUN_1800e10a0	Global	0x241	false	false
1800e12f0	FUN_1800e12f0	Global	0x241	false	false
1800e1540	FUN_1800e1540	Global	0x241	false	false
1800e1790	FUN_1800e1790	Global	0x2d8	false	false
1800e1a70	FUN_1800e1a70	Global	0x254	false	false
1800e1cd0	FUN_1800e1cd0	Global	0x292	false	false
1800e1f70	FUN_1800e1f70	Global	0x1dd	false	false
1800e2150	FUN_1800e2150	Global	0x19d	false	false
1800e22f0	FUN_1800e22f0	Global	0x1b4	false	false
1800e24b0	FUN_1800e24b0	Global	0x1b4	false	false
1800e2670	FUN_1800e2670	Global	0x19d	false	false
1800e2810	FUN_1800e2810	Global	0x16b	false	false
1800e2980	FUN_1800e2980	Global	0x241	false	false
1800e2bd0	FUN_1800e2bd0	Global	0x241	false	false
1800e2e20	FUN_1800e2e20	Global	0x241	false	false
1800e3070	FUN_1800e3070	Global	0x289	false	false
1800e3300	FUN_1800e3300	Global	0x241	false	false
1800e3550	FUN_1800e3550	Global	0x241	false	false
1800e37a0	FUN_1800e37a0	Global	0x241	false	false
1800e39f0	FUN_1800e39f0	Global	0x241	false	false
1800e3c40	FUN_1800e3c40	Global	0x241	false	false
1800e3e90	FUN_1800e3e90	Global	0x241	false	false
1800e40e0	FUN_1800e40e0	Global	0x241	false	false
1800e4330	FUN_1800e4330	Global	0x241	false	false
1800e4580	FUN_1800e4580	Global	0x241	false	false
1800e47d0	FUN_1800e47d0	Global	0x241	false	false
1800e4a20	FUN_1800e4a20	Global	0x289	false	false
1800e4cb0	FUN_1800e4cb0	Global	0x289	false	false
1800e4f40	FUN_1800e4f40	Global	0x289	false	false
1800e51d0	FUN_1800e51d0	Global	0x2d8	false	false
1800e54b0	FUN_1800e54b0	Global	0x289	false	false
1800e5740	FUN_1800e5740	Global	0x289	false	false
1800e59d0	FUN_1800e59d0	Global	0x1f4	false	false
1800e5bd0	FUN_1800e5bd0	Global	0x289	false	false
1800e5e60	FUN_1800e5e60	Global	0x289	false	false
1800e60f0	FUN_1800e60f0	Global	0x289	false	false
1800e6380	FUN_1800e6380	Global	0x2d8	false	false
1800e6660	FUN_1800e6660	Global	0x1b4	false	false
1800e6820	FUN_1800e6820	Global	0x1f4	false	false
1800e6a20	FUN_1800e6a20	Global	0x1b4	false	false
1800e6be0	FUN_1800e6be0	Global	0x1b4	false	false
1800e6da0	FUN_1800e6da0	Global	0x1f4	false	false
1800e6fa0	FUN_1800e6fa0	Global	0x1f4	false	false
1800e71a0	FUN_1800e71a0	Global	0x1f4	false	false
1800e73a0	FUN_1800e73a0	Global	0x1b4	false	false
1800e7560	FUN_1800e7560	Global	0x242	false	false
1800e77b0	FUN_1800e77b0	Global	0x277	false	false
1800e7a30	FUN_1800e7a30	Global	0x312	false	false
1800e7d50	FUN_1800e7d50	Global	0x1e5	false	false
1800e7f40	FUN_1800e7f40	Global	0x241	false	false
1800e8190	FUN_1800e8190	Global	0x1b4	false	false
1800e8350	FUN_1800e8350	Global	0x1b4	false	false
1800e8510	FUN_1800e8510	Global	0x1e5	false	false
1800e8700	FUN_1800e8700	Global	0x1f4	false	false
1800e8900	FUN_1800e8900	Global	0x1e1	false	false
1800e8af0	FUN_1800e8af0	Global	0x160	false	false
1800e8c50	FUN_1800e8c50	Global	0x1b4	false	false
1800e8e10	FUN_1800e8e10	Global	0x1e8	false	false
1800e9000	FUN_1800e9000	Global	0x275	false	false
1800e9280	FUN_1800e9280	Global	0x1bd	false	false
1800e9440	FUN_1800e9440	Global	0x1e8	false	false
1800e9630	FUN_1800e9630	Global	0x1e8	false	false
1800e9820	FUN_1800e9820	Global	0x25a	false	false
1800e9a80	FUN_1800e9a80	Global	0x1e8	false	false
1800e9c70	FUN_1800e9c70	Global	0x1c9	false	false
1800e9e40	FUN_1800e9e40	Global	0x1b4	false	false
1800ea000	FUN_1800ea000	Global	0x1b4	false	false
1800ea1c0	FUN_1800ea1c0	Global	0x1ab	false	false
1800ea370	FUN_1800ea370	Global	0x1b4	false	false
1800ea530	FUN_1800ea530	Global	0x1b4	false	false
1800ea6f0	FUN_1800ea6f0	Global	0x1d5	false	false
1800ea8d0	FUN_1800ea8d0	Global	0x160	false	false
1800eaa30	FUN_1800eaa30	Global	0x160	false	false
1800eab90	FUN_1800eab90	Global	0x19d	false	false
1800ead30	FUN_1800ead30	Global	0x19d	false	false
1800eaed0	FUN_1800eaed0	Global	0x1dd	false	false
1800eb0b0	FUN_1800eb0b0	Global	0x1bd	false	false
1800eb270	FUN_1800eb270	Global	0x1bd	false	false
1800eb430	FUN_1800eb430	Global	0x1bd	false	false
1800eb5f0	FUN_1800eb5f0	Global	0x1c2	false	false
1800eb7c0	FUN_1800eb7c0	Global	0x1b9	false	false
1800eb980	FUN_1800eb980	Global	0x1b9	false	false
1800ebb40	FUN_1800ebb40	Global	0x1c2	false	false
1800ebd10	FUN_1800ebd10	Global	0x1b4	false	false
1800ebed0	FUN_1800ebed0	Global	0x1dd	false	false
1800ec0b0	FUN_1800ec0b0	Global	0x1b4	false	false
1800ec270	FUN_1800ec270	Global	0x1b4	false	false
1800ec430	FUN_1800ec430	Global	0x1c2	false	false
1800ec600	FUN_1800ec600	Global	0x1c2	false	false
1800ec7d0	FUN_1800ec7d0	Global	0x1bd	false	false
1800ec990	FUN_1800ec990	Global	0x1e1	false	false
1800ecb80	FUN_1800ecb80	Global	0x1e1	false	false
1800ecd70	FUN_1800ecd70	Global	0x1dd	false	false
1800ecf50	FUN_1800ecf50	Global	0x19d	false	false
1800ed0f0	FUN_1800ed0f0	Global	0x144	false	false
1800ed240	FUN_1800ed240	Global	0x1f4	false	false
1800ed440	FUN_1800ed440	Global	0x241	false	false
1800ed690	FUN_1800ed690	Global	0x1b4	false	false
1800ed850	FUN_1800ed850	Global	0x1f4	false	false
1800eda50	FUN_1800eda50	Global	0x1f4	false	false
1800edc50	FUN_1800edc50	Global	0x224	false	false
1800ede80	FUN_1800ede80	Global	0x1b4	false	false
1800ee040	FUN_1800ee040	Global	0x1dd	false	false
1800ee220	FUN_1800ee220	Global	0x224	false	false
1800ee450	FUN_1800ee450	Global	0x1dd	false	false
1800ee630	FUN_1800ee630	Global	0x1dd	false	false
1800ee810	FUN_1800ee810	Global	0x1dd	false	false
1800ee9f0	FUN_1800ee9f0	Global	0x1ba	false	false
1800eebb0	FUN_1800eebb0	Global	0x1dd	false	false
1800eed90	FUN_1800eed90	Global	0x1ba	false	false
1800eef50	FUN_1800eef50	Global	0x19d	false	false
1800ef0f0	FUN_1800ef0f0	Global	0x1fa	false	false
1800ef2f0	FUN_1800ef2f0	Global	0x1f9	false	false
1800ef4f0	FUN_1800ef4f0	Global	0x1f0	false	false
1800ef6e0	FUN_1800ef6e0	Global	0x245	false	false
1800ef930	FUN_1800ef930	Global	0x245	false	false
1800efb80	FUN_1800efb80	Global	0x26a	false	false
1800efdf0	FUN_1800efdf0	Global	0x1b8	false	false
1800effb0	FUN_1800effb0	Global	0x1ad	false	false
1800f0160	FUN_1800f0160	Global	0x1b2	false	false
1800f0320	FUN_1800f0320	Global	0x254	false	false
1800f0580	FUN_1800f0580	Global	0x284	false	false
1800f0810	FUN_1800f0810	Global	0xf5	false	false
1800f0910	FUN_1800f0910	Global	0x1b0	false	false
1800f0ad0	FUN_1800f0ad0	Global	0x1b0	false	false
1800f0c90	FUN_1800f0c90	Global	0x287	false	false
1800f0f20	FUN_1800f0f20	Global	0x1cb	false	false
1800f1100	FUN_1800f1100	Global	0x153	false	false
1800f1260	FUN_1800f1260	Global	0x2ce	false	false
1800f1540	FUN_1800f1540	Global	0x23f	false	false
1800f1790	FUN_1800f1790	Global	0x160	false	false
1800f18f0	FUN_1800f18f0	Global	0x144	false	false
1800f1a40	FUN_1800f1a40	Global	0x160	false	false
1800f1ba0	FUN_1800f1ba0	Global	0x160	false	false
1800f1d00	FUN_1800f1d00	Global	0x160	false	false
1800f1e60	FUN_1800f1e60	Global	0x160	false	false
1800f1fc0	FUN_1800f1fc0	Global	0x144	false	false
1800f2110	FUN_1800f2110	Global	0x144	false	false
1800f2260	FUN_1800f2260	Global	0x144	false	false
1800f23b0	FUN_1800f23b0	Global	0x144	false	false
1800f2500	FUN_1800f2500	Global	0x144	false	false
1800f2650	FUN_1800f2650	Global	0x144	false	false
1800f27a0	FUN_1800f27a0	Global	0x144	false	false
1800f28f0	FUN_1800f28f0	Global	0x144	false	false
1800f2a40	FUN_1800f2a40	Global	0x2be	false	false
1800f2d10	FUN_1800f2d10	Global	0x2be	false	false
1800f2fe0	FUN_1800f2fe0	Global	0x2a5	false	false
1800f3290	FUN_1800f3290	Global	0x1dd	false	false
1800f3470	FUN_1800f3470	Global	0x1bd	false	false
1800f3630	FUN_1800f3630	Global	0x1c2	false	false
1800f3800	FUN_1800f3800	Global	0x25e	false	false
1800f3a60	FUN_1800f3a60	Global	0x1dd	false	false
1800f3c40	FUN_1800f3c40	Global	0x273	false	false
1800f3ec0	FUN_1800f3ec0	Global	0x224	false	false
1800f40f0	FUN_1800f40f0	Global	0x1e1	false	false
1800f42e0	FUN_1800f42e0	Global	0x1bd	false	false
1800f44a0	FUN_1800f44a0	Global	0x1bd	false	false
1800f4660	FUN_1800f4660	Global	0x19d	false	false
1800f4800	FUN_1800f4800	Global	0x1b4	false	false
1800f49c0	FUN_1800f49c0	Global	0x1b4	false	false
1800f4b80	FUN_1800f4b80	Global	0x1b4	false	false
1800f4d40	FUN_1800f4d40	Global	0x1b4	false	false
1800f4f00	FUN_1800f4f00	Global	0x19d	false	false
1800f50a0	FUN_1800f50a0	Global	0x19d	false	false
1800f5240	FUN_1800f5240	Global	0x17c	false	false
1800f53c0	FUN_1800f53c0	Global	0x17c	false	false
1800f5540	FUN_1800f5540	Global	0x1dd	false	false
1800f5720	FUN_1800f5720	Global	0x165	false	false
1800f5890	FUN_1800f5890	Global	0x144	false	false
1800f59e0	FUN_1800f59e0	Global	0x1dd	false	false
1800f5bc0	FUN_1800f5bc0	Global	0x224	false	false
1800f5df0	FUN_1800f5df0	Global	0x1e1	false	false
1800f5fe0	FUN_1800f5fe0	Global	0x1e1	false	false
1800f61d0	FUN_1800f61d0	Global	0x1b4	false	false
1800f6390	FUN_1800f6390	Global	0x1dd	false	false
1800f6570	FUN_1800f6570	Global	0x1c2	false	false
1800f6740	FUN_1800f6740	Global	0x1c2	false	false
1800f6910	FUN_1800f6910	Global	0x1e1	false	false
1800f6b00	FUN_1800f6b00	Global	0x1ba	false	false
1800f6cc0	FUN_1800f6cc0	Global	0x144	false	false
1800f6e10	FUN_1800f6e10	Global	0x1a2	false	false
1800f6fc0	FUN_1800f6fc0	Global	0x1e1	false	false
1800f71b0	FUN_1800f71b0	Global	0x16b	false	false
1800f7320	FUN_1800f7320	Global	0x19c	false	false
1800f74c0	FUN_1800f74c0	Global	0x224	false	false
1800f76f0	FUN_1800f76f0	Global	0x16b	false	false
1800f7860	FUN_1800f7860	Global	0x19c	false	false
1800f7a00	FUN_1800f7a00	Global	0x19d	false	false
1800f7ba0	FUN_1800f7ba0	Global	0x1dd	false	false
1800f7d80	FUN_1800f7d80	Global	0x19d	false	false
1800f7f20	FUN_1800f7f20	Global	0x1b4	false	false
1800f80e0	FUN_1800f80e0	Global	0x1dd	false	false
1800f82c0	FUN_1800f82c0	Global	0x2cc	false	false
1800f85a0	FUN_1800f85a0	Global	0x144	false	false
1800f86f0	FUN_1800f86f0	Global	0x16b	false	false
1800f8860	FUN_1800f8860	Global	0x19d	false	false
1800f8a00	FUN_1800f8a00	Global	0x160	false	false
1800f8b60	FUN_1800f8b60	Global	0x19d	false	false
1800f8d00	FUN_1800f8d00	Global	0x144	false	false
1800f8e50	FUN_1800f8e50	Global	0x19c	false	false
1800f8ff0	FUN_1800f8ff0	Global	0x17c	false	false
1800f9170	FUN_1800f9170	Global	0x19d	false	false
1800f9310	FUN_1800f9310	Global	0x19d	false	false
1800f94b0	FUN_1800f94b0	Global	0x19c	false	false
1800f9650	FUN_1800f9650	Global	0x220	false	false
1800f9870	FUN_1800f9870	Global	0x1f7	false	false
1800f9a70	FUN_1800f9a70	Global	0x144	false	false
1800f9bc0	FUN_1800f9bc0	Global	0x1b6	false	false
1800f9d80	FUN_1800f9d80	Global	0x1b6	false	false
1800f9f40	FUN_1800f9f40	Global	0x16b	false	false
1800fa0b0	FUN_1800fa0b0	Global	0x16b	false	false
1800fa220	FUN_1800fa220	Global	0x19d	false	false
1800fa3c0	FUN_1800fa3c0	Global	0x144	false	false
1800fa510	FUN_1800fa510	Global	0x144	false	false
1800fa660	FUN_1800fa660	Global	0x19c	false	false
1800fa800	FUN_1800fa800	Global	0x19c	false	false
1800fa9a0	FUN_1800fa9a0	Global	0x16b	false	false
1800fab10	FUN_1800fab10	Global	0x144	false	false
1800fac60	FUN_1800fac60	Global	0x160	false	false
1800fadc0	FUN_1800fadc0	Global	0x16c	false	false
1800faf30	FUN_1800faf30	Global	0x1b4	false	false
1800fb0f0	FUN_1800fb0f0	Global	0x16c	false	false
1800fb260	FUN_1800fb260	Global	0x16c	false	false
1800fb3d0	FUN_1800fb3d0	Global	0x19c	false	false
1800fb570	FUN_1800fb570	Global	0x144	false	false
1800fb6c0	FUN_1800fb6c0	Global	0x273	false	false
1800fb940	FUN_1800fb940	Global	0x1dd	false	false
1800fbb20	FUN_1800fbb20	Global	0x1cc	false	false
1800fbcf0	FUN_1800fbcf0	Global	0x1bd	false	false
1800fbeb0	FUN_1800fbeb0	Global	0x19d	false	false
1800fc050	FUN_1800fc050	Global	0x1df	false	false
1800fc230	FUN_1800fc230	Global	0x16b	false	false
1800fc3a0	FUN_1800fc3a0	Global	0x2bd	false	false
1800fc660	FUN_1800fc660	Global	0x1b4	false	false
1800fc820	FUN_1800fc820	Global	0x1f4	false	false
1800fca20	FUN_1800fca20	Global	0x1b4	false	false
1800fcbe0	FUN_1800fcbe0	Global	0x224	false	false
1800fce10	FUN_1800fce10	Global	0x1b4	false	false
1800fcfd0	FUN_1800fcfd0	Global	0x1dd	false	false
1800fd1b0	FUN_1800fd1b0	Global	0x1bd	false	false
1800fd370	FUN_1800fd370	Global	0x1e1	false	false
1800fd560	FUN_1800fd560	Global	0x1dd	false	false
1800fd740	FUN_1800fd740	Global	0x19d	false	false
1800fd8e0	FUN_1800fd8e0	Global	0x16b	false	false
1800fda50	FUN_1800fda50	Global	0x19d	false	false
1800fdbf0	FUN_1800fdbf0	Global	0x19d	false	false
1800fdd90	FUN_1800fdd90	Global	0x1b4	false	false
1800fdf50	FUN_1800fdf50	Global	0x224	false	false
1800fe180	FUN_1800fe180	Global	0x19d	false	false
1800fe320	FUN_1800fe320	Global	0x16b	false	false
1800fe490	FUN_1800fe490	Global	0x16b	false	false
1800fe600	FUN_1800fe600	Global	0x144	false	false
1800fe750	FUN_1800fe750	Global	0x144	false	false
1800fe8a0	FUN_1800fe8a0	Global	0x1dd	false	false
1800fea80	FUN_1800fea80	Global	0x1a2	false	false
1800fec30	FUN_1800fec30	Global	0x25f	false	false
1800fee90	FUN_1800fee90	Global	0x29a	false	false
1800ff130	FUN_1800ff130	Global	0x1e0	false	false
1800ff320	FUN_1800ff320	Global	0x193	false	false
1800ff4c0	FUN_1800ff4c0	Global	0x1b4	false	false
1800ff680	FUN_1800ff680	Global	0x241	false	false
1800ff8d0	FUN_1800ff8d0	Global	0x226	false	false
1800ffb00	FUN_1800ffb00	Global	0x241	false	false
1800ffd50	FUN_1800ffd50	Global	0x1b4	false	false
1800fff10	FUN_1800fff10	Global	0x1f4	false	false
180100110	FUN_180100110	Global	0x1f4	false	false
180100310	FUN_180100310	Global	0x1b4	false	false
1801004d0	FUN_1801004d0	Global	0x1dd	false	false
1801006b0	FUN_1801006b0	Global	0x241	false	false
180100900	FUN_180100900	Global	0x241	false	false
180100b50	FUN_180100b50	Global	0x1dd	false	false
180100d30	FUN_180100d30	Global	0x1c1	false	false
180100f00	FUN_180100f00	Global	0x1f4	false	false
180101100	FUN_180101100	Global	0x224	false	false
180101330	FUN_180101330	Global	0x1dd	false	false
180101510	FUN_180101510	Global	0x1f4	false	false
180101710	FUN_180101710	Global	0x1f4	false	false
180101910	FUN_180101910	Global	0x1f4	false	false
180101b10	FUN_180101b10	Global	0x1b4	false	false
180101cd0	FUN_180101cd0	Global	0x1b4	false	false
180101e90	FUN_180101e90	Global	0x1b4	false	false
180102050	FUN_180102050	Global	0x224	false	false
180102280	FUN_180102280	Global	0x224	false	false
1801024b0	FUN_1801024b0	Global	0x1b4	false	false
180102670	FUN_180102670	Global	0x2a1	false	false
180102920	FUN_180102920	Global	0x1dd	false	false
180102b00	FUN_180102b00	Global	0x22a	false	false
180102d30	FUN_180102d30	Global	0x1f4	false	false
180102f30	FUN_180102f30	Global	0x241	false	false
180103180	FUN_180103180	Global	0x241	false	false
1801033d0	FUN_1801033d0	Global	0x1b4	false	false
180103590	FUN_180103590	Global	0x1b4	false	false
180103750	FUN_180103750	Global	0x1f4	false	false
180103950	FUN_180103950	Global	0x1dd	false	false
180103b30	FUN_180103b30	Global	0x1eb	false	false
180103d20	FUN_180103d20	Global	0x1f4	false	false
180103f20	FUN_180103f20	Global	0x1ab	false	false
1801040d0	FUN_1801040d0	Global	0x1b4	false	false
180104290	FUN_180104290	Global	0x1b4	false	false
180104450	FUN_180104450	Global	0x224	false	false
180104680	FUN_180104680	Global	0x224	false	false
1801048b0	FUN_1801048b0	Global	0x1dd	false	false
180104a90	FUN_180104a90	Global	0x1fd	false	false
180104c90	FUN_180104c90	Global	0x1fd	false	false
180104e90	FUN_180104e90	Global	0x1f4	false	false
180105090	FUN_180105090	Global	0x20d	false	false
1801052a0	FUN_1801052a0	Global	0x20d	false	false
1801054b0	FUN_1801054b0	Global	0x1fd	false	false
1801056b0	FUN_1801056b0	Global	0x20d	false	false
1801058c0	FUN_1801058c0	Global	0x1f9	false	false
180105ac0	FUN_180105ac0	Global	0x1dd	false	false
180105ca0	FUN_180105ca0	Global	0x1fd	false	false
180105ea0	FUN_180105ea0	Global	0x1b4	false	false
180106060	FUN_180106060	Global	0x1f4	false	false
180106260	FUN_180106260	Global	0x22a	false	false
180106490	FUN_180106490	Global	0x1fd	false	false
180106690	FUN_180106690	Global	0x16b	false	false
180106800	FUN_180106800	Global	0x243	false	false
180106a50	FUN_180106a50	Global	0x2a1	false	false
180106d00	FUN_180106d00	Global	0x24e	false	false
180106f50	FUN_180106f50	Global	0x224	false	false
180107180	FUN_180107180	Global	0x22a	false	false
1801073b0	FUN_1801073b0	Global	0x24b	false	false
180107600	FUN_180107600	Global	0x1f9	false	false
180107800	FUN_180107800	Global	0x1fd	false	false
180107a00	FUN_180107a00	Global	0x224	false	false
180107c30	FUN_180107c30	Global	0x224	false	false
180107e60	FUN_180107e60	Global	0x1a2	false	false
180108010	FUN_180108010	Global	0x144	false	false
180108160	FUN_180108160	Global	0x1b4	false	false
180108320	FUN_180108320	Global	0x1b4	false	false
1801084e0	FUN_1801084e0	Global	0x1b4	false	false
1801086a0	FUN_1801086a0	Global	0x19d	false	false
180108840	FUN_180108840	Global	0x19d	false	false
1801089e0	FUN_1801089e0	Global	0x19d	false	false
180108b80	FUN_180108b80	Global	0x19d	false	false
180108d20	FUN_180108d20	Global	0x160	false	false
180108e80	FUN_180108e80	Global	0x19d	false	false
180109020	FUN_180109020	Global	0x19d	false	false
1801091c0	FUN_1801091c0	Global	0x144	false	false
180109310	FUN_180109310	Global	0x19d	false	false
1801094b0	FUN_1801094b0	Global	0x1dd	false	false
180109690	FUN_180109690	Global	0x1b4	false	false
180109850	FUN_180109850	Global	0x289	false	false
180109ae0	FUN_180109ae0	Global	0x289	false	false
180109d70	FUN_180109d70	Global	0x1f4	false	false
180109f70	FUN_180109f70	Global	0x1b4	false	false
18010a130	FUN_18010a130	Global	0x1f4	false	false
18010a330	FUN_18010a330	Global	0x1dd	false	false
18010a510	FUN_18010a510	Global	0x1dd	false	false
18010a6f0	FUN_18010a6f0	Global	0x1dd	false	false
18010a8d0	FUN_18010a8d0	Global	0x19d	false	false
18010aa70	FUN_18010aa70	Global	0x2ac	false	false
18010ad30	FUN_18010ad30	Global	0x2ac	false	false
18010aff0	FUN_18010aff0	Global	0x1dd	false	false
18010b1d0	FUN_18010b1d0	Global	0x1b4	false	false
18010b390	FUN_18010b390	Global	0x1f4	false	false
18010b590	FUN_18010b590	Global	0x1f4	false	false
18010b790	FUN_18010b790	Global	0x273	false	false
18010ba10	FUN_18010ba10	Global	0x273	false	false
18010bc90	FUN_18010bc90	Global	0x1b4	false	false
18010be50	FUN_18010be50	Global	0x1b4	false	false
18010c010	FUN_18010c010	Global	0x1b4	false	false
18010c1d0	FUN_18010c1d0	Global	0x1b4	false	false
18010c390	FUN_18010c390	Global	0x160	false	false
18010c4f0	FUN_18010c4f0	Global	0x19d	false	false
18010c690	FUN_18010c690	Global	0x1dd	false	false
18010c870	FUN_18010c870	Global	0x1dd	false	false
18010ca50	FUN_18010ca50	Global	0x1dd	false	false
18010cc30	FUN_18010cc30	Global	0x273	false	false
18010ceb0	FUN_18010ceb0	Global	0x1b4	false	false
18010d070	FUN_18010d070	Global	0x1dd	false	false
18010d250	FUN_18010d250	Global	0x1b4	false	false
18010d410	FUN_18010d410	Global	0x224	false	false
18010d640	FUN_18010d640	Global	0x160	false	false
18010d7a0	FUN_18010d7a0	Global	0x1b4	false	false
18010d960	FUN_18010d960	Global	0x1b4	false	false
18010db20	FUN_18010db20	Global	0x1b4	false	false
18010dce0	FUN_18010dce0	Global	0x1b4	false	false
18010dea0	FUN_18010dea0	Global	0x19d	false	false
18010e040	FUN_18010e040	Global	0x19d	false	false
18010e1e0	FUN_18010e1e0	Global	0x1dd	false	false
18010e3c0	FUN_18010e3c0	Global	0x1f4	false	false
18010e5c0	FUN_18010e5c0	Global	0x1f4	false	false
18010e7c0	FUN_18010e7c0	Global	0x1b4	false	false
18010e980	FUN_18010e980	Global	0x1b4	false	false
18010eb40	FUN_18010eb40	Global	0x1b4	false	false
18010ed00	FUN_18010ed00	Global	0x19d	false	false
18010eea0	FUN_18010eea0	Global	0x1f4	false	false
18010f0a0	FUN_18010f0a0	Global	0x1dd	false	false
18010f280	FUN_18010f280	Global	0x19d	false	false
18010f420	FUN_18010f420	Global	0x1b4	false	false
18010f5e0	FUN_18010f5e0	Global	0x1b4	false	false
18010f7a0	FUN_18010f7a0	Global	0x1f4	false	false
18010f9a0	FUN_18010f9a0	Global	0x1f4	false	false
18010fba0	FUN_18010fba0	Global	0x1f4	false	false
18010fda0	FUN_18010fda0	Global	0x241	false	false
18010fff0	FUN_18010fff0	Global	0x343	false	false
180110350	FUN_180110350	Global	0x1b4	false	false
180110510	FUN_180110510	Global	0x1b4	false	false
1801106d0	FUN_1801106d0	Global	0x1f4	false	false
1801108d0	FUN_1801108d0	Global	0x1f4	false	false
180110ad0	FUN_180110ad0	Global	0x1b4	false	false
180110c90	FUN_180110c90	Global	0x1e0	false	false
180110e80	FUN_180110e80	Global	0x292	false	false
180111120	FUN_180111120	Global	0x2e3	false	false
180111410	FUN_180111410	Global	0x2b0	false	false
1801116d0	FUN_1801116d0	Global	0x2b0	false	false
180111990	FUN_180111990	Global	0x1f4	false	false
180111b90	FUN_180111b90	Global	0x1b4	false	false
180111d50	FUN_180111d50	Global	0x1f4	false	false
180111f50	FUN_180111f50	Global	0x241	false	false
1801121a0	FUN_1801121a0	Global	0x241	false	false
1801123f0	FUN_1801123f0	Global	0x1f4	false	false
1801125f0	FUN_1801125f0	Global	0x19d	false	false
180112790	FUN_180112790	Global	0x1dd	false	false
180112970	FUN_180112970	Global	0x16b	false	false
180112ae0	FUN_180112ae0	Global	0x144	false	false
180112c30	FUN_180112c30	Global	0x289	false	false
180112ec0	FUN_180112ec0	Global	0x289	false	false
180113150	FUN_180113150	Global	0x1f4	false	false
180113350	FUN_180113350	Global	0x19d	false	false
1801134f0	FUN_1801134f0	Global	0x1f4	false	false
1801136f0	FUN_1801136f0	Global	0x254	false	false
180113950	FUN_180113950	Global	0x254	false	false
180113bb0	FUN_180113bb0	Global	0x1e0	false	false
180113da0	FUN_180113da0	Global	0x1f4	false	false
180113fa0	FUN_180113fa0	Global	0x1f4	false	false
1801141a0	FUN_1801141a0	Global	0x19d	false	false
180114340	FUN_180114340	Global	0x1dd	false	false
180114520	FUN_180114520	Global	0x1dd	false	false
180114700	FUN_180114700	Global	0x144	false	false
180114850	FUN_180114850	Global	0x223	false	false
180114a80	FUN_180114a80	Global	0x1b4	false	false
180114c40	FUN_180114c40	Global	0x1dd	false	false
180114e20	FUN_180114e20	Global	0x144	false	false
180114f70	FUN_180114f70	Global	0x16b	false	false
1801150e0	FUN_1801150e0	Global	0x1b4	false	false
1801152a0	FUN_1801152a0	Global	0x19d	false	false
180115440	FUN_180115440	Global	0x19d	false	false
1801155e0	FUN_1801155e0	Global	0x19d	false	false
180115780	FUN_180115780	Global	0x1f4	false	false
180115980	FUN_180115980	Global	0x1b4	false	false
180115b40	FUN_180115b40	Global	0x1b4	false	false
180115d00	FUN_180115d00	Global	0x1dd	false	false
180115ee0	FUN_180115ee0	Global	0x1cb	false	false
1801160c0	FUN_1801160c0	Global	0x19d	false	false
180116260	FUN_180116260	Global	0x18d	false	false
180116400	FUN_180116400	Global	0x160	false	false
180116560	FUN_180116560	Global	0x160	false	false
1801166c0	FUN_1801166c0	Global	0x160	false	false
180116820	FUN_180116820	Global	0x194	false	false
1801169c0	FUN_1801169c0	Global	0x160	false	false
180116b20	FUN_180116b20	Global	0x160	false	false
180116c80	FUN_180116c80	Global	0x1f3	false	false
180116e80	FUN_180116e80	Global	0x2d8	false	false
180117160	FUN_180117160	Global	0x1f4	false	false
180117360	FUN_180117360	Global	0x241	false	false
1801175b0	FUN_1801175b0	Global	0x1f4	false	false
1801177b0	FUN_1801177b0	Global	0x1f4	false	false
1801179b0	FUN_1801179b0	Global	0x1f4	false	false
180117bb0	FUN_180117bb0	Global	0x1f4	false	false
180117db0	FUN_180117db0	Global	0x1b4	false	false
180117f70	FUN_180117f70	Global	0x1b4	false	false
180118130	FUN_180118130	Global	0x1dd	false	false
180118310	FUN_180118310	Global	0x19d	false	false
1801184b0	FUN_1801184b0	Global	0x1b4	false	false
180118670	FUN_180118670	Global	0x1dd	false	false
180118850	FUN_180118850	Global	0x1f4	false	false
180118a50	FUN_180118a50	Global	0x1dd	false	false
180118c30	FUN_180118c30	Global	0x19d	false	false
180118dd0	FUN_180118dd0	Global	0x1b4	false	false
180118f90	FUN_180118f90	Global	0x19d	false	false
180119130	FUN_180119130	Global	0x1dd	false	false
180119310	FUN_180119310	Global	0x1dd	false	false
1801194f0	FUN_1801194f0	Global	0x1b4	false	false
1801196b0	FUN_1801196b0	Global	0x1dd	false	false
180119890	FUN_180119890	Global	0x1dd	false	false
180119a70	FUN_180119a70	Global	0x160	false	false
180119bd0	FUN_180119bd0	Global	0x19d	false	false
180119d70	FUN_180119d70	Global	0x1bd	false	false
180119f30	FUN_180119f30	Global	0x1b4	false	false
18011a0f0	FUN_18011a0f0	Global	0x160	false	false
18011a250	FUN_18011a250	Global	0x160	false	false
18011a3b0	FUN_18011a3b0	Global	0x160	false	false
18011a510	FUN_18011a510	Global	0x1b4	false	false
18011a6d0	FUN_18011a6d0	Global	0x1b4	false	false
18011a890	FUN_18011a890	Global	0x1b4	false	false
18011aa50	FUN_18011aa50	Global	0x1b4	false	false
18011ac10	FUN_18011ac10	Global	0x1b4	false	false
18011add0	FUN_18011add0	Global	0x1dd	false	false
18011afb0	FUN_18011afb0	Global	0x19d	false	false
18011b150	FUN_18011b150	Global	0x144	false	false
18011b2a0	FUN_18011b2a0	Global	0x160	false	false
18011b400	FUN_18011b400	Global	0x1b4	false	false
18011b5c0	FUN_18011b5c0	Global	0x160	false	false
18011b720	FUN_18011b720	Global	0x160	false	false
18011b880	FUN_18011b880	Global	0x19d	false	false
18011ba20	FUN_18011ba20	Global	0x16b	false	false
18011bb90	FUN_18011bb90	Global	0x160	false	false
18011bcf0	FUN_18011bcf0	Global	0x1c1	false	false
18011bec0	FUN_18011bec0	Global	0x16b	false	false
18011c030	FUN_18011c030	Global	0x1f4	false	false
18011c230	FUN_18011c230	Global	0x160	false	false
18011c390	FUN_18011c390	Global	0x1b4	false	false
18011c550	FUN_18011c550	Global	0x1b4	false	false
18011c710	FUN_18011c710	Global	0x1b4	false	false
18011c8d0	FUN_18011c8d0	Global	0x1b4	false	false
18011ca90	FUN_18011ca90	Global	0x1b4	false	false
18011cc50	FUN_18011cc50	Global	0x19d	false	false
18011cdf0	FUN_18011cdf0	Global	0x19d	false	false
18011cf90	FUN_18011cf90	Global	0x144	false	false
18011d0e0	FUN_18011d0e0	Global	0x144	false	false
18011d230	FUN_18011d230	Global	0x1b4	false	false
18011d3f0	FUN_18011d3f0	Global	0x1b4	false	false
18011d5b0	FUN_18011d5b0	Global	0x1f6	false	false
18011d7b0	FUN_18011d7b0	Global	0x1dd	false	false
18011d990	FUN_18011d990	Global	0x19d	false	false
18011db30	FUN_18011db30	Global	0x144	false	false
18011dc80	FUN_18011dc80	Global	0x1b4	false	false
18011de40	FUN_18011de40	Global	0x1f4	false	false
18011e040	FUN_18011e040	Global	0x1b4	false	false
18011e200	FUN_18011e200	Global	0x1b4	false	false
18011e3c0	FUN_18011e3c0	Global	0x1f4	false	false
18011e5c0	FUN_18011e5c0	Global	0x1f4	false	false
18011e7c0	FUN_18011e7c0	Global	0x1f4	false	false
18011e9c0	FUN_18011e9c0	Global	0x1f4	false	false
18011ebc0	FUN_18011ebc0	Global	0x273	false	false
18011ee40	FUN_18011ee40	Global	0x19d	false	false
18011efe0	FUN_18011efe0	Global	0x144	false	false
18011f130	FUN_18011f130	Global	0x19d	false	false
18011f2d0	FUN_18011f2d0	Global	0x224	false	false
18011f500	FUN_18011f500	Global	0x19d	false	false
18011f6a0	FUN_18011f6a0	Global	0x19d	false	false
18011f840	FUN_18011f840	Global	0x160	false	false
18011f9a0	FUN_18011f9a0	Global	0x160	false	false
18011fb00	FUN_18011fb00	Global	0x160	false	false
18011fc60	FUN_18011fc60	Global	0x160	false	false
18011fdc0	FUN_18011fdc0	Global	0x160	false	false
18011ff20	FUN_18011ff20	Global	0x144	false	false
180120070	FUN_180120070	Global	0x1f4	false	false
180120270	FUN_180120270	Global	0x144	false	false
1801203c0	FUN_1801203c0	Global	0x160	false	false
180120520	FUN_180120520	Global	0x160	false	false
180120680	FUN_180120680	Global	0x16b	false	false
1801207f0	FUN_1801207f0	Global	0x160	false	false
180120950	FUN_180120950	Global	0x1b4	false	false
180120b10	FUN_180120b10	Global	0x16b	false	false
180120c80	FUN_180120c80	Global	0x160	false	false
180120de0	FUN_180120de0	Global	0x1b4	false	false
180120fa0	FUN_180120fa0	Global	0x16b	false	false
180121110	FUN_180121110	Global	0x160	false	false
180121270	FUN_180121270	Global	0x1b4	false	false
180121430	FUN_180121430	Global	0x16b	false	false
1801215a0	FUN_1801215a0	Global	0x160	false	false
180121700	FUN_180121700	Global	0x1b4	false	false
1801218c0	FUN_1801218c0	Global	0x160	false	false
180121a20	FUN_180121a20	Global	0x160	false	false
180121b80	FUN_180121b80	Global	0x16b	false	false
180121cf0	FUN_180121cf0	Global	0x160	false	false
180121e50	FUN_180121e50	Global	0x19d	false	false
180121ff0	FUN_180121ff0	Global	0x1dd	false	false
1801221d0	FUN_1801221d0	Global	0x224	false	false
180122400	FUN_180122400	Global	0x1dd	false	false
1801225e0	FUN_1801225e0	Global	0x160	false	false
180122740	FUN_180122740	Global	0x1ee	false	false
180122930	FUN_180122930	Global	0x1f4	false	false
180122b30	FUN_180122b30	Global	0x289	false	false
180122dc0	FUN_180122dc0	Global	0x1b4	false	false
180122f80	FUN_180122f80	Global	0x19d	false	false
180123120	FUN_180123120	Global	0x273	false	false
1801233a0	FUN_1801233a0	Global	0x1b4	false	false
180123560	FUN_180123560	Global	0x1dd	false	false
180123740	FUN_180123740	Global	0x144	false	false
180123890	FUN_180123890	Global	0x1e8	false	false
180123a80	FUN_180123a80	Global	0x1f4	false	false
180123c80	FUN_180123c80	Global	0x19d	false	false
180123e20	FUN_180123e20	Global	0x19d	false	false
180123fc0	FUN_180123fc0	Global	0x224	false	false
1801241f0	FUN_1801241f0	Global	0x19c	false	false
180124390	FUN_180124390	Global	0x16c	false	false
180124500	FUN_180124500	Global	0x19d	false	false
1801246a0	FUN_1801246a0	Global	0x1ba	false	false
180124860	FUN_180124860	Global	0x16c	false	false
1801249d0	FUN_1801249d0	Global	0x19d	false	false
180124b70	FUN_180124b70	Global	0x19d	false	false
180124d10	FUN_180124d10	Global	0x19d	false	false
180124eb0	FUN_180124eb0	Global	0x1b4	false	false
180125070	FUN_180125070	Global	0x1e5	false	false
180125260	FUN_180125260	Global	0x1f4	false	false
180125460	FUN_180125460	Global	0x1b4	false	false
180125620	FUN_180125620	Global	0x19d	false	false
1801257c0	FUN_1801257c0	Global	0x1b4	false	false
180125980	FUN_180125980	Global	0x169	false	false
180125af0	FUN_180125af0	Global	0x144	false	false
180125c40	FUN_180125c40	Global	0x1dd	false	false
180125e20	FUN_180125e20	Global	0x224	false	false
180126050	FUN_180126050	Global	0x144	false	false
1801261a0	FUN_1801261a0	Global	0x273	false	false
180126420	FUN_180126420	Global	0x273	false	false
1801266a0	FUN_1801266a0	Global	0x273	false	false
180126920	FUN_180126920	Global	0x273	false	false
180126ba0	FUN_180126ba0	Global	0x19d	false	false
180126d40	FUN_180126d40	Global	0x19d	false	false
180126ee0	FUN_180126ee0	Global	0x1b4	false	false
1801270a0	FUN_1801270a0	Global	0x2fb	false	false
1801273b0	FUN_1801273b0	Global	0x18d	false	false
180127550	FUN_180127550	Global	0x1bd	false	false
180127710	FUN_180127710	Global	0x1bd	false	false
1801278d0	FUN_1801278d0	Global	0x1bd	false	false
180127a90	FUN_180127a90	Global	0x1b4	false	false
180127c50	FUN_180127c50	Global	0x1b4	false	false
180127e10	FUN_180127e10	Global	0x1b4	false	false
180127fd0	FUN_180127fd0	Global	0x1b4	false	false
180128190	FUN_180128190	Global	0x1b4	false	false
180128350	FUN_180128350	Global	0x1b4	false	false
180128510	FUN_180128510	Global	0x1b4	false	false
1801286d0	FUN_1801286d0	Global	0x187	false	false
180128860	FUN_180128860	Global	0x1e8	false	false
180128a50	FUN_180128a50	Global	0x1e8	false	false
180128c40	FUN_180128c40	Global	0x1e8	false	false
180128e30	FUN_180128e30	Global	0x1e8	false	false
180129020	FUN_180129020	Global	0x1e8	false	false
180129210	FUN_180129210	Global	0x1b4	false	false
1801293d0	FUN_1801293d0	Global	0x1b4	false	false
180129590	FUN_180129590	Global	0x1b4	false	false
180129750	FUN_180129750	Global	0x1b4	false	false
180129910	FUN_180129910	Global	0x1b4	false	false
180129ad0	FUN_180129ad0	Global	0x1b4	false	false
180129c90	FUN_180129c90	Global	0x1b4	false	false
180129e50	FUN_180129e50	Global	0x1b4	false	false
18012a010	FUN_18012a010	Global	0x1b4	false	false
18012a1d0	FUN_18012a1d0	Global	0x1b4	false	false
18012a390	FUN_18012a390	Global	0x1b4	false	false
18012a550	FUN_18012a550	Global	0x1b4	false	false
18012a710	FUN_18012a710	Global	0x1b4	false	false
18012a8d0	FUN_18012a8d0	Global	0x1b4	false	false
18012aa90	FUN_18012aa90	Global	0x1b4	false	false
18012ac50	FUN_18012ac50	Global	0x1b4	false	false
18012ae10	FUN_18012ae10	Global	0x1b4	false	false
18012afd0	FUN_18012afd0	Global	0x1b4	false	false
18012b190	FUN_18012b190	Global	0x1b4	false	false
18012b350	FUN_18012b350	Global	0x1b4	false	false
18012b510	FUN_18012b510	Global	0x187	false	false
18012b6a0	FUN_18012b6a0	Global	0x1b4	false	false
18012b860	FUN_18012b860	Global	0x2e3	false	false
18012bb50	FUN_18012bb50	Global	0x292	false	false
18012bdf0	FUN_18012bdf0	Global	0x254	false	false
18012c050	FUN_18012c050	Global	0x1e0	false	false
18012c240	FUN_18012c240	Global	0x254	false	false
18012c4a0	FUN_18012c4a0	Global	0x2b0	false	false
18012c760	FUN_18012c760	Global	0x1f4	false	false
18012c960	FUN_18012c960	Global	0x2a9	false	false
18012cc10	FUN_18012cc10	Global	0x254	false	false
18012ce70	FUN_18012ce70	Global	0x254	false	false
18012d0d0	FUN_18012d0d0	Global	0x254	false	false
18012d330	FUN_18012d330	Global	0x2a9	false	false
18012d5e0	FUN_18012d5e0	Global	0x136	false	false
18012d720	FUN_18012d720	Global	0x292	false	false
18012d9c0	FUN_18012d9c0	Global	0x241	false	false
18012dc10	FUN_18012dc10	Global	0x241	false	false
18012de60	FUN_18012de60	Global	0x2e3	false	false
18012e150	FUN_18012e150	Global	0x2e3	false	false
18012e440	FUN_18012e440	Global	0x1f4	false	false
18012e640	FUN_18012e640	Global	0x241	false	false
18012e890	FUN_18012e890	Global	0x1b4	false	false
18012ea50	FUN_18012ea50	Global	0x1f4	false	false
18012ec50	FUN_18012ec50	Global	0x1f4	false	false
18012ee50	FUN_18012ee50	Global	0x19d	false	false
18012eff0	FUN_18012eff0	Global	0x19d	false	false
18012f190	FUN_18012f190	Global	0x19d	false	false
18012f330	FUN_18012f330	Global	0x1b4	false	false
18012f4f0	FUN_18012f4f0	Global	0x1b4	false	false
18012f6b0	FUN_18012f6b0	Global	0x1f4	false	false
18012f8b0	FUN_18012f8b0	Global	0x1dd	false	false
18012fa90	FUN_18012fa90	Global	0x19d	false	false
18012fc30	FUN_18012fc30	Global	0x19d	false	false
18012fdd0	FUN_18012fdd0	Global	0x19d	false	false
18012ff70	FUN_18012ff70	Global	0x19d	false	false
180130110	FUN_180130110	Global	0x19d	false	false
1801302b0	FUN_1801302b0	Global	0x19d	false	false
180130450	FUN_180130450	Global	0x19d	false	false
1801305f0	FUN_1801305f0	Global	0x19d	false	false
180130790	FUN_180130790	Global	0x19d	false	false
180130930	FUN_180130930	Global	0x19d	false	false
180130ad0	FUN_180130ad0	Global	0x19d	false	false
180130c70	FUN_180130c70	Global	0x19d	false	false
180130e10	FUN_180130e10	Global	0x19d	false	false
180130fb0	FUN_180130fb0	Global	0x19d	false	false
180131150	FUN_180131150	Global	0x1f4	false	false
180131350	FUN_180131350	Global	0x1f4	false	false
180131550	FUN_180131550	Global	0x1b4	false	false
180131710	FUN_180131710	Global	0x1dd	false	false
1801318f0	FUN_1801318f0	Global	0x160	false	false
180131a50	FUN_180131a50	Global	0x160	false	false
180131bb0	FUN_180131bb0	Global	0x160	false	false
180131d10	FUN_180131d10	Global	0x160	false	false
180131e70	FUN_180131e70	Global	0x265	false	false
1801320e0	FUN_1801320e0	Global	0x1bd	false	false
1801322a0	FUN_1801322a0	Global	0x1f4	false	false
1801324a0	FUN_1801324a0	Global	0x1b4	false	false
180132660	FUN_180132660	Global	0x1b4	false	false
180132820	FUN_180132820	Global	0x1b4	false	false
1801329e0	FUN_1801329e0	Global	0x1f4	false	false
180132be0	FUN_180132be0	Global	0x1f4	false	false
180132de0	FUN_180132de0	Global	0x1dd	false	false
180132fc0	FUN_180132fc0	Global	0x19d	false	false
180133160	FUN_180133160	Global	0x19d	false	false
180133300	FUN_180133300	Global	0x19d	false	false
1801334a0	FUN_1801334a0	Global	0x1b4	false	false
180133660	FUN_180133660	Global	0x1dd	false	false
180133840	FUN_180133840	Global	0x1f4	false	false
180133a40	FUN_180133a40	Global	0x312	false	false
180133d60	FUN_180133d60	Global	0x312	false	false
180134080	FUN_180134080	Global	0x312	false	false
1801343a0	FUN_1801343a0	Global	0x289	false	false
180134630	FUN_180134630	Global	0x289	false	false
1801348c0	FUN_1801348c0	Global	0x27d	false	false
180134b50	FUN_180134b50	Global	0x1dd	false	false
180134d30	FUN_180134d30	Global	0x289	false	false
180134fc0	FUN_180134fc0	Global	0x1dd	false	false
1801351a0	FUN_1801351a0	Global	0x273	false	false
180135420	FUN_180135420	Global	0x1dd	false	false
180135600	FUN_180135600	Global	0x273	false	false
180135880	FUN_180135880	Global	0x1dd	false	false
180135a60	FUN_180135a60	Global	0x19d	false	false
180135c00	FUN_180135c00	Global	0x224	false	false
180135e30	FUN_180135e30	Global	0x1dd	false	false
180136010	FUN_180136010	Global	0x1dd	false	false
1801361f0	FUN_1801361f0	Global	0x19d	false	false
180136390	FUN_180136390	Global	0x19d	false	false
180136530	FUN_180136530	Global	0x19d	false	false
1801366d0	FUN_1801366d0	Global	0x19d	false	false
180136870	FUN_180136870	Global	0x19d	false	false
180136a10	FUN_180136a10	Global	0x19d	false	false
180136bb0	FUN_180136bb0	Global	0x19d	false	false
180136d50	FUN_180136d50	Global	0x1b4	false	false
180136f10	FUN_180136f10	Global	0x1b4	false	false
1801370d0	FUN_1801370d0	Global	0x1b4	false	false
180137290	FUN_180137290	Global	0x241	false	false
1801374e0	FUN_1801374e0	Global	0x1e8	false	false
1801376d0	FUN_1801376d0	Global	0x292	false	false
180137970	FUN_180137970	Global	0x3dc	false	false
180137d60	FUN_180137d60	Global	0x1dd	false	false
180137f40	FUN_180137f40	Global	0x312	false	false
180138260	FUN_180138260	Global	0x289	false	false
1801384f0	FUN_1801384f0	Global	0x289	false	false
180138780	FUN_180138780	Global	0x1b4	false	false
180138940	FUN_180138940	Global	0x1b4	false	false
180138b00	FUN_180138b00	Global	0x1b4	false	false
180138cc0	FUN_180138cc0	Global	0x160	false	false
180138e20	FUN_180138e20	Global	0x19d	false	false
180138fc0	FUN_180138fc0	Global	0x312	false	false
1801392e0	FUN_1801392e0	Global	0x1e0	false	false
1801394d0	FUN_1801394d0	Global	0x1e0	false	false
1801396c0	FUN_1801396c0	Global	0x289	false	false
180139950	FUN_180139950	Global	0x1b4	false	false
180139b10	FUN_180139b10	Global	0x1f4	false	false
180139d10	FUN_180139d10	Global	0x1b4	false	false
180139ed0	FUN_180139ed0	Global	0x1b4	false	false
18013a090	FUN_18013a090	Global	0x19d	false	false
18013a230	FUN_18013a230	Global	0x19d	false	false
18013a3d0	FUN_18013a3d0	Global	0x1f4	false	false
18013a5d0	FUN_18013a5d0	Global	0x224	false	false
18013a800	FUN_18013a800	Global	0x1b4	false	false
18013a9c0	FUN_18013a9c0	Global	0x1f4	false	false
18013abc0	FUN_18013abc0	Global	0x1b4	false	false
18013ad80	FUN_18013ad80	Global	0x1b4	false	false
18013af40	FUN_18013af40	Global	0x1b4	false	false
18013b100	FUN_18013b100	Global	0x1b4	false	false
18013b2c0	FUN_18013b2c0	Global	0x1b4	false	false
18013b480	FUN_18013b480	Global	0x1b4	false	false
18013b640	FUN_18013b640	Global	0x1b4	false	false
18013b800	FUN_18013b800	Global	0x1b4	false	false
18013b9c0	FUN_18013b9c0	Global	0x1b4	false	false
18013bb80	FUN_18013bb80	Global	0x1b4	false	false
18013bd40	FUN_18013bd40	Global	0x1b4	false	false
18013bf00	FUN_18013bf00	Global	0x1b4	false	false
18013c0c0	FUN_18013c0c0	Global	0x1dd	false	false
18013c2a0	FUN_18013c2a0	Global	0x289	false	false
18013c530	FUN_18013c530	Global	0x1dd	false	false
18013c710	FUN_18013c710	Global	0x1dd	false	false
18013c8f0	FUN_18013c8f0	Global	0x1dd	false	false
18013cad0	FUN_18013cad0	Global	0x1dd	false	false
18013ccb0	FUN_18013ccb0	Global	0x1dd	false	false
18013ce90	FUN_18013ce90	Global	0x1dd	false	false
18013d070	FUN_18013d070	Global	0x1dd	false	false
18013d250	FUN_18013d250	Global	0x1dd	false	false
18013d430	FUN_18013d430	Global	0x1dd	false	false
18013d610	FUN_18013d610	Global	0x1dd	false	false
18013d7f0	FUN_18013d7f0	Global	0x1dd	false	false
18013d9d0	FUN_18013d9d0	Global	0x1b4	false	false
18013db90	FUN_18013db90	Global	0x1f4	false	false
18013dd90	FUN_18013dd90	Global	0x1b4	false	false
18013df50	FUN_18013df50	Global	0x1b4	false	false
18013e110	FUN_18013e110	Global	0x1b4	false	false
18013e2d0	FUN_18013e2d0	Global	0x1b4	false	false
18013e490	FUN_18013e490	Global	0x19d	false	false
18013e630	FUN_18013e630	Global	0x1dd	false	false
18013e810	FUN_18013e810	Global	0x1dd	false	false
18013e9f0	FUN_18013e9f0	Global	0x1dd	false	false
18013ebd0	FUN_18013ebd0	Global	0x2ac	false	false
18013ee90	FUN_18013ee90	Global	0x1dd	false	false
18013f070	FUN_18013f070	Global	0x19d	false	false
18013f210	FUN_18013f210	Global	0x1dd	false	false
18013f3f0	FUN_18013f3f0	Global	0x1dd	false	false
18013f5d0	FUN_18013f5d0	Global	0x1dd	false	false
18013f7b0	FUN_18013f7b0	Global	0x1dd	false	false
18013f990	FUN_18013f990	Global	0x1b4	false	false
18013fb50	FUN_18013fb50	Global	0x1b4	false	false
18013fd10	FUN_18013fd10	Global	0x1f4	false	false
18013ff10	FUN_18013ff10	Global	0x1e5	false	false
180140100	FUN_180140100	Global	0x1e5	false	false
1801402f0	FUN_1801402f0	Global	0x1e5	false	false
1801404e0	FUN_1801404e0	Global	0x2ac	false	false
1801407a0	FUN_1801407a0	Global	0x1dd	false	false
180140980	FUN_180140980	Global	0x200	false	false
180140b90	FUN_180140b90	Global	0x241	false	false
180140de0	FUN_180140de0	Global	0x22d	false	false
180141010	FUN_180141010	Global	0x25d	false	false
180141270	FUN_180141270	Global	0x25d	false	false
1801414d0	FUN_1801414d0	Global	0x2e1	false	false
1801417c0	FUN_1801417c0	Global	0x2d8	false	false
180141aa0	FUN_180141aa0	Global	0x312	false	false
180141dc0	FUN_180141dc0	Global	0x2d8	false	false
1801420a0	FUN_1801420a0	Global	0x200	false	false
1801422b0	FUN_1801422b0	Global	0x1b9	false	false
180142470	FUN_180142470	Global	0x211	false	false
180142690	FUN_180142690	Global	0x1ed	false	false
180142880	FUN_180142880	Global	0x211	false	false
180142aa0	FUN_180142aa0	Global	0x254	false	false
180142d00	FUN_180142d00	Global	0x20e	false	false
180142f10	FUN_180142f10	Global	0x241	false	false
180143160	FUN_180143160	Global	0x254	false	false
1801433c0	FUN_1801433c0	Global	0x1b4	false	false
180143580	FUN_180143580	Global	0x1b4	false	false
180143740	FUN_180143740	Global	0x1b4	false	false
180143900	FUN_180143900	Global	0x14e	false	false
180143a60	FUN_180143a60	Global	0x254	false	false
180143cc0	FUN_180143cc0	Global	0x2d8	false	false
180143fa0	FUN_180143fa0	Global	0x241	false	false
1801441f0	FUN_1801441f0	Global	0x2d8	false	false
1801444d0	FUN_1801444d0	Global	0x312	false	false
1801447f0	FUN_1801447f0	Global	0x1b4	false	false
1801449b0	FUN_1801449b0	Global	0x19d	false	false
180144b50	FUN_180144b50	Global	0x19d	false	false
180144cf0	FUN_180144cf0	Global	0x19d	false	false
180144e90	FUN_180144e90	Global	0x273	false	false
180145110	FUN_180145110	Global	0x273	false	false
180145390	FUN_180145390	Global	0x1dd	false	false
180145570	FUN_180145570	Global	0x19d	false	false
180145710	FUN_180145710	Global	0x19d	false	false
1801458b0	FUN_1801458b0	Global	0x19d	false	false
180145a50	FUN_180145a50	Global	0x19d	false	false
180145bf0	FUN_180145bf0	Global	0x273	false	false
180145e70	FUN_180145e70	Global	0x273	false	false
1801460f0	FUN_1801460f0	Global	0x273	false	false
180146370	FUN_180146370	Global	0x273	false	false
1801465f0	FUN_1801465f0	Global	0x273	false	false
180146870	FUN_180146870	Global	0x273	false	false
180146af0	FUN_180146af0	Global	0x273	false	false
180146d70	FUN_180146d70	Global	0x273	false	false
180146ff0	FUN_180146ff0	Global	0x273	false	false
180147270	FUN_180147270	Global	0x273	false	false
1801474f0	FUN_1801474f0	Global	0x1b4	false	false
1801476b0	FUN_1801476b0	Global	0x1b4	false	false
180147870	FUN_180147870	Global	0x18d	false	false
180147a10	FUN_180147a10	Global	0x2c7	false	false
180147ce0	FUN_180147ce0	Global	0x152	false	false
180147e40	FUN_180147e40	Global	0x1a2	false	false
180147ff0	FUN_180147ff0	Global	0x19d	false	false
1801481a0	FUN_1801481a0	Global	0x1b4	false	false
180148360	FUN_180148360	Global	0x1b4	false	false
180148520	FUN_180148520	Global	0x1e8	false	false
180148710	FUN_180148710	Global	0x1b4	false	false
1801488d0	FUN_1801488d0	Global	0x1b4	false	false
180148a90	FUN_180148a90	Global	0x1b4	false	false
180148c50	FUN_180148c50	Global	0x1b4	false	false
180148e10	FUN_180148e10	Global	0x1dd	false	false
180148ff0	FUN_180148ff0	Global	0x1dd	false	false
1801491d0	FUN_1801491d0	Global	0x1dd	false	false
1801493b0	FUN_1801493b0	Global	0x1ba	false	false
180149570	FUN_180149570	Global	0x1ba	false	false
180149730	FUN_180149730	Global	0x1e8	false	false
180149920	FUN_180149920	Global	0x1e8	false	false
180149b10	FUN_180149b10	Global	0x1f4	false	false
180149d10	FUN_180149d10	Global	0x1f4	false	false
180149f10	FUN_180149f10	Global	0x228	false	false
18014a140	FUN_18014a140	Global	0x1bd	false	false
18014a300	FUN_18014a300	Global	0x1f4	false	false
18014a500	FUN_18014a500	Global	0x1b4	false	false
18014a6c0	FUN_18014a6c0	Global	0x1b4	false	false
18014a880	FUN_18014a880	Global	0x1b4	false	false
18014aa40	FUN_18014aa40	Global	0x1f4	false	false
18014ac40	FUN_18014ac40	Global	0x1e1	false	false
18014ae30	FUN_18014ae30	Global	0x1e1	false	false
18014b020	FUN_18014b020	Global	0x22a	false	false
18014b250	FUN_18014b250	Global	0x1e1	false	false
18014b440	FUN_18014b440	Global	0x1e1	false	false
18014b630	FUN_18014b630	Global	0x22a	false	false
18014b860	FUN_18014b860	Global	0x1f4	false	false
18014ba60	FUN_18014ba60	Global	0x1b4	false	false
18014bc20	FUN_18014bc20	Global	0x19d	false	false
18014bdc0	FUN_18014bdc0	Global	0x19d	false	false
18014bf60	FUN_18014bf60	Global	0x1f4	false	false
18014c160	FUN_18014c160	Global	0x1b4	false	false
18014c320	FUN_18014c320	Global	0x19d	false	false
18014c4c0	FUN_18014c4c0	Global	0x241	false	false
18014c710	FUN_18014c710	Global	0x1b4	false	false
18014c8d0	FUN_18014c8d0	Global	0x19d	false	false
18014ca70	FUN_18014ca70	Global	0x1b4	false	false
18014cc30	FUN_18014cc30	Global	0x1b4	false	false
18014cdf0	FUN_18014cdf0	Global	0x1b4	false	false
18014cfb0	FUN_18014cfb0	Global	0x19d	false	false
18014d150	FUN_18014d150	Global	0x17c	false	false
18014d2d0	FUN_18014d2d0	Global	0x1dd	false	false
18014d4b0	FUN_18014d4b0	Global	0x1dd	false	false
18014d690	FUN_18014d690	Global	0x289	false	false
18014d920	FUN_18014d920	Global	0x1b4	false	false
18014dae0	FUN_18014dae0	Global	0x1b4	false	false
18014dca0	FUN_18014dca0	Global	0x224	false	false
18014ded0	FUN_18014ded0	Global	0x2fb	false	false
18014e1e0	FUN_18014e1e0	Global	0x1b4	false	false
18014e3a0	FUN_18014e3a0	Global	0x1b4	false	false
18014e560	FUN_18014e560	Global	0x1b4	false	false
18014e720	FUN_18014e720	Global	0x1b4	false	false
18014e8e0	FUN_18014e8e0	Global	0x1b4	false	false
18014eaa0	FUN_18014eaa0	Global	0x1b4	false	false
18014ec60	FUN_18014ec60	Global	0x1b4	false	false
18014ee20	FUN_18014ee20	Global	0x1b4	false	false
18014efe0	FUN_18014efe0	Global	0x1b4	false	false
18014f1a0	FUN_18014f1a0	Global	0x1b4	false	false
18014f360	FUN_18014f360	Global	0x1b4	false	false
18014f520	FUN_18014f520	Global	0x1b4	false	false
18014f6e0	FUN_18014f6e0	Global	0x1b4	false	false
18014f8a0	FUN_18014f8a0	Global	0x1b4	false	false
18014fa60	FUN_18014fa60	Global	0x1b4	false	false
18014fc20	FUN_18014fc20	Global	0x1b4	false	false
18014fde0	FUN_18014fde0	Global	0x1b4	false	false
18014ffa0	FUN_18014ffa0	Global	0x1b4	false	false
180150160	FUN_180150160	Global	0x1b4	false	false
180150320	FUN_180150320	Global	0x1b4	false	false
1801504e0	FUN_1801504e0	Global	0x1b4	false	false
1801506a0	FUN_1801506a0	Global	0x19d	false	false
180150840	FUN_180150840	Global	0x1b4	false	false
180150a00	FUN_180150a00	Global	0x1b4	false	false
180150bc0	FUN_180150bc0	Global	0x1b4	false	false
180150d80	FUN_180150d80	Global	0x1f4	false	false
180150f80	FUN_180150f80	Global	0x1b4	false	false
180151140	FUN_180151140	Global	0x1e1	false	false
180151330	FUN_180151330	Global	0x1dd	false	false
180151510	FUN_180151510	Global	0x1dd	false	false
1801516f0	FUN_1801516f0	Global	0x1dd	false	false
1801518d0	FUN_1801518d0	Global	0x1ed	false	false
180151ac0	FUN_180151ac0	Global	0x1bd	false	false
180151c80	FUN_180151c80	Global	0x1dd	false	false
180151e60	FUN_180151e60	Global	0x1e1	false	false
180152050	FUN_180152050	Global	0x1bd	false	false
180152210	FUN_180152210	Global	0x1f8	false	false
180152410	FUN_180152410	Global	0x1bd	false	false
1801525d0	FUN_1801525d0	Global	0x1dd	false	false
1801527b0	FUN_1801527b0	Global	0x289	false	false
180152a40	FUN_180152a40	Global	0x1dd	false	false
180152c20	FUN_180152c20	Global	0x19d	false	false
180152dc0	FUN_180152dc0	Global	0x19d	false	false
180152f60	FUN_180152f60	Global	0x1ab	false	false
180153110	FUN_180153110	Global	0x144	false	false
180153260	FUN_180153260	Global	0x1bd	false	false
180153420	FUN_180153420	Global	0x1f4	false	false
180153620	FUN_180153620	Global	0x1ed	false	false
180153810	FUN_180153810	Global	0x1f4	false	false
180153a10	FUN_180153a10	Global	0x241	false	false
180153c60	FUN_180153c60	Global	0x1b4	false	false
180153e20	FUN_180153e20	Global	0x1b4	false	false
180153fe0	FUN_180153fe0	Global	0x1b4	false	false
1801541a0	FUN_1801541a0	Global	0x1dd	false	false
180154380	FUN_180154380	Global	0x1dd	false	false
180154560	FUN_180154560	Global	0x19d	false	false
180154700	FUN_180154700	Global	0x1b4	false	false
1801548c0	FUN_1801548c0	Global	0x312	false	false
180154be0	FUN_180154be0	Global	0x312	false	false
180154f00	FUN_180154f00	Global	0x289	false	false
180155190	FUN_180155190	Global	0x2d8	false	false
180155470	FUN_180155470	Global	0x19d	false	false
180155610	FUN_180155610	Global	0x19d	false	false
1801557b0	FUN_1801557b0	Global	0x19d	false	false
180155950	FUN_180155950	Global	0x1dd	false	false
180155b30	FUN_180155b30	Global	0x1dd	false	false
180155d10	FUN_180155d10	Global	0x1dd	false	false
180155ef0	FUN_180155ef0	Global	0x1b4	false	false
1801560b0	FUN_1801560b0	Global	0x1dd	false	false
180156290	FUN_180156290	Global	0x1dd	false	false
180156470	FUN_180156470	Global	0x1b4	false	false
180156630	FUN_180156630	Global	0x1b4	false	false
1801567f0	FUN_1801567f0	Global	0x19d	false	false
180156990	FUN_180156990	Global	0x19d	false	false
180156b30	FUN_180156b30	Global	0x1dd	false	false
180156d10	FUN_180156d10	Global	0x1dd	false	false
180156ef0	FUN_180156ef0	Global	0x1dd	false	false
1801570d0	FUN_1801570d0	Global	0x19d	false	false
180157270	FUN_180157270	Global	0x19d	false	false
180157410	FUN_180157410	Global	0x19d	false	false
1801575b0	FUN_1801575b0	Global	0x19d	false	false
180157750	FUN_180157750	Global	0x19d	false	false
1801578f0	FUN_1801578f0	Global	0x1f4	false	false
180157af0	FUN_180157af0	Global	0x1dd	false	false
180157cd0	FUN_180157cd0	Global	0x1dd	false	false
180157eb0	FUN_180157eb0	Global	0x1dd	false	false
180158090	FUN_180158090	Global	0x19d	false	false
180158230	FUN_180158230	Global	0x19d	false	false
1801583d0	FUN_1801583d0	Global	0x19d	false	false
180158570	FUN_180158570	Global	0x19d	false	false
180158710	FUN_180158710	Global	0x1b4	false	false
1801588d0	FUN_1801588d0	Global	0x16b	false	false
180158a40	FUN_180158a40	Global	0x1dd	false	false
180158c20	FUN_180158c20	Global	0x2d7	false	false
180158f00	FUN_180158f00	Global	0x1dd	false	false
1801590e0	FUN_1801590e0	Global	0x2ac	false	false
1801593a0	FUN_1801593a0	Global	0x19d	false	false
180159540	FUN_180159540	Global	0x19d	false	false
1801596e0	FUN_1801596e0	Global	0x273	false	false
180159960	FUN_180159960	Global	0x2fb	false	false
180159c70	FUN_180159c70	Global	0x144	false	false
180159dc0	FUN_180159dc0	Global	0x144	false	false
180159f10	FUN_180159f10	Global	0x224	false	false
18015a140	FUN_18015a140	Global	0x2ac	false	false
18015a400	FUN_18015a400	Global	0x224	false	false
18015a630	FUN_18015a630	Global	0x1dd	false	false
18015a810	FUN_18015a810	Global	0x1dd	false	false
18015a9f0	FUN_18015a9f0	Global	0x224	false	false
18015ac20	FUN_18015ac20	Global	0x1dd	false	false
18015ae00	FUN_18015ae00	Global	0x1dd	false	false
18015afe0	FUN_18015afe0	Global	0x1dd	false	false
18015b1c0	FUN_18015b1c0	Global	0x1dd	false	false
18015b3a0	FUN_18015b3a0	Global	0x1dd	false	false
18015b580	FUN_18015b580	Global	0x1dd	false	false
18015b760	FUN_18015b760	Global	0x1dd	false	false
18015b940	FUN_18015b940	Global	0x1dd	false	false
18015bb20	FUN_18015bb20	Global	0x19d	false	false
18015bcc0	FUN_18015bcc0	Global	0x19d	false	false
18015be60	FUN_18015be60	Global	0x1dd	false	false
18015c040	FUN_18015c040	Global	0x1dd	false	false
18015c220	FUN_18015c220	Global	0x1dd	false	false
18015c400	FUN_18015c400	Global	0x1dd	false	false
18015c5e0	FUN_18015c5e0	Global	0x19d	false	false
18015c780	FUN_18015c780	Global	0x1dd	false	false
18015c960	FUN_18015c960	Global	0x224	false	false
18015cb90	FUN_18015cb90	Global	0x17c	false	false
18015cd10	FUN_18015cd10	Global	0x19d	false	false
18015ceb0	FUN_18015ceb0	Global	0x1e0	false	false
18015d0a0	FUN_18015d0a0	Global	0x19d	false	false
18015d240	FUN_18015d240	Global	0x241	false	false
18015d490	FUN_18015d490	Global	0x1b4	false	false
18015d650	FUN_18015d650	Global	0x1b4	false	false
18015d810	FUN_18015d810	Global	0x1b4	false	false
18015d9d0	FUN_18015d9d0	Global	0x1f4	false	false
18015dbd0	FUN_18015dbd0	Global	0x1f4	false	false
18015ddd0	FUN_18015ddd0	Global	0x160	false	false
18015df30	FUN_18015df30	Global	0x1dd	false	false
18015e110	FUN_18015e110	Global	0x2fb	false	false
18015e420	FUN_18015e420	Global	0x17c	false	false
18015e5a0	FUN_18015e5a0	Global	0x273	false	false
18015e820	FUN_18015e820	Global	0x144	false	false
18015e970	FUN_18015e970	Global	0x19d	false	false
18015eb10	FUN_18015eb10	Global	0x16b	false	false
18015ec80	FUN_18015ec80	Global	0x19c	false	false
18015ee20	FUN_18015ee20	Global	0x19d	false	false
18015efc0	FUN_18015efc0	Global	0x1dd	false	false
18015f1a0	FUN_18015f1a0	Global	0x19d	false	false
18015f340	FUN_18015f340	Global	0x19d	false	false
18015f4e0	FUN_18015f4e0	Global	0x19d	false	false
18015f680	FUN_18015f680	Global	0x241	false	false
18015f8d0	FUN_18015f8d0	Global	0x19d	false	false
18015fa70	FUN_18015fa70	Global	0x1b4	false	false
18015fc30	FUN_18015fc30	Global	0x2d8	false	false
18015ff10	FUN_18015ff10	Global	0x1b4	false	false
1801600d0	FUN_1801600d0	Global	0x1dd	false	false
1801602b0	FUN_1801602b0	Global	0x1f4	false	false
1801604b0	FUN_1801604b0	Global	0x1b4	false	false
180160670	FUN_180160670	Global	0x1dd	false	false
180160850	FUN_180160850	Global	0x144	false	false
1801609a0	FUN_1801609a0	Global	0x1dd	false	false
180160b80	FUN_180160b80	Global	0x19d	false	false
180160d20	FUN_180160d20	Global	0x224	false	false
180160f50	FUN_180160f50	Global	0x1dd	false	false
180161130	FUN_180161130	Global	0x224	false	false
180161360	FUN_180161360	Global	0x1dd	false	false
180161540	FUN_180161540	Global	0x1dd	false	false
180161720	FUN_180161720	Global	0x1b4	false	false
1801618e0	FUN_1801618e0	Global	0x1dd	false	false
180161ac0	FUN_180161ac0	Global	0x1b4	false	false
180161c80	FUN_180161c80	Global	0x312	false	false
180161fa0	FUN_180161fa0	Global	0x1dd	false	false
180162180	FUN_180162180	Global	0x1fd	false	false
180162380	FUN_180162380	Global	0x246	false	false
1801625d0	FUN_1801625d0	Global	0x1b8	false	false
180162790	FUN_180162790	Global	0x192	false	false
180162930	FUN_180162930	Global	0x19c	false	false
180162ad0	FUN_180162ad0	Global	0x19d	false	false
180162c70	FUN_180162c70	Global	0x19d	false	false
180162e10	FUN_180162e10	Global	0x1dd	false	false
180162ff0	FUN_180162ff0	Global	0x1b4	false	false
1801631b0	FUN_1801631b0	Global	0x1b4	false	false
180163370	FUN_180163370	Global	0x1b4	false	false
180163530	FUN_180163530	Global	0x1b4	false	false
1801636f0	FUN_1801636f0	Global	0x1bd	false	false
1801638b0	FUN_1801638b0	Global	0x1b4	false	false
180163a70	FUN_180163a70	Global	0x1b4	false	false
180163c30	FUN_180163c30	Global	0x1b4	false	false
180163df0	FUN_180163df0	Global	0x1b4	false	false
180163fb0	FUN_180163fb0	Global	0x1dd	false	false
180164190	FUN_180164190	Global	0x1f4	false	false
180164390	FUN_180164390	Global	0x1f4	false	false
180164590	FUN_180164590	Global	0x1f4	false	false
180164790	FUN_180164790	Global	0x1b4	false	false
180164950	FUN_180164950	Global	0x1b4	false	false
180164b10	FUN_180164b10	Global	0x1c2	false	false
180164ce0	FUN_180164ce0	Global	0x1b9	false	false
180164ea0	FUN_180164ea0	Global	0x1b4	false	false
180165060	FUN_180165060	Global	0x1b4	false	false
180165220	FUN_180165220	Global	0x19c	false	false
1801653c0	FUN_1801653c0	Global	0x144	false	false
180165510	FUN_180165510	Global	0x19d	false	false
1801656b0	FUN_1801656b0	Global	0x19d	false	false
180165850	FUN_180165850	Global	0x1a2	false	false
180165a00	FUN_180165a00	Global	0x1dd	false	false
180165be0	FUN_180165be0	Global	0x1b4	false	false
180165da0	FUN_180165da0	Global	0x1dd	false	false
180165f80	FUN_180165f80	Global	0x1b4	false	false
180166140	FUN_180166140	Global	0x1b4	false	false
180166300	FUN_180166300	Global	0x1dd	false	false
1801664e0	FUN_1801664e0	Global	0x1b4	false	false
1801666a0	FUN_1801666a0	Global	0x1b4	false	false
180166860	FUN_180166860	Global	0x160	false	false
1801669c0	FUN_1801669c0	Global	0x19d	false	false
180166b60	FUN_180166b60	Global	0x19d	false	false
180166d00	FUN_180166d00	Global	0x19d	false	false
180166ea0	FUN_180166ea0	Global	0x19d	false	false
180167040	FUN_180167040	Global	0x241	false	false
180167290	FUN_180167290	Global	0x1dd	false	false
180167470	FUN_180167470	Global	0x1b4	false	false
180167630	FUN_180167630	Global	0x1dd	false	false
180167810	FUN_180167810	Global	0x19d	false	false
1801679b0	FUN_1801679b0	Global	0x19d	false	false
180167b50	FUN_180167b50	Global	0x224	false	false
180167d80	FUN_180167d80	Global	0x1dd	false	false
180167f60	FUN_180167f60	Global	0x1dd	false	false
180168140	FUN_180168140	Global	0x2ac	false	false
180168400	FUN_180168400	Global	0x1dd	false	false
1801685e0	FUN_1801685e0	Global	0x1dd	false	false
1801687c0	FUN_1801687c0	Global	0x224	false	false
1801689f0	FUN_1801689f0	Global	0x224	false	false
180168c20	FUN_180168c20	Global	0x224	false	false
180168e50	FUN_180168e50	Global	0x224	false	false
180169080	FUN_180169080	Global	0x1dd	false	false
180169260	FUN_180169260	Global	0x224	false	false
180169490	FUN_180169490	Global	0x19d	false	false
180169630	FUN_180169630	Global	0x1f4	false	false
180169830	FUN_180169830	Global	0x18d	false	false
1801699d0	FUN_1801699d0	Global	0x144	false	false
180169b20	FUN_180169b20	Global	0x19d	false	false
180169cc0	FUN_180169cc0	Global	0x19d	false	false
180169e60	FUN_180169e60	Global	0x1b4	false	false
18016a020	FUN_18016a020	Global	0x1b4	false	false
18016a1e0	FUN_18016a1e0	Global	0x1dd	false	false
18016a3c0	FUN_18016a3c0	Global	0x19d	false	false
18016a560	FUN_18016a560	Global	0x19d	false	false
18016a700	FUN_18016a700	Global	0x1dd	false	false
18016a8e0	FUN_18016a8e0	Global	0x1f4	false	false
18016aae0	FUN_18016aae0	Global	0x1b4	false	false
18016aca0	FUN_18016aca0	Global	0x1f4	false	false
18016aea0	FUN_18016aea0	Global	0x1dd	false	false
18016b080	FUN_18016b080	Global	0x289	false	false
18016b310	FUN_18016b310	Global	0x289	false	false
18016b5a0	FUN_18016b5a0	Global	0x289	false	false
18016b830	FUN_18016b830	Global	0x241	false	false
18016ba80	FUN_18016ba80	Global	0x1a2	false	false
18016bc30	FUN_18016bc30	Global	0x289	false	false
18016bec0	FUN_18016bec0	Global	0x312	false	false
18016c1e0	FUN_18016c1e0	Global	0x241	false	false
18016c430	FUN_18016c430	Global	0x1f4	false	false
18016c630	FUN_18016c630	Global	0x2d8	false	false
18016c910	FUN_18016c910	Global	0x2d8	false	false
18016cbf0	FUN_18016cbf0	Global	0x289	false	false
18016ce80	FUN_18016ce80	Global	0x1f4	false	false
18016d080	FUN_18016d080	Global	0x1b4	false	false
18016d240	FUN_18016d240	Global	0x19d	false	false
18016d3e0	FUN_18016d3e0	Global	0x241	false	false
18016d630	FUN_18016d630	Global	0x1f4	false	false
18016d830	FUN_18016d830	Global	0x241	false	false
18016da80	FUN_18016da80	Global	0x2ac	false	false
18016dd40	FUN_18016dd40	Global	0x2fb	false	false
18016e050	FUN_18016e050	Global	0x18d	false	false
18016e1f0	FUN_18016e1f0	Global	0x1cb	false	false
18016e3d0	FUN_18016e3d0	Global	0x2fb	false	false
18016e6e0	FUN_18016e6e0	Global	0x224	false	false
18016e910	FUN_18016e910	Global	0x224	false	false
18016eb40	FUN_18016eb40	Global	0x2ac	false	false
18016ee00	FUN_18016ee00	Global	0x1dd	false	false
18016efe0	FUN_18016efe0	Global	0x1cb	false	false
18016f1c0	FUN_18016f1c0	Global	0x19d	false	false
18016f360	FUN_18016f360	Global	0x19d	false	false
18016f500	FUN_18016f500	Global	0x1dd	false	false
18016f6e0	FUN_18016f6e0	Global	0x1b4	false	false
18016f8a0	FUN_18016f8a0	Global	0x1dd	false	false
18016fa80	FUN_18016fa80	Global	0x1b4	false	false
18016fc40	FUN_18016fc40	Global	0x224	false	false
18016fe70	FUN_18016fe70	Global	0x273	false	false
1801700f0	FUN_1801700f0	Global	0x273	false	false
180170370	FUN_180170370	Global	0x224	false	false
1801705a0	FUN_1801705a0	Global	0x2d8	false	false
180170880	FUN_180170880	Global	0x273	false	false
180170b00	FUN_180170b00	Global	0x1dd	false	false
180170ce0	FUN_180170ce0	Global	0x224	false	false
180170f10	FUN_180170f10	Global	0x19d	false	false
1801710b0	FUN_1801710b0	Global	0x1dd	false	false
180171290	FUN_180171290	Global	0x1b9	false	false
180171450	FUN_180171450	Global	0x1b4	false	false
180171610	FUN_180171610	Global	0x1c2	false	false
1801717e0	FUN_1801717e0	Global	0x1dd	false	false
1801719c0	FUN_1801719c0	Global	0x160	false	false
180171b20	FUN_180171b20	Global	0x222	false	false
180171d50	FUN_180171d50	Global	0x1fd	false	false
180171f50	FUN_180171f50	Global	0x1dd	false	false
180172130	FUN_180172130	Global	0x16b	false	false
1801722a0	FUN_1801722a0	Global	0x1bd	false	false
180172460	FUN_180172460	Global	0x292	false	false
180172700	FUN_180172700	Global	0x1fa	false	false
180172900	FUN_180172900	Global	0x1bd	false	false
180172ac0	FUN_180172ac0	Global	0x19d	false	false
180172c60	FUN_180172c60	Global	0x19d	false	false
180172e00	FUN_180172e00	Global	0x1bd	false	false
180172fc0	FUN_180172fc0	Global	0x19d	false	false
180173160	FUN_180173160	Global	0x19d	false	false
180173300	FUN_180173300	Global	0x1bd	false	false
1801734c0	FUN_1801734c0	Global	0x19d	false	false
180173660	FUN_180173660	Global	0x19d	false	false
180173800	FUN_180173800	Global	0x1b4	false	false
1801739c0	FUN_1801739c0	Global	0x19d	false	false
180173b60	FUN_180173b60	Global	0x19d	false	false
180173d00	FUN_180173d00	Global	0x1bd	false	false
180173ec0	FUN_180173ec0	Global	0x19d	false	false
180174060	FUN_180174060	Global	0x144	false	false
1801741b0	FUN_1801741b0	Global	0x332	false	false
1801744f0	FUN_1801744f0	Global	0x144	false	false
180174640	FUN_180174640	Global	0x2fb	false	false
180174950	FUN_180174950	Global	0x144	false	false
180174aa0	FUN_180174aa0	Global	0x16b	false	false
180174c10	FUN_180174c10	Global	0x19d	false	false
180174db0	FUN_180174db0	Global	0x19c	false	false
180174f50	FUN_180174f50	Global	0x19d	false	false
1801750f0	FUN_1801750f0	Global	0x19c	false	false
180175290	FUN_180175290	Global	0x19c	false	false
180175430	FUN_180175430	Global	0x298	false	false
1801756d0	FUN_1801756d0	Global	0x2d6	false	false
1801759b0	FUN_1801759b0	Global	0x144	false	false
180175b00	FUN_180175b00	Global	0x144	false	false
180175c50	FUN_180175c50	Global	0x16b	false	false
180175dc0	FUN_180175dc0	Global	0x144	false	false
180175f10	FUN_180175f10	Global	0x144	false	false
180176060	FUN_180176060	Global	0x19d	false	false
180176200	FUN_180176200	Global	0x19d	false	false
1801763a0	FUN_1801763a0	Global	0x19d	false	false
180176540	FUN_180176540	Global	0x16c	false	false
1801766b0	FUN_1801766b0	Global	0x16c	false	false
180176820	FUN_180176820	Global	0x144	false	false
180176970	FUN_180176970	Global	0x192	false	false
180176b10	FUN_180176b10	Global	0x1b8	false	false
180176cd0	FUN_180176cd0	Global	0x241	false	false
180176f20	FUN_180176f20	Global	0x1f4	false	false
180177120	FUN_180177120	Global	0x18c	false	false
1801772b0	FUN_1801772b0	Global	0x187	false	false
180177440	FUN_180177440	Global	0x186	false	false
1801775d0	FUN_1801775d0	Global	0x187	false	false
180177760	FUN_180177760	Global	0x1b4	false	false
180177920	FUN_180177920	Global	0x1b4	false	false
180177ae0	FUN_180177ae0	Global	0x1b4	false	false
180177ca0	FUN_180177ca0	Global	0x1f4	false	false
180177ea0	FUN_180177ea0	Global	0x160	false	false
180178000	FUN_180178000	Global	0x1b4	false	false
1801781c0	FUN_1801781c0	Global	0x144	false	false
180178310	FUN_180178310	Global	0x19d	false	false
1801784b0	FUN_1801784b0	Global	0x241	false	false
180178700	FUN_180178700	Global	0x228	false	false
180178930	FUN_180178930	Global	0x1f4	false	false
180178b30	FUN_180178b30	Global	0x144	false	false
180178c80	FUN_180178c80	Global	0x144	false	false
180178dd0	FUN_180178dd0	Global	0x1f4	false	false
180178fd0	FUN_180178fd0	Global	0x16c	false	false
180179140	FUN_180179140	Global	0x16c	false	false
1801792b0	FUN_1801792b0	Global	0x192	false	false
180179450	FUN_180179450	Global	0x16c	false	false
1801795c0	FUN_1801795c0	Global	0x1f4	false	false
1801797c0	FUN_1801797c0	Global	0x1ed	false	false
1801799b0	FUN_1801799b0	Global	0x1e1	false	false
180179ba0	FUN_180179ba0	Global	0x273	false	false
180179e20	FUN_180179e20	Global	0x224	false	false
18017a050	FUN_18017a050	Global	0x224	false	false
18017a280	FUN_18017a280	Global	0x1dd	false	false
18017a460	FUN_18017a460	Global	0x1dd	false	false
18017a640	FUN_18017a640	Global	0x1dd	false	false
18017a820	FUN_18017a820	Global	0x1dd	false	false
18017aa00	FUN_18017aa00	Global	0x1fd	false	false
18017ac00	FUN_18017ac00	Global	0x1dd	false	false
18017ade0	FUN_18017ade0	Global	0x1dd	false	false
18017afc0	FUN_18017afc0	Global	0x1dd	false	false
18017b1a0	FUN_18017b1a0	Global	0x1dd	false	false
18017b380	FUN_18017b380	Global	0x1bd	false	false
18017b540	FUN_18017b540	Global	0x1dd	false	false
18017b720	FUN_18017b720	Global	0x1f9	false	false
18017b920	FUN_18017b920	Global	0x1dd	false	false
18017bb00	FUN_18017bb00	Global	0x1dd	false	false
18017bce0	FUN_18017bce0	Global	0x1dd	false	false
18017bec0	FUN_18017bec0	Global	0x1dd	false	false
18017c0a0	FUN_18017c0a0	Global	0x273	false	false
18017c320	FUN_18017c320	Global	0x1c2	false	false
18017c4f0	FUN_18017c4f0	Global	0x1dd	false	false
18017c6d0	FUN_18017c6d0	Global	0x1dd	false	false
18017c8b0	FUN_18017c8b0	Global	0x1dd	false	false
18017ca90	FUN_18017ca90	Global	0x273	false	false
18017cd10	FUN_18017cd10	Global	0x224	false	false
18017cf40	FUN_18017cf40	Global	0x2fb	false	false
18017d250	FUN_18017d250	Global	0x18d	false	false
18017d3f0	FUN_18017d3f0	Global	0x153	false	false
18017d550	FUN_18017d550	Global	0x1dd	false	false
18017d730	FUN_18017d730	Global	0x23f	false	false
18017d980	FUN_18017d980	Global	0x27d	false	false
18017dc10	FUN_18017dc10	Global	0x2fb	false	false
18017df20	FUN_18017df20	Global	0x273	false	false
18017e1a0	FUN_18017e1a0	Global	0x18d	false	false
18017e340	FUN_18017e340	Global	0x18d	false	false
18017e4e0	FUN_18017e4e0	Global	0x273	false	false
18017e760	FUN_18017e760	Global	0x273	false	false
18017e9e0	FUN_18017e9e0	Global	0x2fb	false	false
18017ecf0	FUN_18017ecf0	Global	0x20e	false	false
18017ef00	FUN_18017ef00	Global	0x273	false	false
18017f180	FUN_18017f180	Global	0x273	false	false
18017f400	FUN_18017f400	Global	0x1cb	false	false
18017f5e0	FUN_18017f5e0	Global	0x2ac	false	false
18017f8a0	FUN_18017f8a0	Global	0x18d	false	false
18017fa40	FUN_18017fa40	Global	0x224	false	false
18017fc70	FUN_18017fc70	Global	0x2ac	false	false
18017ff30	FUN_18017ff30	Global	0x1dd	false	false
180180110	FUN_180180110	Global	0x1dd	false	false
1801802f0	FUN_1801802f0	Global	0x224	false	false
180180520	FUN_180180520	Global	0x2fb	false	false
180180830	FUN_180180830	Global	0x224	false	false
180180a60	FUN_180180a60	Global	0x273	false	false
180180ce0	FUN_180180ce0	Global	0x1dd	false	false
180180ec0	FUN_180180ec0	Global	0x224	false	false
1801810f0	FUN_1801810f0	Global	0x273	false	false
180181370	FUN_180181370	Global	0x1dd	false	false
180181550	FUN_180181550	Global	0x1dd	false	false
180181730	FUN_180181730	Global	0x224	false	false
180181960	FUN_180181960	Global	0x224	false	false
180181b90	FUN_180181b90	Global	0x273	false	false
180181e10	FUN_180181e10	Global	0x1dd	false	false
180181ff0	FUN_180181ff0	Global	0x273	false	false
180182270	FUN_180182270	Global	0x273	false	false
1801824f0	FUN_1801824f0	Global	0x2ac	false	false
1801827b0	FUN_1801827b0	Global	0x224	false	false
1801829e0	FUN_1801829e0	Global	0x273	false	false
180182c60	FUN_180182c60	Global	0x2fb	false	false
180182f70	FUN_180182f70	Global	0x2fb	false	false
180183280	FUN_180183280	Global	0x224	false	false
1801834b0	FUN_1801834b0	Global	0x2ac	false	false
180183770	FUN_180183770	Global	0x2fb	false	false
180183a80	FUN_180183a80	Global	0x224	false	false
180183cb0	FUN_180183cb0	Global	0x273	false	false
180183f30	FUN_180183f30	Global	0x273	false	false
1801841b0	FUN_1801841b0	Global	0x273	false	false
180184430	FUN_180184430	Global	0x2ac	false	false
1801846f0	FUN_1801846f0	Global	0x19d	false	false
180184890	FUN_180184890	Global	0x1dd	false	false
180184a70	FUN_180184a70	Global	0x273	false	false
180184cf0	FUN_180184cf0	Global	0x224	false	false
180184f20	FUN_180184f20	Global	0x273	false	false
1801851a0	FUN_1801851a0	Global	0x1f4	false	false
1801853a0	FUN_1801853a0	Global	0x1f4	false	false
1801855a0	FUN_1801855a0	Global	0x1f4	false	false
1801857a0	FUN_1801857a0	Global	0x1f4	false	false
1801859a0	FUN_1801859a0	Global	0x1f4	false	false
180185ba0	FUN_180185ba0	Global	0x19d	false	false
180185d40	FUN_180185d40	Global	0x19d	false	false
180185ee0	FUN_180185ee0	Global	0x19d	false	false
180186080	FUN_180186080	Global	0x1dd	false	false
180186260	FUN_180186260	Global	0x1c2	false	false
180186430	FUN_180186430	Global	0x1c2	false	false
180186600	FUN_180186600	Global	0x1dd	false	false
1801867e0	FUN_1801867e0	Global	0x1dd	false	false
1801869c0	FUN_1801869c0	Global	0x160	false	false
180186b20	FUN_180186b20	Global	0x144	false	false
180186c70	FUN_180186c70	Global	0x1dd	false	false
180186e50	FUN_180186e50	Global	0x1dd	false	false
180187030	FUN_180187030	Global	0x1dd	false	false
180187210	FUN_180187210	Global	0x1dd	false	false
1801873f0	FUN_1801873f0	Global	0x1dd	false	false
1801875d0	FUN_1801875d0	Global	0x1dd	false	false
1801877b0	FUN_1801877b0	Global	0x1b4	false	false
180187970	FUN_180187970	Global	0x160	false	false
180187ad0	FUN_180187ad0	Global	0x1b4	false	false
180187c90	FUN_180187c90	Global	0x1b4	false	false
180187e50	FUN_180187e50	Global	0x19d	false	false
180187ff0	FUN_180187ff0	Global	0x1b4	false	false
1801881b0	FUN_1801881b0	Global	0x1b4	false	false
180188370	FUN_180188370	Global	0x1b4	false	false
180188530	FUN_180188530	Global	0x1b4	false	false
1801886f0	FUN_1801886f0	Global	0x2ac	false	false
1801889b0	FUN_1801889b0	Global	0x1dd	false	false
180188b90	FUN_180188b90	Global	0x15f	false	false
180188cf0	FUN_180188cf0	Global	0x240	false	false
180188f40	FUN_180188f40	Global	0x288	false	false
1801891d0	FUN_1801891d0	Global	0x1f4	false	false
1801893d0	FUN_1801893d0	Global	0x1f4	false	false
1801895d0	FUN_1801895d0	Global	0x241	false	false
180189820	FUN_180189820	Global	0x19d	false	false
1801899c0	FUN_1801899c0	Global	0x19d	false	false
180189b60	FUN_180189b60	Global	0x17c	false	false
180189ce0	FUN_180189ce0	Global	0x165	false	false
180189e50	FUN_180189e50	Global	0x19d	false	false
180189ff0	FUN_180189ff0	Global	0x1bd	false	false
18018a1b0	FUN_18018a1b0	Global	0x16c	false	false
18018a320	FUN_18018a320	Global	0x16c	false	false
18018a490	FUN_18018a490	Global	0x16c	false	false
18018a600	FUN_18018a600	Global	0x16c	false	false
18018a770	FUN_18018a770	Global	0x16c	false	false
18018a8e0	FUN_18018a8e0	Global	0x16c	false	false
18018aa50	FUN_18018aa50	Global	0x16c	false	false
18018abc0	FUN_18018abc0	Global	0x16c	false	false
18018ad30	FUN_18018ad30	Global	0x16c	false	false
18018aea0	FUN_18018aea0	Global	0x16c	false	false
18018b010	FUN_18018b010	Global	0x192	false	false
18018b1b0	FUN_18018b1b0	Global	0x16c	false	false
18018b320	FUN_18018b320	Global	0x16c	false	false
18018b490	FUN_18018b490	Global	0x16c	false	false
18018b600	FUN_18018b600	Global	0x16c	false	false
18018b770	FUN_18018b770	Global	0x192	false	false
18018b910	FUN_18018b910	Global	0x16c	false	false
18018ba80	FUN_18018ba80	Global	0x16c	false	false
18018bbf0	FUN_18018bbf0	Global	0x16c	false	false
18018bd60	FUN_18018bd60	Global	0x16c	false	false
18018bed0	FUN_18018bed0	Global	0x1dd	false	false
18018c0b0	FUN_18018c0b0	Global	0x1dd	false	false
18018c290	FUN_18018c290	Global	0x1dd	false	false
18018c470	FUN_18018c470	Global	0x224	false	false
18018c6a0	FUN_18018c6a0	Global	0x1b4	false	false
18018c860	FUN_18018c860	Global	0x273	false	false
18018cae0	FUN_18018cae0	Global	0x19d	false	false
18018cc80	FUN_18018cc80	Global	0x1b4	false	false
18018ce40	FUN_18018ce40	Global	0x22f	false	false
18018d080	FUN_18018d080	Global	0x190	false	false
18018d210	FUN_18018d210	Global	0x1fb	false	false
18018d410	FUN_18018d410	Global	0x1e0	false	false
18018d600	FUN_18018d600	Global	0x1bd	false	false
18018d7c0	FUN_18018d7c0	Global	0x1e8	false	false
18018d9b0	FUN_18018d9b0	Global	0x190	false	false
18018db40	FUN_18018db40	Global	0x1dd	false	false
18018dd20	FUN_18018dd20	Global	0x1dd	false	false
18018df00	FUN_18018df00	Global	0x1dd	false	false
18018e0e0	FUN_18018e0e0	Global	0x190	false	false
18018e270	FUN_18018e270	Global	0x1dd	false	false
18018e450	FUN_18018e450	Global	0x1dd	false	false
18018e630	FUN_18018e630	Global	0x190	false	false
18018e7c0	FUN_18018e7c0	Global	0x1dd	false	false
18018e9a0	FUN_18018e9a0	Global	0x1dd	false	false
18018eb80	FUN_18018eb80	Global	0x1dd	false	false
18018ed60	FUN_18018ed60	Global	0x1dd	false	false
18018ef40	FUN_18018ef40	Global	0x1dd	false	false
18018f120	FUN_18018f120	Global	0x1b4	false	false
18018f2e0	FUN_18018f2e0	Global	0x1ba	false	false
18018f4a0	FUN_18018f4a0	Global	0x1b4	false	false
18018f660	FUN_18018f660	Global	0x1fa	false	false
18018f860	FUN_18018f860	Global	0x1bd	false	false
18018fa20	FUN_18018fa20	Global	0x1bd	false	false
18018fbe0	FUN_18018fbe0	Global	0x1bd	false	false
18018fda0	FUN_18018fda0	Global	0x1bd	false	false
18018ff60	FUN_18018ff60	Global	0x1bd	false	false
180190120	FUN_180190120	Global	0x1bd	false	false
1801902e0	FUN_1801902e0	Global	0x1bd	false	false
1801904a0	FUN_1801904a0	Global	0x1b4	false	false
180190660	FUN_180190660	Global	0x241	false	false
1801908b0	FUN_1801908b0	Global	0x1b4	false	false
180190a70	FUN_180190a70	Global	0x24a	false	false
180190cc0	FUN_180190cc0	Global	0x1f4	false	false
180190ec0	FUN_180190ec0	Global	0x1bd	false	false
180191080	FUN_180191080	Global	0x1b4	false	false
180191240	FUN_180191240	Global	0x1f4	false	false
180191440	FUN_180191440	Global	0x1f4	false	false
180191640	FUN_180191640	Global	0x1b4	false	false
180191800	FUN_180191800	Global	0x1b4	false	false
1801919c0	FUN_1801919c0	Global	0x248	false	false
180191c10	FUN_180191c10	Global	0x19d	false	false
180191db0	FUN_180191db0	Global	0x19d	false	false
180191f50	FUN_180191f50	Global	0x1dd	false	false
180192130	FUN_180192130	Global	0x1b4	false	false
1801922f0	FUN_1801922f0	Global	0x26c	false	false
180192560	FUN_180192560	Global	0x241	false	false
1801927b0	FUN_1801927b0	Global	0x1b4	false	false
180192970	FUN_180192970	Global	0x241	false	false
180192bc0	FUN_180192bc0	Global	0x19d	false	false
180192d60	FUN_180192d60	Global	0x1dd	false	false
180192f40	FUN_180192f40	Global	0x1b4	false	false
180193100	FUN_180193100	Global	0x1dd	false	false
1801932e0	FUN_1801932e0	Global	0x1b4	false	false
1801934a0	FUN_1801934a0	Global	0x1dd	false	false
180193680	FUN_180193680	Global	0x1dd	false	false
180193860	FUN_180193860	Global	0x1dd	false	false
180193a40	FUN_180193a40	Global	0x1dd	false	false
180193c20	FUN_180193c20	Global	0x1dd	false	false
180193e00	FUN_180193e00	Global	0x1dd	false	false
180193fe0	FUN_180193fe0	Global	0x1b4	false	false
1801941a0	FUN_1801941a0	Global	0x224	false	false
1801943d0	FUN_1801943d0	Global	0x273	false	false
180194650	FUN_180194650	Global	0x1b4	false	false
180194810	FUN_180194810	Global	0x1dd	false	false
1801949f0	FUN_1801949f0	Global	0x19d	false	false
180194b90	FUN_180194b90	Global	0x1dd	false	false
180194d70	FUN_180194d70	Global	0x1b4	false	false
180194f30	FUN_180194f30	Global	0x1dd	false	false
180195110	FUN_180195110	Global	0x1f4	false	false
180195310	FUN_180195310	Global	0x224	false	false
180195540	FUN_180195540	Global	0x1dd	false	false
180195720	FUN_180195720	Global	0x1dd	false	false
180195900	FUN_180195900	Global	0x241	false	false
180195b50	FUN_180195b50	Global	0x241	false	false
180195da0	FUN_180195da0	Global	0x1b4	false	false
180195f60	FUN_180195f60	Global	0x1dd	false	false
180196140	FUN_180196140	Global	0x1dd	false	false
180196320	FUN_180196320	Global	0x1e1	false	false
180196510	FUN_180196510	Global	0x1bd	false	false
1801966d0	FUN_1801966d0	Global	0x1e1	false	false
1801968c0	FUN_1801968c0	Global	0x1bd	false	false
180196a80	FUN_180196a80	Global	0x1e1	false	false
180196c70	FUN_180196c70	Global	0x1e1	false	false
180196e60	FUN_180196e60	Global	0x1e1	false	false
180197050	FUN_180197050	Global	0x24a	false	false
1801972a0	FUN_1801972a0	Global	0x1b4	false	false
180197460	FUN_180197460	Global	0x1b4	false	false
180197620	FUN_180197620	Global	0x1bd	false	false
1801977e0	FUN_1801977e0	Global	0x262	false	false
180197a50	FUN_180197a50	Global	0x1fd	false	false
180197c50	FUN_180197c50	Global	0x19d	false	false
180197df0	FUN_180197df0	Global	0x221	false	false
180198020	FUN_180198020	Global	0x1e1	false	false
180198210	FUN_180198210	Global	0x1bd	false	false
1801983d0	FUN_1801983d0	Global	0x1b9	false	false
180198590	FUN_180198590	Global	0x221	false	false
1801987c0	FUN_1801987c0	Global	0x1dd	false	false
1801989a0	FUN_1801989a0	Global	0x273	false	false
180198c20	FUN_180198c20	Global	0x1de	false	false
180198e00	FUN_180198e00	Global	0x1de	false	false
180198fe0	FUN_180198fe0	Global	0x1de	false	false
1801991c0	FUN_1801991c0	Global	0x1de	false	false
1801993a0	FUN_1801993a0	Global	0x1de	false	false
180199580	FUN_180199580	Global	0x1de	false	false
180199760	FUN_180199760	Global	0x1de	false	false
180199940	FUN_180199940	Global	0x1de	false	false
180199b20	FUN_180199b20	Global	0x357	false	false
180199e80	FUN_180199e80	Global	0x1de	false	false
18019a060	FUN_18019a060	Global	0x1de	false	false
18019a240	FUN_18019a240	Global	0x1de	false	false
18019a420	FUN_18019a420	Global	0x1dd	false	false
18019a600	FUN_18019a600	Global	0x1e8	false	false
18019a7f0	FUN_18019a7f0	Global	0x1e8	false	false
18019a9e0	FUN_18019a9e0	Global	0x1e8	false	false
18019abd0	FUN_18019abd0	Global	0x1e8	false	false
18019adc0	FUN_18019adc0	Global	0x1e8	false	false
18019afb0	FUN_18019afb0	Global	0x1dd	false	false
18019b190	FUN_18019b190	Global	0x144	false	false
18019b2e0	FUN_18019b2e0	Global	0x1e1	false	false
18019b4d0	FUN_18019b4d0	Global	0x1bd	false	false
18019b690	FUN_18019b690	Global	0x1b4	false	false
18019b850	FUN_18019b850	Global	0x1b4	false	false
18019ba10	FUN_18019ba10	Global	0x1dd	false	false
18019bbf0	FUN_18019bbf0	Global	0x1e8	false	false
18019bde0	FUN_18019bde0	Global	0x1e8	false	false
18019bfd0	FUN_18019bfd0	Global	0x1b9	false	false
18019c190	FUN_18019c190	Global	0x19d	false	false
18019c330	FUN_18019c330	Global	0x20e	false	false
18019c540	FUN_18019c540	Global	0x1c2	false	false
18019c710	FUN_18019c710	Global	0x160	false	false
18019c870	FUN_18019c870	Global	0x32e	false	false
18019cbb0	FUN_18019cbb0	Global	0x1b6	false	false
18019cd70	FUN_18019cd70	Global	0x144	false	false
18019cec0	FUN_18019cec0	Global	0x17c	false	false
18019d040	FUN_18019d040	Global	0x17c	false	false
18019d1c0	FUN_18019d1c0	Global	0x19d	false	false
18019d360	FUN_18019d360	Global	0x19d	false	false
18019d500	FUN_18019d500	Global	0x144	false	false
18019d650	FUN_18019d650	Global	0x144	false	false
18019d7a0	FUN_18019d7a0	Global	0x1e4	false	false
18019d990	FUN_18019d990	Global	0x1bd	false	false
18019db50	FUN_18019db50	Global	0x19c	false	false
18019dcf0	FUN_18019dcf0	Global	0x19d	false	false
18019de90	FUN_18019de90	Global	0x19d	false	false
18019e030	FUN_18019e030	Global	0x291	false	false
18019e2d0	FUN_18019e2d0	Global	0x144	false	false
18019e420	FUN_18019e420	Global	0x19d	false	false
18019e5c0	FUN_18019e5c0	Global	0x1bd	false	false
18019e780	FUN_18019e780	Global	0x1bd	false	false
18019e940	FUN_18019e940	Global	0x1bd	false	false
18019eb00	FUN_18019eb00	Global	0x1bd	false	false
18019ecc0	FUN_18019ecc0	Global	0x240	false	false
18019ef00	FUN_18019ef00	Global	0x240	false	false
18019f140	FUN_18019f140	Global	0x19d	false	false
18019f2e0	FUN_18019f2e0	Global	0x144	false	false
18019f430	FUN_18019f430	Global	0x144	false	false
18019f580	FUN_18019f580	Global	0x19c	false	false
18019f720	FUN_18019f720	Global	0x16b	false	false
18019f890	FUN_18019f890	Global	0x16b	false	false
18019fa00	FUN_18019fa00	Global	0x16b	false	false
18019fb70	FUN_18019fb70	Global	0x16b	false	false
18019fce0	FUN_18019fce0	Global	0x16b	false	false
18019fe50	FUN_18019fe50	Global	0x16b	false	false
18019ffc0	FUN_18019ffc0	Global	0x19c	false	false
1801a0160	FUN_1801a0160	Global	0x16b	false	false
1801a02d0	FUN_1801a02d0	Global	0x1b4	false	false
1801a0490	FUN_1801a0490	Global	0x292	false	false
1801a0730	FUN_1801a0730	Global	0x144	false	false
1801a0880	FUN_1801a0880	Global	0x144	false	false
1801a09d0	FUN_1801a09d0	Global	0x160	false	false
1801a0b30	FUN_1801a0b30	Global	0x1b7	false	false
1801a0cf0	FUN_1801a0cf0	Global	0x273	false	false
1801a0f70	FUN_1801a0f70	Global	0x144	false	false
1801a10c0	FUN_1801a10c0	Global	0x241	false	false
1801a1310	FUN_1801a1310	Global	0x16c	false	false
1801a1480	FUN_1801a1480	Global	0x16c	false	false
1801a15f0	FUN_1801a15f0	Global	0x16c	false	false
1801a1760	FUN_1801a1760	Global	0x16c	false	false
1801a18d0	FUN_1801a18d0	Global	0x16c	false	false
1801a1a40	FUN_1801a1a40	Global	0x16c	false	false
1801a1bb0	FUN_1801a1bb0	Global	0x16c	false	false
1801a1d20	FUN_1801a1d20	Global	0x19d	false	false
1801a1ec0	FUN_1801a1ec0	Global	0x160	false	false
1801a2020	FUN_1801a2020	Global	0x1bd	false	false
1801a21e0	FUN_1801a21e0	Global	0x1e1	false	false
1801a23d0	FUN_1801a23d0	Global	0x1f4	false	false
1801a25d0	FUN_1801a25d0	Global	0x1b4	false	false
1801a2790	FUN_1801a2790	Global	0x1dd	false	false
1801a2970	FUN_1801a2970	Global	0x277	false	false
1801a2bf0	FUN_1801a2bf0	Global	0x1bd	false	false
1801a2db0	FUN_1801a2db0	Global	0x144	false	false
1801a2f00	FUN_1801a2f00	Global	0x19d	false	false
1801a30a0	FUN_1801a30a0	Global	0x19d	false	false
1801a3240	FUN_1801a3240	Global	0x1b4	false	false
1801a3400	FUN_1801a3400	Global	0x1dd	false	false
1801a35e0	FUN_1801a35e0	Global	0x1e1	false	false
1801a37d0	FUN_1801a37d0	Global	0x1dd	false	false
1801a39b0	FUN_1801a39b0	Global	0x1dd	false	false
1801a3b90	FUN_1801a3b90	Global	0x1c2	false	false
1801a3d60	FUN_1801a3d60	Global	0x1c2	false	false
1801a3f30	FUN_1801a3f30	Global	0x1c2	false	false
1801a4100	FUN_1801a4100	Global	0x1e1	false	false
1801a42f0	FUN_1801a42f0	Global	0x1dd	false	false
1801a44d0	FUN_1801a44d0	Global	0x289	false	false
1801a4760	FUN_1801a4760	Global	0x1b4	false	false
1801a4920	FUN_1801a4920	Global	0x1b4	false	false
1801a4ae0	FUN_1801a4ae0	Global	0x19c	false	false
1801a4c80	FUN_1801a4c80	Global	0x2af	false	false
1801a4f30	FUN_1801a4f30	Global	0x2af	false	false
1801a51e0	FUN_1801a51e0	Global	0x2af	false	false
1801a5490	FUN_1801a5490	Global	0x1b8	false	false
1801a5650	FUN_1801a5650	Global	0x192	false	false
1801a57f0	FUN_1801a57f0	Global	0x444	false	false
1801a5c40	FUN_1801a5c40	Global	0x190	false	false
1801a5df0	FUN_1801a5df0	Global	0x90	false	false
1801a5e80	FUN_1801a5e80	Global	0x124	false	false
1801a5fb0	Resource	Resource	0x1df	false	false
1801a6190	~Resource	Resource	0xdd	false	false
1801a6270	Preload	Resource	0xb74	false	false
1801a6df0	__LoadClientScripts	Resource	0x47b	false	false
1801a7270	Load	Resource	0x259	false	false
1801a74d0	Unload	Resource	0x2ec	false	false
1801a77c0	GetInstance	Resource	0x5	false	false
1801a77d0	IsStarted	Resource	0x5	false	false
1801a77e0	GetConsumption	Resource	0x4	false	false
1801a77f0	UpdateConsumptions	Resource	0x7e	false	false
1801a7870	GetConsumptions	Resource	0x1e	false	false
1801a7890	FUN_1801a7890	Global	0xb6	false	false
1801a7950	FUN_1801a7950	Global	0x6d	false	false
1801a79c0	FUN_1801a79c0	Global	0x27	false	false
1801a79f0	FID_conflict:~vector<GSISymbolEntry,std::allocator<GSISymbolEntry>_>	Global	0x7a	false	false
1801a7a70	FUN_1801a7a70	Global	0x3b	false	false
1801a7ab0	FUN_1801a7ab0	Global	0x3b	false	false
1801a7b00	FUN_1801a7b00	Global	0x66	false	false
1801a7b70	FUN_1801a7b70	Global	0x3a5	false	false
1801a7f20	FUN_1801a7f20	Global	0x1a2	false	false
1801a80d0	FUN_1801a80d0	Global	0x1a2	false	false
1801a8280	FUN_1801a8280	Global	0x1a2	false	false
1801a8430	FUN_1801a8430	Global	0x1c4	false	false
1801a8600	FUN_1801a8600	Global	0x1c4	false	false
1801a87d0	FUN_1801a87d0	Global	0x1a2	false	false
1801a8980	FUN_1801a8980	Global	0xf	false	false
1801a8990	FUN_1801a8990	Global	0x35	false	false
1801a89d0	FUN_1801a89d0	Global	0x1a1	false	false
1801a8b80	FUN_1801a8b80	Global	0x3a5	false	false
1801a8f30	FUN_1801a8f30	Global	0x1a2	false	false
1801a90e0	FUN_1801a90e0	Global	0x17	false	false
1801a9100	FUN_1801a9100	Global	0x3aa	false	false
1801a94b0	FUN_1801a94b0	Global	0x2d	false	false
1801a94e0	FUN_1801a94e0	Global	0x17	false	false
1801a9500	FUN_1801a9500	Global	0x1a1	false	false
1801a96b0	FUN_1801a96b0	Global	0x1a1	false	false
1801a9860	FUN_1801a9860	Global	0x6a	false	false
1801a98d0	FUN_1801a98d0	Global	0x1a1	false	false
1801a9a80	FUN_1801a9a80	Global	0x1a2	false	false
1801a9c30	FUN_1801a9c30	Global	0x1a1	false	false
1801a9de0	FUN_1801a9de0	Global	0x2d4	false	false
1801aa0c0	FUN_1801aa0c0	Global	0x2d4	false	false
1801aa3a0	FUN_1801aa3a0	Global	0x1a1	false	false
1801aa550	FUN_1801aa550	Global	0x6a	false	false
1801aa5c0	FUN_1801aa5c0	Global	0x275	false	false
1801aa840	FUN_1801aa840	Global	0x1c2	false	false
1801aaa10	FUN_1801aaa10	Global	0x1a1	false	false
1801aabc0	FUN_1801aabc0	Global	0x1a2	false	false
1801aad70	FUN_1801aad70	Global	0x2d4	false	false
1801ab050	FUN_1801ab050	Global	0x2d4	false	false
1801ab330	FUN_1801ab330	Global	0x1a2	false	false
1801ab4e0	FUN_1801ab4e0	Global	0x275	false	false
1801ab760	FUN_1801ab760	Global	0x1c2	false	false
1801ab930	FUN_1801ab930	Global	0x1a2	false	false
1801abae0	FUN_1801abae0	Global	0x1a1	false	false
1801abc90	FUN_1801abc90	Global	0x1a1	false	false
1801abe40	FUN_1801abe40	Global	0x2d4	false	false
1801ac120	FUN_1801ac120	Global	0x120	false	false
1801ac240	FUN_1801ac240	Global	0x2d4	false	false
1801ac520	FUN_1801ac520	Global	0x1a2	false	false
1801ac6d0	FUN_1801ac6d0	Global	0x17	false	false
1801ac6f0	FUN_1801ac6f0	Global	0x2d4	false	false
1801ac9d0	FUN_1801ac9d0	Global	0x1a1	false	false
1801acb80	FUN_1801acb80	Global	0x1a2	false	false
1801acd30	FUN_1801acd30	Global	0x120	false	false
1801ace50	FUN_1801ace50	Global	0x7b	false	false
1801aced0	FUN_1801aced0	Global	0x1a1	false	false
1801ad080	FUN_1801ad080	Global	0x1a2	false	false
1801ad230	FUN_1801ad230	Global	0x1a2	false	false
1801ad3e0	FUN_1801ad3e0	Global	0x1a2	false	false
1801ad590	FUN_1801ad590	Global	0xb	false	false
1801ad5a0	FUN_1801ad5a0	Global	0x14d	false	false
1801ad720	FUN_1801ad720	Global	0x53	false	false
1801ad790	FUN_1801ad790	Global	0x61	false	false
1801ad800	FUN_1801ad800	Global	0x4f	false	false
1801ad850	FUN_1801ad850	Global	0xf1	false	false
1801ad950	FUN_1801ad950	Global	0x5c	false	false
1801ad9b0	thunk_FUN_1801b0d30	Global	0x5	true	false
1801ad9c0	FUN_1801ad9c0	Global	0xd0	false	false
1801adaa0	FUN_1801adaa0	Global	0x130	false	false
1801adbe0	FUN_1801adbe0	Global	0x12f	false	false
1801add20	FUN_1801add20	Global	0x11	false	false
1801add40	FUN_1801add40	Global	0xb5	false	false
1801ade00	FUN_1801ade00	Global	0x5b	false	false
1801ade60	FUN_1801ade60	Global	0x82	false	false
1801adf00	FUN_1801adf00	Global	0x1cd	false	false
1801ae0d0	FUN_1801ae0d0	Global	0x5b	false	false
1801ae130	FUN_1801ae130	Global	0x35	false	false
1801ae170	FUN_1801ae170	Global	0x11c	false	false
1801ae290	FUN_1801ae290	Global	0x4a	false	false
1801ae2e0	FUN_1801ae2e0	Global	0x10b	false	false
1801ae3f0	FUN_1801ae3f0	Global	0x12	false	false
1801ae410	FUN_1801ae410	Global	0x2f	false	false
1801ae440	FUN_1801ae440	Global	0xa5	false	false
1801ae4f0	FUN_1801ae4f0	Global	0x92	false	false
1801ae590	FUN_1801ae590	Global	0x4c	false	false
1801ae5e0	FUN_1801ae5e0	Global	0x3e	false	false
1801ae620	FUN_1801ae620	Global	0x1a2	false	false
1801ae7d0	FUN_1801ae7d0	Global	0x1a2	false	false
1801ae980	FUN_1801ae980	Global	0x1a2	false	false
1801aeb30	FUN_1801aeb30	Global	0x1a2	false	false
1801aece0	FUN_1801aece0	Global	0x256	false	false
1801aef40	FUN_1801aef40	Global	0x1a2	false	false
1801af0f0	FUN_1801af0f0	Global	0x1c4	false	false
1801af2c0	FUN_1801af2c0	Global	0x1c4	false	false
1801af490	FUN_1801af490	Global	0x1c4	false	false
1801af660	FUN_1801af660	Global	0x1c4	false	false
1801af830	FUN_1801af830	Global	0x2a0	false	false
1801afad0	FUN_1801afad0	Global	0x2f5	false	false
1801afdd0	FUN_1801afdd0	Global	0x1c7	false	false
1801affa0	FUN_1801affa0	Global	0x1c4	false	false
1801b0170	FUN_1801b0170	Global	0x120	false	false
1801b0290	FUN_1801b0290	Global	0x195	false	false
1801b0430	FUN_1801b0430	Global	0x1b4	false	false
1801b05f0	FUN_1801b05f0	Global	0x120	false	false
1801b0710	FUN_1801b0710	Global	0x1b4	false	false
1801b08d0	FUN_1801b08d0	Global	0x7d	false	false
1801b0950	FUN_1801b0950	Global	0x257	false	false
1801b0bb0	FUN_1801b0bb0	Global	0x80	false	false
1801b0c30	FUN_1801b0c30	Global	0x4	false	false
1801b0c40	FUN_1801b0c40	Global	0x12	false	false
1801b0c60	FUN_1801b0c60	Global	0xc0	false	false
1801b0d30	FUN_1801b0d30	Global	0x8b	false	false
1801b0dc0	FUN_1801b0dc0	Global	0xb2	false	false
1801b0e80	FUN_1801b0e80	Global	0x41	false	false
1801b0ed0	FUN_1801b0ed0	Global	0x94	false	false
1801b0f70	FUN_1801b0f70	Global	0x89	false	false
1801b1000	FUN_1801b1000	Global	0x1c2	false	false
1801b11d0	FUN_1801b11d0	Global	0x1b4	false	false
1801b1390	FUN_1801b1390	Global	0x1c4	false	false
1801b1560	FUN_1801b1560	Global	0x2f5	false	false
1801b1860	FUN_1801b1860	Global	0x1b4	false	false
1801b1a20	FUN_1801b1a20	Global	0x2a0	false	false
1801b1cc0	FUN_1801b1cc0	Global	0x1a1	false	false
1801b1e70	FUN_1801b1e70	Global	0x1b4	false	false
1801b2030	FUN_1801b2030	Global	0x1c5	false	false
1801b2200	FUN_1801b2200	Global	0x1a1	false	false
1801b23b0	FUN_1801b23b0	Global	0x1c4	false	false
1801b2580	FUN_1801b2580	Global	0x1c4	false	false
1801b2750	FUN_1801b2750	Global	0x1a1	false	false
1801b2900	FUN_1801b2900	Global	0x24	false	false
1801b2930	FUN_1801b2930	Global	0x3e	false	false
1801b2970	FUN_1801b2970	Global	0x13d	false	false
1801b2ab0	FUN_1801b2ab0	Global	0x1dd	false	false
1801b2c90	FUN_1801b2c90	Global	0x41	false	false
1801b2ce0	FUN_1801b2ce0	Global	0x1c4	false	false
1801b2eb0	FUN_1801b2eb0	Global	0x1a2	false	false
1801b3060	FUN_1801b3060	Global	0x1c4	false	false
1801b3230	FUN_1801b3230	Global	0x1b4	false	false
1801b33f0	FUN_1801b33f0	Global	0x1b4	false	false
1801b35b0	FUN_1801b35b0	Global	0x1c5	false	false
1801b3780	FUN_1801b3780	Global	0x1c2	false	false
1801b3950	FUN_1801b3950	Global	0x1c9	false	false
1801b3b20	FUN_1801b3b20	Global	0x1c2	false	false
1801b3d00	FUN_1801b3d00	Global	0x65	false	false
1801b3d70	FUN_1801b3d70	Global	0x1c7	false	false
1801b3f40	FUN_1801b3f40	Global	0x1b4	false	false
1801b4100	FUN_1801b4100	Global	0x1b4	false	false
1801b42c0	FUN_1801b42c0	Global	0x1c9	false	false
1801b4490	FUN_1801b4490	Global	0x1c9	false	false
1801b4660	FUN_1801b4660	Global	0x211	false	false
1801b4890	FUN_1801b4890	Global	0x7c	false	false
1801b4910	FUN_1801b4910	Global	0x1a1	false	false
1801b4ac0	FUN_1801b4ac0	Global	0x1b4	false	false
1801b4c80	FUN_1801b4c80	Global	0x1c2	false	false
1801b4e50	FUN_1801b4e50	Global	0x1c2	false	false
1801b5020	FUN_1801b5020	Global	0xb1	false	false
1801b50e0	FUN_1801b50e0	Global	0x1b4	false	false
1801b52a0	FUN_1801b52a0	Global	0x1b4	false	false
1801b5460	FUN_1801b5460	Global	0x1a2	false	false
1801b5610	deallocate	Global	0x42	false	false
1801b5660	FUN_1801b5660	Global	0x1c4	false	false
1801b5830	FUN_1801b5830	Global	0x1a2	false	false
1801b59e0	FUN_1801b59e0	Global	0x1a2	false	false
1801b5b90	FUN_1801b5b90	Global	0x1c4	false	false
1801b5d60	FUN_1801b5d60	Global	0x1a2	false	false
1801b5f10	FUN_1801b5f10	Global	0x1c9	false	false
1801b60e0	FUN_1801b60e0	Global	0x1a2	false	false
1801b6290	FUN_1801b6290	Global	0x1c4	false	false
1801b6460	FUN_1801b6460	Global	0x1a1	false	false
1801b6610	FUN_1801b6610	Global	0x1c9	false	false
1801b67e0	FUN_1801b67e0	Global	0x1a1	false	false
1801b6990	FUN_1801b6990	Global	0x1c4	false	false
1801b6b60	FUN_1801b6b60	Global	0x1c9	false	false
1801b6d30	FUN_1801b6d30	Global	0x5d	false	false
1801b6d90	FUN_1801b6d90	Global	0xd8	false	false
1801b6e70	FUN_1801b6e70	Global	0x1c1	false	false
1801b7040	FUN_1801b7040	Global	0x1c7	false	false
1801b7220	FUN_1801b7220	Global	0xb	false	false
1801b7230	FUN_1801b7230	Global	0xbc	false	false
1801b72f0	FUN_1801b72f0	Global	0x30	false	false
1801b7320	FUN_1801b7320	Global	0xa9	false	false
1801b73d0	FUN_1801b73d0	Global	0x24	false	false
1801b7400	FUN_1801b7400	Global	0x77	false	false
1801b7480	FUN_1801b7480	Global	0xa9	false	false
1801b7530	FUN_1801b7530	Global	0xa9	false	false
1801b75e0	FUN_1801b75e0	Global	0x15f	false	false
1801b7740	FUN_1801b7740	Global	0xa9	false	false
1801b77f0	FUN_1801b77f0	Global	0xa9	false	false
1801b78a0	FUN_1801b78a0	Global	0x162	false	false
1801b7a10	FUN_1801b7a10	Global	0x91	false	false
1801b7ab0	FUN_1801b7ab0	Global	0xa9	false	false
1801b7b60	FUN_1801b7b60	Global	0xa9	false	false
1801b7c10	FUN_1801b7c10	Global	0xa9	false	false
1801b7cc0	FUN_1801b7cc0	Global	0xa9	false	false
1801b7d70	FUN_1801b7d70	Global	0xa1	false	false
1801b7e20	FUN_1801b7e20	Global	0x62	false	false
1801b7e90	FUN_1801b7e90	Global	0x56	false	false
1801b7ef0	FUN_1801b7ef0	Global	0x6c4	false	false
1801b8650	FUN_1801b8650	Global	0x13c1	false	false
1801b9a20	FUN_1801b9a20	Global	0x253	false	false
1801b9c80	FUN_1801b9c80	Global	0x219	false	false
1801b9ea0	FUN_1801b9ea0	Global	0x219	false	false
1801ba0c0	FUN_1801ba0c0	Global	0x219	false	false
1801ba2e0	FUN_1801ba2e0	Global	0x219	false	false
1801ba500	FUN_1801ba500	Global	0xc6	false	false
1801ba5d0	FUN_1801ba5d0	Global	0x271	false	false
1801ba850	FUN_1801ba850	Global	0x22d	false	false
1801baa80	FUN_1801baa80	Global	0x226	false	false
1801bacb0	FUN_1801bacb0	Global	0x5b	false	false
1801bad10	FUN_1801bad10	Global	0x259	false	false
1801baf70	FUN_1801baf70	Global	0x249	false	false
1801bb1c0	FUN_1801bb1c0	Global	0x226	false	false
1801bb3f0	FUN_1801bb3f0	Global	0x229	false	false
1801bb620	FUN_1801bb620	Global	0x246	false	false
1801bb870	FUN_1801bb870	Global	0x5d	false	false
1801bb8d0	FUN_1801bb8d0	Global	0x276	false	false
1801bbb50	FUN_1801bbb50	Global	0x246	false	false
1801bbda0	FUN_1801bbda0	Global	0x246	false	false
1801bbff0	FUN_1801bbff0	Global	0x259	false	false
1801bc250	FUN_1801bc250	Global	0x246	false	false
1801bc4a0	FUN_1801bc4a0	Global	0x246	false	false
1801bc6f0	FUN_1801bc6f0	Global	0x246	false	false
1801bc940	FUN_1801bc940	Global	0x279	false	false
1801bcbc0	FUN_1801bcbc0	Global	0x2d9	false	false
1801bcea0	FUN_1801bcea0	Global	0x226	false	false
1801bd0d0	FUN_1801bd0d0	Global	0x229	false	false
1801bd300	FUN_1801bd300	Global	0x22c	false	false
1801bd530	FUN_1801bd530	Global	0x276	false	false
1801bd7b0	FUN_1801bd7b0	Global	0x229	false	false
1801bd9e0	FUN_1801bd9e0	Global	0x229	false	false
1801bdc10	FUN_1801bdc10	Global	0x25c	false	false
1801bde70	FUN_1801bde70	Global	0x229	false	false
1801be0a0	FUN_1801be0a0	Global	0x246	false	false
1801be2f0	FUN_1801be2f0	Global	0x276	false	false
1801be570	FUN_1801be570	Global	0x2b9	false	false
1801be830	FUN_1801be830	Global	0x229	false	false
1801bea60	FUN_1801bea60	Global	0x226	false	false
1801bec90	FUN_1801bec90	Global	0x276	false	false
1801bef10	FUN_1801bef10	Global	0x229	false	false
1801bf140	FUN_1801bf140	Global	0x249	false	false
1801bf390	FUN_1801bf390	Global	0x2c1	false	false
1801bf660	FUN_1801bf660	Global	0x229	false	false
1801bf890	FUN_1801bf890	Global	0x23d	false	false
1801bfad0	FUN_1801bfad0	Global	0x25c	false	false
1801bfd30	FUN_1801bfd30	Global	0x229	false	false
1801bff60	FUN_1801bff60	Global	0x276	false	false
1801c01e0	FUN_1801c01e0	Global	0x2d9	false	false
1801c04c0	FUN_1801c04c0	Global	0x226	false	false
1801c06f0	FUN_1801c06f0	Global	0x226	false	false
1801c0920	FUN_1801c0920	Global	0x259	false	false
1801c0b80	FUN_1801c0b80	Global	0x296	false	false
1801c0e20	FUN_1801c0e20	Global	0x226	false	false
1801c1050	FUN_1801c1050	Global	0x259	false	false
1801c12b0	FUN_1801c12b0	Global	0x239	false	false
1801c14f0	FUN_1801c14f0	Global	0x239	false	false
1801c1730	FUN_1801c1730	Global	0x279	false	false
1801c19b0	FUN_1801c19b0	Global	0x23e	false	false
1801c1bf0	FUN_1801c1bf0	Global	0x299	false	false
1801c1e90	FUN_1801c1e90	Global	0x2b9	false	false
1801c2150	FUN_1801c2150	Global	0x25c	false	false
1801c23b0	FUN_1801c23b0	Global	0x279	false	false
1801c2630	FUN_1801c2630	Global	0x25c	false	false
1801c2890	FUN_1801c2890	Global	0x22b	false	false
1801c2ac0	FUN_1801c2ac0	Global	0x24b	false	false
1801c2d10	FUN_1801c2d10	Global	0x24b	false	false
1801c2f60	FUN_1801c2f60	Global	0x246	false	false
1801c31b0	FUN_1801c31b0	Global	0x236	false	false
1801c33f0	FUN_1801c33f0	Global	0x296	false	false
1801c3690	FUN_1801c3690	Global	0x259	false	false
1801c38f0	FUN_1801c38f0	Global	0x229	false	false
1801c3b20	FUN_1801c3b20	Global	0x2d6	false	false
1801c3e00	FUN_1801c3e00	Global	0x26b	false	false
1801c4070	FUN_1801c4070	Global	0x229	false	false
1801c42a0	FUN_1801c42a0	Global	0x249	false	false
1801c44f0	FUN_1801c44f0	Global	0x229	false	false
1801c4720	FUN_1801c4720	Global	0x30a	false	false
1801c4a30	FUN_1801c4a30	Global	0x249	false	false
1801c4c80	FUN_1801c4c80	Global	0x279	false	false
1801c4f00	FUN_1801c4f00	Global	0x299	false	false
1801c51a0	FUN_1801c51a0	Global	0x2b9	false	false
1801c5460	FUN_1801c5460	Global	0x2b9	false	false
1801c5720	FUN_1801c5720	Global	0x25c	false	false
1801c5980	FUN_1801c5980	Global	0x25c	false	false
1801c5be0	FUN_1801c5be0	Global	0x249	false	false
1801c5e30	FUN_1801c5e30	Global	0x246	false	false
1801c6080	FUN_1801c6080	Global	0x226	false	false
1801c62b0	FUN_1801c62b0	Global	0x218	false	false
1801c64d0	FUN_1801c64d0	Global	0x226	false	false
1801c6700	FUN_1801c6700	Global	0x299	false	false
1801c69a0	FUN_1801c69a0	Global	0x279	false	false
1801c6c20	FUN_1801c6c20	Global	0x25c	false	false
1801c6e80	FUN_1801c6e80	Global	0x249	false	false
1801c70d0	FUN_1801c70d0	Global	0x25c	false	false
1801c7330	FUN_1801c7330	Global	0x2b9	false	false
1801c75f0	FUN_1801c75f0	Global	0x25c	false	false
1801c7850	FUN_1801c7850	Global	0x25c	false	false
1801c7ab0	FUN_1801c7ab0	Global	0x25c	false	false
1801c7d10	FUN_1801c7d10	Global	0x23e	false	false
1801c7f50	FUN_1801c7f50	Global	0x279	false	false
1801c81d0	FUN_1801c81d0	Global	0x299	false	false
1801c8470	FUN_1801c8470	Global	0x299	false	false
1801c8710	FUN_1801c8710	Global	0x276	false	false
1801c8990	FUN_1801c8990	Global	0x279	false	false
1801c8c10	FUN_1801c8c10	Global	0x369	false	false
1801c8f80	FUN_1801c8f80	Global	0x249	false	false
1801c91d0	FUN_1801c91d0	Global	0x249	false	false
1801c9420	FUN_1801c9420	Global	0x25c	false	false
1801c9680	FUN_1801c9680	Global	0x23e	false	false
1801c98c0	FUN_1801c98c0	Global	0x25c	false	false
1801c9b20	FUN_1801c9b20	Global	0x226	false	false
1801c9d50	FUN_1801c9d50	Global	0x23e	false	false
1801c9f90	FUN_1801c9f90	Global	0x229	false	false
1801ca1c0	FUN_1801ca1c0	Global	0x259	false	false
1801ca420	FUN_1801ca420	Global	0x249	false	false
1801ca670	FUN_1801ca670	Global	0x229	false	false
1801ca8a0	FUN_1801ca8a0	Global	0x226	false	false
1801caad0	FUN_1801caad0	Global	0x229	false	false
1801cad00	FUN_1801cad00	Global	0x226	false	false
1801caf30	FUN_1801caf30	Global	0x246	false	false
1801cb180	FUN_1801cb180	Global	0x246	false	false
1801cb3d0	FUN_1801cb3d0	Global	0x226	false	false
1801cb600	FUN_1801cb600	Global	0x22c	false	false
1801cb830	FUN_1801cb830	Global	0x259	false	false
1801cba90	FUN_1801cba90	Global	0x276	false	false
1801cbd10	FUN_1801cbd10	Global	0x226	false	false
1801cbf40	FUN_1801cbf40	Global	0x226	false	false
1801cc170	FUN_1801cc170	Global	0x246	false	false
1801cc3c0	FUN_1801cc3c0	Global	0x226	false	false
1801cc5f0	FUN_1801cc5f0	Global	0x307	false	false
1801cc900	FUN_1801cc900	Global	0x279	false	false
1801ccb80	FUN_1801ccb80	Global	0xa5	false	false
1801ccc30	FUN_1801ccc30	Global	0x35	false	false
1801ccc70	thunk_FUN_18001f750	Global	0x5	true	false
1801ccc80	FUN_1801ccc80	Global	0x10b	false	false
1801ccd90	FUN_1801ccd90	Global	0x5f	false	false
1801ccdf0	FUN_1801ccdf0	Global	0x1a4	false	false
1801ccfa0	FUN_1801ccfa0	Global	0xe1	false	false
1801cd090	FUN_1801cd090	Global	0x274	false	false
1801cd310	FUN_1801cd310	Global	0x1cb	false	false
1801cd4e0	FUN_1801cd4e0	Global	0x269	false	false
1801cd750	FUN_1801cd750	Global	0x269	false	false
1801cd9c0	FUN_1801cd9c0	Global	0x251	false	false
1801cdc20	FUN_1801cdc20	Global	0x251	false	false
1801cde80	FUN_1801cde80	Global	0x251	false	false
1801ce0e0	FUN_1801ce0e0	Global	0x269	false	false
1801ce350	FUN_1801ce350	Global	0x15a	false	false
1801ce4b0	FUN_1801ce4b0	Global	0x269	false	false
1801ce720	FUN_1801ce720	Global	0x251	false	false
1801ce980	FUN_1801ce980	Global	0x251	false	false
1801cebe0	FUN_1801cebe0	Global	0x269	false	false
1801cee50	FUN_1801cee50	Global	0x251	false	false
1801cf0b0	FUN_1801cf0b0	Global	0x251	false	false
1801cf310	FUN_1801cf310	Global	0x251	false	false
1801cf570	FUN_1801cf570	Global	0x251	false	false
1801cf7d0	FUN_1801cf7d0	Global	0x251	false	false
1801cfa30	FUN_1801cfa30	Global	0x251	false	false
1801cfc90	FUN_1801cfc90	Global	0x251	false	false
1801cfef0	FUN_1801cfef0	Global	0x251	false	false
1801d0150	FUN_1801d0150	Global	0x251	false	false
1801d03b0	FUN_1801d03b0	Global	0x269	false	false
1801d0620	FUN_1801d0620	Global	0x269	false	false
1801d0890	FUN_1801d0890	Global	0x2dd	false	false
1801d0b70	FUN_1801d0b70	Global	0x269	false	false
1801d0de0	FUN_1801d0de0	Global	0x269	false	false
1801d1050	FUN_1801d1050	Global	0x269	false	false
1801d12c0	FUN_1801d12c0	Global	0x14f	false	false
1801d1420	FUN_1801d1420	Global	0x150	false	false
1801d1570	FUN_1801d1570	Global	0x31	false	false
1801d15b0	FUN_1801d15b0	Global	0xee	false	false
1801d16a0	FUN_1801d16a0	Global	0x163	false	false
1801d1810	FUN_1801d1810	Global	0x3a	false	false
1801d1850	FUN_1801d1850	Global	0x1ad	false	false
1801d1a00	FUN_1801d1a00	Global	0xf9	false	false
1801d1b00	FUN_1801d1b00	Global	0x18a	false	false
1801d1c90	FUN_1801d1c90	Global	0x157	false	false
1801d1df0	FUN_1801d1df0	Global	0x1bf	false	false
1801d1fc0	FUN_1801d1fc0	Global	0x12b	false	false
1801d20f0	FUN_1801d20f0	Global	0xa9	false	false
1801d21a0	FUN_1801d21a0	Global	0x146	false	false
1801d22f0	FUN_1801d22f0	Global	0x251	false	false
1801d2550	FUN_1801d2550	Global	0x269	false	false
1801d27c0	FUN_1801d27c0	Global	0x269	false	false
1801d2a30	FUN_1801d2a30	Global	0x269	false	false
1801d2ca0	FUN_1801d2ca0	Global	0x2dd	false	false
1801d2f80	FUN_1801d2f80	Global	0x3a	false	false
1801d2fc0	FUN_1801d2fc0	Global	0x1af	false	false
1801d3180	FUN_1801d3180	Global	0x182	false	false
1801d3310	FUN_1801d3310	Global	0x269	false	false
1801d3580	FUN_1801d3580	Global	0x2dd	false	false
1801d3860	FUN_1801d3860	Global	0x251	false	false
1801d3ac0	FUN_1801d3ac0	Global	0x269	false	false
1801d3d30	FUN_1801d3d30	Global	0x251	false	false
1801d3f90	FUN_1801d3f90	Global	0x31	false	false
1801d3fd0	FUN_1801d3fd0	Global	0x269	false	false
1801d4240	FUN_1801d4240	Global	0x269	false	false
1801d44b0	FUN_1801d44b0	Global	0x269	false	false
1801d4720	FUN_1801d4720	Global	0x269	false	false
1801d4990	FUN_1801d4990	Global	0x7c	false	false
1801d4a10	FUN_1801d4a10	Global	0xac	false	false
1801d4ac0	~pair<>	Global	0x5d	false	false
1801d4b20	~pair<>	Global	0x5d	false	false
1801d4b80	FUN_1801d4b80	Global	0x1c5	false	false
1801d4d50	FUN_1801d4d50	Global	0x1c5	false	false
1801d4f20	FUN_1801d4f20	Global	0x1c9	false	false
1801d50f0	FUN_1801d50f0	Global	0x1c9	false	false
1801d52c0	FUN_1801d52c0	Global	0x1c5	false	false
1801d5490	FUN_1801d5490	Global	0x1c4	false	false
1801d5660	FUN_1801d5660	Global	0x1c4	false	false
1801d5830	FUN_1801d5830	Global	0x1c4	false	false
1801d5a00	FUN_1801d5a00	Global	0x1c4	false	false
1801d5bd0	FUN_1801d5bd0	Global	0x1c4	false	false
1801d5dc0	FUN_1801d5dc0	Global	0x32	false	false
1801d5e10	FUN_1801d5e10	Global	0x1a2	false	false
1801d5fc0	FUN_1801d5fc0	Global	0x1a2	false	false
1801d6170	FUN_1801d6170	Global	0x1a2	false	false
1801d6320	FUN_1801d6320	Global	0x2d4	false	false
1801d6600	FUN_1801d6600	Global	0x2d4	false	false
1801d68e0	FUN_1801d68e0	Global	0x275	false	false
1801d6b60	FUN_1801d6b60	Global	0x256	false	false
1801d6dc0	FUN_1801d6dc0	Global	0x2d4	false	false
1801d70a0	FUN_1801d70a0	Global	0x256	false	false
1801d7300	FUN_1801d7300	Global	0x1c4	false	false
1801d74d0	FUN_1801d74d0	Global	0x3aa	false	false
1801d7880	FUN_1801d7880	Global	0x1b4	false	false
1801d7a40	FUN_1801d7a40	Global	0x1a2	false	false
1801d7bf0	FUN_1801d7bf0	Global	0x3aa	false	false
1801d7fa0	FUN_1801d7fa0	Global	0x256	false	false
1801d8200	FUN_1801d8200	Global	0x7d	false	false
1801d8280	FUN_1801d8280	Global	0x7d	false	false
1801d8300	FUN_1801d8300	Global	0x7d	false	false
1801d83e0	FUN_1801d83e0	Global	0x12	false	false
1801d8420	FUN_1801d8420	Global	0x30e	false	false
1801d8730	FUN_1801d8730	Global	0x30e	false	false
1801d8a40	FUN_1801d8a40	Global	0x17	false	false
1801d8a60	FUN_1801d8a60	Global	0x1a2	false	false
1801d8c10	FUN_1801d8c10	Global	0x1a1	false	false
1801d8dc0	FUN_1801d8dc0	Global	0x132	false	false
1801d8f00	FUN_1801d8f00	Global	0x86	false	false
1801d8f90	FUN_1801d8f90	Global	0xe3	false	false
1801d9080	FUN_1801d9080	Global	0x193	false	false
1801d9220	FUN_1801d9220	Global	0x1e6	false	false
1801d9410	FUN_1801d9410	Global	0x11d	false	false
1801d9530	FUN_1801d9530	Global	0x2b	false	false
1801d9560	FUN_1801d9560	Global	0x1c4	false	false
1801d9730	FUN_1801d9730	Global	0x3aa	false	false
1801d9ae0	FUN_1801d9ae0	Global	0xe7	false	false
1801d9bd0	FUN_1801d9bd0	Global	0xe7	false	false
1801d9cc0	FUN_1801d9cc0	Global	0x1a2	false	false
1801d9e70	FUN_1801d9e70	Global	0x1c4	false	false
1801da040	FUN_1801da040	Global	0x1f0	false	false
1801da230	FUN_1801da230	Global	0x1a2	false	false
1801da3e0	FUN_1801da3e0	Global	0x1b4	false	false
1801da5a0	FUN_1801da5a0	Global	0x1c9	false	false
1801da770	FUN_1801da770	Global	0x1c9	false	false
1801da940	FUN_1801da940	Global	0x1a2	false	false
1801daaf0	FUN_1801daaf0	Global	0x211	false	false
1801dad10	FUN_1801dad10	Global	0x9f	false	false
1801dadb0	FUN_1801dadb0	Global	0x104	false	false
1801daee0	FUN_1801daee0	Global	0x86	false	false
1801daf70	FUN_1801daf70	Global	0x85	false	false
1801db000	FUN_1801db000	Global	0xe3	false	false
1801db100	FUN_1801db100	Global	0x67	false	false
1801db170	FUN_1801db170	Global	0x67	false	false
1801db1e0	FUN_1801db1e0	Global	0xe1	false	false
1801db2d0	FUN_1801db2d0	Global	0x1a1	false	false
1801db480	FUN_1801db480	Global	0x1c4	false	false
1801db650	FUN_1801db650	Global	0x1a1	false	false
1801db800	FUN_1801db800	Global	0x1c9	false	false
1801db9d0	FUN_1801db9d0	Global	0x1a2	false	false
1801dbb80	FUN_1801dbb80	Global	0x1a2	false	false
1801dbd30	FUN_1801dbd30	Global	0x54	false	false
1801dbd90	FUN_1801dbd90	Global	0x2b	false	false
1801dbdc0	FUN_1801dbdc0	Global	0x1a1	false	false
1801dbf70	FUN_1801dbf70	Global	0x1c9	false	false
1801dc140	FUN_1801dc140	Global	0x1c4	false	false
1801dc310	FUN_1801dc310	Global	0x1a2	false	false
1801dc4c0	FUN_1801dc4c0	Global	0x1c4	false	false
1801dc690	FUN_1801dc690	Global	0x2b8	false	false
1801dc950	FUN_1801dc950	Global	0x9f	false	false
1801dc9f0	FUN_1801dc9f0	Global	0x1c2	false	false
1801dcbc0	FUN_1801dcbc0	Global	0x1c7	false	false
1801dcd90	FUN_1801dcd90	Global	0x227	false	false
1801dcfc0	FUN_1801dcfc0	Global	0x229	false	false
1801dd1f0	FUN_1801dd1f0	Global	0x12	false	false
1801dd210	FUN_1801dd210	Global	0x128	false	false
1801dd340	FUN_1801dd340	Global	0x185	false	false
1801dd4d0	FUN_1801dd4d0	Global	0x193	false	false
1801dd670	FUN_1801dd670	Global	0x1aa	false	false
1801dd830	FUN_1801dd830	Global	0x2b5	false	false
1801ddaf0	FUN_1801ddaf0	Global	0x2b6	false	false
1801dddb0	FUN_1801dddb0	Global	0x2b8	false	false
1801de070	FUN_1801de070	Global	0x272	false	false
1801de2f0	FUN_1801de2f0	Global	0x2b6	false	false
1801de5b0	FUN_1801de5b0	Global	0x2c8	false	false
1801de880	FUN_1801de880	Global	0x2b4	false	false
1801deb40	FUN_1801deb40	Global	0x2c1	false	false
1801dee10	FUN_1801dee10	Global	0xb2c	false	false
1801df940	FUN_1801df940	Global	0x3e4	false	false
1801dfd30	FUN_1801dfd30	Global	0xe16	false	false
1801e0b60	FUN_1801e0b60	Global	0x39d	false	false
1801e0f00	FUN_1801e0f00	Global	0xc6a	false	false
1801e1b70	FUN_1801e1b70	Global	0x1e30	false	false
1801e39c0	FUN_1801e39c0	Global	0x24	false	false
1801e39f0	FUN_1801e39f0	Global	0x82	false	false
1801e3a80	FUN_1801e3a80	Global	0x218	false	false
1801e3ca0	FUN_1801e3ca0	Global	0x1d	false	false
1801e3cc0	FUN_1801e3cc0	Global	0xf	false	false
1801e3cd0	FUN_1801e3cd0	Global	0x26	false	false
1801e3d00	FUN_1801e3d00	Global	0x5c	false	false
1801e3d60	FUN_1801e3d60	Global	0x342	false	false
1801e40b0	FUN_1801e40b0	Global	0x76	false	false
1801e4130	FUN_1801e4130	Global	0x164	false	false
1801e42a0	FUN_1801e42a0	Global	0x21b	false	false
1801e44c0	FUN_1801e44c0	Global	0x197	false	false
1801e4660	FUN_1801e4660	Global	0x320	false	false
1801e49e0	FUN_1801e49e0	Global	0x219	false	false
1801e4c00	FUN_1801e4c00	Global	0x183	false	false
1801e4d90	FUN_1801e4d90	Global	0x251	false	false
1801e4ff0	FUN_1801e4ff0	Global	0x251	false	false
1801e5250	FUN_1801e5250	Global	0x269	false	false
1801e54c0	FUN_1801e54c0	Global	0x269	false	false
1801e5730	FUN_1801e5730	Global	0x269	false	false
1801e59a0	FUN_1801e59a0	Global	0x251	false	false
1801e5c00	FUN_1801e5c00	Global	0x251	false	false
1801e5e60	FUN_1801e5e60	Global	0x269	false	false
1801e60d0	FUN_1801e60d0	Global	0x269	false	false
1801e6340	FUN_1801e6340	Global	0x269	false	false
1801e65b0	FUN_1801e65b0	Global	0x269	false	false
1801e6820	FUN_1801e6820	Global	0x269	false	false
1801e6a90	FUN_1801e6a90	Global	0x251	false	false
1801e6cf0	FUN_1801e6cf0	Global	0x269	false	false
1801e6f60	FUN_1801e6f60	Global	0x240	false	false
1801e71b0	FUN_1801e71b0	Global	0x262	false	false
1801e7420	FUN_1801e7420	Global	0xa2	false	false
1801e74d0	FUN_1801e74d0	Global	0x251	false	false
1801e7730	FUN_1801e7730	Global	0x2f2	false	false
1801e7a30	FUN_1801e7a30	Global	0x251	false	false
1801e7c90	FUN_1801e7c90	Global	0x269	false	false
1801e7f00	FUN_1801e7f00	Global	0x269	false	false
1801e8170	FUN_1801e8170	Global	0x269	false	false
1801e83e0	FUN_1801e83e0	Global	0x251	false	false
1801e8640	FUN_1801e8640	Global	0xb4	false	false
1801e8700	FUN_1801e8700	Global	0xdb	false	false
1801e87e0	FUN_1801e87e0	Global	0x1a6	false	false
1801e8990	FUN_1801e8990	Global	0x7b	false	false
1801e8a10	FUN_1801e8a10	Global	0xd2	false	false
1801e8af0	FUN_1801e8af0	Global	0x269	false	false
1801e8d60	FUN_1801e8d60	Global	0x269	false	false
1801e8fd0	FUN_1801e8fd0	Global	0x10c	false	false
1801e90e0	FUN_1801e90e0	Global	0xd1	false	false
1801e91c0	FUN_1801e91c0	Global	0x1a2	false	false
1801e9370	FUN_1801e9370	Global	0x58	false	false
1801e93d0	FUN_1801e93d0	Global	0x3a	false	false
1801e9410	FUN_1801e9410	Global	0x269	false	false
1801e9680	FUN_1801e9680	Global	0x269	false	false
1801e98f0	FUN_1801e98f0	Global	0x251	false	false
1801e9b50	FUN_1801e9b50	Global	0x251	false	false
1801e9db0	FUN_1801e9db0	Global	0x258	false	false
1801ea010	FUN_1801ea010	Global	0x171	false	false
1801ea190	FUN_1801ea190	Global	0x269	false	false
1801ea400	FUN_1801ea400	Global	0x251	false	false
1801ea660	FUN_1801ea660	Global	0x251	false	false
1801ea8c0	FUN_1801ea8c0	Global	0x251	false	false
1801eab20	FUN_1801eab20	Global	0x84	false	false
1801eabb0	FUN_1801eabb0	Global	0x269	false	false
1801eae20	FUN_1801eae20	Global	0x269	false	false
1801eb090	FUN_1801eb090	Global	0x144	false	false
1801eb1e0	FUN_1801eb1e0	Global	0x94	false	false
1801eb280	FUN_1801eb280	Global	0x67	false	false
1801eb2f0	FUN_1801eb2f0	Global	0x41	false	false
1801eb340	FUN_1801eb340	Global	0x1a2	false	false
1801eb4f0	FUN_1801eb4f0	Global	0x1b4	false	false
1801eb6b0	FUN_1801eb6b0	Global	0x256	false	false
1801eb910	FUN_1801eb910	Global	0x7e	false	false
1801eb990	FUN_1801eb990	Global	0x3aa	false	false
1801ebd40	FUN_1801ebd40	Global	0x275	false	false
1801ebfc0	FUN_1801ebfc0	Global	0x1a2	false	false
1801ec170	FUN_1801ec170	Global	0x2d4	false	false
1801ec450	FUN_1801ec450	Global	0x2d4	false	false
1801ec730	FUN_1801ec730	Global	0x2d4	false	false
1801eca10	FUN_1801eca10	Global	0x1c4	false	false
1801ecbe0	FUN_1801ecbe0	Global	0x39	false	false
1801ecc20	FUN_1801ecc20	Global	0x3b	false	false
1801ecc60	FUN_1801ecc60	Global	0x45	false	false
1801eccb0	FUN_1801eccb0	Global	0x1a2	false	false
1801ece60	FUN_1801ece60	Global	0x120	false	false
1801ecf80	FUN_1801ecf80	Global	0x5f	false	false
1801ecfe0	FUN_1801ecfe0	Global	0x8	false	false
1801ecff0	FUN_1801ecff0	Global	0x10	false	false
1801ed000	FUN_1801ed000	Global	0x16	false	false
1801ed040	FUN_1801ed040	Global	0xf8	false	false
1801ed140	FUN_1801ed140	Global	0xaf	false	false
1801ed1f0	FUN_1801ed1f0	Global	0x1ae	false	false
1801ed3a0	FUN_1801ed3a0	Global	0x9	false	false
1801ed3b0	FUN_1801ed3b0	Global	0xc6	false	false
1801ed480	FUN_1801ed480	Global	0x87	false	false
1801ed510	FUN_1801ed510	Global	0xe8	false	false
1801ed600	FUN_1801ed600	Global	0xac	false	false
1801ed6b0	FUN_1801ed6b0	Global	0x1a2	false	false
1801ed860	FUN_1801ed860	Global	0x1a2	false	false
1801eda10	FUN_1801eda10	Global	0x273	false	false
1801edc90	FUN_1801edc90	Global	0x1e	false	false
1801edcb0	FUN_1801edcb0	Global	0x12c	false	false
1801edde0	FUN_1801edde0	Global	0x1bd	false	false
1801edfd0	FUN_1801edfd0	Global	0x1e7	false	false
1801ee1e0	FUN_1801ee1e0	Global	0x2b	false	false
1801ee210	FUN_1801ee210	Global	0x108	false	false
1801ee320	FUN_1801ee320	Global	0x1b4	false	false
1801ee4e0	FUN_1801ee4e0	Global	0x256	false	false
1801ee740	FUN_1801ee740	Global	0x195	false	false
1801ee8e0	FUN_1801ee8e0	Global	0x120	false	false
1801eea20	FUN_1801eea20	Global	0x2a8	false	false
1801eecd0	FUN_1801eecd0	Global	0x295	false	false
1801eef70	FUN_1801eef70	Global	0x6a	false	false
1801eefe0	FUN_1801eefe0	Global	0x1b4	false	false
1801ef1a0	FUN_1801ef1a0	Global	0x1a1	false	false
1801ef350	FUN_1801ef350	Global	0x1a1	false	false
1801ef500	FUN_1801ef500	Global	0x1a1	false	false
1801ef6b0	FUN_1801ef6b0	Global	0x1a1	false	false
1801ef860	FUN_1801ef860	Global	0x1b4	false	false
1801efa20	FUN_1801efa20	Global	0x1c7	false	false
1801efbf0	FUN_1801efbf0	Global	0x1b4	false	false
1801efdb0	FUN_1801efdb0	Global	0x18b	false	false
1801eff40	FUN_1801eff40	Global	0x65d	false	false
1801f0600	FUN_1801f0600	Global	0xd	false	false
1801f0610	FUN_1801f0610	Global	0x22d	false	false
1801f08e0	FUN_1801f08e0	Global	0x270	false	false
1801f0b50	FUN_1801f0b50	Global	0xb2	false	false
1801f0c10	FUN_1801f0c10	Global	0x8d	false	false
1801f0ca0	FUN_1801f0ca0	Global	0x1e7	false	false
1801f0e90	FUN_1801f0e90	Global	0x1e6	false	false
1801f1080	FUN_1801f1080	Global	0x1ed	false	false
1801f1270	FUN_1801f1270	Global	0x259	false	false
1801f14d0	FUN_1801f14d0	Global	0x1d9	false	false
1801f16b0	FUN_1801f16b0	Global	0x1eb	false	false
1801f18a0	FUN_1801f18a0	Global	0x1d7	false	false
1801f1a80	FUN_1801f1a80	Global	0x1e4	false	false
1801f1c70	FUN_1801f1c70	Global	0x112c	false	false
1801f2da0	FUN_1801f2da0	Global	0xb	false	false
1801f2db0	FUN_1801f2db0	Global	0xa9	false	false
1801f2e60	FUN_1801f2e60	Global	0x19e	false	false
1801f3000	FUN_1801f3000	Global	0xa9	false	false
1801f30b0	FUN_1801f30b0	Global	0x19e	false	false
1801f3250	FUN_1801f3250	Global	0x19c	false	false
1801f33f0	FUN_1801f33f0	Global	0xa9	false	false
1801f34a0	FUN_1801f34a0	Global	0x19e	false	false
1801f3640	FUN_1801f3640	Global	0x19c	false	false
1801f37e0	FUN_1801f37e0	Global	0xa9	false	false
1801f3890	FUN_1801f3890	Global	0x4e6	false	false
1801f3d80	FUN_1801f3d80	Global	0x195	false	false
1801f3f20	FUN_1801f3f20	Global	0x19e	false	false
1801f40c0	FUN_1801f40c0	Global	0xa9	false	false
1801f4170	FUN_1801f4170	Global	0x19e	false	false
1801f4310	FUN_1801f4310	Global	0x19e	false	false
1801f44b0	FUN_1801f44b0	Global	0x18b	false	false
1801f4640	FUN_1801f4640	Global	0x19e	false	false
1801f47e0	FUN_1801f47e0	Global	0x19e	false	false
1801f4980	FUN_1801f4980	Global	0x100	false	false
1801f4a80	FUN_1801f4a80	Global	0x116	false	false
1801f4ba0	FUN_1801f4ba0	Global	0xfa	false	false
1801f4ca0	FUN_1801f4ca0	Global	0x118	false	false
1801f4dc0	FUN_1801f4dc0	Global	0x1a3	false	false
1801f4f70	FUN_1801f4f70	Global	0xfb	false	false
1801f5070	FUN_1801f5070	Global	0x9c	false	false
1801f5110	FUN_1801f5110	Global	0x16b	false	false
1801f5280	FUN_1801f5280	Global	0x251	false	false
1801f54e0	FUN_1801f54e0	Global	0x251	false	false
1801f5740	FUN_1801f5740	Global	0x251	false	false
1801f59a0	FUN_1801f59a0	Global	0x251	false	false
1801f5c00	FUN_1801f5c00	Global	0x269	false	false
1801f5e70	FUN_1801f5e70	Global	0x269	false	false
1801f60e0	FUN_1801f60e0	Global	0x251	false	false
1801f6340	FUN_1801f6340	Global	0x269	false	false
1801f65b0	FUN_1801f65b0	Global	0x1a6	false	false
1801f6760	FUN_1801f6760	Global	0x269	false	false
1801f69d0	FUN_1801f69d0	Global	0x161	false	false
1801f6b40	FUN_1801f6b40	Global	0x269	false	false
1801f6db0	FUN_1801f6db0	Global	0x269	false	false
1801f7020	FUN_1801f7020	Global	0x178	false	false
1801f71a0	FUN_1801f71a0	Global	0x185	false	false
1801f7330	FUN_1801f7330	Global	0x269	false	false
1801f75a0	FUN_1801f75a0	Global	0x269	false	false
1801f7810	FUN_1801f7810	Global	0x2c6	false	false
1801f7ae0	FUN_1801f7ae0	Global	0x269	false	false
1801f7d50	FUN_1801f7d50	Global	0x10c	false	false
1801f7e60	FUN_1801f7e60	Global	0x269	false	false
1801f80d0	FUN_1801f80d0	Global	0x269	false	false
1801f8340	FUN_1801f8340	Global	0x269	false	false
1801f85b0	FUN_1801f85b0	Global	0x269	false	false
1801f8820	FUN_1801f8820	Global	0x1c4	false	false
1801f89f0	FUN_1801f89f0	Global	0x46	false	false
1801f8a50	FUN_1801f8a50	Global	0x1b4	false	false
1801f8c10	FUN_1801f8c10	Global	0x275	false	false
1801f8eb0	FUN_1801f8eb0	Global	0x1c4	false	false
1801f9080	FUN_1801f9080	Global	0x2d4	false	false
1801f9360	FUN_1801f9360	Global	0x94	false	false
1801f9400	FUN_1801f9400	Global	0x90	false	false
1801f94a0	FUN_1801f94a0	Global	0x1a2	false	false
1801f9650	FUN_1801f9650	Global	0xab	false	false
1801f9700	FUN_1801f9700	Global	0x1c4	false	false
1801f98d0	FUN_1801f98d0	Global	0x1c4	false	false
1801f9aa0	FUN_1801f9aa0	Global	0x326	false	false
1801f9dd0	FUN_1801f9dd0	Global	0x30b	false	false
1801fa0e0	FUN_1801fa0e0	Global	0x225	false	false
1801fa310	FUN_1801fa310	Global	0x66a	false	false
1801fa980	FUN_1801fa980	Global	0x84	false	false
1801faa10	FUN_1801faa10	Global	0x63c	false	false
1801fb0b0	FUN_1801fb0b0	Global	0x183	false	false
1801fb240	FUN_1801fb240	Global	0x296	false	false
1801fb4e0	FUN_1801fb4e0	Global	0x86	false	false
1801fb570	FUN_1801fb570	Global	0x269	false	false
1801fb7e0	FUN_1801fb7e0	Global	0x251	false	false
1801fba40	FUN_1801fba40	Global	0x17e	false	false
1801fbbd0	FUN_1801fbbd0	Global	0x233	false	false
1801fbe10	FUN_1801fbe10	Global	0x243	false	false
1801fc060	FUN_1801fc060	Global	0x1d2	false	false
1801fc240	FUN_1801fc240	Global	0x14d	false	false
1801fc390	FUN_1801fc390	Global	0x251	false	false
1801fc5f0	FUN_1801fc5f0	Global	0xf6	false	false
1801fc6f0	FUN_1801fc6f0	Global	0x1c4	false	false
1801fc8c0	FUN_1801fc8c0	Global	0x32	false	false
1801fc900	FUN_1801fc900	Global	0xd2	false	false
1801fc9e0	FUN_1801fc9e0	Global	0xd8	false	false
1801fcac0	FUN_1801fcac0	Global	0x85	false	false
1801fcb50	FUN_1801fcb50	Global	0x3b2	false	false
1801fcf10	FUN_1801fcf10	Global	0x181	false	false
1801fd0a0	FUN_1801fd0a0	Global	0x181	false	false
1801fd230	FUN_1801fd230	Global	0x1f0	false	false
1801fd430	FUN_1801fd430	Global	0x251	false	false
1801fd690	FUN_1801fd690	Global	0x176	false	false
1801fd810	FUN_1801fd810	Global	0x326	false	false
1801fdb40	FUN_1801fdb40	Global	0x30d	false	false
1801fde50	FUN_1801fde50	Global	0x203	false	false
1801fe060	FUN_1801fe060	Global	0x133	false	false
1801fe1a0	FUN_1801fe1a0	Global	0x269	false	false
1801fe410	FUN_1801fe410	Global	0x285	false	false
1801fe6a0	FUN_1801fe6a0	Global	0x46e	false	false
1801feb10	FUN_1801feb10	Global	0x10c	false	false
1801fec20	FUN_1801fec20	Global	0x256	false	false
1801fee80	FUN_1801fee80	Global	0xe5	false	false
1801fef70	FUN_1801fef70	Global	0xf9	false	false
1801ff070	FUN_1801ff070	Global	0x346	false	false
1801ff3c0	FUN_1801ff3c0	Global	0x523	false	false
1801ff990	FUN_1801ff990	Global	0x112	false	false
1801ffab0	FUN_1801ffab0	Global	0x9c	false	false
1801ffb50	FUN_1801ffb50	Global	0x33b	false	false
1801ffe90	FUN_1801ffe90	Global	0x3ab	false	false
180200240	FUN_180200240	Global	0x148	false	false
1802003c0	FUN_1802003c0	Global	0x43	false	false
180200410	FUN_180200410	Global	0xf9	false	false
180200510	FUN_180200510	Global	0x39d	false	false
1802008b0	FUN_1802008b0	Global	0x197	false	false
180200a50	FUN_180200a50	Global	0xd5	false	false
180200b30	FUN_180200b30	Global	0xaa	false	false
180200be0	FUN_180200be0	Global	0x145	false	false
180200d30	FUN_180200d30	Global	0x231	false	false
180200f70	FUN_180200f70	Global	0x2ea	false	false
180201260	FUN_180201260	Global	0xd	false	false
180201270	FUN_180201270	Global	0x2b	false	false
1802012a0	FUN_1802012a0	Global	0xdc	false	false
180201380	FUN_180201380	Global	0xc	false	false
180201390	GetResource	ResourcesManager	0x58	false	false
1802013f0	Items	ResourcesManager	0x1d	false	false
180201410	Singleton<ResourcesManager>	Singleton<ResourcesManager>	0x4	false	false
180201420	~Singleton<ResourcesManager>	Singleton<ResourcesManager>	0x3	false	false
180201430	ResourcesManager	ResourcesManager	0x7a	false	false
1802014b0	~ResourcesManager	ResourcesManager	0x5	false	false
1802014c0	FUN_1802014c0	Global	0x73	false	false
180201540	ResourcesManager	ResourcesManager	0x17	false	false
180201560	ResourcesManager	ResourcesManager	0xed	false	false
180201650	operator=	ResourcesManager	0x48	false	false
1802016a0	operator=	ResourcesManager	0xfc	false	false
1802017a0	PreloadResource	ResourcesManager	0xe4	false	false
180201890	LoadResource	ResourcesManager	0x3c	false	false
1802018d0	UnloadResource	ResourcesManager	0x109	false	false
1802019e0	LoadAllResources	ResourcesManager	0x32	false	false
180201a20	UnloadAllResources	ResourcesManager	0xaf	false	false
180201ad0	DoesAllResourcesAreLoaded	ResourcesManager	0x28	false	false
180201b00	FUN_180201b00	Global	0xac	false	false
180201bb0	FUN_180201bb0	Global	0x23	false	false
180201be0	Get	Singleton<ResourcesManager>	0x117	false	false
180201d00	FUN_180201d00	Global	0x201	false	false
180201f10	FUN_180201f10	Global	0x78	false	false
180201f90	FUN_180201f90	Global	0x2a5	false	false
180202240	FUN_180202240	Global	0x28e	false	false
1802024d0	FUN_1802024d0	Global	0x73	false	false
180202550	FUN_180202550	Global	0x317	false	false
180202870	FUN_180202870	Global	0x9e	false	false
180202910	FUN_180202910	Global	0x76	false	false
180202990	FUN_180202990	Global	0xb2	false	false
180202a50	FUN_180202a50	Global	0x9	false	false
180202a60	FUN_180202a60	Global	0x97	false	false
180202b00	FUN_180202b00	Global	0x9	false	false
180202b10	FUN_180202b10	Global	0x2b	false	false
180202b40	FUN_180202b40	Global	0x2b	false	false
180202b90	FUN_180202b90	Global	0x283	false	false
180202e20	FUN_180202e20	Global	0x6d	false	false
180202e90	FUN_180202e90	Global	0xcc	false	false
180202f60	FUN_180202f60	Global	0x16d	false	false
1802030d0	FUN_1802030d0	Global	0xef	false	false
1802031c0	FUN_1802031c0	Global	0xac	false	false
180203270	FUN_180203270	Global	0x25	false	false
1802032a0	FUN_1802032a0	Global	0x33	false	false
1802032e0	FUN_1802032e0	Global	0xf	false	false
1802032f0	FUN_1802032f0	Global	0x20	false	false
180203310	FUN_180203310	Global	0x28	false	false
180203340	FUN_180203340	Global	0x188	false	false
1802034d0	FUN_1802034d0	Global	0x109	false	false
1802035e0	FUN_1802035e0	Global	0xa5	false	false
180203690	FUN_180203690	Global	0xd3	false	false
180203770	FUN_180203770	Global	0x5e	false	false
1802037d0	FUN_1802037d0	Global	0x36	false	false
180203810	FUN_180203810	Global	0x42	false	false
180203860	FUN_180203860	Global	0x101	false	false
180203970	FUN_180203970	Global	0xb3	false	false
180203a30	FUN_180203a30	Global	0xd6	false	false
180203b10	FUN_180203b10	Global	0x7a	false	false
180203b90	FUN_180203b90	Global	0x68	false	false
180203c00	FUN_180203c00	Global	0x111	false	false
180203d20	FUN_180203d20	Global	0x122	false	false
180203e50	FUN_180203e50	Global	0xf1	false	false
180203f50	FUN_180203f50	Global	0xed	false	false
180204040	FUN_180204040	Global	0xde	false	false
180204140	FUN_180204140	Global	0x1b8	false	false
180204300	FUN_180204300	Global	0x118	false	false
180204420	FUN_180204420	Global	0x2a8	false	false
180204700	FUN_180204700	Global	0x30	false	false
180204740	FUN_180204740	Global	0x2c	false	false
180204770	FUN_180204770	Global	0x134	false	false
1802048b0	FUN_1802048b0	Global	0x45	false	false
180204900	FUN_180204900	Global	0x1d8	false	false
180204ae0	FUN_180204ae0	Global	0x172	false	false
180204c60	FUN_180204c60	Global	0xf8	false	false
180204d60	FUN_180204d60	Global	0x82	false	false
180204df0	FUN_180204df0	Global	0x20	false	false
180204e20	FUN_180204e20	Global	0xbb	false	false
180204ee0	FUN_180204ee0	Global	0x4c	false	false
180204f30	FUN_180204f30	Global	0x33	false	false
180204f70	FUN_180204f70	Global	0x64	false	false
180204fe0	FUN_180204fe0	Global	0x4c	false	false
180205030	FUN_180205030	Global	0x63	false	false
1802050a0	FUN_1802050a0	Global	0xaa	false	false
180205150	FUN_180205150	Global	0x88	false	false
1802051e0	FUN_1802051e0	Global	0x1a2	false	false
180205390	FUN_180205390	Global	0x150	false	false
1802054f0	FUN_1802054f0	Global	0x135	false	false
180205630	FUN_180205630	Global	0xbb	false	false
1802056f0	FUN_1802056f0	Global	0x1ac	false	false
1802058a0	FUN_1802058a0	Global	0x93	false	false
180205940	FUN_180205940	Global	0x8e	false	false
1802059d0	FUN_1802059d0	Global	0xce	false	false
180205aa0	FUN_180205aa0	Global	0x3ed	false	false
180205eb0	FUN_180205eb0	Global	0x12b	false	false
180205fe0	FUN_180205fe0	Global	0xf0	false	false
1802060d0	FUN_1802060d0	Global	0x6f	false	false
180206140	FUN_180206140	Global	0x3eb	false	false
180206530	FUN_180206530	Global	0x1db	false	false
180206710	FUN_180206710	Global	0x2a	false	false
180206740	FUN_180206740	Global	0x91	false	false
1802067e0	FUN_1802067e0	Global	0x91	false	false
180206890	FUN_180206890	Global	0xb8	false	false
180206950	FUN_180206950	Global	0x74	false	false
1802069d0	FUN_1802069d0	Global	0x2ae	false	false
180206c80	FUN_180206c80	Global	0x100	false	false
180206d90	FUN_180206d90	Global	0x13f	false	false
180206ee0	FUN_180206ee0	Global	0x294	false	false
180207180	FUN_180207180	Global	0x36c	false	false
180207500	FUN_180207500	Global	0x10b	false	false
180207610	FUN_180207610	Global	0x16f	false	false
180207790	FUN_180207790	Global	0x1e6	false	false
180207980	FUN_180207980	Global	0x3a4	false	false
180207d30	FUN_180207d30	Global	0xfc	false	false
180207e30	FUN_180207e30	Global	0xd8	false	false
180207f10	FUN_180207f10	Global	0xfc	false	false
180208010	FUN_180208010	Global	0x232	false	false
180208250	FUN_180208250	Global	0x3ab	false	false
180208600	FUN_180208600	Global	0x6c	false	false
180208670	FUN_180208670	Global	0xd8	false	false
180208750	FUN_180208750	Global	0xf1	false	false
180208850	FUN_180208850	Global	0x10f	false	false
180208970	FUN_180208970	Global	0xc4	false	false
180208a40	FUN_180208a40	Global	0x10e	false	false
180208b50	FUN_180208b50	Global	0x101	false	false
180208c60	FUN_180208c60	Global	0x78	false	false
180208ce0	FUN_180208ce0	Global	0x54f	false	false
180209260	FUN_180209260	Global	0xac	false	false
180209310	FUN_180209310	Global	0xd4	false	false
180209400	FUN_180209400	Global	0x15a	false	false
180209560	FUN_180209560	Global	0x55	false	false
1802095c0	FUN_1802095c0	Global	0xa8	false	false
180209670	FUN_180209670	Global	0x155	false	false
1802097d0	FUN_1802097d0	Global	0x1fa	false	false
1802099d0	FUN_1802099d0	Global	0x1c9	false	false
180209ba0	FUN_180209ba0	Global	0x3ba	false	false
180209f80	FUN_180209f80	Global	0x180	false	false
18020a110	FUN_18020a110	Global	0x96	false	false
18020a1b0	FUN_18020a1b0	Global	0x153	false	false
18020a360	FUN_18020a360	Global	0xf9	false	false
18020a460	FUN_18020a460	Global	0x150	false	false
18020a5c0	FUN_18020a5c0	Global	0x58	false	false
18020a620	FUN_18020a620	Global	0x157	false	false
18020a780	FUN_18020a780	Global	0xda	false	false
18020a860	FUN_18020a860	Global	0x2e7	false	false
18020ab50	FUN_18020ab50	Global	0x395	false	false
18020aef0	FUN_18020aef0	Global	0x217	false	false
18020b110	FUN_18020b110	Global	0x283	false	false
18020b3a0	FUN_18020b3a0	Global	0x1fe	false	false
18020b5c0	FUN_18020b5c0	Global	0x164	false	false
18020b730	FUN_18020b730	Global	0x12e	false	false
18020b860	FUN_18020b860	Global	0x5e	false	false
18020b8c0	FUN_18020b8c0	Global	0xad	false	false
18020b970	FUN_18020b970	Global	0xb5	false	false
18020ba30	FUN_18020ba30	Global	0x179	false	false
18020bbb0	FUN_18020bbb0	Global	0x17a	false	false
18020bd30	FUN_18020bd30	Global	0x17e	false	false
18020beb0	FUN_18020beb0	Global	0x17e	false	false
18020c030	FUN_18020c030	Global	0x35d	false	false
18020c3a0	FUN_18020c3a0	Global	0x1f8	false	false
18020c5a0	FUN_18020c5a0	Global	0x124	false	false
18020c6d0	FUN_18020c6d0	Global	0x8b	false	false
18020c760	FUN_18020c760	Global	0x195	false	false
18020c900	FUN_18020c900	Global	0xfe	false	false
18020ca00	FUN_18020ca00	Global	0x190	false	false
18020cc90	FUN_18020cc90	Global	0x84	false	false
18020cd20	FUN_18020cd20	Global	0xfb	false	false
18020ce90	FUN_18020ce90	Global	0xae	false	false
18020cf40	FUN_18020cf40	Global	0x596	false	false
18020d530	FUN_18020d530	Global	0x9c	false	false
18020d5d0	FUN_18020d5d0	Global	0x55f	false	false
18020db60	FUN_18020db60	Global	0x145	false	false
18020dcb0	FUN_18020dcb0	Global	0x27b	false	false
18020df30	FUN_18020df30	Global	0x2ac	false	false
18020e1e0	FUN_18020e1e0	Global	0x277	false	false
18020e460	FUN_18020e460	Global	0x466	false	false
18020e8d0	FUN_18020e8d0	Global	0x1f0	false	false
18020ead0	FUN_18020ead0	Global	0x1cc	false	false
18020eca0	FUN_18020eca0	Global	0x26a	false	false
18020ef10	FUN_18020ef10	Global	0xa12	false	false
18020f990	FUN_18020f990	Global	0x390	false	false
18020fde0	FUN_18020fde0	Global	0xed	false	false
18020fed0	FUN_18020fed0	Global	0x9b5	false	false
1802108c0	FUN_1802108c0	Global	0x1fd	false	false
180210ad0	FUN_180210ad0	Global	0x123	false	false
180210c00	FUN_180210c00	Global	0x5bf	false	false
180211200	FUN_180211200	Global	0x17a	false	false
180211380	FUN_180211380	Global	0xe0	false	false
180211470	FUN_180211470	Global	0xd1	false	false
180211550	FUN_180211550	Global	0x89	false	false
1802115e0	FUN_1802115e0	Global	0x89	false	false
180211670	FUN_180211670	Global	0x89	false	false
180211700	FUN_180211700	Global	0x89	false	false
180211790	FUN_180211790	Global	0x89	false	false
180211820	FUN_180211820	Global	0x132	false	false
180211960	FUN_180211960	Global	0x8d	false	false
1802119f0	FUN_1802119f0	Global	0xea	false	false
180211ae0	FUN_180211ae0	Global	0xea	false	false
180211bd0	FUN_180211bd0	Global	0x19b	false	false
180211d70	FUN_180211d70	Global	0x12c	false	false
180211ea0	FUN_180211ea0	Global	0x9b	false	false
180211f40	FUN_180211f40	Global	0x85	false	false
180211fd0	FUN_180211fd0	Global	0x15d	false	false
180212130	FUN_180212130	Global	0x89	false	false
1802121c0	FUN_1802121c0	Global	0x82	false	false
180212250	FUN_180212250	Global	0x82	false	false
1802122e0	FUN_1802122e0	Global	0xab	false	false
180212390	FUN_180212390	Global	0xab	false	false
180212440	FUN_180212440	Global	0x108	false	false
180212550	FUN_180212550	Global	0x2e7	false	false
180212840	FUN_180212840	Global	0x2aa	false	false
180212af0	FUN_180212af0	Global	0x177	false	false
180212c70	FUN_180212c70	Global	0x27e	false	false
180212f00	FUN_180212f00	Global	0x2f8	false	false
180213200	FUN_180213200	Global	0x2c3	false	false
1802134d0	FUN_1802134d0	Global	0xbd	false	false
180213590	FUN_180213590	Global	0x2af	false	false
180213840	FUN_180213840	Global	0x92	false	false
1802138e0	FUN_1802138e0	Global	0xf6	false	false
1802139e0	FUN_1802139e0	Global	0x211	false	false
180213c00	FUN_180213c00	Global	0xe5	false	false
180213cf0	FUN_180213cf0	Global	0x80	false	false
180213d70	FUN_180213d70	Global	0x35	false	false
180213db0	FUN_180213db0	Global	0x2ce	false	false
180214090	FUN_180214090	Global	0x178	false	false
180214210	FUN_180214210	Global	0x2df	false	false
180214500	FUN_180214500	Global	0xb1	false	false
1802145c0	FUN_1802145c0	Global	0x163	false	false
180214730	FUN_180214730	Global	0x18b	false	false
1802148c0	FUN_1802148c0	Global	0x43d	false	false
180214d60	FUN_180214d60	Global	0x37a	false	false
1802150e0	FUN_1802150e0	Global	0x1db	false	false
1802152c0	FUN_1802152c0	Global	0x200	false	false
1802154c0	FUN_1802154c0	Global	0x35ee	false	false
180218c10	FUN_180218c10	Global	0x272	false	false
180218ee0	FUN_180218ee0	Global	0x60	false	false
180218f40	FUN_180218f40	Global	0xf4	false	false
1802190a0	FUN_1802190a0	Global	0x196	false	false
180219240	FUN_180219240	Global	0x4d	false	false
180219290	FUN_180219290	Global	0x103	false	false
1802193a0	FUN_1802193a0	Global	0x30b	false	false
1802196b0	FUN_1802196b0	Global	0x27c	false	false
180219930	FUN_180219930	Global	0xcd	false	false
180219a00	FUN_180219a00	Global	0x326	false	false
180219d30	FUN_180219d30	Global	0xe6	false	false
180219e20	FUN_180219e20	Global	0xa5	false	false
180219ed0	FUN_180219ed0	Global	0x117	false	false
180219ff0	FUN_180219ff0	Global	0x2af	false	false
18021a2a0	FUN_18021a2a0	Global	0x18c	false	false
18021a470	FUN_18021a470	Global	0x11f	false	false
18021a5d0	FUN_18021a5d0	Global	0x215	false	false
18021a810	FUN_18021a810	Global	0x1ff	false	false
18021aa10	FUN_18021aa10	Global	0x1ca	false	false
18021abe0	FUN_18021abe0	Global	0x16e	false	false
18021ad50	FUN_18021ad50	Global	0x7a	false	false
18021add0	FUN_18021add0	Global	0xcb	false	false
18021aea0	FUN_18021aea0	Global	0x6c	false	false
18021af10	FUN_18021af10	Global	0x7d	false	false
18021af90	FUN_18021af90	Global	0xdd	false	false
18021b070	FUN_18021b070	Global	0x37c	false	false
18021b470	FUN_18021b470	Global	0x22	false	false
18021b4a0	FUN_18021b4a0	Global	0x188	false	false
18021b630	FUN_18021b630	Global	0x7a	false	false
18021b6b0	FUN_18021b6b0	Global	0xa1	false	false
18021b760	FUN_18021b760	Global	0xa6	false	false
18021b810	FUN_18021b810	Global	0x66	false	false
18021b880	FUN_18021b880	Global	0x13e	false	false
18021b9c0	FUN_18021b9c0	Global	0x124	false	false
18021baf0	FUN_18021baf0	Global	0x93	false	false
18021bb90	FUN_18021bb90	Global	0x1b7	false	false
18021bd50	FUN_18021bd50	Global	0xbd	false	false
18021be10	FUN_18021be10	Global	0x11d	false	false
18021bf30	FUN_18021bf30	Global	0x294	false	false
18021c1d0	FUN_18021c1d0	Global	0xed	false	false
18021c2c0	FUN_18021c2c0	Global	0x177	false	false
18021c440	FUN_18021c440	Global	0x239	false	false
18021c680	FUN_18021c680	Global	0x1cb	false	false
18021c850	FUN_18021c850	Global	0x124	false	false
18021c980	FUN_18021c980	Global	0xb	false	false
18021c9a0	FUN_18021c9a0	Global	0xae	false	false
18021ca50	FUN_18021ca50	Global	0x1df	false	false
18021cc40	FUN_18021cc40	Global	0x19c	false	false
18021cde0	FUN_18021cde0	Global	0x47	false	false
18021ce70	FUN_18021ce70	Global	0xca	false	false
18021cf80	FUN_18021cf80	Global	0x2b8	false	false
18021d250	FUN_18021d250	Global	0x147	false	false
18021d3a0	FUN_18021d3a0	Global	0x256	false	false
18021d600	FUN_18021d600	Global	0x144	false	false
18021d750	FUN_18021d750	Global	0x2df	false	false
18021da70	FUN_18021da70	Global	0xa0	false	false
18021db10	FUN_18021db10	Global	0xa7	false	false
18021dbc0	FUN_18021dbc0	Global	0x154	false	false
18021dd20	FUN_18021dd20	Global	0x332	false	false
18021e0a0	FUN_18021e0a0	Global	0xb7	false	false
18021e170	FUN_18021e170	Global	0x30e	false	false
18021e480	FUN_18021e480	Global	0x175	false	false
18021e600	FUN_18021e600	Global	0x81	false	false
18021e690	FUN_18021e690	Global	0xa4	false	false
18021e740	FUN_18021e740	Global	0xb1	false	false
18021e800	FUN_18021e800	Global	0x6d	false	false
18021e870	FUN_18021e870	Global	0xe2	false	false
18021e960	FUN_18021e960	Global	0x365	false	false
18021ecd0	FUN_18021ecd0	Global	0xd9	false	false
18021edb0	FUN_18021edb0	Global	0xbe	false	false
18021ee70	FUN_18021ee70	Global	0xc4	false	false
18021ef40	FUN_18021ef40	Global	0x1c1	false	false
18021f110	FUN_18021f110	Global	0x128	false	false
18021f240	FUN_18021f240	Global	0x34a	false	false
18021f590	FUN_18021f590	Global	0xd8	false	false
18021f670	FUN_18021f670	Global	0x28d	false	false
18021f930	FUN_18021f930	Global	0x161	false	false
18021faa0	FUN_18021faa0	Global	0xc4	false	false
18021fb70	FUN_18021fb70	Global	0x176	false	false
18021fcf0	FUN_18021fcf0	Global	0x20	false	false
18021fd10	FUN_18021fd10	Global	0x117	false	false
18021fe30	FUN_18021fe30	Global	0x256	false	false
180220090	FUN_180220090	Global	0x356	false	false
180220440	FUN_180220440	Global	0x4f9	false	false
180220990	FUN_180220990	Global	0x122	false	false
180220b30	FUN_180220b30	Global	0x1f	false	false
180220b50	FUN_180220b50	Global	0x145	false	false
180220ca0	FUN_180220ca0	Global	0x37	false	false
180220ce0	FUN_180220ce0	Global	0x2f	false	false
180220d10	FUN_180220d10	Global	0x5c	false	false
180220d70	FUN_180220d70	Global	0x2a	false	false
180220da0	FUN_180220da0	Global	0x1e	false	false
180220dc0	FUN_180220dc0	Global	0x18	false	false
180220de0	FUN_180220de0	Global	0x4b	false	false
180220e30	FUN_180220e30	Global	0x6c	false	false
180220ea0	FUN_180220ea0	Global	0x88	false	false
180220f30	FUN_180220f30	Global	0x69	false	false
180220fa0	FUN_180220fa0	Global	0x8d	false	false
180221030	FUN_180221030	Global	0x1dd	false	false
180221210	FUN_180221210	Global	0xb0	false	false
1802212d0	FUN_1802212d0	Global	0xde	false	false
1802213b0	FUN_1802213b0	Global	0x128	false	false
1802214e0	FUN_1802214e0	Global	0xeb	false	false
1802215d0	FUN_1802215d0	Global	0x78	false	false
180221650	FUN_180221650	Global	0x8a	false	false
1802216e0	FUN_1802216e0	Global	0x8f	false	false
180221770	FUN_180221770	Global	0x1aa	false	false
180221920	FUN_180221920	Global	0xba	false	false
1802219e0	FUN_1802219e0	Global	0xc5	false	false
180221ab0	FUN_180221ab0	Global	0x72	false	false
180221b30	FUN_180221b30	Global	0x13a	false	false
180221c70	FUN_180221c70	Global	0x165	false	false
180221de0	FUN_180221de0	Global	0x30e	false	false
1802220f0	FUN_1802220f0	Global	0x1a2	false	false
1802222a0	FUN_1802222a0	Global	0x9c	false	false
180222340	FUN_180222340	Global	0x156	false	false
1802224a0	FUN_1802224a0	Global	0x9c	false	false
180222540	FUN_180222540	Global	0x6f	false	false
1802225b0	FUN_1802225b0	Global	0xd3	false	false
1802226b0	FUN_1802226b0	Global	0x9f	false	false
180222750	FUN_180222750	Global	0x175	false	false
1802228d0	FUN_1802228d0	Global	0xc7	false	false
1802229a0	FUN_1802229a0	Global	0x10	false	false
1802229c0	FUN_1802229c0	Global	0x5f	false	false
180222a20	FUN_180222a20	Global	0x72	false	false
180222aa0	FUN_180222aa0	Global	0xa6	false	false
180222b50	FUN_180222b50	Global	0xa0	false	false
180222c00	FUN_180222c00	Global	0x60	false	false
180222c60	FUN_180222c60	Global	0xc2	false	false
180222d30	FUN_180222d30	Global	0x5b	false	false
180222d90	FUN_180222d90	Global	0xd	false	false
180222da0	FUN_180222da0	Global	0xb1	false	false
180222e60	FUN_180222e60	Global	0xa9	false	false
180222f10	FUN_180222f10	Global	0x241	false	false
180223160	FUN_180223160	Global	0x120	false	false
180223280	FUN_180223280	Global	0xc8	false	false
180223350	FUN_180223350	Global	0x289	false	false
1802235e0	FUN_1802235e0	Global	0x513	false	false
180223bb0	FUN_180223bb0	Global	0xa6d	false	false
1802246e0	FUN_1802246e0	Global	0x2c	false	false
180224710	FUN_180224710	Global	0xc4	false	false
1802247e0	FUN_1802247e0	Global	0xa0	false	false
180224890	FUN_180224890	Global	0xc9	false	false
180224960	FUN_180224960	Global	0xc5	false	false
180224a30	FUN_180224a30	Global	0x17a	false	false
180224bb0	FUN_180224bb0	Global	0x18f	false	false
180224d40	FUN_180224d40	Global	0x1bb	false	false
180224f00	FUN_180224f00	Global	0x3f7	false	false
180225350	FUN_180225350	Global	0x8f	false	false
1802253f0	FUN_1802253f0	Global	0x275	false	false
180225670	FUN_180225670	Global	0x1b1	false	false
180225830	FUN_180225830	Global	0x2c	false	false
180225860	FUN_180225860	Global	0x6e	false	false
1802258d0	FUN_1802258d0	Global	0xaf	false	false
180225990	FUN_180225990	Global	0x6a	false	false
180225a00	FUN_180225a00	Global	0xaa	false	false
180225ab0	FUN_180225ab0	Global	0x1b	false	false
180225ad0	FUN_180225ad0	Global	0xa1	false	false
180225b80	FUN_180225b80	Global	0x20b	false	false
180225d90	FUN_180225d90	Global	0xd1	false	false
180225e70	FUN_180225e70	Global	0x285	false	false
180226100	FUN_180226100	Global	0xe5	false	false
1802261f0	FUN_1802261f0	Global	0xb0	false	false
1802262b0	FUN_1802262b0	Global	0x4c	false	false
180226300	FUN_180226300	Global	0xc4	false	false
1802263d0	FUN_1802263d0	Global	0x1d9	false	false
1802265b0	FUN_1802265b0	Global	0x62	false	false
180226620	FUN_180226620	Global	0x274	false	false
1802268a0	FUN_1802268a0	Global	0x12c	false	false
1802269d0	FUN_1802269d0	Global	0x348	false	false
180226d20	FUN_180226d20	Global	0x52	false	false
180226d80	FUN_180226d80	Global	0x9b	false	false
180226e20	FUN_180226e20	Global	0xc7	false	false
180226ef0	FUN_180226ef0	Global	0x2c4	false	false
1802271c0	FUN_1802271c0	Global	0x5e5	false	false
1802277b0	FUN_1802277b0	Global	0x19d	false	false
180227950	FUN_180227950	Global	0x325	false	false
180227c80	FUN_180227c80	Global	0x3bb	false	false
180228040	FUN_180228040	Global	0x1d3	false	false
180228330	FUN_180228330	Global	0x648	false	false
180228c00	FUN_180228c00	Global	0x8	false	false
180228c10	FUN_180228c10	Global	0x9a	false	false
180228cb0	FUN_180228cb0	Global	0x3c1	false	false
180229080	FUN_180229080	Global	0x5d	false	false
1802290e0	FUN_1802290e0	Global	0x1c3	false	false
1802292b0	FUN_1802292b0	Global	0x194	false	false
180229450	FUN_180229450	Global	0x232	false	false
180229690	FUN_180229690	Global	0x29c	false	false
180229930	FUN_180229930	Global	0x257	false	false
180229b90	FUN_180229b90	Global	0x39f	false	false
180229f40	FUN_180229f40	Global	0x33f	false	false
18022a280	FUN_18022a280	Global	0x64a	false	false
18022a8e0	FUN_18022a8e0	Global	0x1ac	false	false
18022aa90	FUN_18022aa90	Global	0x26c	false	false
18022ad00	FUN_18022ad00	Global	0x7fc	false	false
18022b620	FUN_18022b620	Global	0x3d5	false	false
18022ba00	FUN_18022ba00	Global	0x10	false	false
18022ba20	FUN_18022ba20	Global	0xd0	false	false
18022baf0	FUN_18022baf0	Global	0x93	false	false
18022bb90	FUN_18022bb90	Global	0x90	false	false
18022bc20	FUN_18022bc20	Global	0xa1	false	false
18022bcd0	FUN_18022bcd0	Global	0xfb	false	false
18022bdd0	FUN_18022bdd0	Global	0x10c	false	false
18022bee0	FUN_18022bee0	Global	0x82	false	false
18022bf70	FUN_18022bf70	Global	0x67	false	false
18022bfe0	FUN_18022bfe0	Global	0x17d	false	false
18022c160	FUN_18022c160	Global	0x1ea	false	false
18022c350	FUN_18022c350	Global	0xbe	false	false
18022c410	FUN_18022c410	Global	0x84	false	false
18022c4a0	FUN_18022c4a0	Global	0x7c	false	false
18022c520	FUN_18022c520	Global	0x2a3	false	false
18022c850	FUN_18022c850	Global	0x197	false	false
18022ca30	FUN_18022ca30	Global	0x1df	false	false
18022cc10	FUN_18022cc10	Global	0xb2	false	false
18022ccd0	FUN_18022ccd0	Global	0xa7	false	false
18022cd80	FUN_18022cd80	Global	0x109	false	false
18022ceb0	FUN_18022ceb0	Global	0x25d	false	false
18022d130	FUN_18022d130	Global	0x17d	false	false
18022d2b0	FUN_18022d2b0	Global	0x174	false	false
18022d430	FUN_18022d430	Global	0xc7	false	false
18022d540	FUN_18022d540	Global	0x86	false	false
18022d5d0	FUN_18022d5d0	Global	0x167	false	false
18022d780	FUN_18022d780	Global	0x1d5	false	false
18022d960	FUN_18022d960	Global	0x227	false	false
18022dbc0	FUN_18022dbc0	Global	0x11e	false	false
18022dce0	FUN_18022dce0	Global	0xe4	false	false
18022ddd0	FUN_18022ddd0	Global	0x1ca	false	false
18022dfa0	FUN_18022dfa0	Global	0x197	false	false
18022e140	FUN_18022e140	Global	0x17b	false	false
18022e2c0	FUN_18022e2c0	Global	0x54e	false	false
18022e870	FUN_18022e870	Global	0x20c	false	false
18022ea80	FUN_18022ea80	Global	0x8	false	false
18022ea90	FUN_18022ea90	Global	0xd5	false	false
18022eb70	`scalar_deleting_destructor'	MRECmpImpl	0x38	false	false
18022ebb0	FUN_18022ebb0	Global	0x168	false	false
18022ed20	FUN_18022ed20	Global	0x158	false	false
18022ee80	FUN_18022ee80	Global	0x28d	false	false
18022f110	FUN_18022f110	Global	0x20e	false	false
18022f320	FUN_18022f320	Global	0x2a7	false	false
18022f5d0	FUN_18022f5d0	Global	0x8c	false	false
18022f660	FUN_18022f660	Global	0x337	false	false
18022f9a0	FUN_18022f9a0	Global	0x1da	false	false
18022fb80	FUN_18022fb80	Global	0x177	false	false
18022fd00	FUN_18022fd00	Global	0x52	false	false
18022fd60	FUN_18022fd60	Global	0xbd	false	false
18022fe20	FUN_18022fe20	Global	0x96	false	false
18022fec0	FUN_18022fec0	Global	0xd4	false	false
18022ffa0	FUN_18022ffa0	Global	0x83	false	false
180230030	FUN_180230030	Global	0x1f4	false	false
180230230	FUN_180230230	Global	0x11b	false	false
180230350	FUN_180230350	Global	0x32a	false	false
180230680	FUN_180230680	Global	0xcf	false	false
180230750	FUN_180230750	Global	0x3b	false	false
180230790	FUN_180230790	Global	0xcd	false	false
180230860	FUN_180230860	Global	0x173	false	false
1802309e0	FUN_1802309e0	Global	0x28a	false	false
180230c70	FUN_180230c70	Global	0x19a	false	false
180230e10	FUN_180230e10	Global	0xfdd	false	false
180231df0	FUN_180231df0	Global	0xbb	false	false
180231eb0	FUN_180231eb0	Global	0x5a4	false	false
180232460	FUN_180232460	Global	0x294	false	false
180232700	FUN_180232700	Global	0x565	false	false
180232c70	FUN_180232c70	Global	0x4ea	false	false
180233160	FUN_180233160	Global	0x10f	false	false
180233270	FUN_180233270	Global	0xad	false	false
180233320	FUN_180233320	Global	0x2ad	false	false
1802335d0	FUN_1802335d0	Global	0x5c	false	false
180233630	FUN_180233630	Global	0xc2	false	false
180233700	FUN_180233700	Global	0xc6	false	false
1802337d0	FUN_1802337d0	Global	0x23	false	false
180233850	FUN_180233850	Global	0x52	false	false
1802338b0	FUN_1802338b0	Global	0x4e	false	false
180233900	FUN_180233900	Global	0x15	false	false
180233920	FUN_180233920	Global	0x68	false	false
180233990	FUN_180233990	Global	0x98	false	false
180233a30	FUN_180233a30	Global	0x10c	false	false
180233b40	FUN_180233b40	Global	0x153	false	false
180233ca0	FUN_180233ca0	Global	0x10b	false	false
180233db0	FUN_180233db0	Global	0x172e	false	false
180235560	FUN_180235560	Global	0x4ab	false	false
180235a10	FUN_180235a10	Global	0x19	false	false
180235a30	FUN_180235a30	Global	0xa	false	false
180235a40	FUN_180235a40	Global	0x2d6	false	false
180235d20	FUN_180235d20	Global	0x5c9	false	false
1802362f0	FUN_1802362f0	Global	0x4f6	false	false
1802367f0	FUN_1802367f0	Global	0x109	false	false
180236900	FUN_180236900	Global	0xc4	false	false
1802369d0	FUN_1802369d0	Global	0xe5	false	false
180236ac0	FUN_180236ac0	Global	0x1bc	false	false
180236c80	FUN_180236c80	Global	0x234	false	false
180236ec0	FUN_180236ec0	Global	0x1f4	false	false
1802370c0	FUN_1802370c0	Global	0x67	false	false
180237130	FUN_180237130	Global	0x18f	false	false
1802372c0	FUN_1802372c0	Global	0x306	false	false
1802375d0	FUN_1802375d0	Global	0x2d0	false	false
1802378a0	FUN_1802378a0	Global	0x12b	false	false
1802379d0	FUN_1802379d0	Global	0x71	false	false
180237a50	FUN_180237a50	Global	0x46	false	false
180237aa0	FUN_180237aa0	Global	0x93	false	false
180237b40	FUN_180237b40	Global	0x2b	false	false
180237b90	FUN_180237b90	Global	0x3a7	false	false
180237f40	FUN_180237f40	Global	0x24e	false	false
1802381a0	FUN_1802381a0	Global	0x69	false	false
180238210	FUN_180238210	Global	0xdc	false	false
1802382f0	FUN_1802382f0	Global	0xf2	false	false
1802383f0	FUN_1802383f0	Global	0x136	false	false
180238530	FUN_180238530	Global	0x12a	false	false
180238660	FUN_180238660	Global	0x16a	false	false
1802387d0	FUN_1802387d0	Global	0x19b	false	false
180238970	FUN_180238970	Global	0x13d	false	false
180238ab0	FUN_180238ab0	Global	0xe2	false	false
180238ba0	FUN_180238ba0	Global	0x183	false	false
180238d23	cef_string_utf16_clear	LIBCEF.DLL	0x6	true	false
180238d30	FUN_180238d30	Global	0x18d	false	false
180238ec0	FUN_180238ec0	Global	0x25	false	false
180238ef0	FUN_180238ef0	Global	0x2b	false	false
180238f20	FUN_180238f20	Global	0x25	false	false
180238f50	FUN_180238f50	Global	0x6b	false	false
180238fc0	FUN_180238fc0	Global	0x1c	false	false
180238fe0	FUN_180238fe0	Global	0x77	false	false
180239060	FUN_180239060	Global	0x8b	false	false
1802390f0	FUN_1802390f0	Global	0x27	false	false
180239120	FUN_180239120	Global	0x9d	false	false
1802391c0	FUN_1802391c0	Global	0x94	false	false
180239260	FUN_180239260	Global	0x9d	false	false
180239300	FUN_180239300	Global	0x92	false	false
1802393a0	FUN_1802393a0	Global	0x8f	false	false
180239430	FUN_180239430	Global	0x9d	false	false
1802394d0	FUN_1802394d0	Global	0x72	false	false
180239550	FUN_180239550	Global	0x180	false	false
1802396d0	FUN_1802396d0	Global	0x8c	false	false
180239760	FUN_180239760	Global	0x9d	false	false
180239800	FUN_180239800	Global	0x5c	false	false
180239860	FUN_180239860	Global	0x72	false	false
1802398e0	FUN_1802398e0	Global	0x72	false	false
180239960	FUN_180239960	Global	0x109	false	false
180239a70	FUN_180239a70	Global	0x77	false	false
180239af0	FUN_180239af0	Global	0x77	false	false
180239b70	FUN_180239b70	Global	0x109	false	false
180239c80	FUN_180239c80	Global	0x77	false	false
180239d00	FUN_180239d00	Global	0xd0	false	false
180239dd0	FUN_180239dd0	Global	0x91	false	false
180239e70	FUN_180239e70	Global	0x10d	false	false
180239f80	FUN_180239f80	Global	0x93	false	false
18023a020	FUN_18023a020	Global	0x10d	false	false
18023a130	FUN_18023a130	Global	0x99	false	false
18023a1d0	FUN_18023a1d0	Global	0x92	false	false
18023a270	FUN_18023a270	Global	0x10d	false	false
18023a380	FUN_18023a380	Global	0x94	false	false
18023a420	FUN_18023a420	Global	0x91	false	false
18023a4c0	FUN_18023a4c0	Global	0x92	false	false
18023a560	FUN_18023a560	Global	0x10d	false	false
18023a670	FUN_18023a670	Global	0x64	false	false
18023a6e0	FUN_18023a6e0	Global	0x72	false	false
18023a760	FUN_18023a760	Global	0xea	false	false
18023a850	FUN_18023a850	Global	0xea	false	false
18023a940	FUN_18023a940	Global	0x111	false	false
18023aa60	FUN_18023aa60	Global	0xea	false	false
18023ab50	FUN_18023ab50	Global	0x1a0	false	false
18023acf0	FUN_18023acf0	Global	0x1a3	false	false
18023aea0	FUN_18023aea0	Global	0x1a6	false	false
18023b050	FUN_18023b050	Global	0x1a3	false	false
18023b200	FUN_18023b200	Global	0xe9	false	false
18023b2f0	FUN_18023b2f0	Global	0x55	false	false
18023b350	FUN_18023b350	Global	0xfd	false	false
18023b450	FUN_18023b450	Global	0x102	false	false
18023b570	FUN_18023b570	Global	0xef	false	false
18023b660	FUN_18023b660	Global	0x82	false	false
18023b6f0	FUN_18023b6f0	Global	0x6b	false	false
18023b760	FUN_18023b760	Global	0x2d	false	false
18023b790	FUN_18023b790	Global	0x58	false	false
18023b7f0	FUN_18023b7f0	Global	0x65	false	false
18023b860	FUN_18023b860	Global	0x33	false	false
18023b8a0	FUN_18023b8a0	Global	0x33	false	false
18023b8e0	FUN_18023b8e0	Global	0x2d	false	false
18023b910	FUN_18023b910	Global	0x2d	false	false
18023b940	FUN_18023b940	Global	0xe1	false	false
18023ba30	FUN_18023ba30	Global	0x38	false	false
18023ba70	FUN_18023ba70	Global	0xe1	false	false
18023bb60	FUN_18023bb60	Global	0x38	false	false
18023bba0	FUN_18023bba0	Global	0xa1	false	false
18023bc50	FUN_18023bc50	Global	0x8e	false	false
18023bce0	FUN_18023bce0	Global	0x82	false	false
18023bd70	FUN_18023bd70	Global	0x6b	false	false
18023bde0	FUN_18023bde0	Global	0x1c	false	false
18023be00	FUN_18023be00	Global	0x77	false	false
18023be80	FUN_18023be80	Global	0x9a	false	false
18023bf20	FUN_18023bf20	Global	0xad	false	false
18023bfd0	FUN_18023bfd0	Global	0xa2	false	false
18023c080	FUN_18023c080	Global	0xad	false	false
18023c130	FUN_18023c130	Global	0x9e	false	false
18023c1d0	FUN_18023c1d0	Global	0x9d	false	false
18023c270	FUN_18023c270	Global	0x144	false	false
18023c3c0	FUN_18023c3c0	Global	0xad	false	false
18023c470	FUN_18023c470	Global	0x72	false	false
18023c4f0	FUN_18023c4f0	Global	0x195	false	false
18023c690	FUN_18023c690	Global	0x9d	false	false
18023c730	FUN_18023c730	Global	0xad	false	false
18023c7e0	FUN_18023c7e0	Global	0x72	false	false
18023c860	FUN_18023c860	Global	0x9f	false	false
18023c900	FUN_18023c900	Global	0x72	false	false
18023c980	FUN_18023c980	Global	0x109	false	false
18023ca90	FUN_18023ca90	Global	0x77	false	false
18023cb10	FUN_18023cb10	Global	0x77	false	false
18023cb90	FUN_18023cb90	Global	0x109	false	false
18023cca0	FUN_18023cca0	Global	0x77	false	false
18023cd20	FUN_18023cd20	Global	0xd0	false	false
18023cdf0	FUN_18023cdf0	Global	0x9f	false	false
18023ce90	FUN_18023ce90	Global	0x11e	false	false
18023cfb0	FUN_18023cfb0	Global	0xa3	false	false
18023d060	FUN_18023d060	Global	0x11e	false	false
18023d180	FUN_18023d180	Global	0xa9	false	false
18023d230	FUN_18023d230	Global	0xa2	false	false
18023d2e0	FUN_18023d2e0	Global	0x11e	false	false
18023d400	FUN_18023d400	Global	0xa2	false	false
18023d4b0	FUN_18023d4b0	Global	0xa2	false	false
18023d560	FUN_18023d560	Global	0x11e	false	false
18023d680	FUN_18023d680	Global	0x64	false	false
18023d6f0	FUN_18023d6f0	Global	0x72	false	false
18023d770	FUN_18023d770	Global	0x8e	false	false
18023d800	FUN_18023d800	Global	0x82	false	false
18023d890	FUN_18023d890	Global	0x6b	false	false
18023d900	FUN_18023d900	Global	0x1c	false	false
18023d920	FUN_18023d920	Global	0x8b	false	false
18023d9b0	FUN_18023d9b0	Global	0x8e	false	false
18023da40	FUN_18023da40	Global	0x77	false	false
18023dac0	FUN_18023dac0	Global	0x8e	false	false
18023db50	FUN_18023db50	Global	0x75	false	false
18023dbd0	FUN_18023dbd0	Global	0x72	false	false
18023dc50	FUN_18023dc50	Global	0x8e	false	false
18023dce0	FUN_18023dce0	Global	0x177	false	false
18023de60	FUN_18023de60	Global	0x72	false	false
18023dee0	FUN_18023dee0	Global	0x72	false	false
18023df60	FUN_18023df60	Global	0x72	false	false
18023dfe0	FUN_18023dfe0	Global	0x109	false	false
18023e0f0	FUN_18023e0f0	Global	0x77	false	false
18023e170	FUN_18023e170	Global	0x77	false	false
18023e1f0	FUN_18023e1f0	Global	0x109	false	false
18023e300	FUN_18023e300	Global	0x77	false	false
18023e380	FUN_18023e380	Global	0xd0	false	false
18023e450	FUN_18023e450	Global	0x10c	false	false
18023e560	FUN_18023e560	Global	0x93	false	false
18023e600	FUN_18023e600	Global	0x10c	false	false
18023e710	FUN_18023e710	Global	0x98	false	false
18023e7b0	FUN_18023e7b0	Global	0x92	false	false
18023e850	FUN_18023e850	Global	0x10c	false	false
18023e960	FUN_18023e960	Global	0x7a	false	false
18023e9e0	FUN_18023e9e0	Global	0x94	false	false
18023ea80	FUN_18023ea80	Global	0x64	false	false
18023eaf0	FUN_18023eaf0	Global	0x72	false	false
18023eb70	FUN_18023eb70	Global	0x8e	false	false
18023ec00	FUN_18023ec00	Global	0x60	false	false
18023ec60	FUN_18023ec60	Global	0x1e5	false	false
18023ee50	FUN_18023ee50	Global	0x60	false	false
18023eeb0	FUN_18023eeb0	Global	0x84	false	false
18023ef40	FUN_18023ef40	Global	0x60	false	false
18023efa0	FUN_18023efa0	Global	0x11	false	false
18023efc0	FUN_18023efc0	Global	0x5e	false	false
18023f020	FUN_18023f020	Global	0x143	false	false
18023f190	FUN_18023f190	Global	0x17	false	false
18023f1b0	FUN_18023f1b0	Global	0x8	false	false
18023f1b8	_Xbad_alloc	MSVCP140.DLL::std	0x6	true	false
18023f1be	_Xlength_error	MSVCP140.DLL::std	0x6	true	false
18023f1ca	_Lock	MSVCP140.DLL::std::basic_streambuf<char,std::char_traits<char>_>	0x6	true	false
18023f1d0	_Unlock	MSVCP140.DLL::std::basic_streambuf<char,std::char_traits<char>_>	0x6	true	false
18023f1d6	showmanyc	MSVCP140.DLL::std::basic_streambuf<char,std::char_traits<char>_>	0x6	true	false
18023f1dc	uflow	MSVCP140.DLL::std::basic_streambuf<char,std::char_traits<char>_>	0x6	true	false
18023f1e2	xsgetn	MSVCP140.DLL::std::basic_streambuf<char,std::char_traits<char>_>	0x6	true	false
18023f1e8	xsputn	MSVCP140.DLL::std::basic_streambuf<char,std::char_traits<char>_>	0x6	true	false
18023f1ee	setbuf	MSVCP140.DLL::std::basic_streambuf<char,std::char_traits<char>_>	0x6	true	false
18023f1f4	sync	MSVCP140.DLL::std::basic_streambuf<char,std::char_traits<char>_>	0x6	true	false
18023f1fa	imbue	MSVCP140.DLL::std::basic_streambuf<char,std::char_traits<char>_>	0x6	true	false
18023f200	FUN_18023f200	Global	0x1f	false	false
18023f220	FUN_18023f220	Global	0x27	false	false
18023f248	__std_fs_convert_narrow_to_wide	Global	0x45	false	false
18023f290	__std_fs_convert_wide_to_narrow	Global	0x121	false	false
18023f3b4	FUN_18023f3b4	Global	0xcb	false	false
18023f480	__std_fs_get_final_path_name_by_handle	Global	0x2d	false	false
18023f4b0	__std_fs_open_handle	Global	0x57	false	false
18023f508	FUN_18023f508	Global	0x96	false	false
18023f5a0	LocalFree	KERNEL32.DLL	0x7	true	false
18023f5b0	FUN_18023f5b0	Global	0x199	false	false
18023f750	FUN_18023f750	Global	0x102	false	false
18023f860	thunk_FUN_18023f5b0	Global	0x5	true	false
18023f870	thunk_FUN_18023f750	Global	0x5	true	false
18023f87c	FUN_18023f87c	Global	0x3c	false	false
18023f8bf	_Decref	MSVCP140.DLL::std::locale::facet	0x6	true	false
18023f8c5	_Incref	MSVCP140.DLL::std::locale::facet	0x6	true	false
18023f8e0	__security_check_cookie	Global	0x1e	false	false
18023f900	FUN_18023f900	Global	0x3a	false	false
18023f93c	__scrt_acquire_startup_lock	Global	0x39	false	false
18023f978	__scrt_dllmain_after_initialize_c	Global	0x34	false	false
18023f9ac	FUN_18023f9ac	Global	0x15	false	false
18023f9c4	FUN_18023f9c4	Global	0x28	false	false
18023f9ec	FUN_18023f9ec	Global	0x15	false	false
18023fa04	__scrt_dllmain_exception_filter	Global	0x60	false	false
18023fa64	__scrt_dllmain_uninitialize_c	Global	0x30	false	false
18023fa94	FUN_18023fa94	Global	0x14	false	false
18023faa8	FUN_18023faa8	Global	0x3a	false	false
18023fae4	FUN_18023fae4	Global	0x8a	false	false
18023fb70	FUN_18023fb70	Global	0x96	false	false
18023fc08	__scrt_release_startup_lock	Global	0x24	false	false
18023fc2c	__scrt_uninitialize_crt	Global	0x29	false	false
18023fc58	_onexit	Global	0x3a	false	false
18023fc94	atexit	Global	0x17	false	false
18023fcb4	FUN_18023fcb4	Global	0x5	false	false
18023fcbc	FUN_18023fcbc	Global	0x2b	false	false
18023fce8	FUN_18023fce8	Global	0x39	false	false
18023fd24	_Init_thread_footer	Global	0x69	false	false
18023fd90	FUN_18023fd90	Global	0x78	false	false
18023fe08	`eh_vector_destructor_iterator'	Global	0x6b	false	false
18023fe74	__ArrayUnwind	Global	0x61	false	false
18023fed8	FUN_18023fed8	Global	0x50	false	false
18023ff28	FUN_18023ff28	Global	0x114	false	false
180240040	FUN_180240040	Global	0x7d	false	false
1802400c0	FUN_1802400c0	Global	0x122	false	false
1802401e8	entry	Global	0x3d	false	false
180240228	FID_conflict:__GSHandlerCheck_EH	Global	0x7f	false	false
1802402a8	__raise_securityfailure	Global	0x34	false	false
1802402dc	FUN_1802402dc	Global	0xd3	false	false
1802403b0	FUN_1802403b0	Global	0x14	false	false
1802403c4	FUN_1802403c4	Global	0x9d	false	false
180240464	capture_current_context	Global	0x6d	false	false
1802404d4	capture_previous_context	Global	0x71	false	false
180240548	__GSHandlerCheck	Global	0x1d	false	false
180240568	__GSHandlerCheckCommon	Global	0x5b	false	false
1802405c4	FUN_1802405c4	Global	0x2ca	false	false
180240890	thunk_FUN_18023f900	Global	0x5	true	false
180240898	FUN_180240898	Global	0x1e	false	false
1802408b8	FUN_1802408b8	Global	0x1f	false	false
1802408d8	__scrt_is_ucrt_dll_in_use	Global	0xc	false	false
1802408e4	FUN_1802408e4	Global	0x8	false	false
1802408ec	FUN_1802408ec	Global	0x148	false	false
180240a34	__security_init_cookie	Global	0xac	false	false
180240ae0	FUN_180240ae0	Global	0x23	false	false
180240b04	FUN_180240b04	Global	0xe	false	false
180240b14	FUN_180240b14	Global	0xc	false	false
180240b20	FUN_180240b20	Global	0x1b	false	false
180240b3c	FUN_180240b3c	Global	0x8	false	false
180240b44	FUN_180240b44	Global	0x3c	false	false
180240b80	FUN_180240b80	Global	0x3c	false	false
180240bc0	__CxxFrameHandler4	VCRUNTIME140_1.DLL	0x6	true	false
180240bcc	_purecall	VCRUNTIME140.DLL	0x6	true	false
180240bd2	memcpy	VCRUNTIME140.DLL	0x6	true	false
180240bd8	memmove	VCRUNTIME140.DLL	0x6	true	false
180240bde	memchr	VCRUNTIME140.DLL	0x6	true	false
180240be4	memset	VCRUNTIME140.DLL	0x6	true	false
180240bea	memcmp	VCRUNTIME140.DLL	0x6	true	false
180240bf6	__current_exception	VCRUNTIME140.DLL	0x6	true	false
180240bfc	__current_exception_context	VCRUNTIME140.DLL	0x6	true	false
180240c02	_CxxThrowException	VCRUNTIME140.DLL	0x6	true	false
180240c08	__std_type_info_destroy_list	VCRUNTIME140.DLL	0x6	true	false
180240c0e	free	API-MS-WIN-CRT-HEAP-L1-1-0.DLL	0x6	true	false
180240c14	malloc	API-MS-WIN-CRT-HEAP-L1-1-0.DLL	0x6	true	false
180240c1a	sqrtf	API-MS-WIN-CRT-MATH-L1-1-0.DLL	0x6	true	false
180240c20	ceilf	API-MS-WIN-CRT-MATH-L1-1-0.DLL	0x6	true	false
180240c26	log	API-MS-WIN-CRT-MATH-L1-1-0.DLL	0x6	true	false
180240c2c	pow	API-MS-WIN-CRT-MATH-L1-1-0.DLL	0x6	true	false
180240c32	_callnewh	API-MS-WIN-CRT-HEAP-L1-1-0.DLL	0x6	true	false
180240c38	_seh_filter_dll	API-MS-WIN-CRT-RUNTIME-L1-1-0.DLL	0x6	true	false
180240c3e	_configure_narrow_argv	API-MS-WIN-CRT-RUNTIME-L1-1-0.DLL	0x6	true	false
180240c44	_initialize_narrow_environment	API-MS-WIN-CRT-RUNTIME-L1-1-0.DLL	0x6	true	false
180240c4a	_initialize_onexit_table	API-MS-WIN-CRT-RUNTIME-L1-1-0.DLL	0x6	true	false
180240c50	_register_onexit_function	API-MS-WIN-CRT-RUNTIME-L1-1-0.DLL	0x6	true	false
180240c56	_execute_onexit_table	API-MS-WIN-CRT-RUNTIME-L1-1-0.DLL	0x6	true	false
180240c5c	_crt_atexit	API-MS-WIN-CRT-RUNTIME-L1-1-0.DLL	0x6	true	false
180240c62	_cexit	API-MS-WIN-CRT-RUNTIME-L1-1-0.DLL	0x6	true	false
180240c68	terminate	API-MS-WIN-CRT-RUNTIME-L1-1-0.DLL	0x6	true	false
180240c6e	_initterm	API-MS-WIN-CRT-RUNTIME-L1-1-0.DLL	0x6	true	false
180240c74	_initterm_e	API-MS-WIN-CRT-RUNTIME-L1-1-0.DLL	0x6	true	false
180240c7a	cef_string_utf16_set	LIBCEF.DLL	0x6	true	false
180240c80	cef_string_userfree_utf16_free	LIBCEF.DLL	0x6	true	false
180240c86	cef_list_value_create	LIBCEF.DLL	0x6	true	false
180240c8c	cef_get_min_log_level	LIBCEF.DLL	0x6	true	false
180240c92	cef_log	LIBCEF.DLL	0x6	true	false
180240c98	cef_string_list_alloc	LIBCEF.DLL	0x6	true	false
180240c9e	cef_string_list_free	LIBCEF.DLL	0x6	true	false
180240ca4	cef_string_list_size	LIBCEF.DLL	0x6	true	false
180240caa	cef_string_list_value	LIBCEF.DLL	0x6	true	false
180240cb0	cef_string_list_append	LIBCEF.DLL	0x6	true	false
180240cb8	FUN_180240cb8	Global	0x3	false	false
180240cd0	__chkstk	Global	0x4e	false	false
180240d1e	__RTDynamicCast	VCRUNTIME140.DLL	0x6	true	false
180240d24	__intrinsic_setjmp	VCRUNTIME140.DLL	0x6	true	false
180240d2a	acos	API-MS-WIN-CRT-MATH-L1-1-0.DLL	0x6	true	false
180240d30	asin	API-MS-WIN-CRT-MATH-L1-1-0.DLL	0x6	true	false
180240d36	atan2	API-MS-WIN-CRT-MATH-L1-1-0.DLL	0x6	true	false
180240d3c	ceil	API-MS-WIN-CRT-MATH-L1-1-0.DLL	0x6	true	false
180240d42	cos	API-MS-WIN-CRT-MATH-L1-1-0.DLL	0x6	true	false
180240d48	exp	API-MS-WIN-CRT-MATH-L1-1-0.DLL	0x6	true	false
180240d4e	floor	API-MS-WIN-CRT-MATH-L1-1-0.DLL	0x6	true	false
180240d54	fmaf	API-MS-WIN-CRT-MATH-L1-1-0.DLL	0x6	true	false
180240d5a	fmod	API-MS-WIN-CRT-MATH-L1-1-0.DLL	0x6	true	false
180240d60	log10	API-MS-WIN-CRT-MATH-L1-1-0.DLL	0x6	true	false
180240d66	sin	API-MS-WIN-CRT-MATH-L1-1-0.DLL	0x6	true	false
180240d6c	sqrt	API-MS-WIN-CRT-MATH-L1-1-0.DLL	0x6	true	false
180240d72	tan	API-MS-WIN-CRT-MATH-L1-1-0.DLL	0x6	true	false
180240d90	_guard_dispatch_icall	Global	0x2	false	false
180240db0	_guard_dispatch_icall	Global	0x6	true	false
180240e30	FUN_180240e30	Global	0x2e	false	false
180240e90	FUN_180240e90	Global	0x2e	false	false
1802410a0	FUN_1802410a0	Global	0x2e	false	false
1802410e0	FUN_1802410e0	Global	0x26	false	false
180241120	FUN_180241120	Global	0x26	false	false
180241150	FUN_180241150	Global	0x26	false	false
1802411f0	FUN_1802411f0	Global	0x26	false	false
1802412d0	FUN_1802412d0	Global	0x26	false	false
18024136c	FUN_18024136c	Global	0x1d	false	false
180241390	FUN_180241390	Global	0x26	false	false
180241430	FUN_180241430	Global	0x2e	false	false
180241544	FUN_180241544	Global	0x29	false	false
180241591	FUN_180241591	Global	0x2d	false	false
180241606	FUN_180241606	Global	0x2a	false	false
1802416cc	FUN_1802416cc	Global	0x2d	false	false
180241711	FUN_180241711	Global	0x29	false	false
18024175e	FUN_18024175e	Global	0x2d	false	false
1802417df	FUN_1802417df	Global	0x2d	false	false
180241848	FUN_180241848	Global	0x31	false	false
1802418c9	FUN_1802418c9	Global	0x2d	false	false
18024190e	FUN_18024190e	Global	0x29	false	false
180241967	FUN_180241967	Global	0x2d	false	false
1802419c0	FUN_1802419c0	Global	0x29	false	false
180241a0d	FUN_180241a0d	Global	0x2d	false	false
180241a76	FUN_180241a76	Global	0x2d	false	false
180241ad3	FUN_180241ad3	Global	0x31	false	false
180241b54	FUN_180241b54	Global	0x2d	false	false
180241bc9	FUN_180241bc9	Global	0x2d	false	false
180241c40	FUN_180241c40	Global	0x29	false	false
180241c99	FUN_180241c99	Global	0x36	false	false
180241d1f	FUN_180241d1f	Global	0x2d	false	false
180241d88	FUN_180241d88	Global	0x2d	false	false
180241de8	FUN_180241de8	Global	0x31	false	false
180241e45	FUN_180241e45	Global	0x29	false	false
180241e92	FUN_180241e92	Global	0x2d	false	false
180241f07	FUN_180241f07	Global	0x2d	false	false
180241f84	FUN_180241f84	Global	0x2d	false	false
180241fed	FUN_180241fed	Global	0x2d	false	false
180242056	FUN_180242056	Global	0x2d	false	false
18024209b	FUN_18024209b	Global	0x2d	false	false
180242104	FUN_180242104	Global	0x2d	false	false
1802421ec	FUN_1802421ec	Global	0x2d	false	false
180242285	FUN_180242285	Global	0x2d	false	false
1802422fa	FUN_1802422fa	Global	0x2d	false	false
18024239f	FUN_18024239f	Global	0x29	false	false
1802423ec	FUN_1802423ec	Global	0x2d	false	false
180242461	FUN_180242461	Global	0x2d	false	false
180242508	FUN_180242508	Global	0x2d	false	false
1802425c5	FUN_1802425c5	Global	0x2d	false	false
18024266a	FUN_18024266a	Global	0x29	false	false
1802426b7	FUN_1802426b7	Global	0x2d	false	false
18024272c	FUN_18024272c	Global	0x2d	false	false
1802427d8	FUN_1802427d8	Global	0x2d	false	false
180242865	FUN_180242865	Global	0x2d	false	false
180242916	FUN_180242916	Global	0x2d	false	false
1802429bb	FUN_1802429bb	Global	0x29	false	false
180242a08	FUN_180242a08	Global	0x2d	false	false
180242a7d	FUN_180242a7d	Global	0x2d	false	false
180242b28	FUN_180242b28	Global	0x2d	false	false
180242bb5	FUN_180242bb5	Global	0x2d	false	false
180242c7e	FUN_180242c7e	Global	0x29	false	false
180242ccb	FUN_180242ccb	Global	0x2d	false	false
180242d40	FUN_180242d40	Global	0x2d	false	false
180242d90	FUN_180242d90	Global	0x29	false	false
180242ddd	FUN_180242ddd	Global	0x2d	false	false
180242e84	FUN_180242e84	Global	0x2d	false	false
180242f05	FUN_180242f05	Global	0x2d	false	false
180242f86	FUN_180242f86	Global	0x2d	false	false
180243067	FUN_180243067	Global	0x2d	false	false
1802430d0	FUN_1802430d0	Global	0x29	false	false
18024311d	FUN_18024311d	Global	0x2d	false	false
1802431c4	FUN_1802431c4	Global	0x2d	false	false
180243245	FUN_180243245	Global	0x2d	false	false
1802432c6	FUN_1802432c6	Global	0x2d	false	false
1802433a7	FUN_1802433a7	Global	0x2d	false	false
180243470	FUN_180243470	Global	0x2d	false	false
1802434d9	FUN_1802434d9	Global	0x29	false	false
180243526	FUN_180243526	Global	0x2d	false	false
1802435c4	FUN_1802435c4	Global	0x2d	false	false
180243639	FUN_180243639	Global	0x2d	false	false
1802436ba	FUN_1802436ba	Global	0x2d	false	false
18024373b	FUN_18024373b	Global	0x29	false	false
180243788	FUN_180243788	Global	0x2d	false	false
180243824	FUN_180243824	Global	0x2d	false	false
1802438c9	FUN_1802438c9	Global	0x2d	false	false
18024393e	FUN_18024393e	Global	0x2d	false	false
1802439bf	FUN_1802439bf	Global	0x29	false	false
180243a0c	FUN_180243a0c	Global	0x2d	false	false
180243a78	FUN_180243a78	Global	0x29	false	false
180243b1d	FUN_180243b1d	Global	0x2d	false	false
180243bec	FUN_180243bec	Global	0x2d	false	false
180243c61	FUN_180243c61	Global	0x2d	false	false
180243cbe	FUN_180243cbe	Global	0x29	false	false
180243d3b	FUN_180243d3b	Global	0x2a	false	false
180243d89	FUN_180243d89	Global	0x2d	false	false
180243dec	FUN_180243dec	Global	0x29	false	false
180243e21	FUN_180243e21	Global	0x2d	false	false
180243e72	FUN_180243e72	Global	0x2d	false	false
180243ec3	FUN_180243ec3	Global	0x2d	false	false
180243f08	FUN_180243f08	Global	0x2d	false	false
180243f59	FUN_180243f59	Global	0x2d	false	false
180243f9e	FUN_180243f9e	Global	0x2d	false	false
180243fef	FUN_180243fef	Global	0x2d	false	false
180244034	FUN_180244034	Global	0x2d	false	false
180244085	FUN_180244085	Global	0x2d	false	false
1802440d6	FUN_1802440d6	Global	0x2d	false	false
180244133	FUN_180244133	Global	0x2d	false	false
180244184	FUN_180244184	Global	0x2d	false	false
1802441d5	FUN_1802441d5	Global	0x2d	false	false
18024421a	FUN_18024421a	Global	0x2d	false	false
18024426b	FUN_18024426b	Global	0x2d	false	false
1802442b0	FUN_1802442b0	Global	0x2d	false	false
180244301	FUN_180244301	Global	0x2d	false	false
180244346	FUN_180244346	Global	0x2d	false	false
180244397	FUN_180244397	Global	0x2d	false	false
1802443dc	FUN_1802443dc	Global	0x2d	false	false
18024442d	FUN_18024442d	Global	0x2d	false	false
180244472	FUN_180244472	Global	0x2d	false	false
1802444db	FUN_1802444db	Global	0x2d	false	false
180244574	FUN_180244574	Global	0x2d	false	false
1802445f5	FUN_1802445f5	Global	0x2d	false	false
180244676	FUN_180244676	Global	0x2d	false	false
1802446f7	FUN_1802446f7	Global	0x2d	false	false
180244784	FUN_180244784	Global	0x29	false	false
1802447d1	FUN_1802447d1	Global	0x2d	false	false
180244910	FUN_180244910	Global	0x26	false	false
180244f4c	FUN_180244f4c	Global	0x2a	false	false
1802518e4	FUN_1802518e4	Global	0x2e	false	false
18025191e	FUN_18025191e	Global	0x36	false	false
180251a02	FUN_180251a02	Global	0x43	false	false
180251cc0	FUN_180251cc0	Global	0x1d	false	false
180251cdd	FUN_180251cdd	Global	0x1d	false	false
180251d40	FUN_180251d40	Global	0x2e	false	false
180251d80	FUN_180251d80	Global	0x26	false	false
180251ed0	FUN_180251ed0	Global	0x26	false	false
180251f18	FUN_180251f18	Global	0x3a	false	false
180251f78	FUN_180251f78	Global	0x3a	false	false
180251fd0	FUN_180251fd0	Global	0x2e	false	false
180252054	FUN_180252054	Global	0x2d	false	false
1802520c9	FUN_1802520c9	Global	0x2d	false	false
180252360	FUN_180252360	Global	0x2d	false	false
180252c40	FUN_180252c40	Global	0x2e	false	false
180252d38	FUN_180252d38	Global	0x1d	false	false
180252d60	FUN_180252d60	Global	0x20	false	false
180252d80	FUN_180252d80	Global	0x2c	false	false
180252dac	FUN_180252dac	Global	0x30	false	false
180252f14	FUN_180252f14	Global	0x2d	false	false
180252fd5	FUN_180252fd5	Global	0x2d	false	false
18025304a	FUN_18025304a	Global	0x2d	false	false
180253138	FUN_180253138	Global	0x2d	false	false
180253211	FUN_180253211	Global	0x2d	false	false
1802532ba	FUN_1802532ba	Global	0x2d	false	false
18025332f	FUN_18025332f	Global	0x2d	false	false
1802533a4	FUN_1802533a4	Global	0x2d	false	false
180253419	FUN_180253419	Global	0x2d	false	false
18025359c	FUN_18025359c	Global	0x36	false	false
1802535fc	FUN_1802535fc	Global	0x2d	false	false
1802536a8	FUN_1802536a8	Global	0x2d	false	false
18025374d	FUN_18025374d	Global	0x2d	false	false
1802537fe	FUN_1802537fe	Global	0x2d	false	false
1802538af	FUN_1802538af	Global	0x2d	false	false
1802539c0	FUN_1802539c0	Global	0x2d	false	false
180253a7d	FUN_180253a7d	Global	0x2d	false	false
180253b46	FUN_180253b46	Global	0x2d	false	false
180253bdf	FUN_180253bdf	Global	0x2d	false	false
180253ce0	FUN_180253ce0	Global	0x2d	false	false
180253d9d	FUN_180253d9d	Global	0x2d	false	false
180253e4e	FUN_180253e4e	Global	0x2d	false	false
180253f0b	FUN_180253f0b	Global	0x2d	false	false
180253fbc	FUN_180253fbc	Global	0x2d	false	false
1802540b0	FUN_1802540b0	Global	0x26	false	false
1802540ee	FUN_1802540ee	Global	0x52	false	false
180254150	FUN_180254150	Global	0x30	false	false
1802541a0	FUN_1802541a0	Global	0x30	false	false
18025422c	FUN_18025422c	Global	0x23	false	false
180254280	FUN_180254280	Global	0x23	false	false
1802542e0	FUN_1802542e0	Global	0x2d	false	false
180254340	FUN_180254340	Global	0x23	false	false
180254370	FUN_180254370	Global	0x23	false	false
180254488	FUN_180254488	Global	0x1d	false	false
1802544b0	FUN_1802544b0	Global	0x1d	false	false
1802544cd	FUN_1802544cd	Global	0x1d	false	false
1802545e8	FUN_1802545e8	Global	0x2d	false	false
180254651	FUN_180254651	Global	0x2d	false	false
1802546a2	FUN_1802546a2	Global	0x2d	false	false
18025470b	FUN_18025470b	Global	0x2d	false	false
18025478c	FUN_18025478c	Global	0x2d	false	false
1802547f0	FUN_1802547f0	Global	0x26	false	false
180254890	FUN_180254890	Global	0x23	false	false
18025494c	FUN_18025494c	Global	0x30	false	false
180254a00	FUN_180254a00	Global	0x29	false	false
180254a35	FUN_180254a35	Global	0x26	false	false
180254aa0	FUN_180254aa0	Global	0x1d	false	false
180254afc	FUN_180254afc	Global	0x1d	false	false
180254c90	FUN_180254c90	Global	0x1d	false	false
180254cec	FUN_180254cec	Global	0x36	false	false
180254dac	FUN_180254dac	Global	0x1d	false	false
180254e40	FUN_180254e40	Global	0x29	false	false
180254e90	FUN_180254e90	Global	0x20	false	false
180254eb0	FUN_180254eb0	Global	0x34	false	false
180254f50	dtor$1	`protected:_void___cdecl_CWinApp::UpdatePrinterSelection(int)___ptr64'::__l1	0x2c	false	false
180254f80	FUN_180254f80	Global	0x26	false	false
180254fb0	FUN_180254fb0	Global	0x20	false	false
180254fe0	FUN_180254fe0	Global	0x26	false	false
180255050	dtor$1	`protected:_void___cdecl_CWinApp::UpdatePrinterSelection(int)___ptr64'::__l1	0x2c	false	false
18025509c	FUN_18025509c	Global	0x17	false	false
1802550b4	FUN_1802550b4	Global	0x2b	false	false
1802550e0	FUN_1802550e0	Global	0x5d	false	false
18025513f	FUN_18025513f	Global	0x16	false	false
180255156	FUN_180255156	Global	0x18	false	false
18025516f	FUN_18025516f	Global	0x13	false	false
180255183	FUN_180255183	Global	0x35	false	false
1802551c0	FUN_1802551c0	Global	0x33	false	false
180255200	FUN_180255200	Global	0xc	false	false
180255270	FUN_180255270	Global	0x4e	false	false
1802552c0	FUN_1802552c0	Global	0xc	false	false
1802552d0	FUN_1802552d0	Global	0xc	false	false
1802552dc	FUN_1802552dc	Global	0x57	false	false
