name	address	entry_rva	body_size	is_thunk
"FUN_180001000"	180001000	0x1000	249	false
"FUN_180001120"	180001120	0x1120	88	false
"FUN_180001180"	180001180	0x1180	249	false
"FUN_1800012d0"	1800012d0	0x12d0	183	false
"FUN_180001390"	180001390	0x1390	183	false
"FUN_180001450"	180001450	0x1450	183	false
"FUN_180001520"	180001520	0x1520	534	false
"FUN_180001740"	180001740	0x1740	612	false
"FUN_1800019b0"	1800019b0	0x19b0	205	false
"FUN_180001a80"	180001a80	0x1a80	2128	false
"FUN_1800022d0"	1800022d0	0x22d0	1790	false
"FUN_1800029e0"	1800029e0	0x29e0	94	false
"FUN_180002a40"	180002a40	0x2a40	44	false
"FUN_180002a70"	180002a70	0x2a70	551	false
"FUN_180002ca0"	180002ca0	0x2ca0	673	false
"FUN_180002f50"	180002f50	0x2f50	7029	false
"FUN_180004ae0"	180004ae0	0x4ae0	449	false
"FUN_180004cb0"	180004cb0	0x4cb0	113	false
"FUN_180004d30"	180004d30	0x4d30	172	false
"FUN_180004de0"	180004de0	0x4de0	362	false
"FUN_180004f50"	180004f50	0x4f50	374	false
"FUN_1800050d0"	1800050d0	0x50d0	1860	false
"FUN_180005820"	180005820	0x5820	682	false
"FUN_180005ad0"	180005ad0	0x5ad0	1722	false
"FUN_1800061a0"	1800061a0	0x61a0	39	false
"FUN_1800061d0"	1800061d0	0x61d0	169	false
"FUN_180006280"	180006280	0x6280	86	false
"FUN_1800062e0"	1800062e0	0x62e0	1578	false
"FUN_180006910"	180006910	0x6910	97	false
"FUN_180006980"	180006980	0x6980	97	false
"FUN_1800069f0"	1800069f0	0x69f0	5152	false
"FUN_180007e60"	180007e60	0x7e60	432	false
"FUN_180008010"	180008010	0x8010	326	false
"FUN_180008160"	180008160	0x8160	321	false
"FUN_1800082b0"	1800082b0	0x82b0	75	false
"FUN_180008300"	180008300	0x8300	75	false
"FUN_180008350"	180008350	0x8350	75	false
"FUN_1800083a0"	1800083a0	0x83a0	39	false
"FUN_1800083d0"	1800083d0	0x83d0	235	false
"FUN_1800084c0"	1800084c0	0x84c0	264	false
"FUN_1800085d0"	1800085d0	0x85d0	280	false
"FUN_1800086f0"	1800086f0	0x86f0	59	false
"FUN_180008730"	180008730	0x8730	393	false
"FUN_1800088c0"	1800088c0	0x88c0	883	false
"FUN_180008c40"	180008c40	0x8c40	393	false
"FUN_180008dd0"	180008dd0	0x8dd0	603	false
"FUN_180009030"	180009030	0x9030	774	false
"FUN_180009340"	180009340	0x9340	1491	false
"FUN_180009920"	180009920	0x9920	1491	false
"FUN_180009f00"	180009f00	0x9f00	1491	false
"FUN_18000a4e0"	18000a4e0	0xa4e0	1491	false
"FUN_18000aac0"	18000aac0	0xaac0	1491	false
"FUN_18000b0a0"	18000b0a0	0xb0a0	1491	false
"FUN_18000b680"	18000b680	0xb680	1491	false
"FUN_18000bc60"	18000bc60	0xbc60	1491	false
"FUN_18000c240"	18000c240	0xc240	1491	false
"FUN_18000c820"	18000c820	0xc820	1491	false
"FUN_18000ce00"	18000ce00	0xce00	1491	false
"FUN_18000d3e0"	18000d3e0	0xd3e0	1491	false
"FUN_18000d9c0"	18000d9c0	0xd9c0	1337	false
"FUN_18000df00"	18000df00	0xdf00	1337	false
"FUN_18000e440"	18000e440	0xe440	1337	false
"FUN_18000e980"	18000e980	0xe980	18	false
"FUN_18000e9a0"	18000e9a0	0xe9a0	9	false
"FUN_18000e9b0"	18000e9b0	0xe9b0	50	false
"_guard_check_icall"	18000e9f0	0xe9f0	3	false
"FUN_18000ea00"	18000ea00	0xea00	92	false
"FUN_18000ea60"	18000ea60	0xea60	43	false
"FUN_18000ea90"	18000ea90	0xea90	43	false
"FUN_18000eac0"	18000eac0	0xeac0	43	false
"thunk_FUN_180050040"	18000eaf0	0xeaf0	5	true
"FUN_18000eb00"	18000eb00	0xeb00	192	false
"FUN_18000ebe0"	18000ebe0	0xebe0	101	false
"FID_conflict:~vector<CHN*___ptr64,std::allocator<CHN*___ptr64>_>"	18000ec60	0xec60	91	false
"FUN_18000ecc0"	18000ecc0	0xecc0	109	false
"FUN_18000ed30"	18000ed30	0xed30	173	false
"FUN_18000ede0"	18000ede0	0xede0	62	false
"FUN_18000ee20"	18000ee20	0xee20	928	false
"FUN_18000f1d0"	18000f1d0	0xf1d0	308	false
"FUN_18000f310"	18000f310	0xf310	671	false
"FUN_18000f5b0"	18000f5b0	0xf5b0	1022	false
"FUN_18000f9e0"	18000f9e0	0xf9e0	928	false
"FUN_18000fd90"	18000fd90	0xfd90	220	false
"FUN_18000fe70"	18000fe70	0xfe70	332	false
"FUN_18000ffc0"	18000ffc0	0xffc0	210	false
"FUN_1800100a0"	1800100a0	0x100a0	49	false
"FUN_180010100"	180010100	0x10100	15	false
"FUN_180010110"	180010110	0x10110	5	false
"FUN_180010120"	180010120	0x10120	8	false
"FUN_180010130"	180010130	0x10130	11	false
"FUN_180010140"	180010140	0x10140	22	false
"FUN_180010160"	180010160	0x10160	8	false
"FUN_180010170"	180010170	0x10170	102	false
"FUN_1800101e0"	1800101e0	0x101e0	14	false
"FUN_1800101f0"	1800101f0	0x101f0	8	false
"FUN_180010200"	180010200	0x10200	102	false
"FUN_180010270"	180010270	0x10270	14	false
"FUN_180010280"	180010280	0x10280	8	false
"thunk_FUN_180008160"	180010290	0x10290	5	true
"FUN_1800102a0"	1800102a0	0x102a0	14	false
"FUN_1800102b0"	1800102b0	0x102b0	8	false
"FUN_1800102c0"	1800102c0	0x102c0	99	false
"FUN_180010330"	180010330	0x10330	14	false
"FUN_180010340"	180010340	0x10340	11	false
"FUN_180010350"	180010350	0x10350	8	false
"FUN_180010360"	180010360	0x10360	164	false
"FUN_180010410"	180010410	0x10410	14	false
"FUN_180010420"	180010420	0x10420	8	false
"FUN_180010430"	180010430	0x10430	210	false
"FUN_180010510"	180010510	0x10510	14	false
"FUN_180010520"	180010520	0x10520	124	false
"FUN_1800105a0"	1800105a0	0x105a0	8	false
"FUN_1800105b0"	1800105b0	0x105b0	9	false
"FUN_1800105c0"	1800105c0	0x105c0	53	false
"FUN_180010600"	180010600	0x10600	124	false
"FUN_180010680"	180010680	0x10680	8	false
"FUN_180010690"	180010690	0x10690	9	false
"FUN_1800106a0"	1800106a0	0x106a0	61	false
"FUN_1800106e0"	1800106e0	0x106e0	8	false
"FUN_1800106f0"	1800106f0	0x106f0	10	false
"FUN_180010700"	180010700	0x10700	22	false
"FUN_180010720"	180010720	0x10720	8	false
"FUN_180010730"	180010730	0x10730	10	false
"FUN_180010740"	180010740	0x10740	22	false
"FUN_180010760"	180010760	0x10760	109	false
"FUN_1800107d0"	1800107d0	0x107d0	8	false
"FUN_1800107e0"	1800107e0	0x107e0	4	false
"FUN_1800107f0"	1800107f0	0x107f0	22	false
"FUN_180010810"	180010810	0x10810	8	false
"FUN_180010820"	180010820	0x10820	170	false
"FUN_1800108d0"	1800108d0	0x108d0	14	false
"FUN_1800108e0"	1800108e0	0x108e0	8	false
"FUN_1800108f0"	1800108f0	0x108f0	164	false
"FUN_1800109a0"	1800109a0	0x109a0	14	false
"FUN_1800109b0"	1800109b0	0x109b0	8	false
"FUN_1800109c0"	1800109c0	0x109c0	164	false
"FUN_180010a70"	180010a70	0x10a70	14	false
"FUN_180010a80"	180010a80	0x10a80	8	false
"FUN_180010a90"	180010a90	0x10a90	38	false
"FUN_180010ac0"	180010ac0	0x10ac0	22	false
"FUN_180010ae0"	180010ae0	0x10ae0	8	false
"FUN_180010af0"	180010af0	0x10af0	23	false
"FUN_180010b10"	180010b10	0x10b10	22	false
"FUN_180010b30"	180010b30	0x10b30	8	false
"FUN_180010b40"	180010b40	0x10b40	22	false
"FUN_180010b60"	180010b60	0x10b60	8	false
"FUN_180010b70"	180010b70	0x10b70	95	false
"FUN_180010bd0"	180010bd0	0x10bd0	14	false
"FUN_180010be0"	180010be0	0x10be0	8	false
"FUN_180010bf0"	180010bf0	0x10bf0	225	false
"FUN_180010ce0"	180010ce0	0x10ce0	14	false
"FUN_180010cf0"	180010cf0	0x10cf0	4	false
"FUN_180010d00"	180010d00	0x10d00	107	false
"FUN_180010d70"	180010d70	0x10d70	43	false
"FUN_180010da0"	180010da0	0x10da0	43	false
"FUN_180010dd0"	180010dd0	0x10dd0	43	false
"FUN_180010e00"	180010e00	0x10e00	43	false
"FUN_180010e30"	180010e30	0x10e30	43	false
"FUN_180010e60"	180010e60	0x10e60	43	false
"FUN_180010e90"	180010e90	0x10e90	43	false
"FUN_180010ec0"	180010ec0	0x10ec0	43	false
"FUN_180010ef0"	180010ef0	0x10ef0	43	false
"FUN_180010f20"	180010f20	0x10f20	43	false
"FUN_180010f50"	180010f50	0x10f50	43	false
"FUN_180010f80"	180010f80	0x10f80	43	false
"FUN_180010fb0"	180010fb0	0x10fb0	43	false
"FUN_180010fe0"	180010fe0	0x10fe0	43	false
"FUN_180011010"	180011010	0x11010	43	false
"FUN_180011040"	180011040	0x11040	43	false
"FUN_180011070"	180011070	0x11070	317	false
"FUN_1800111b0"	1800111b0	0x111b0	755	false
"FUN_1800114b0"	1800114b0	0x114b0	410	false
"FUN_180011650"	180011650	0x11650	79	false
"FUN_1800116b0"	1800116b0	0x116b0	79	false
"FUN_180011710"	180011710	0x11710	117	false
"FUN_180011790"	180011790	0x11790	656	false
"FUN_180011a30"	180011a30	0x11a30	165	false
"FUN_180011ae0"	180011ae0	0x11ae0	18	false
"FUN_180011b20"	180011b20	0x11b20	935	false
"FUN_180011ed0"	180011ed0	0x11ed0	729	false
"FUN_1800121b0"	1800121b0	0x121b0	135	false
"FUN_180012240"	180012240	0x12240	255	false
"FUN_180012340"	180012340	0x12340	52	false
"FUN_180012380"	180012380	0x12380	186	false
"FUN_180012440"	180012440	0x12440	310	false
"FUN_1800125a0"	1800125a0	0x125a0	5368	false
"FUN_180013ab0"	180013ab0	0x13ab0	103	false
"FUN_180013b20"	180013b20	0x13b20	94	false
"FUN_180013b80"	180013b80	0x13b80	113	false
"FUN_180013c00"	180013c00	0x13c00	53	false
"FUN_180013c40"	180013c40	0x13c40	27	false
"FUN_180013c60"	180013c60	0x13c60	348	false
"FUN_180013dc0"	180013dc0	0x13dc0	199	false
"FUN_180013e90"	180013e90	0x13e90	317	false
"FUN_180013fd0"	180013fd0	0x13fd0	677	false
"FUN_180014280"	180014280	0x14280	159	false
"FUN_180014320"	180014320	0x14320	506	false
"FUN_180014520"	180014520	0x14520	3172	false
"FUN_180015190"	180015190	0x15190	7482	false
"FUN_180016ef0"	180016ef0	0x16ef0	741	false
"FUN_1800171e0"	1800171e0	0x171e0	255	false
"FUN_1800172e0"	1800172e0	0x172e0	479	false
"FUN_1800174c0"	1800174c0	0x174c0	591	false
"FUN_180017710"	180017710	0x17710	132	false
"FUN_1800177a0"	1800177a0	0x177a0	185	false
"FUN_180017860"	180017860	0x17860	96	false
"FUN_1800178c0"	1800178c0	0x178c0	113	false
"FUN_180017940"	180017940	0x17940	9	false
"FUN_180017950"	180017950	0x17950	257	false
"FUN_180017a60"	180017a60	0x17a60	30	false
"FUN_180017a80"	180017a80	0x17a80	342	false
"FUN_180017be0"	180017be0	0x17be0	458	false
"FUN_180017de0"	180017de0	0x17de0	519	false
"FUN_180018010"	180018010	0x18010	18	false
"FUN_180018030"	180018030	0x18030	232	false
"FUN_180018120"	180018120	0x18120	127	false
"FUN_1800181a0"	1800181a0	0x181a0	4896	false
"FUN_1800194d0"	1800194d0	0x194d0	244	false
"FUN_1800195d0"	1800195d0	0x195d0	2016	false
"FUN_180019dc0"	180019dc0	0x19dc0	825	false
"FUN_18001a100"	18001a100	0x1a100	255	false
"FUN_18001a200"	18001a200	0x1a200	255	false
"FUN_18001a300"	18001a300	0x1a300	57	false
"FUN_18001a360"	18001a360	0x1a360	122	false
"FUN_18001a3e0"	18001a3e0	0x1a3e0	172	false
"FUN_18001a490"	18001a490	0x1a490	171	false
"FUN_18001a540"	18001a540	0x1a540	31	false
"FUN_18001a560"	18001a560	0x1a560	3139	false
"FUN_18001b260"	18001b260	0x1b260	702	false
"FUN_18001b520"	18001b520	0x1b520	4018	false
"FUN_18001c4e0"	18001c4e0	0x1c4e0	563	false
"FUN_18001c730"	18001c730	0x1c730	122	false
"FUN_18001c7b0"	18001c7b0	0x1c7b0	208	false
"FUN_18001c890"	18001c890	0x1c890	136	false
"FUN_18001c920"	18001c920	0x1c920	198	false
"FUN_18001c9f0"	18001c9f0	0x1c9f0	349	false
"FUN_18001cb80"	18001cb80	0x1cb80	148	false
"FUN_18001cc20"	18001cc20	0x1cc20	31	false
"FUN_18001cc40"	18001cc40	0x1cc40	513	false
"FUN_18001ce50"	18001ce50	0x1ce50	514	false
"FUN_18001d060"	18001d060	0x1d060	516	false
"FUN_18001d270"	18001d270	0x1d270	966	false
"FUN_18001d640"	18001d640	0x1d640	513	false
"FUN_18001d850"	18001d850	0x1d850	531	false
"FUN_18001da70"	18001da70	0x1da70	512	false
"FUN_18001dc70"	18001dc70	0x1dc70	524	false
"FUN_18001de80"	18001de80	0x1de80	2248	false
"FUN_18001e750"	18001e750	0x1e750	752	false
"FUN_18001ea40"	18001ea40	0x1ea40	671	false
"FUN_18001ece0"	18001ece0	0x1ece0	50	false
"FUN_18001ed20"	18001ed20	0x1ed20	464	false
"FUN_18001eef0"	18001eef0	0x1eef0	465	false
"FUN_18001f0d0"	18001f0d0	0x1f0d0	490	false
"FUN_18001f2c0"	18001f2c0	0x1f2c0	462	false
"FUN_18001f490"	18001f490	0x1f490	478	false
"FUN_18001f670"	18001f670	0x1f670	460	false
"FUN_18001f840"	18001f840	0x1f840	472	false
"FUN_18001fa20"	18001fa20	0x1fa20	686	false
"FUN_18001fcd0"	18001fcd0	0x1fcd0	368	false
"FUN_18001fe40"	18001fe40	0x1fe40	563	false
"FUN_180020080"	180020080	0x20080	33	false
"FUN_1800200b0"	1800200b0	0x200b0	13	false
"FUN_1800200c0"	1800200c0	0x200c0	43	false
"FUN_1800200f0"	1800200f0	0x200f0	527	false
"FUN_180020300"	180020300	0x20300	169	false
"FUN_1800203b0"	1800203b0	0x203b0	597	false
"FUN_180020610"	180020610	0x20610	609	false
"FUN_180020880"	180020880	0x20880	3372	false
"FUN_1800215d0"	1800215d0	0x215d0	115	false
"FUN_180021650"	180021650	0x21650	169	false
"FUN_180021700"	180021700	0x21700	354	false
"FUN_180021870"	180021870	0x21870	4925	false
"FUN_180022bc0"	180022bc0	0x22bc0	9	false
"FUN_180022bd0"	180022bd0	0x22bd0	115	false
"FUN_180022c50"	180022c50	0x22c50	2689	false
"FUN_1800236e0"	1800236e0	0x236e0	351	false
"FUN_180023840"	180023840	0x23840	169	false
"FUN_1800238f0"	1800238f0	0x238f0	3070	false
"FUN_180024500"	180024500	0x24500	611	false
"FUN_180024770"	180024770	0x24770	566	false
"FUN_1800249b0"	1800249b0	0x249b0	711	false
"FUN_180024c80"	180024c80	0x24c80	464	false
"FUN_180024e50"	180024e50	0x24e50	464	false
"FUN_180025020"	180025020	0x25020	614	false
"FUN_180025290"	180025290	0x25290	540	false
"FUN_1800254b0"	1800254b0	0x254b0	524	false
"FUN_1800256c0"	1800256c0	0x256c0	313	false
"FUN_180025800"	180025800	0x25800	566	false
"FUN_180025a40"	180025a40	0x25a40	290	false
"FUN_180025b70"	180025b70	0x25b70	4265	false
"FUN_180026c30"	180026c30	0x26c30	566	false
"FUN_180026e70"	180026e70	0x26e70	638	false
"FUN_1800270f0"	1800270f0	0x270f0	464	false
"FUN_1800272c0"	1800272c0	0x272c0	524	false
"FUN_1800274d0"	1800274d0	0x274d0	313	false
"FUN_180027610"	180027610	0x27610	566	false
"FUN_180027850"	180027850	0x27850	292	false
"FUN_180027980"	180027980	0x27980	3797	false
"FUN_180028870"	180028870	0x28870	900	false
"FUN_180028c00"	180028c00	0x28c00	36	false
"FUN_180028c30"	180028c30	0x28c30	100	false
"FUN_180028cc0"	180028cc0	0x28cc0	67	false
"FUN_180028d10"	180028d10	0x28d10	61	false
"FUN_180028d50"	180028d50	0x28d50	123	false
"FUN_180028dd0"	180028dd0	0x28dd0	119	false
"FUN_180028e50"	180028e50	0x28e50	3686	false
"FUN_180029cc0"	180029cc0	0x29cc0	2813	false
"FUN_18002a7f0"	18002a7f0	0x2a7f0	3125	false
"FUN_18002b430"	18002b430	0x2b430	3125	false
"FUN_18002c070"	18002c070	0x2c070	4165	false
"FUN_18002d0c0"	18002d0c0	0x2d0c0	563	false
"FUN_18002d300"	18002d300	0x2d300	364	false
"FUN_18002d470"	18002d470	0x2d470	605	false
"FUN_18002d6d0"	18002d6d0	0x2d6d0	605	false
"FUN_18002d930"	18002d930	0x2d930	540	false
"FUN_18002db50"	18002db50	0x2db50	356	false
"FUN_18002dcc0"	18002dcc0	0x2dcc0	453	false
"FUN_18002dea0"	18002dea0	0x2dea0	2228	false
"FUN_18002e760"	18002e760	0x2e760	547	false
"FUN_18002e990"	18002e990	0x2e990	539	false
"FUN_18002ebb0"	18002ebb0	0x2ebb0	404	false
"FUN_18002ed50"	18002ed50	0x2ed50	403	false
"FUN_18002eef0"	18002eef0	0x2eef0	545	false
"FUN_18002f120"	18002f120	0x2f120	566	false
"FUN_18002f360"	18002f360	0x2f360	290	false
"FUN_18002f490"	18002f490	0x2f490	457	false
"FUN_18002f660"	18002f660	0x2f660	566	false
"FUN_18002f8a0"	18002f8a0	0x2f8a0	290	false
"FUN_18002f9d0"	18002f9d0	0x2f9d0	524	false
"FUN_18002fbe0"	18002fbe0	0x2fbe0	364	false
"FUN_18002fd50"	18002fd50	0x2fd50	563	false
"FUN_18002ff90"	18002ff90	0x2ff90	540	false
"FUN_1800301b0"	1800301b0	0x301b0	169	false
"FUN_180030260"	180030260	0x30260	340	false
"FUN_1800303c0"	1800303c0	0x303c0	524	false
"FUN_1800305d0"	1800305d0	0x305d0	612	false
"FUN_180030840"	180030840	0x30840	545	false
"FUN_180030a70"	180030a70	0x30a70	589	false
"FUN_180030cc0"	180030cc0	0x30cc0	563	false
"FUN_180030f00"	180030f00	0x30f00	563	false
"FUN_180031140"	180031140	0x31140	290	false
"FUN_180031270"	180031270	0x31270	566	false
"FUN_1800314b0"	1800314b0	0x314b0	553	false
"FUN_1800316e0"	1800316e0	0x316e0	340	false
"FUN_180031840"	180031840	0x31840	566	false
"FUN_180031a80"	180031a80	0x31a80	357	false
"FUN_180031bf0"	180031bf0	0x31bf0	545	false
"FUN_180031e20"	180031e20	0x31e20	340	false
"FUN_180031f80"	180031f80	0x31f80	406	false
"FUN_180032120"	180032120	0x32120	399	false
"FUN_1800322b0"	1800322b0	0x322b0	545	false
"FUN_1800324e0"	1800324e0	0x324e0	364	false
"FUN_180032650"	180032650	0x32650	547	false
"FUN_180032880"	180032880	0x32880	589	false
"FUN_180032ad0"	180032ad0	0x32ad0	509	false
"FUN_180032cd0"	180032cd0	0x32cd0	388	false
"FUN_180032e60"	180032e60	0x32e60	358	false
"FUN_180032fd0"	180032fd0	0x32fd0	545	false
"FUN_180033200"	180033200	0x33200	345	false
"FUN_180033360"	180033360	0x33360	539	false
"FUN_180033580"	180033580	0x33580	399	false
"FUN_180033710"	180033710	0x33710	545	false
"FUN_180033940"	180033940	0x33940	545	false
"FUN_180033b70"	180033b70	0x33b70	609	false
"FUN_180033de0"	180033de0	0x33de0	345	false
"FUN_180033f40"	180033f40	0x33f40	539	false
"FUN_180034160"	180034160	0x34160	399	false
"FUN_1800342f0"	1800342f0	0x342f0	545	false
"FUN_180034520"	180034520	0x34520	758	false
"FUN_180034820"	180034820	0x34820	340	false
"FUN_180034980"	180034980	0x34980	609	false
"FUN_180034bf0"	180034bf0	0x34bf0	388	false
"FUN_180034d80"	180034d80	0x34d80	412	false
"FUN_180034f20"	180034f20	0x34f20	370	false
"FUN_1800350a0"	1800350a0	0x350a0	600	false
"FUN_180035300"	180035300	0x35300	758	false
"FUN_180035600"	180035600	0x35600	403	false
"FUN_1800357a0"	1800357a0	0x357a0	313	false
"FUN_1800358e0"	1800358e0	0x358e0	539	false
"FUN_180035b00"	180035b00	0x35b00	703	false
"FUN_180035dc0"	180035dc0	0x35dc0	785	false
"FUN_1800360e0"	1800360e0	0x360e0	388	false
"FUN_180036270"	180036270	0x36270	290	false
"FUN_1800363a0"	1800363a0	0x363a0	39	false
"FUN_1800363d0"	1800363d0	0x363d0	169	false
"FUN_180036480"	180036480	0x36480	8097	false
"FUN_180038430"	180038430	0x38430	101	false
"FUN_1800384a0"	1800384a0	0x384a0	134	false
"FUN_180038530"	180038530	0x38530	188	false
"FUN_1800385f0"	1800385f0	0x385f0	605	false
"FUN_180038850"	180038850	0x38850	292	false
"FUN_180038980"	180038980	0x38980	140	false
"FUN_180038a10"	180038a10	0x38a10	415	false
"FUN_180038bc0"	180038bc0	0x38bc0	677	false
"FUN_180038e90"	180038e90	0x38e90	142	false
"FUN_180038f20"	180038f20	0x38f20	547	false
"FUN_180039150"	180039150	0x39150	547	false
"FUN_180039380"	180039380	0x39380	547	false
"FUN_1800395b0"	1800395b0	0x395b0	516	false
"FUN_1800397c0"	1800397c0	0x397c0	547	false
"FUN_1800399f0"	1800399f0	0x399f0	547	false
"FUN_180039c20"	180039c20	0x39c20	169	false
"FUN_180039cd0"	180039cd0	0x39cd0	545	false
"FUN_180039f00"	180039f00	0x39f00	166	false
"FUN_180039fb0"	180039fb0	0x39fb0	547	false
"FUN_18003a1e0"	18003a1e0	0x3a1e0	169	false
"FUN_18003a290"	18003a290	0x3a290	533	false
"FUN_18003a4b0"	18003a4b0	0x3a4b0	547	false
"FUN_18003a6e0"	18003a6e0	0x3a6e0	169	false
"FUN_18003a790"	18003a790	0x3a790	533	false
"FUN_18003a9b0"	18003a9b0	0x3a9b0	155	false
"FUN_18003aa50"	18003aa50	0x3aa50	547	false
"FUN_18003ac80"	18003ac80	0x3ac80	169	false
"FUN_18003ad30"	18003ad30	0x3ad30	11	false
"FUN_18003ad40"	18003ad40	0x3ad40	92	false
"FUN_18003ada0"	18003ada0	0x3ada0	547	false
"FUN_18003afd0"	18003afd0	0x3afd0	607	false
"FUN_18003b230"	18003b230	0x3b230	52	false
"FUN_18003b270"	18003b270	0x3b270	43	false
"FUN_18003b2a0"	18003b2a0	0x3b2a0	50	false
"FUN_18003b2e0"	18003b2e0	0x3b2e0	618	false
"FUN_18003b550"	18003b550	0x3b550	547	false
"FUN_18003b780"	18003b780	0x3b780	2815	false
"FUN_18003c290"	18003c290	0x3c290	566	false
"FUN_18003c4d0"	18003c4d0	0x3c4d0	385	false
"FUN_18003c660"	18003c660	0x3c660	547	false
"FUN_18003c890"	18003c890	0x3c890	340	false
"FUN_18003c9f0"	18003c9f0	0x3c9f0	545	false
"FUN_18003cc20"	18003cc20	0x3cc20	340	false
"FUN_18003cd80"	18003cd80	0x3cd80	364	false
"FUN_18003cef0"	18003cef0	0x3cef0	547	false
"FUN_18003d120"	18003d120	0x3d120	219	false
"FUN_18003d200"	18003d200	0x3d200	545	false
"FUN_18003d430"	18003d430	0x3d430	612	false
"FUN_18003d6a0"	18003d6a0	0x3d6a0	545	false
"FUN_18003d8d0"	18003d8d0	0x3d8d0	649	false
"FUN_18003db60"	18003db60	0x3db60	145	false
"FUN_18003dc00"	18003dc00	0x3dc00	340	false
"FUN_18003dd60"	18003dd60	0x3dd60	340	false
"FUN_18003dec0"	18003dec0	0x3dec0	340	false
"FUN_18003e020"	18003e020	0x3e020	340	false
"FUN_18003e180"	18003e180	0x3e180	340	false
"FUN_18003e2e0"	18003e2e0	0x3e2e0	382	false
"FUN_18003e460"	18003e460	0x3e460	522	false
"FUN_18003e670"	18003e670	0x3e670	290	false
"FUN_18003e7a0"	18003e7a0	0x3e7a0	399	false
"FUN_18003e930"	18003e930	0x3e930	566	false
"FUN_18003eb70"	18003eb70	0x3eb70	292	false
"FUN_18003eca0"	18003eca0	0x3eca0	340	false
"FUN_18003ee00"	18003ee00	0x3ee00	711	false
"FUN_18003f0d0"	18003f0d0	0x3f0d0	370	false
"FUN_18003f250"	18003f250	0x3f250	340	false
"FUN_18003f3b0"	18003f3b0	0x3f3b0	588	false
"FUN_18003f600"	18003f600	0x3f600	545	false
"FUN_18003f830"	18003f830	0x3f830	625	false
"FUN_18003fab0"	18003fab0	0x3fab0	588	false
"FUN_18003fd00"	18003fd00	0x3fd00	793	false
"FUN_180040020"	180040020	0x40020	53	false
"FUN_180040060"	180040060	0x40060	48	false
"FUN_180040090"	180040090	0x40090	1549	false
"FUN_1800406b0"	1800406b0	0x406b0	2971	false
"FUN_1800412d0"	1800412d0	0x412d0	96	false
"FUN_180041340"	180041340	0x41340	169	false
"FUN_1800413f0"	1800413f0	0x413f0	337	false
"FUN_180041550"	180041550	0x41550	3412	false
"FUN_1800422c0"	1800422c0	0x422c0	566	false
"FUN_180042500"	180042500	0x42500	290	false
"FUN_180042630"	180042630	0x42630	113	false
"FUN_1800426b0"	1800426b0	0x426b0	341	false
"FUN_180042810"	180042810	0x42810	345	false
"FUN_180042970"	180042970	0x42970	337	false
"FUN_180042ad0"	180042ad0	0x42ad0	638	false
"FUN_180042d50"	180042d50	0x42d50	370	false
"FUN_180042ed0"	180042ed0	0x42ed0	337	false
"FUN_180043030"	180043030	0x43030	390	false
"FUN_1800431c0"	1800431c0	0x431c0	370	false
"FUN_180043340"	180043340	0x43340	338	false
"FUN_1800434a0"	1800434a0	0x434a0	2735	false
"FUN_180043f60"	180043f60	0x43f60	105	false
"FUN_180043fd0"	180043fd0	0x43fd0	113	false
"FUN_180044050"	180044050	0x44050	623	false
"FUN_1800442c0"	1800442c0	0x442c0	342	false
"FUN_180044420"	180044420	0x44420	337	false
"FUN_180044580"	180044580	0x44580	337	false
"FUN_1800446e0"	1800446e0	0x446e0	296	false
"FUN_180044810"	180044810	0x44810	612	false
"FUN_180044a80"	180044a80	0x44a80	2458	false
"FUN_180045430"	180045430	0x45430	103	false
"FUN_1800454a0"	1800454a0	0x454a0	113	false
"FUN_180045520"	180045520	0x45520	209	false
"FUN_180045600"	180045600	0x45600	3404	false
"FUN_180046360"	180046360	0x46360	169	false
"FUN_180046410"	180046410	0x46410	340	false
"FUN_180046570"	180046570	0x46570	364	false
"FUN_1800466e0"	1800466e0	0x466e0	292	false
"FUN_180046810"	180046810	0x46810	140	false
"FUN_1800468a0"	1800468a0	0x468a0	131	false
"FUN_180046930"	180046930	0x46930	164	false
"FUN_1800469e0"	1800469e0	0x469e0	15	false
"FUN_1800469f0"	1800469f0	0x469f0	65	false
"FUN_180046a40"	180046a40	0x46a40	582	false
"FUN_180046c90"	180046c90	0x46c90	290	false
"FUN_180046dc0"	180046dc0	0x46dc0	133	false
"FUN_180046e60"	180046e60	0x46e60	209	false
"FUN_180046f40"	180046f40	0x46f40	169	false
"FUN_180046ff0"	180046ff0	0x46ff0	122	false
"FUN_180047070"	180047070	0x47070	2808	false
"FUN_180047b80"	180047b80	0x47b80	23	false
"FUN_180047ba0"	180047ba0	0x47ba0	389	false
"FUN_180047d30"	180047d30	0x47d30	399	false
"FUN_180047ec0"	180047ec0	0x47ec0	544	false
"FUN_1800480e0"	1800480e0	0x480e0	600	false
"FUN_180048340"	180048340	0x48340	553	false
"FUN_180048570"	180048570	0x48570	544	false
"FUN_180048790"	180048790	0x48790	596	false
"FUN_1800489f0"	1800489f0	0x489f0	553	false
"FUN_180048c20"	180048c20	0x48c20	546	false
"FUN_180048e50"	180048e50	0x48e50	487	false
"FUN_180049040"	180049040	0x49040	600	false
"FUN_1800492a0"	1800492a0	0x492a0	553	false
"FUN_1800494d0"	1800494d0	0x494d0	544	false
"FUN_1800496f0"	1800496f0	0x496f0	596	false
"FUN_180049950"	180049950	0x49950	555	false
"FUN_180049b80"	180049b80	0x49b80	341	false
"FUN_180049ce0"	180049ce0	0x49ce0	364	false
"FUN_180049e50"	180049e50	0x49e50	662	false
"FUN_18004a0f0"	18004a0f0	0x4a0f0	219	false
"FUN_18004a1d0"	18004a1d0	0x4a1d0	399	false
"FUN_18004a360"	18004a360	0x4a360	793	false
"FUN_18004a680"	18004a680	0x4a680	547	false
"FUN_18004a8b0"	18004a8b0	0x4a8b0	612	false
"FUN_18004ab20"	18004ab20	0x4ab20	337	false
"FUN_18004ac80"	18004ac80	0x4ac80	337	false
"FUN_18004ade0"	18004ade0	0x4ade0	704	false
"FUN_18004b0b0"	18004b0b0	0x4b0b0	314	false
"FUN_18004b1f0"	18004b1f0	0x4b1f0	340	false
"FUN_18004b350"	18004b350	0x4b350	793	false
"FUN_18004b670"	18004b670	0x4b670	388	false
"FUN_18004b800"	18004b800	0x4b800	97	false
"FUN_18004b870"	18004b870	0x4b870	86	false
"FUN_18004b8d0"	18004b8d0	0x4b8d0	113	false
"FUN_18004b950"	18004b950	0x4b950	568	false
"FUN_18004bb90"	18004bb90	0x4bb90	469	false
"FUN_18004bd70"	18004bd70	0x4bd70	15	false
"FUN_18004bd80"	18004bd80	0x4bd80	159	false
"FUN_18004be20"	18004be20	0x4be20	9	false
"FUN_18004be30"	18004be30	0x4be30	8	false
"FUN_18004be40"	18004be40	0x4be40	87	false
"FUN_18004bea0"	18004bea0	0x4bea0	30	false
"FUN_18004bec0"	18004bec0	0x4bec0	278	false
"FUN_18004bfe0"	18004bfe0	0x4bfe0	278	false
"FUN_18004c110"	18004c110	0x4c110	43	false
"FUN_18004c140"	18004c140	0x4c140	78	false
"FUN_18004c190"	18004c190	0x4c190	67	false
"FUN_18004c1f0"	18004c1f0	0x4c1f0	153	false
"FUN_18004c290"	18004c290	0x4c290	589	false
"FUN_18004c4e0"	18004c4e0	0x4c4e0	1023	false
"FUN_18004c8f0"	18004c8f0	0x4c8f0	100	false
"FUN_18004c970"	18004c970	0x4c970	65	false
"FUN_18004c9c0"	18004c9c0	0x4c9c0	321	false
"FUN_18004cb10"	18004cb10	0x4cb10	140	false
"FUN_18004cba0"	18004cba0	0x4cba0	11	false
"FUN_18004cbb0"	18004cbb0	0x4cbb0	50	false
"FUN_18004cbf0"	18004cbf0	0x4cbf0	159	false
"FUN_18004cc90"	18004cc90	0x4cc90	52	false
"FUN_18004ccd0"	18004ccd0	0x4ccd0	8	false
"FUN_18004cce0"	18004cce0	0x4cce0	39	false
"FUN_18004cd10"	18004cd10	0x4cd10	30	false
"FUN_18004cd30"	18004cd30	0x4cd30	146	false
"FUN_18004cdd0"	18004cdd0	0x4cdd0	30	false
"FUN_18004cdf0"	18004cdf0	0x4cdf0	6	false
"FUN_18004ce00"	18004ce00	0x4ce00	78	false
"FUN_18004ce50"	18004ce50	0x4ce50	89	false
"FUN_18004ceb0"	18004ceb0	0x4ceb0	43	false
"FUN_18004cee0"	18004cee0	0x4cee0	3	false
"FUN_18004cef0"	18004cef0	0x4cef0	394	false
"FUN_18004d080"	18004d080	0x4d080	376	false
"deallocate"	18004d200	0x4d200	66	false
"FUN_18004d250"	18004d250	0x4d250	87	false
"FUN_18004d2b0"	18004d2b0	0x4d2b0	134	false
"FUN_18004d340"	18004d340	0x4d340	109	false
"FUN_18004d3b0"	18004d3b0	0x4d3b0	101	false
"FUN_18004d420"	18004d420	0x4d420	140	false
"FUN_18004d4b0"	18004d4b0	0x4d4b0	138	false
"FUN_18004d540"	18004d540	0x4d540	8	false
"FUN_18004d570"	18004d570	0x4d570	152	false
"FUN_18004d610"	18004d610	0x4d610	888	false
"FUN_18004d990"	18004d990	0x4d990	449	false
"FUN_18004db60"	18004db60	0x4db60	152	false
"FUN_18004dc00"	18004dc00	0x4dc00	152	false
"FUN_18004dca0"	18004dca0	0x4dca0	152	false
"FUN_18004dd40"	18004dd40	0x4dd40	2551	false
"FUN_18004e750"	18004e750	0x4e750	50	false
"FUN_18004e790"	18004e790	0x4e790	335	false
"FUN_18004e8f0"	18004e8f0	0x4e8f0	97	false
"FUN_18004e960"	18004e960	0x4e960	161	false
"FUN_18004ea10"	18004ea10	0x4ea10	516	false
"FUN_18004ec20"	18004ec20	0x4ec20	3	false
"FUN_18004ec30"	18004ec30	0x4ec30	55	false
"FUN_18004ec70"	18004ec70	0x4ec70	17	false
"FUN_18004ec90"	18004ec90	0x4ec90	17	false
"FUN_18004ecb0"	18004ecb0	0x4ecb0	137	false
"FUN_18004ed40"	18004ed40	0x4ed40	55	false
"FUN_18004ed80"	18004ed80	0x4ed80	55	false
"FUN_18004edc0"	18004edc0	0x4edc0	55	false
"FUN_18004ee00"	18004ee00	0x4ee00	901	false
"FUN_18004f190"	18004f190	0x4f190	11	false
"FUN_18004f1a0"	18004f1a0	0x4f1a0	103	false
"FUN_18004f210"	18004f210	0x4f210	173	false
"FUN_18004f2d0"	18004f2d0	0x4f2d0	167	false
"FUN_18004f380"	18004f380	0x4f380	146	false
"FUN_18004f414"	18004f414	0x4f414	12	false
"FUN_18004f4b0"	18004f4b0	0x4f4b0	426	false
"FUN_18004f670"	18004f670	0x4f670	328	false
"FUN_18004f7f0"	18004f7f0	0x4f7f0	545	false
"FUN_18004fa20"	18004fa20	0x4fa20	44	false
"FUN_18004fa50"	18004fa50	0x4fa50	65	false
"FUN_18004faa0"	18004faa0	0x4faa0	76	false
"FUN_18004faf0"	18004faf0	0x4faf0	8	false
"FUN_18004fb00"	18004fb00	0x4fb00	5	false
"FUN_18004fb10"	18004fb10	0x4fb10	171	false
"FUN_18004fbc0"	18004fbc0	0x4fbc0	140	false
"FUN_18004fc50"	18004fc50	0x4fc50	50	false
"FUN_18004fc90"	18004fc90	0x4fc90	152	false
"FUN_18004fd28"	18004fd28	0x4fd28	12	false
"FUN_18004fd40"	18004fd40	0x4fd40	97	false
"FUN_18004fdb0"	18004fdb0	0x4fdb0	336	false
"FUN_18004ff10"	18004ff10	0x4ff10	76	false
"FUN_18004ff60"	18004ff60	0x4ff60	132	false
"FUN_18004fff0"	18004fff0	0x4fff0	65	false
"FUN_180050040"	180050040	0x50040	103	false
"FUN_1800500b0"	1800500b0	0x500b0	470	false
"FUN_180050290"	180050290	0x50290	412	false
"FUN_180050430"	180050430	0x50430	250	false
"FUN_180050530"	180050530	0x50530	188	false
"FUN_1800505f0"	1800505f0	0x505f0	380	false
"FUN_180050770"	180050770	0x50770	292	false
"FUN_1800508a0"	1800508a0	0x508a0	96	false
"FUN_180050910"	180050910	0x50910	177	false
"FUN_1800509e0"	1800509e0	0x509e0	158	false
"FUN_180050a80"	180050a80	0x50a80	35	false
"FUN_180050ab0"	180050ab0	0x50ab0	115	false
"FUN_180050b40"	180050b40	0x50b40	248	false
"FUN_180050c40"	180050c40	0x50c40	152	false
"FUN_180050cd8"	180050cd8	0x50cd8	12	false
"FUN_180050cf0"	180050cf0	0x50cf0	52	false
"FUN_180050d30"	180050d30	0x50d30	20	false
"FUN_180050d50"	180050d50	0x50d50	20	false
"FUN_180050d70"	180050d70	0x50d70	226	false
"FUN_180050e60"	180050e60	0x50e60	101	false
"FUN_180050ed0"	180050ed0	0x50ed0	723	false
"FUN_1800511b0"	1800511b0	0x511b0	322	false
"FUN_180051300"	180051300	0x51300	199	false
"FUN_1800513d0"	1800513d0	0x513d0	262	false
"FUN_1800514e0"	1800514e0	0x514e0	211	false
"FUN_1800515c0"	1800515c0	0x515c0	245	false
"FUN_1800516c0"	1800516c0	0x516c0	72	false
"FUN_180051710"	180051710	0x51710	268	false
"FUN_180051820"	180051820	0x51820	80	false
"FUN_180051870"	180051870	0x51870	439	false
"FUN_180051a30"	180051a30	0x51a30	232	false
"FUN_180051b20"	180051b20	0x51b20	180	false
"FUN_180051be0"	180051be0	0x51be0	105	false
"FUN_180051c50"	180051c50	0x51c50	97	false
"FUN_180051cd0"	180051cd0	0x51cd0	252	false
"FUN_180051dd0"	180051dd0	0x51dd0	386	false
"FUN_180051f60"	180051f60	0x51f60	336	false
"FUN_1800520c0"	1800520c0	0x520c0	326	false
"FUN_180052210"	180052210	0x52210	132	false
"FUN_1800522a0"	1800522a0	0x522a0	609	false
"FUN_180052510"	180052510	0x52510	274	false
"FUN_180052630"	180052630	0x52630	289	false
"FUN_180052760"	180052760	0x52760	323	false
"FUN_1800528b0"	1800528b0	0x528b0	135	false
"FUN_180052940"	180052940	0x52940	88	false
"FUN_1800529a0"	1800529a0	0x529a0	261	false
"FUN_180052ab0"	180052ab0	0x52ab0	209	false
"FUN_180052b90"	180052b90	0x52b90	101	false
"FUN_180052c00"	180052c00	0x52c00	455	false
"FUN_180052de0"	180052de0	0x52de0	167	false
"FUN_180052e90"	180052e90	0x52e90	49	false
"FUN_180052ed0"	180052ed0	0x52ed0	22	false
"FUN_180052ef0"	180052ef0	0x52ef0	285	false
"FUN_180053010"	180053010	0x53010	98	false
"FUN_180053080"	180053080	0x53080	86	false
"FUN_1800530e0"	1800530e0	0x530e0	203	false
"FUN_1800531b0"	1800531b0	0x531b0	218	false
"FUN_180053290"	180053290	0x53290	357	false
"FUN_180053400"	180053400	0x53400	439	false
"FUN_1800535c0"	1800535c0	0x535c0	349	false
"FUN_180053720"	180053720	0x53720	346	false
"FUN_1800538a0"	1800538a0	0x538a0	103	false
"FUN_180053910"	180053910	0x53910	30	false
"FUN_180053930"	180053930	0x53930	8	false
"FUN_180053940"	180053940	0x53940	88	false
"FUN_1800539a0"	1800539a0	0x539a0	636	false
"FUN_180053c20"	180053c20	0x53c20	382	false
"FUN_180053da0"	180053da0	0x53da0	346	false
"FUN_180053f00"	180053f00	0x53f00	338	false
"FUN_180054060"	180054060	0x54060	330	false
"FUN_1800541b0"	1800541b0	0x541b0	322	false
"FUN_180054300"	180054300	0x54300	369	false
"FUN_180054480"	180054480	0x54480	139	false
"FUN_180054510"	180054510	0x54510	341	false
"FUN_180054670"	180054670	0x54670	18	false
"FUN_180054690"	180054690	0x54690	459	false
"FUN_180054870"	180054870	0x54870	312	false
"FUN_1800549b0"	1800549b0	0x549b0	189	false
"FUN_180054a70"	180054a70	0x54a70	146	false
"FUN_180054b04"	180054b04	0x54b04	12	false
"FUN_180054b10"	180054b10	0x54b10	52	false
"FUN_180054b50"	180054b50	0x54b50	503	false
"FUN_180054db0"	180054db0	0x54db0	122	false
"FUN_180054e30"	180054e30	0x54e30	397	false
"FUN_180054fc0"	180054fc0	0x54fc0	300	false
"FUN_1800550f0"	1800550f0	0x550f0	182	false
"FUN_1800551b0"	1800551b0	0x551b0	91	false
"FUN_180055210"	180055210	0x55210	36	false
"FUN_180055240"	180055240	0x55240	62	false
"FUN_180055280"	180055280	0x55280	36	false
"FUN_1800552b0"	1800552b0	0x552b0	268	false
"FUN_1800553c0"	1800553c0	0x553c0	267	false
"FUN_1800554d0"	1800554d0	0x554d0	354	false
"FUN_180055640"	180055640	0x55640	33	false
"FUN_180055670"	180055670	0x55670	61	false
"FUN_1800556b0"	1800556b0	0x556b0	31	false
"FUN_1800556f0"	1800556f0	0x556f0	47	false
"FUN_180055720"	180055720	0x55720	141	false
"FUN_1800557b0"	1800557b0	0x557b0	386	false
"FUN_180055940"	180055940	0x55940	128	false
"FUN_1800559c0"	1800559c0	0x559c0	155	false
"FUN_180055a60"	180055a60	0x55a60	381	false
"FUN_180055be0"	180055be0	0x55be0	33	false
"FUN_180055c10"	180055c10	0x55c10	8	false
"FUN_180055c20"	180055c20	0x55c20	114	false
"FUN_180055ca0"	180055ca0	0x55ca0	21	false
"FUN_180055cc0"	180055cc0	0x55cc0	67	false
"FUN_180055d10"	180055d10	0x55d10	88	false
"FUN_180055d70"	180055d70	0x55d70	19	false
"FUN_180055d90"	180055d90	0x55d90	1600	false
"FUN_1800563e0"	1800563e0	0x563e0	274	false
"FUN_180056520"	180056520	0x56520	57	false
"FUN_180056560"	180056560	0x56560	506	false
"FUN_180056760"	180056760	0x56760	136	false
"FUN_1800567f0"	1800567f0	0x567f0	195	false
"FUN_1800568c0"	1800568c0	0x568c0	677	false
"FUN_180056b70"	180056b70	0x56b70	175	false
"FUN_180056c20"	180056c20	0x56c20	351	false
"FUN_180056d90"	180056d90	0x56d90	301	false
"FUN_180056ec0"	180056ec0	0x56ec0	343	false
"FUN_180057020"	180057020	0x57020	394	false
"FUN_1800571b0"	1800571b0	0x571b0	447	false
"FUN_180057380"	180057380	0x57380	732	false
"FUN_180057660"	180057660	0x57660	398	false
"FUN_1800577f0"	1800577f0	0x577f0	21	false
"FUN_180057810"	180057810	0x57810	54	false
"FUN_180057850"	180057850	0x57850	431	false
"FUN_180057a10"	180057a10	0x57a10	110	false
"FUN_180057a80"	180057a80	0x57a80	232	false
"FUN_180057b70"	180057b70	0x57b70	8	false
"FUN_180057b90"	180057b90	0x57b90	151	false
"FUN_180057c30"	180057c30	0x57c30	8	false
"FUN_180057c40"	180057c40	0x57c40	18	false
"FUN_180057c60"	180057c60	0x57c60	33	false
"FUN_180057c90"	180057c90	0x57c90	61	false
"FUN_180057cd0"	180057cd0	0x57cd0	61	false
"FUN_180057d10"	180057d10	0x57d10	31	false
"FUN_180057d30"	180057d30	0x57d30	55	false
"FUN_180057d70"	180057d70	0x57d70	78	false
"FUN_180057dc0"	180057dc0	0x57dc0	115	false
"FUN_180057e40"	180057e40	0x57e40	25	false
"FUN_180057e60"	180057e60	0x57e60	11	false
"FUN_180057e70"	180057e70	0x57e70	63	false
"FUN_180057eb0"	180057eb0	0x57eb0	17	false
"FUN_180057ed0"	180057ed0	0x57ed0	88	false
"FUN_180057f30"	180057f30	0x57f30	78	false
"FUN_180057f80"	180057f80	0x57f80	61	false
"FUN_180057fc0"	180057fc0	0x57fc0	19	false
"FUN_180057fe0"	180057fe0	0x57fe0	51	false
"FUN_180058020"	180058020	0x58020	56	false
"FUN_180058060"	180058060	0x58060	359	false
"FUN_1800581d0"	1800581d0	0x581d0	269	false
"FUN_1800582e0"	1800582e0	0x582e0	97	false
"FUN_180058350"	180058350	0x58350	521	false
"FUN_180058560"	180058560	0x58560	164	false
"FUN_180058610"	180058610	0x58610	163	false
"FUN_1800586c0"	1800586c0	0x586c0	92	false
"FUN_180058720"	180058720	0x58720	173	false
"FUN_1800587d0"	1800587d0	0x587d0	171	false
"FUN_180058880"	180058880	0x58880	1325	false
"FUN_180058db0"	180058db0	0x58db0	1750	false
"FUN_180059490"	180059490	0x59490	582	false
"FUN_1800596e0"	1800596e0	0x596e0	298	false
"FUN_180059810"	180059810	0x59810	685	false
"FUN_180059ac0"	180059ac0	0x59ac0	159	false
"FUN_180059b60"	180059b60	0x59b60	157	false
"FUN_180059c00"	180059c00	0x59c00	156	false
"FUN_180059ca0"	180059ca0	0x59ca0	608	false
"FUN_180059f00"	180059f00	0x59f00	200	false
"FUN_180059fd0"	180059fd0	0x59fd0	4847	false
"FUN_18005b2e0"	18005b2e0	0x5b2e0	551	false
"FUN_18005b510"	18005b510	0x5b510	363	false
"FUN_18005b690"	18005b690	0x5b690	115	false
"FUN_18005b710"	18005b710	0x5b710	94	false
"FUN_18005b770"	18005b770	0x5b770	211	false
"FUN_18005b850"	18005b850	0x5b850	1077	false
"FUN_18005bc90"	18005bc90	0x5bc90	35	false
"FUN_18005bcc0"	18005bcc0	0x5bcc0	399	false
"FUN_18005be50"	18005be50	0x5be50	513	false
"FUN_18005c060"	18005c060	0x5c060	737	false
"FUN_18005c350"	18005c350	0x5c350	158	false
"FUN_18005c3f0"	18005c3f0	0x5c3f0	117	false
"FUN_18005c470"	18005c470	0x5c470	142	false
"FUN_18005c520"	18005c520	0x5c520	8	false
"FUN_18005c530"	18005c530	0x5c530	105	false
"FUN_18005c5a0"	18005c5a0	0x5c5a0	14	false
"FUN_18005c5b0"	18005c5b0	0x5c5b0	8	false
"FUN_18005c5c0"	18005c5c0	0x5c5c0	14	false
"FUN_18005c5d0"	18005c5d0	0x5c5d0	8	false
"FUN_18005c5e0"	18005c5e0	0x5c5e0	42	false
"FUN_18005c610"	18005c610	0x5c610	14	false
"FUN_18005c620"	18005c620	0x5c620	8	false
"FUN_18005c630"	18005c630	0x5c630	169	false
"FUN_18005c6e0"	18005c6e0	0x5c6e0	14	false
"FUN_18005c6f0"	18005c6f0	0x5c6f0	8	false
"FUN_18005c700"	18005c700	0x5c700	253	false
"FUN_18005c800"	18005c800	0x5c800	14	false
"FUN_18005c830"	18005c830	0x5c830	8	false
"FUN_18005c840"	18005c840	0x5c840	169	false
"FUN_18005c8f0"	18005c8f0	0x5c8f0	14	false
"FUN_18005c900"	18005c900	0x5c900	8	false
"FUN_18005c910"	18005c910	0x5c910	97	false
"FUN_18005c980"	18005c980	0x5c980	14	false
"FUN_18005c990"	18005c990	0x5c990	8	false
"thunk_FUN_18005b2e0"	18005c9a0	0x5c9a0	5	true
"FUN_18005c9b0"	18005c9b0	0x5c9b0	14	false
"FUN_18005c9c0"	18005c9c0	0x5c9c0	117	false
"FUN_18005ca40"	18005ca40	0x5ca40	8	false
"FUN_18005ca50"	18005ca50	0x5ca50	169	false
"FUN_18005cb00"	18005cb00	0x5cb00	14	false
"FUN_18005cb10"	18005cb10	0x5cb10	8	false
"FUN_18005cb20"	18005cb20	0x5cb20	312	false
"FUN_18005cc60"	18005cc60	0x5cc60	14	false
"FUN_18005cc70"	18005cc70	0x5cc70	8	false
"FUN_18005cc80"	18005cc80	0x5cc80	22	false
"FUN_18005cca0"	18005cca0	0x5cca0	8	false
"FUN_18005ccb0"	18005ccb0	0x5ccb0	133	false
"FUN_18005cd40"	18005cd40	0x5cd40	22	false
"FUN_18005cd60"	18005cd60	0x5cd60	221	false
"FUN_18005ce40"	18005ce40	0x5ce40	46	false
"FUN_18005ce70"	18005ce70	0x5ce70	146	false
"FUN_18005cf04"	18005cf04	0x5cf04	12	false
"FUN_18005cf10"	18005cf10	0x5cf10	91	false
"FUN_18005cf70"	18005cf70	0x5cf70	375	false
"FUN_18005d100"	18005d100	0x5d100	583	false
"FUN_18005d350"	18005d350	0x5d350	173	false
"FUN_18005d400"	18005d400	0x5d400	5	false
"FUN_18005d410"	18005d410	0x5d410	2357	false
"FUN_18005dd50"	18005dd50	0x5dd50	178	false
"FUN_18005de10"	18005de10	0x5de10	131	false
"FUN_18005dea0"	18005dea0	0x5dea0	43	false
"FUN_18005ded0"	18005ded0	0x5ded0	8	false
"FUN_18005dee0"	18005dee0	0x5dee0	9	false
"FUN_18005def0"	18005def0	0x5def0	22	false
"FUN_18005df10"	18005df10	0x5df10	1335	false
"FUN_18005e470"	18005e470	0x5e470	101	false
"FUN_18005e4e0"	18005e4e0	0x5e4e0	193	false
"FUN_18005e5b0"	18005e5b0	0x5e5b0	195	false
"FUN_18005e680"	18005e680	0x5e680	109	false
"FUN_18005e6f0"	18005e6f0	0x5e6f0	505	false
"FUN_18005e8f0"	18005e8f0	0x5e8f0	638	false
"FUN_18005eb70"	18005eb70	0x5eb70	807	false
"FUN_18005eea0"	18005eea0	0x5eea0	57	false
"FUN_18005ef00"	18005ef00	0x5ef00	43	false
"FUN_18005ef50"	18005ef50	0x5ef50	429	false
"FUN_18005f100"	18005f100	0x5f100	167	false
"FUN_18005f1b0"	18005f1b0	0x5f1b0	285	false
"FUN_18005f2d0"	18005f2d0	0x5f2d0	334	false
"FUN_18005f420"	18005f420	0x5f420	55	false
"FUN_18005f460"	18005f460	0x5f460	43	false
"FUN_18005f490"	18005f490	0x5f490	43	false
"FUN_18005f4c0"	18005f4c0	0x5f4c0	259	false
"FUN_18005f5d0"	18005f5d0	0x5f5d0	115	false
"FUN_18005f650"	18005f650	0x5f650	443	false
"FUN_18005f810"	18005f810	0x5f810	416	false
"FUN_18005f9b0"	18005f9b0	0x5f9b0	443	false
"FUN_18005fb70"	18005fb70	0x5fb70	759	false
"FUN_18005fe70"	18005fe70	0x5fe70	759	false
"FUN_180060170"	180060170	0x60170	373	false
"FUN_1800602f0"	1800602f0	0x602f0	778	false
"FUN_180060600"	180060600	0x60600	1161	false
"FUN_180060a90"	180060a90	0x60a90	778	false
"FUN_180060da0"	180060da0	0x60da0	171	false
"FUN_180060e50"	180060e50	0x60e50	358	false
"FUN_180060fc0"	180060fc0	0x60fc0	91	false
"FUN_180061020"	180061020	0x61020	370	false
"FUN_1800611a0"	1800611a0	0x611a0	587	false
"FUN_1800613f0"	1800613f0	0x613f0	131	false
"FUN_180061480"	180061480	0x61480	33	false
"FUN_1800614b0"	1800614b0	0x614b0	75	false
"FUN_180061500"	180061500	0x61500	24	false
"FUN_180061520"	180061520	0x61520	60	false
"FUN_180061560"	180061560	0x61560	33	false
"FUN_180061590"	180061590	0x61590	26	false
"FUN_1800615b0"	1800615b0	0x615b0	34	false
"FUN_1800615e0"	1800615e0	0x615e0	75	false
"FUN_180061640"	180061640	0x61640	93	false
"FUN_1800616a0"	1800616a0	0x616a0	167	false
"FUN_180061750"	180061750	0x61750	110	false
"FUN_1800617c0"	1800617c0	0x617c0	366	false
"FUN_180061960"	180061960	0x61960	393	false
"FUN_180061af0"	180061af0	0x61af0	43	false
"FUN_180061b20"	180061b20	0x61b20	43	false
"FUN_180061b50"	180061b50	0x61b50	94	false
"FUN_180061bb0"	180061bb0	0x61bb0	314	false
"FUN_180061cf0"	180061cf0	0x61cf0	66	false
"FUN_180061d40"	180061d40	0x61d40	66	false
"FUN_180061d90"	180061d90	0x61d90	461	false
"FUN_180061f60"	180061f60	0x61f60	79	false
"FUN_180061fb0"	180061fb0	0x61fb0	334	false
"FUN_180062100"	180062100	0x62100	776	false
"FUN_180062410"	180062410	0x62410	776	false
"FUN_180062720"	180062720	0x62720	185	false
"FUN_1800627e0"	1800627e0	0x627e0	474	false
"FUN_1800629c0"	1800629c0	0x629c0	398	false
"FUN_180062b50"	180062b50	0x62b50	1085	false
"FUN_180062f90"	180062f90	0x62f90	670	false
"FUN_180063230"	180063230	0x63230	700	false
"FUN_1800634f0"	1800634f0	0x634f0	137	false
"FUN_180063580"	180063580	0x63580	232	false
"FUN_180063670"	180063670	0x63670	11	false
"FUN_180063680"	180063680	0x63680	915	false
"FUN_180063a20"	180063a20	0x63a20	4	false
"FUN_180063a30"	180063a30	0x63a30	637	false
"FUN_180063cb0"	180063cb0	0x63cb0	85	false
"FUN_180063d10"	180063d10	0x63d10	101	false
"FUN_180063d80"	180063d80	0x63d80	89	false
"FUN_180063de0"	180063de0	0x63de0	17	false
"FUN_180063e00"	180063e00	0x63e00	17	false
"FUN_180063e20"	180063e20	0x63e20	106	false
"FUN_180063e90"	180063e90	0x63e90	62	false
"deallocate"	180063ed0	0x63ed0	66	false
"FUN_180063f20"	180063f20	0x63f20	39	false
"FUN_180063f50"	180063f50	0x63f50	168	false
"FUN_180064000"	180064000	0x64000	43	false
"FUN_180064030"	180064030	0x64030	47	false
"FUN_180064060"	180064060	0x64060	85	false
"FUN_1800640c0"	1800640c0	0x640c0	441	false
"FUN_180064280"	180064280	0x64280	43	false
"FUN_1800642b0"	1800642b0	0x642b0	132	false
"FUN_180064340"	180064340	0x64340	346	false
"FUN_1800644a0"	1800644a0	0x644a0	295	false
"FUN_1800645d0"	1800645d0	0x645d0	918	false
"FUN_180064970"	180064970	0x64970	322	false
"FUN_180064ac0"	180064ac0	0x64ac0	364	false
"FUN_180064c30"	180064c30	0x64c30	254	false
"PreLoad"	180064d2f	0x64d2f	6	true
"PostLoad"	180064d35	0x64d35	6	true
"PreLoad"	180064d3b	0x64d3b	6	true
"PreLoad"	180064d41	0x64d41	6	true
"PostLoad"	180064d47	0x64d47	6	true
"PostLoad"	180064d4d	0x64d4d	6	true
"PreLoad"	180064d53	0x64d53	6	true
"PreLoad"	180064d59	0x64d59	6	true
"Run"	180064d5f	0x64d5f	6	true
"Start"	180064d65	0x64d65	6	true
"cef_string_utf16_clear"	180064d6b	0x64d6b	6	true
"FUN_180064d80"	180064d80	0x64d80	397	false
"FUN_180064f10"	180064f10	0x64f10	37	false
"FUN_180064f40"	180064f40	0x64f40	43	false
"FUN_180064f70"	180064f70	0x64f70	37	false
"FUN_180064fa0"	180064fa0	0x64fa0	107	false
"FUN_180065010"	180065010	0x65010	28	false
"FUN_180065030"	180065030	0x65030	119	false
"FUN_1800650b0"	1800650b0	0x650b0	139	false
"FUN_180065140"	180065140	0x65140	39	false
"FUN_180065170"	180065170	0x65170	157	false
"FUN_180065210"	180065210	0x65210	148	false
"FUN_1800652b0"	1800652b0	0x652b0	157	false
"FUN_180065350"	180065350	0x65350	146	false
"FUN_1800653f0"	1800653f0	0x653f0	143	false
"FUN_180065480"	180065480	0x65480	157	false
"FUN_180065520"	180065520	0x65520	114	false
"FUN_1800655a0"	1800655a0	0x655a0	384	false
"FUN_180065720"	180065720	0x65720	140	false
"FUN_1800657b0"	1800657b0	0x657b0	157	false
"FUN_180065850"	180065850	0x65850	92	false
"FUN_1800658b0"	1800658b0	0x658b0	114	false
"FUN_180065930"	180065930	0x65930	114	false
"FUN_1800659b0"	1800659b0	0x659b0	265	false
"FUN_180065ac0"	180065ac0	0x65ac0	119	false
"FUN_180065b40"	180065b40	0x65b40	119	false
"FUN_180065bc0"	180065bc0	0x65bc0	265	false
"FUN_180065cd0"	180065cd0	0x65cd0	119	false
"FUN_180065d50"	180065d50	0x65d50	208	false
"FUN_180065e20"	180065e20	0x65e20	145	false
"FUN_180065ec0"	180065ec0	0x65ec0	269	false
"FUN_180065fd0"	180065fd0	0x65fd0	147	false
"FUN_180066070"	180066070	0x66070	269	false
"FUN_180066180"	180066180	0x66180	153	false
"FUN_180066220"	180066220	0x66220	146	false
"FUN_1800662c0"	1800662c0	0x662c0	269	false
"FUN_1800663d0"	1800663d0	0x663d0	148	false
"FUN_180066470"	180066470	0x66470	145	false
"FUN_180066510"	180066510	0x66510	146	false
"FUN_1800665b0"	1800665b0	0x665b0	269	false
"FUN_1800666c0"	1800666c0	0x666c0	100	false
"FUN_180066730"	180066730	0x66730	114	false
"FUN_1800667b0"	1800667b0	0x667b0	234	false
"FUN_1800668a0"	1800668a0	0x668a0	234	false
"FUN_180066990"	180066990	0x66990	273	false
"FUN_180066ab0"	180066ab0	0x66ab0	234	false
"FUN_180066ba0"	180066ba0	0x66ba0	416	false
"FUN_180066d40"	180066d40	0x66d40	419	false
"FUN_180066ef0"	180066ef0	0x66ef0	422	false
"FUN_1800670a0"	1800670a0	0x670a0	419	false
"FUN_180067250"	180067250	0x67250	233	false
"FUN_180067340"	180067340	0x67340	85	false
"FUN_1800673a0"	1800673a0	0x673a0	253	false
"FUN_1800674a0"	1800674a0	0x674a0	258	false
"FUN_1800675c0"	1800675c0	0x675c0	239	false
"FUN_1800676b0"	1800676b0	0x676b0	130	false
"FUN_180067740"	180067740	0x67740	34	false
"FUN_180067770"	180067770	0x67770	107	false
"FUN_1800677e0"	1800677e0	0x677e0	245	false
"FUN_1800678e0"	1800678e0	0x678e0	28	false
"FUN_180067900"	180067900	0x67900	138	false
"FUN_180067990"	180067990	0x67990	146	false
"FUN_180067a30"	180067a30	0x67a30	146	false
"FUN_180067ad0"	180067ad0	0x67ad0	122	false
"FUN_180067b50"	180067b50	0x67b50	108	false
"FUN_180067bc0"	180067bc0	0x67bc0	351	false
"FUN_180067d20"	180067d20	0x67d20	307	false
"FUN_180067e60"	180067e60	0x67e60	154	false
"FUN_180067f00"	180067f00	0x67f00	108	false
"FUN_180067f70"	180067f70	0x67f70	245	false
"FUN_180068070"	180068070	0x68070	108	false
"FUN_1800680e0"	1800680e0	0x680e0	141	false
"FUN_180068170"	180068170	0x68170	126	false
"FUN_1800681f0"	1800681f0	0x681f0	139	false
"FUN_180068280"	180068280	0x68280	293	false
"FUN_1800683b0"	1800683b0	0x683b0	125	false
"FUN_180068430"	180068430	0x68430	183	false
"FUN_1800684f0"	1800684f0	0x684f0	139	false
"FUN_180068580"	180068580	0x68580	139	false
"FUN_180068610"	180068610	0x68610	120	false
"FUN_180068690"	180068690	0x68690	240	false
"FUN_180068780"	180068780	0x68780	114	false
"FUN_180068800"	180068800	0x68800	114	false
"FUN_180068880"	180068880	0x68880	139	false
"FUN_180068910"	180068910	0x68910	117	false
"FUN_180068990"	180068990	0x68990	142	false
"FUN_180068a20"	180068a20	0x68a20	114	false
"FUN_180068aa0"	180068aa0	0x68aa0	117	false
"FUN_180068b20"	180068b20	0x68b20	92	false
"FUN_180068b80"	180068b80	0x68b80	120	false
"FUN_180068c00"	180068c00	0x68c00	114	false
"FUN_180068c80"	180068c80	0x68c80	122	false
"FUN_180068d00"	180068d00	0x68d00	114	false
"FUN_180068d80"	180068d80	0x68d80	119	false
"FUN_180068e00"	180068e00	0x68e00	108	false
"FUN_180068e70"	180068e70	0x68e70	158	false
"FUN_180068f10"	180068f10	0x68f10	125	false
"FUN_180068f90"	180068f90	0x68f90	307	false
"FUN_1800690d0"	1800690d0	0x690d0	124	false
"FUN_180069150"	180069150	0x69150	122	false
"FUN_1800691d0"	1800691d0	0x691d0	122	false
"FUN_180069250"	180069250	0x69250	119	false
"FUN_1800692d0"	1800692d0	0x692d0	122	false
"FUN_180069350"	180069350	0x69350	122	false
"FUN_1800693d0"	1800693d0	0x693d0	108	false
"FUN_180069440"	180069440	0x69440	108	false
"FUN_1800694b0"	1800694b0	0x694b0	108	false
"FUN_180069520"	180069520	0x69520	260	false
"FUN_180069630"	180069630	0x69630	208	false
"FUN_180069700"	180069700	0x69700	138	false
"FUN_180069790"	180069790	0x69790	336	false
"FUN_1800698e0"	1800698e0	0x698e0	108	false
"FUN_180069950"	180069950	0x69950	155	false
"FUN_1800699f0"	1800699f0	0x699f0	108	false
"FUN_180069a60"	180069a60	0x69a60	126	false
"FUN_180069ae0"	180069ae0	0x69ae0	169	false
"FUN_180069b90"	180069b90	0x69b90	142	false
"FUN_180069c20"	180069c20	0x69c20	156	false
"FUN_180069cc0"	180069cc0	0x69cc0	126	false
"FUN_180069d40"	180069d40	0x69d40	124	false
"FUN_180069dc0"	180069dc0	0x69dc0	125	false
"FUN_180069e40"	180069e40	0x69e40	155	false
"FUN_180069ee0"	180069ee0	0x69ee0	122	false
"FUN_180069f60"	180069f60	0x69f60	124	false
"FUN_180069fe0"	180069fe0	0x69fe0	130	false
"FUN_18006a070"	18006a070	0x6a070	256	false
"FUN_18006a170"	18006a170	0x6a170	138	false
"FUN_18006a200"	18006a200	0x6a200	125	false
"FUN_18006a280"	18006a280	0x6a280	119	false
"FUN_18006a300"	18006a300	0x6a300	100	false
"FUN_18006a370"	18006a370	0x6a370	114	false
"FUN_18006a3f0"	18006a3f0	0x6a3f0	234	false
"FUN_18006a4e0"	18006a4e0	0x6a4e0	234	false
"FUN_18006a5d0"	18006a5d0	0x6a5d0	155	false
"FUN_18006a670"	18006a670	0x6a670	125	false
"FUN_18006a6f0"	18006a6f0	0x6a6f0	108	false
"FUN_18006a760"	18006a760	0x6a760	419	false
"FUN_18006a910"	18006a910	0x6a910	416	false
"FUN_18006aab0"	18006aab0	0x6aab0	411	false
"FUN_18006ac50"	18006ac50	0x6ac50	419	false
"FUN_18006ae00"	18006ae00	0x6ae00	133	false
"FUN_18006ae90"	18006ae90	0x6ae90	133	false
"FUN_18006af20"	18006af20	0x6af20	133	false
"FUN_18006afb0"	18006afb0	0x6afb0	133	false
"FUN_18006b040"	18006b040	0x6b040	133	false
"FUN_18006b0d0"	18006b0d0	0x6b0d0	133	false
"FUN_18006b160"	18006b160	0x6b160	124	false
"FUN_18006b1e0"	18006b1e0	0x6b1e0	130	false
"FUN_18006b270"	18006b270	0x6b270	107	false
"FUN_18006b2e0"	18006b2e0	0x6b2e0	45	false
"FUN_18006b310"	18006b310	0x6b310	88	false
"FUN_18006b370"	18006b370	0x6b370	101	false
"FUN_18006b3e0"	18006b3e0	0x6b3e0	51	false
"FUN_18006b420"	18006b420	0x6b420	51	false
"FUN_18006b460"	18006b460	0x6b460	45	false
"FUN_18006b490"	18006b490	0x6b490	45	false
"FUN_18006b4c0"	18006b4c0	0x6b4c0	225	false
"FUN_18006b5b0"	18006b5b0	0x6b5b0	56	false
"FUN_18006b5f0"	18006b5f0	0x6b5f0	225	false
"FUN_18006b6e0"	18006b6e0	0x6b6e0	56	false
"FUN_18006b720"	18006b720	0x6b720	161	false
"FUN_18006b7d0"	18006b7d0	0x6b7d0	142	false
"FUN_18006b860"	18006b860	0x6b860	130	false
"FUN_18006b8f0"	18006b8f0	0x6b8f0	107	false
"FUN_18006b960"	18006b960	0x6b960	28	false
"FUN_18006b980"	18006b980	0x6b980	119	false
"FUN_18006ba00"	18006ba00	0x6ba00	154	false
"FUN_18006baa0"	18006baa0	0x6baa0	173	false
"FUN_18006bb50"	18006bb50	0x6bb50	162	false
"FUN_18006bc00"	18006bc00	0x6bc00	173	false
"FUN_18006bcb0"	18006bcb0	0x6bcb0	158	false
"FUN_18006bd50"	18006bd50	0x6bd50	157	false
"FUN_18006bdf0"	18006bdf0	0x6bdf0	324	false
"FUN_18006bf40"	18006bf40	0x6bf40	173	false
"FUN_18006bff0"	18006bff0	0x6bff0	114	false
"FUN_18006c070"	18006c070	0x6c070	405	false
"FUN_18006c210"	18006c210	0x6c210	157	false
"FUN_18006c2b0"	18006c2b0	0x6c2b0	173	false
"FUN_18006c360"	18006c360	0x6c360	114	false
"FUN_18006c3e0"	18006c3e0	0x6c3e0	159	false
"FUN_18006c480"	18006c480	0x6c480	114	false
"FUN_18006c500"	18006c500	0x6c500	265	false
"FUN_18006c610"	18006c610	0x6c610	119	false
"FUN_18006c690"	18006c690	0x6c690	119	false
"FUN_18006c710"	18006c710	0x6c710	265	false
"FUN_18006c820"	18006c820	0x6c820	119	false
"FUN_18006c8a0"	18006c8a0	0x6c8a0	208	false
"FUN_18006c970"	18006c970	0x6c970	159	false
"FUN_18006ca10"	18006ca10	0x6ca10	286	false
"FUN_18006cb30"	18006cb30	0x6cb30	163	false
"FUN_18006cbe0"	18006cbe0	0x6cbe0	286	false
"FUN_18006cd00"	18006cd00	0x6cd00	169	false
"FUN_18006cdb0"	18006cdb0	0x6cdb0	162	false
"FUN_18006ce60"	18006ce60	0x6ce60	286	false
"FUN_18006cf80"	18006cf80	0x6cf80	162	false
"FUN_18006d030"	18006d030	0x6d030	162	false
"FUN_18006d0e0"	18006d0e0	0x6d0e0	286	false
"FUN_18006d200"	18006d200	0x6d200	100	false
"FUN_18006d270"	18006d270	0x6d270	114	false
"FUN_18006d2f0"	18006d2f0	0x6d2f0	142	false
"FUN_18006d380"	18006d380	0x6d380	130	false
"FUN_18006d410"	18006d410	0x6d410	107	false
"FUN_18006d480"	18006d480	0x6d480	28	false
"FUN_18006d4a0"	18006d4a0	0x6d4a0	139	false
"FUN_18006d530"	18006d530	0x6d530	142	false
"FUN_18006d5c0"	18006d5c0	0x6d5c0	119	false
"FUN_18006d640"	18006d640	0x6d640	142	false
"FUN_18006d6d0"	18006d6d0	0x6d6d0	117	false
"FUN_18006d750"	18006d750	0x6d750	114	false
"FUN_18006d7d0"	18006d7d0	0x6d7d0	142	false
"FUN_18006d860"	18006d860	0x6d860	375	false
"FUN_18006d9e0"	18006d9e0	0x6d9e0	114	false
"FUN_18006da60"	18006da60	0x6da60	114	false
"FUN_18006dae0"	18006dae0	0x6dae0	114	false
"FUN_18006db60"	18006db60	0x6db60	265	false
"FUN_18006dc70"	18006dc70	0x6dc70	119	false
"FUN_18006dcf0"	18006dcf0	0x6dcf0	119	false
"FUN_18006dd70"	18006dd70	0x6dd70	265	false
"FUN_18006de80"	18006de80	0x6de80	119	false
"FUN_18006df00"	18006df00	0x6df00	208	false
"FUN_18006dfd0"	18006dfd0	0x6dfd0	268	false
"FUN_18006e0e0"	18006e0e0	0x6e0e0	147	false
"FUN_18006e180"	18006e180	0x6e180	268	false
"FUN_18006e290"	18006e290	0x6e290	152	false
"FUN_18006e330"	18006e330	0x6e330	146	false
"FUN_18006e3d0"	18006e3d0	0x6e3d0	268	false
"FUN_18006e4e0"	18006e4e0	0x6e4e0	122	false
"FUN_18006e560"	18006e560	0x6e560	148	false
"FUN_18006e600"	18006e600	0x6e600	100	false
"FUN_18006e670"	18006e670	0x6e670	114	false
"FUN_18006e6f0"	18006e6f0	0x6e6f0	142	false
"FUN_18006e780"	18006e780	0x6e780	384	false
"FUN_18006e900"	18006e900	0x6e900	43	false
"FUN_18006e930"	18006e930	0x6e930	46	false
"FUN_18006e9a0"	18006e9a0	0x6e9a0	82	false
"FUN_18006ea00"	18006ea00	0x6ea00	159	false
"FUN_18006eaa0"	18006eaa0	0x6eaa0	419	false
"FUN_18006ec50"	18006ec50	0x6ec50	416	false
"FUN_18006edf0"	18006edf0	0x6edf0	133	false
"FUN_18006ee80"	18006ee80	0x6ee80	133	false
"FUN_18006ef10"	18006ef10	0x6ef10	133	false
"FUN_18006efa0"	18006efa0	0x6efa0	133	false
"FUN_18006f030"	18006f030	0x6f030	133	false
"FUN_18006f0c0"	18006f0c0	0x6f0c0	133	false
"FUN_18006f150"	18006f150	0x6f150	133	false
"FUN_18006f1e0"	18006f1e0	0x6f1e0	133	false
"FUN_18006f270"	18006f270	0x6f270	133	false
"FUN_18006f300"	18006f300	0x6f300	133	false
"FUN_18006f390"	18006f390	0x6f390	133	false
"FUN_18006f420"	18006f420	0x6f420	133	false
"FUN_18006f4b0"	18006f4b0	0x6f4b0	133	false
"FUN_18006f540"	18006f540	0x6f540	133	false
"FUN_18006f5d0"	18006f5d0	0x6f5d0	133	false
"FUN_18006f660"	18006f660	0x6f660	133	false
"FUN_18006f6f0"	18006f6f0	0x6f6f0	133	false
"FUN_18006f780"	18006f780	0x6f780	133	false
"FUN_18006f810"	18006f810	0x6f810	298	false
"FUN_18006f940"	18006f940	0x6f940	299	false
"FUN_18006fa70"	18006fa70	0x6fa70	299	false
"FUN_18006fba0"	18006fba0	0x6fba0	299	false
"FUN_18006fcd0"	18006fcd0	0x6fcd0	299	false
"FUN_18006fe00"	18006fe00	0x6fe00	299	false
"FUN_18006ff30"	18006ff30	0x6ff30	299	false
"FUN_180070060"	180070060	0x70060	299	false
"FUN_180070190"	180070190	0x70190	299	false
"FUN_1800702c0"	1800702c0	0x702c0	299	false
"FUN_1800703f0"	1800703f0	0x703f0	299	false
"FUN_180070520"	180070520	0x70520	299	false
"FUN_180070650"	180070650	0x70650	299	false
"FUN_180070780"	180070780	0x70780	299	false
"FUN_1800708b0"	1800708b0	0x708b0	299	false
"FUN_1800709e0"	1800709e0	0x709e0	299	false
"FUN_180070b10"	180070b10	0x70b10	302	false
"FUN_180070c40"	180070c40	0x70c40	302	false
"FUN_180070d70"	180070d70	0x70d70	356	false
"FUN_180070ee0"	180070ee0	0x70ee0	112	false
"FUN_180070f50"	180070f50	0x70f50	126	false
"FUN_180070fd0"	180070fd0	0x70fd0	126	false
"FUN_180071050"	180071050	0x71050	126	false
"FUN_1800710d0"	1800710d0	0x710d0	174	false
"FUN_180071180"	180071180	0x71180	43	false
"FUN_1800711b0"	1800711b0	0x711b0	72	false
"FUN_180071200"	180071200	0x71200	43	false
"FUN_180071230"	180071230	0x71230	79	false
"FUN_180071280"	180071280	0x71280	224	false
"FUN_180071360"	180071360	0x71360	224	false
"FUN_180071440"	180071440	0x71440	329	false
"FUN_180071590"	180071590	0x71590	271	false
"FUN_1800716a0"	1800716a0	0x716a0	285	false
"FUN_1800717c0"	1800717c0	0x717c0	112	false
"FUN_180071830"	180071830	0x71830	126	false
"FUN_1800718b0"	1800718b0	0x718b0	126	false
"FUN_180071930"	180071930	0x71930	126	false
"FUN_1800719b0"	1800719b0	0x719b0	122	false
"FUN_180071a30"	180071a30	0x71a30	43	false
"FUN_180071a60"	180071a60	0x71a60	72	false
"FUN_180071ab0"	180071ab0	0x71ab0	43	false
"FUN_180071ae0"	180071ae0	0x71ae0	79	false
"FUN_180071b30"	180071b30	0x71b30	419	false
"FUN_180071ce0"	180071ce0	0x71ce0	306	false
"FUN_180071e20"	180071e20	0x71e20	112	false
"FUN_180071e90"	180071e90	0x71e90	126	false
"FUN_180071f10"	180071f10	0x71f10	126	false
"FUN_180071f90"	180071f90	0x71f90	126	false
"FUN_180072010"	180072010	0x72010	122	false
"FUN_180072090"	180072090	0x72090	277	false
"FUN_1800721b0"	1800721b0	0x721b0	112	false
"FUN_180072220"	180072220	0x72220	126	false
"FUN_1800722a0"	1800722a0	0x722a0	126	false
"FUN_180072320"	180072320	0x72320	126	false
"FUN_1800723a0"	1800723a0	0x723a0	122	false
"FUN_180072420"	180072420	0x72420	438	false
"FUN_1800725e0"	1800725e0	0x725e0	226	false
"FUN_1800726d0"	1800726d0	0x726d0	35	false
"FUN_180072700"	180072700	0x72700	41	false
"FUN_180072730"	180072730	0x72730	41	false
"FUN_180072760"	180072760	0x72760	41	false
"FUN_180072790"	180072790	0x72790	122	false
"FUN_180072810"	180072810	0x72810	186	false
"FUN_1800728d0"	1800728d0	0x728d0	438	false
"FUN_180072a90"	180072a90	0x72a90	304	false
"FUN_180072bd0"	180072bd0	0x72bd0	35	false
"FUN_180072c00"	180072c00	0x72c00	41	false
"FUN_180072c30"	180072c30	0x72c30	41	false
"FUN_180072c60"	180072c60	0x72c60	41	false
"FUN_180072c90"	180072c90	0x72c90	130	false
"FUN_180072d20"	180072d20	0x72d20	107	false
"FUN_180072d90"	180072d90	0x72d90	28	false
"FUN_180072db0"	180072db0	0x72db0	119	false
"FUN_180072e30"	180072e30	0x72e30	119	false
"FUN_180072eb0"	180072eb0	0x72eb0	142	false
"FUN_180072f40"	180072f40	0x72f40	173	false
"FUN_180072ff0"	180072ff0	0x72ff0	157	false
"FUN_180073090"	180073090	0x73090	117	false
"FUN_180073110"	180073110	0x73110	213	false
"FUN_1800731f0"	1800731f0	0x731f0	213	false
"FUN_1800732d0"	1800732d0	0x732d0	139	false
"FUN_180073360"	180073360	0x73360	114	false
"FUN_1800733e0"	1800733e0	0x733e0	142	false
"FUN_180073470"	180073470	0x73470	105	false
"FUN_1800734e0"	1800734e0	0x734e0	105	false
"FUN_180073550"	180073550	0x73550	114	false
"FUN_1800735d0"	1800735d0	0x735d0	122	false
"FUN_180073650"	180073650	0x73650	114	false
"FUN_1800736d0"	1800736d0	0x736d0	119	false
"FUN_180073750"	180073750	0x73750	122	false
"FUN_1800737d0"	1800737d0	0x737d0	268	false
"FUN_1800738e0"	1800738e0	0x738e0	119	false
"FUN_180073960"	180073960	0x73960	208	false
"FUN_180073a30"	180073a30	0x73a30	105	false
"FUN_180073aa0"	180073aa0	0x73aa0	105	false
"FUN_180073b10"	180073b10	0x73b10	105	false
"FUN_180073b80"	180073b80	0x73b80	100	false
"FUN_180073bf0"	180073bf0	0x73bf0	114	false
"FUN_180073c70"	180073c70	0x73c70	273	false
"FUN_180073d90"	180073d90	0x73d90	419	false
"FUN_180073f40"	180073f40	0x73f40	113	false
"FUN_180073fc0"	180073fc0	0x73fc0	107	false
"FUN_180074030"	180074030	0x74030	153	false
"FUN_1800740d0"	1800740d0	0x740d0	28	false
"FUN_1800740f0"	1800740f0	0x740f0	108	false
"FUN_180074160"	180074160	0x74160	139	false
"FUN_1800741f0"	1800741f0	0x741f0	262	false
"FUN_180074300"	180074300	0x74300	378	false
"FUN_180074480"	180074480	0x74480	244	false
"FUN_180074580"	180074580	0x74580	244	false
"FUN_180074680"	180074680	0x74680	375	false
"FUN_180074800"	180074800	0x74800	375	false
"FUN_180074980"	180074980	0x74980	375	false
"FUN_180074b00"	180074b00	0x74b00	142	false
"FUN_180074b90"	180074b90	0x74b90	129	false
"FUN_180074c20"	180074c20	0x74c20	375	false
"FUN_180074da0"	180074da0	0x74da0	375	false
"FUN_180074f20"	180074f20	0x74f20	375	false
"FUN_1800750a0"	1800750a0	0x750a0	114	false
"FUN_180075120"	180075120	0x75120	122	false
"FUN_1800751a0"	1800751a0	0x751a0	114	false
"FUN_180075220"	180075220	0x75220	119	false
"FUN_1800752a0"	1800752a0	0x752a0	119	false
"FUN_180075320"	180075320	0x75320	119	false
"FUN_1800753a0"	1800753a0	0x753a0	119	false
"FUN_180075420"	180075420	0x75420	208	false
"FUN_1800754f0"	1800754f0	0x754f0	108	false
"FUN_180075560"	180075560	0x75560	126	false
"FUN_1800755e0"	1800755e0	0x755e0	126	false
"FUN_180075660"	180075660	0x75660	126	false
"FUN_1800756e0"	1800756e0	0x756e0	126	false
"FUN_180075760"	180075760	0x75760	126	false
"FUN_1800757e0"	1800757e0	0x757e0	126	false
"FUN_180075860"	180075860	0x75860	100	false
"FUN_1800758d0"	1800758d0	0x758d0	114	false
"FUN_180075950"	180075950	0x75950	234	false
"FUN_180075a40"	180075a40	0x75a40	142	false
"FUN_180075ad0"	180075ad0	0x75ad0	422	false
"FUN_180075c80"	180075c80	0x75c80	130	false
"FUN_180075d10"	180075d10	0x75d10	107	false
"FUN_180075d80"	180075d80	0x75d80	28	false
"FUN_180075da0"	180075da0	0x75da0	126	false
"FUN_180075e20"	180075e20	0x75e20	375	false
"FUN_180075fa0"	180075fa0	0x75fa0	114	false
"FUN_180076020"	180076020	0x76020	375	false
"FUN_1800761a0"	1800761a0	0x761a0	139	false
"FUN_180076230"	180076230	0x76230	375	false
"FUN_1800763b0"	1800763b0	0x763b0	119	false
"FUN_180076430"	180076430	0x76430	375	false
"FUN_1800765b0"	1800765b0	0x765b0	114	false
"FUN_180076630"	180076630	0x76630	114	false
"FUN_1800766b0"	1800766b0	0x766b0	119	false
"FUN_180076730"	180076730	0x76730	119	false
"FUN_1800767b0"	1800767b0	0x767b0	208	false
"FUN_180076880"	180076880	0x76880	100	false
"FUN_1800768f0"	1800768f0	0x768f0	114	false
"FUN_180076970"	180076970	0x76970	416	false
"FUN_180076b10"	180076b10	0x76b10	93	false
"FUN_180076b70"	180076b70	0x76b70	47	false
"FUN_180076ba0"	180076ba0	0x76ba0	37	false
"FUN_180076bd0"	180076bd0	0x76bd0	96	false
"FUN_180076c30"	180076c30	0x76c30	45	false
"FUN_180076c60"	180076c60	0x76c60	45	false
"FUN_180076c90"	180076c90	0x76c90	45	false
"FUN_180076cc0"	180076cc0	0x76cc0	150	false
"FUN_180076d60"	180076d60	0x76d60	160	false
"FUN_180076e00"	180076e00	0x76e00	78	false
"FUN_180076e50"	180076e50	0x76e50	254	false
"FUN_180076f50"	180076f50	0x76f50	28	false
"FUN_180076f70"	180076f70	0x76f70	240	false
"FUN_180077060"	180077060	0x77060	154	false
"FUN_180077100"	180077100	0x77100	220	false
"FUN_1800771e0"	1800771e0	0x771e0	220	false
"FUN_1800772c0"	1800772c0	0x772c0	117	false
"FUN_180077340"	180077340	0x77340	220	false
"FUN_180077420"	180077420	0x77420	149	false
"FUN_1800774c0"	1800774c0	0x774c0	370	false
"FUN_180077640"	180077640	0x77640	112	false
"FUN_1800776b0"	1800776b0	0x776b0	112	false
"FUN_180077720"	180077720	0x77720	112	false
"FUN_180077790"	180077790	0x77790	153	false
"FUN_180077830"	180077830	0x77830	235	false
"FUN_180077920"	180077920	0x77920	134	false
"FUN_1800779b0"	1800779b0	0x779b0	235	false
"FUN_180077aa0"	180077aa0	0x77aa0	165	false
"FUN_180077b50"	180077b50	0x77b50	177	false
"FUN_180077c10"	180077c10	0x77c10	114	false
"FUN_180077c90"	180077c90	0x77c90	114	false
"FUN_180077d10"	180077d10	0x77d10	154	false
"FUN_180077db0"	180077db0	0x77db0	114	false
"FUN_180077e30"	180077e30	0x77e30	262	false
"FUN_180077f40"	180077f40	0x77f40	262	false
"FUN_180078050"	180078050	0x78050	298	false
"FUN_180078180"	180078180	0x78180	224	false
"FUN_180078260"	180078260	0x78260	242	false
"FUN_180078360"	180078360	0x78360	134	false
"FUN_1800783f0"	1800783f0	0x783f0	165	false
"FUN_1800784a0"	1800784a0	0x784a0	342	false
"FUN_180078600"	180078600	0x78600	268	false
"FUN_180078710"	180078710	0x78710	100	false
"FUN_180078780"	180078780	0x78780	114	false
"FUN_180078800"	180078800	0x78800	155	false
"FUN_1800788a0"	1800788a0	0x788a0	142	false
"FUN_180078930"	180078930	0x78930	416	false
"FUN_180078ad0"	180078ad0	0x78ad0	416	false
"FUN_180078c70"	180078c70	0x78c70	133	false
"FUN_180078d00"	180078d00	0x78d00	133	false
"FUN_180078d90"	180078d90	0x78d90	133	false
"FUN_180078e20"	180078e20	0x78e20	133	false
"FUN_180078eb0"	180078eb0	0x78eb0	133	false
"FUN_180078f40"	180078f40	0x78f40	96	false
"FUN_180078fa0"	180078fa0	0x78fa0	340	false
"FUN_180079100"	180079100	0x79100	376	false
"FUN_180079280"	180079280	0x79280	484	false
"FUN_180079470"	180079470	0x79470	96	false
"FUN_1800794d0"	1800794d0	0x794d0	132	false
"FUN_180079560"	180079560	0x79560	144	false
"FUN_1800795f0"	1800795f0	0x795f0	96	false
"FUN_180079650"	180079650	0x79650	104	false
"FUN_1800796c0"	1800796c0	0x796c0	112	false
"FUN_180079730"	180079730	0x79730	603	false
"FUN_180079990"	180079990	0x79990	94	false
"FUN_1800799f0"	1800799f0	0x799f0	323	false
"FUN_180079b40"	180079b40	0x79b40	148	false
"FUN_180079be0"	180079be0	0x79be0	596	false
"FUN_180079e40"	180079e40	0x79e40	148	false
"FUN_180079ee0"	180079ee0	0x79ee0	596	false
"FUN_18007a140"	18007a140	0x7a140	174	false
"FUN_18007a1f0"	18007a1f0	0x7a1f0	135	false
"FUN_18007a280"	18007a280	0x7a280	262	false
"FUN_18007a390"	18007a390	0x7a390	302	false
"FUN_18007a4c0"	18007a4c0	0x7a4c0	277	false
"FUN_18007a5e0"	18007a5e0	0x7a5e0	232	false
"FUN_18007a6d0"	18007a6d0	0x7a6d0	224	false
"FUN_18007a7b0"	18007a7b0	0x7a7b0	112	false
"FUN_18007a820"	18007a820	0x7a820	126	false
"FUN_18007a8a0"	18007a8a0	0x7a8a0	126	false
"FUN_18007a920"	18007a920	0x7a920	126	false
"FUN_18007a9a0"	18007a9a0	0x7a9a0	174	false
"FUN_18007aa50"	18007aa50	0x7aa50	249	false
"FUN_18007ab50"	18007ab50	0x7ab50	249	false
"FUN_18007ac50"	18007ac50	0x7ac50	206	false
"FUN_18007ad20"	18007ad20	0x7ad20	206	false
"FUN_18007adf0"	18007adf0	0x7adf0	262	false
"FUN_18007af00"	18007af00	0x7af00	112	false
"FUN_18007af70"	18007af70	0x7af70	126	false
"FUN_18007aff0"	18007aff0	0x7aff0	126	false
"FUN_18007b070"	18007b070	0x7b070	126	false
"FUN_18007b0f0"	18007b0f0	0x7b0f0	203	false
"FUN_18007b1c0"	18007b1c0	0x7b1c0	43	false
"FUN_18007b1f0"	18007b1f0	0x7b1f0	72	false
"FUN_18007b240"	18007b240	0x7b240	46	false
"FUN_18007b270"	18007b270	0x7b270	135	false
"FUN_18007b300"	18007b300	0x7b300	92	false
"FUN_18007b360"	18007b360	0x7b360	92	false
"FUN_18007b3c0"	18007b3c0	0x7b3c0	92	false
"FUN_18007b420"	18007b420	0x7b420	82	false
"FUN_18007b480"	18007b480	0x7b480	419	false
"FUN_18007b630"	18007b630	0x7b630	419	false
"FUN_18007b7e0"	18007b7e0	0x7b7e0	416	false
"FUN_18007b980"	18007b980	0x7b980	416	false
"FUN_18007bb20"	18007bb20	0x7bb20	384	false
"FUN_18007bca0"	18007bca0	0x7bca0	356	false
"FUN_18007be10"	18007be10	0x7be10	277	false
"FUN_18007bf30"	18007bf30	0x7bf30	310	false
"FUN_18007c070"	18007c070	0x7c070	277	false
"FUN_18007c190"	18007c190	0x7c190	444	false
"FUN_18007c350"	18007c350	0x7c350	338	false
"FUN_18007c4b0"	18007c4b0	0x7c4b0	112	false
"FUN_18007c520"	18007c520	0x7c520	126	false
"FUN_18007c5a0"	18007c5a0	0x7c5a0	126	false
"FUN_18007c620"	18007c620	0x7c620	126	false
"FUN_18007c6a0"	18007c6a0	0x7c6a0	122	false
"FUN_18007c720"	18007c720	0x7c720	92	false
"FUN_18007c780"	18007c780	0x7c780	416	false
"FUN_18007c920"	18007c920	0x7c920	1027	false
"FUN_18007cd30"	18007cd30	0x7cd30	112	false
"FUN_18007cda0"	18007cda0	0x7cda0	126	false
"FUN_18007ce20"	18007ce20	0x7ce20	126	false
"FUN_18007cea0"	18007cea0	0x7cea0	126	false
"FUN_18007cf20"	18007cf20	0x7cf20	273	false
"FUN_18007d040"	18007d040	0x7d040	43	false
"FUN_18007d070"	18007d070	0x7d070	72	false
"FUN_18007d0c0"	18007d0c0	0x7d0c0	46	false
"FUN_18007d0f0"	18007d0f0	0x7d0f0	135	false
"FUN_18007d180"	18007d180	0x7d180	82	false
"FUN_18007d1e0"	18007d1e0	0x7d1e0	354	false
"FUN_18007d350"	18007d350	0x7d350	173	false
"FUN_18007d400"	18007d400	0x7d400	441	false
"FUN_18007d5c0"	18007d5c0	0x7d5c0	209	false
"FUN_18007d6a0"	18007d6a0	0x7d6a0	408	false
"FUN_18007d840"	18007d840	0x7d840	245	false
"FUN_18007d940"	18007d940	0x7d940	246	false
"FUN_18007da40"	18007da40	0x7da40	263	false
"FUN_18007db50"	18007db50	0x7db50	312	false
"FUN_18007dc90"	18007dc90	0x7dc90	312	false
"FUN_18007ddd0"	18007ddd0	0x7ddd0	304	false
"FUN_18007df00"	18007df00	0x7df00	112	false
"FUN_18007df70"	18007df70	0x7df70	126	false
"FUN_18007dff0"	18007dff0	0x7dff0	126	false
"FUN_18007e070"	18007e070	0x7e070	126	false
"FUN_18007e0f0"	18007e0f0	0x7e0f0	148	false
"FUN_18007e190"	18007e190	0x7e190	43	false
"FUN_18007e1c0"	18007e1c0	0x7e1c0	72	false
"FUN_18007e210"	18007e210	0x7e210	43	false
"FUN_18007e240"	18007e240	0x7e240	92	false
"FUN_18007e2a0"	18007e2a0	0x7e2a0	92	false
"FUN_18007e300"	18007e300	0x7e300	92	false
"FUN_18007e360"	18007e360	0x7e360	79	false
"FUN_18007e3b0"	18007e3b0	0x7e3b0	416	false
"FUN_18007e550"	18007e550	0x7e550	419	false
"FUN_18007e700"	18007e700	0x7e700	416	false
"FUN_18007e8a0"	18007e8a0	0x7e8a0	395	false
"FUN_18007ea30"	18007ea30	0x7ea30	419	false
"FUN_18007ebe0"	18007ebe0	0x7ebe0	326	false
"FUN_18007ed30"	18007ed30	0x7ed30	112	false
"FUN_18007eda0"	18007eda0	0x7eda0	126	false
"FUN_18007ee20"	18007ee20	0x7ee20	126	false
"FUN_18007eea0"	18007eea0	0x7eea0	126	false
"FUN_18007ef20"	18007ef20	0x7ef20	525	false
"FUN_18007f130"	18007f130	0x7f130	133	false
"FID_conflict:~vector<GSISymbolEntry,std::allocator<GSISymbolEntry>_>"	18007f1c0	0x7f1c0	122	false
"FUN_18007f240"	18007f240	0x7f240	43	false
"FUN_18007f270"	18007f270	0x7f270	72	false
"FUN_18007f2c0"	18007f2c0	0x7f2c0	43	false
"FUN_18007f2f0"	18007f2f0	0x7f2f0	79	false
"FUN_18007f340"	18007f340	0x7f340	298	false
"FUN_18007f470"	18007f470	0x7f470	540	false
"FUN_18007f690"	18007f690	0x7f690	112	false
"FUN_18007f700"	18007f700	0x7f700	126	false
"FUN_18007f780"	18007f780	0x7f780	126	false
"FUN_18007f800"	18007f800	0x7f800	126	false
"FUN_18007f880"	18007f880	0x7f880	122	false
"FUN_18007f900"	18007f900	0x7f900	328	false
"FUN_18007fa50"	18007fa50	0x7fa50	112	false
"FUN_18007fac0"	18007fac0	0x7fac0	126	false
"FUN_18007fb40"	18007fb40	0x7fb40	126	false
"FUN_18007fbc0"	18007fbc0	0x7fbc0	126	false
"FUN_18007fc40"	18007fc40	0x7fc40	148	false
"FUN_18007fce0"	18007fce0	0x7fce0	224	false
"FUN_18007fdc0"	18007fdc0	0x7fdc0	249	false
"FUN_18007fec0"	18007fec0	0x7fec0	244	false
"FUN_18007ffc0"	18007ffc0	0x7ffc0	112	false
"FUN_180080030"	180080030	0x80030	126	false
"FUN_1800800b0"	1800800b0	0x800b0	126	false
"FUN_180080130"	180080130	0x80130	126	false
"FUN_1800801b0"	1800801b0	0x801b0	174	false
"FUN_180080260"	180080260	0x80260	294	false
"FUN_180080390"	180080390	0x80390	276	false
"FUN_1800804b0"	1800804b0	0x804b0	277	false
"FUN_1800805d0"	1800805d0	0x805d0	277	false
"FUN_1800806f0"	1800806f0	0x806f0	308	false
"FUN_180080830"	180080830	0x80830	112	false
"FUN_1800808a0"	1800808a0	0x808a0	126	false
"FUN_180080920"	180080920	0x80920	126	false
"FUN_1800809a0"	1800809a0	0x809a0	126	false
"FUN_180080a20"	180080a20	0x80a20	159	false
"FUN_180080ac0"	180080ac0	0x80ac0	43	false
"FUN_180080af0"	180080af0	0x80af0	72	false
"FUN_180080b40"	180080b40	0x80b40	43	false
"FUN_180080b70"	180080b70	0x80b70	92	false
"FUN_180080bd0"	180080bd0	0x80bd0	79	false
"FUN_180080c20"	180080c20	0x80c20	416	false
"FUN_180080dc0"	180080dc0	0x80dc0	401	false
"FUN_180080f60"	180080f60	0x80f60	224	false
"FUN_180081040"	180081040	0x81040	618	false
"FUN_1800812b0"	1800812b0	0x812b0	224	false
"FUN_180081390"	180081390	0x81390	112	false
"FUN_180081400"	180081400	0x81400	126	false
"FUN_180081480"	180081480	0x81480	126	false
"FUN_180081500"	180081500	0x81500	126	false
"FUN_180081580"	180081580	0x81580	133	false
"FUN_180081610"	180081610	0x81610	135	false
"FUN_1800816a0"	1800816a0	0x816a0	261	false
"FUN_1800817b0"	1800817b0	0x817b0	317	false
"FUN_1800818f0"	1800818f0	0x818f0	112	false
"FUN_180081960"	180081960	0x81960	126	false
"FUN_1800819e0"	1800819e0	0x819e0	126	false
"FUN_180081a60"	180081a60	0x81a60	126	false
"FUN_180081ae0"	180081ae0	0x81ae0	185	false
"FUN_180081ba0"	180081ba0	0x81ba0	43	false
"FUN_180081bd0"	180081bd0	0x81bd0	72	false
"FUN_180081c20"	180081c20	0x81c20	43	false
"FUN_180081c50"	180081c50	0x81c50	275	false
"FUN_180081d70"	180081d70	0x81d70	135	false
"FUN_180081e00"	180081e00	0x81e00	79	false
"FUN_180081e50"	180081e50	0x81e50	232	false
"FUN_180081f40"	180081f40	0x81f40	224	false
"FUN_180082020"	180082020	0x82020	224	false
"FUN_180082100"	180082100	0x82100	1248	false
"FUN_1800825e0"	1800825e0	0x825e0	1610	false
"FUN_180082c30"	180082c30	0x82c30	241	false
"FUN_180082d30"	180082d30	0x82d30	112	false
"FUN_180082da0"	180082da0	0x82da0	126	false
"FUN_180082e20"	180082e20	0x82e20	126	false
"FUN_180082ea0"	180082ea0	0x82ea0	126	false
"FUN_180082f20"	180082f20	0x82f20	159	false
"FUN_180082fc0"	180082fc0	0x82fc0	291	false
"FUN_1800830f0"	1800830f0	0x830f0	481	false
"FUN_1800832e0"	1800832e0	0x832e0	291	false
"FUN_180083410"	180083410	0x83410	277	false
"FUN_180083530"	180083530	0x83530	112	false
"FUN_1800835a0"	1800835a0	0x835a0	126	false
"FUN_180083620"	180083620	0x83620	126	false
"FUN_1800836a0"	1800836a0	0x836a0	126	false
"FUN_180083720"	180083720	0x83720	148	false
"FUN_1800837c0"	1800837c0	0x837c0	92	false
"FUN_180083820"	180083820	0x83820	92	false
"FUN_180083880"	180083880	0x83880	416	false
"FUN_180083a20"	180083a20	0x83a20	416	false
"FUN_180083bc0"	180083bc0	0x83bc0	255	false
"FUN_180083cc0"	180083cc0	0x83cc0	429	false
"FUN_180083e70"	180083e70	0x83e70	398	false
"FUN_180084000"	180084000	0x84000	112	false
"FUN_180084070"	180084070	0x84070	126	false
"FUN_1800840f0"	1800840f0	0x840f0	126	false
"FUN_180084170"	180084170	0x84170	126	false
"FUN_1800841f0"	1800841f0	0x841f0	185	false
"FUN_1800842b0"	1800842b0	0x842b0	92	false
"FUN_180084310"	180084310	0x84310	92	false
"FUN_180084370"	180084370	0x84370	416	false
"FUN_180084510"	180084510	0x84510	416	false
"FUN_1800846b0"	1800846b0	0x846b0	419	false
"FUN_180084860"	180084860	0x84860	255	false
"FUN_180084960"	180084960	0x84960	302	false
"FUN_180084a90"	180084a90	0x84a90	458	false
"FUN_180084c60"	180084c60	0x84c60	224	false
"FUN_180084d40"	180084d40	0x84d40	294	false
"FUN_180084e70"	180084e70	0x84e70	223	false
"FUN_180084f50"	180084f50	0x84f50	112	false
"FUN_180084fc0"	180084fc0	0x84fc0	126	false
"FUN_180085040"	180085040	0x85040	126	false
"FUN_1800850c0"	1800850c0	0x850c0	126	false
"FUN_180085140"	180085140	0x85140	405	false
"FUN_1800852e0"	1800852e0	0x852e0	356	false
"FUN_180085450"	180085450	0x85450	91	false
"FUN_1800854b0"	1800854b0	0x854b0	43	false
"FUN_1800854e0"	1800854e0	0x854e0	72	false
"FUN_180085530"	180085530	0x85530	46	false
"FUN_180085560"	180085560	0x85560	135	false
"FUN_1800855f0"	1800855f0	0x855f0	82	false
"FUN_180085650"	180085650	0x85650	133	false
"FUN_1800856e0"	1800856e0	0x856e0	303	false
"FUN_180085810"	180085810	0x85810	192	false
"FUN_1800858d0"	1800858d0	0x858d0	320	false
"FUN_180085a10"	180085a10	0x85a10	359	false
"FUN_180085b80"	180085b80	0x85b80	171	false
"FUN_180085c30"	180085c30	0x85c30	184	false
"FUN_180085cf0"	180085cf0	0x85cf0	616	false
"FUN_180085f60"	180085f60	0x85f60	489	false
"FUN_180086150"	180086150	0x86150	509	false
"FUN_180086350"	180086350	0x86350	245	false
"FUN_180086450"	180086450	0x86450	164	false
"FUN_180086500"	180086500	0x86500	265	false
"FUN_180086610"	180086610	0x86610	356	false
"FUN_180086780"	180086780	0x86780	243	false
"FUN_180086880"	180086880	0x86880	244	false
"FUN_180086980"	180086980	0x86980	321	false
"FUN_180086ad0"	180086ad0	0x86ad0	241	false
"FUN_180086bd0"	180086bd0	0x86bd0	112	false
"FUN_180086c40"	180086c40	0x86c40	126	false
"FUN_180086cc0"	180086cc0	0x86cc0	126	false
"FUN_180086d40"	180086d40	0x86d40	126	false
"FUN_180086dc0"	180086dc0	0x86dc0	562	false
"FUN_180087000"	180087000	0x87000	273	false
"FUN_180087120"	180087120	0x87120	161	false
"FUN_1800871d0"	1800871d0	0x871d0	92	false
"FUN_180087230"	180087230	0x87230	92	false
"FUN_180087290"	180087290	0x87290	92	false
"FUN_1800872f0"	1800872f0	0x872f0	416	false
"FUN_180087490"	180087490	0x87490	416	false
"FUN_180087630"	180087630	0x87630	419	false
"FUN_1800877e0"	1800877e0	0x877e0	416	false
"FUN_180087980"	180087980	0x87980	416	false
"FUN_180087b20"	180087b20	0x87b20	416	false
"FUN_180087cc0"	180087cc0	0x87cc0	416	false
"FUN_180087e60"	180087e60	0x87e60	133	false
"FUN_180087ef0"	180087ef0	0x87ef0	664	false
"FUN_180088190"	180088190	0x88190	605	false
"FUN_1800883f0"	1800883f0	0x883f0	362	false
"FUN_180088560"	180088560	0x88560	432	false
"FUN_180088710"	180088710	0x88710	224	false
"FUN_1800887f0"	1800887f0	0x887f0	388	false
"FUN_180088980"	180088980	0x88980	224	false
"FUN_180088a60"	180088a60	0x88a60	343	false
"FUN_180088bc0"	180088bc0	0x88bc0	285	false
"FUN_180088ce0"	180088ce0	0x88ce0	224	false
"FUN_180088dc0"	180088dc0	0x88dc0	749	false
"FUN_1800890b0"	1800890b0	0x890b0	112	false
"FUN_180089120"	180089120	0x89120	126	false
"FUN_1800891a0"	1800891a0	0x891a0	126	false
"FUN_180089220"	180089220	0x89220	126	false
"FUN_1800892a0"	1800892a0	0x892a0	130	false
"FUN_180089330"	180089330	0x89330	107	false
"FUN_1800893a0"	1800893a0	0x893a0	28	false
"FUN_1800893c0"	1800893c0	0x893c0	105	false
"FUN_180089430"	180089430	0x89430	453	false
"FUN_180089600"	180089600	0x89600	105	false
"FUN_180089670"	180089670	0x89670	105	false
"FUN_1800896e0"	1800896e0	0x896e0	170	false
"FUN_180089790"	180089790	0x89790	142	false
"FUN_180089820"	180089820	0x89820	378	false
"FUN_1800899a0"	1800899a0	0x899a0	378	false
"FUN_180089b20"	180089b20	0x89b20	142	false
"FUN_180089bb0"	180089bb0	0x89bb0	224	false
"FUN_180089c90"	180089c90	0x89c90	227	false
"FUN_180089d80"	180089d80	0x89d80	378	false
"FUN_180089f00"	180089f00	0x89f00	142	false
"FUN_180089f90"	180089f90	0x89f90	114	false
"FUN_18008a010"	18008a010	0x8a010	114	false
"FUN_18008a090"	18008a090	0x8a090	122	false
"FUN_18008a110"	18008a110	0x8a110	122	false
"FUN_18008a190"	18008a190	0x8a190	119	false
"FUN_18008a210"	18008a210	0x8a210	227	false
"FUN_18008a300"	18008a300	0x8a300	138	false
"FUN_18008a390"	18008a390	0x8a390	105	false
"FUN_18008a400"	18008a400	0x8a400	105	false
"FUN_18008a470"	18008a470	0x8a470	105	false
"FUN_18008a4e0"	18008a4e0	0x8a4e0	208	false
"FUN_18008a5b0"	18008a5b0	0x8a5b0	105	false
"FUN_18008a620"	18008a620	0x8a620	226	false
"FUN_18008a710"	18008a710	0x8a710	100	false
"FUN_18008a780"	18008a780	0x8a780	114	false
"FUN_18008a800"	18008a800	0x8a800	105	false
"FUN_18008a870"	18008a870	0x8a870	234	false
"FUN_18008a960"	18008a960	0x8a960	234	false
"FUN_18008aa50"	18008aa50	0x8aa50	105	false
"FUN_18008aac0"	18008aac0	0x8aac0	227	false
"FUN_18008abb0"	18008abb0	0x8abb0	416	false
"FUN_18008ad50"	18008ad50	0x8ad50	416	false
"FUN_18008aef0"	18008aef0	0x8aef0	133	false
"FUN_18008af80"	18008af80	0x8af80	133	false
"FUN_18008b010"	18008b010	0x8b010	133	false
"FUN_18008b0a0"	18008b0a0	0x8b0a0	130	false
"FUN_18008b130"	18008b130	0x8b130	107	false
"FUN_18008b1a0"	18008b1a0	0x8b1a0	28	false
"FUN_18008b1c0"	18008b1c0	0x8b1c0	139	false
"FUN_18008b250"	18008b250	0x8b250	139	false
"FUN_18008b2e0"	18008b2e0	0x8b2e0	375	false
"FUN_18008b460"	18008b460	0x8b460	139	false
"FUN_18008b4f0"	18008b4f0	0x8b4f0	92	false
"FUN_18008b550"	18008b550	0x8b550	114	false
"FUN_18008b5d0"	18008b5d0	0x8b5d0	114	false
"FUN_18008b650"	18008b650	0x8b650	119	false
"FUN_18008b6d0"	18008b6d0	0x8b6d0	119	false
"FUN_18008b750"	18008b750	0x8b750	208	false
"FUN_18008b820"	18008b820	0x8b820	100	false
"FUN_18008b890"	18008b890	0x8b890	114	false
"FUN_18008b910"	18008b910	0x8b910	142	false
"FUN_18008b9a0"	18008b9a0	0x8b9a0	416	false
"FUN_18008bb40"	18008bb40	0x8bb40	130	false
"FUN_18008bbd0"	18008bbd0	0x8bbd0	107	false
"FUN_18008bc40"	18008bc40	0x8bc40	220	false
"FUN_18008bd20"	18008bd20	0x8bd20	171	false
"FUN_18008bdd0"	18008bdd0	0x8bdd0	171	false
"FUN_18008be80"	18008be80	0x8be80	28	false
"FUN_18008bea0"	18008bea0	0x8bea0	207	false
"FUN_18008bf70"	18008bf70	0x8bf70	197	false
"FUN_18008c040"	18008c040	0x8c040	198	false
"FUN_18008c110"	18008c110	0x8c110	114	false
"FUN_18008c190"	18008c190	0x8c190	179	false
"FUN_18008c250"	18008c250	0x8c250	114	false
"FUN_18008c2d0"	18008c2d0	0x8c2d0	114	false
"FUN_18008c350"	18008c350	0x8c350	114	false
"FUN_18008c3d0"	18008c3d0	0x8c3d0	149	false
"FUN_18008c470"	18008c470	0x8c470	119	false
"FUN_18008c4f0"	18008c4f0	0x8c4f0	265	false
"FUN_18008c600"	18008c600	0x8c600	208	false
"FUN_18008c6d0"	18008c6d0	0x8c6d0	149	false
"FUN_18008c770"	18008c770	0x8c770	100	false
"FUN_18008c7e0"	18008c7e0	0x8c7e0	114	false
"FUN_18008c860"	18008c860	0x8c860	273	false
"FUN_18008c980"	18008c980	0x8c980	142	false
"FUN_18008ca10"	18008ca10	0x8ca10	130	false
"FUN_18008caa0"	18008caa0	0x8caa0	107	false
"FUN_18008cb10"	18008cb10	0x8cb10	28	false
"FUN_18008cb30"	18008cb30	0x8cb30	114	false
"FUN_18008cbb0"	18008cbb0	0x8cbb0	114	false
"FUN_18008cc30"	18008cc30	0x8cc30	114	false
"FUN_18008ccb0"	18008ccb0	0x8ccb0	139	false
"FUN_18008cd40"	18008cd40	0x8cd40	114	false
"FUN_18008cdc0"	18008cdc0	0x8cdc0	114	false
"FUN_18008ce40"	18008ce40	0x8ce40	119	false
"FUN_18008cec0"	18008cec0	0x8cec0	208	false
"FUN_18008cf90"	18008cf90	0x8cf90	100	false
"FUN_18008d000"	18008d000	0x8d000	114	false
"FUN_18008d080"	18008d080	0x8d080	122	false
"FUN_18008d100"	18008d100	0x8d100	438	false
"FUN_18008d2c0"	18008d2c0	0x8d2c0	115	false
"FUN_18008d340"	18008d340	0x8d340	35	false
"FUN_18008d370"	18008d370	0x8d370	41	false
"FUN_18008d3a0"	18008d3a0	0x8d3a0	41	false
"FUN_18008d3d0"	18008d3d0	0x8d3d0	41	false
"FUN_18008d400"	18008d400	0x8d400	122	false
"FUN_18008d480"	18008d480	0x8d480	438	false
"FUN_18008d640"	18008d640	0x8d640	197	false
"FUN_18008d710"	18008d710	0x8d710	35	false
"FUN_18008d740"	18008d740	0x8d740	41	false
"FUN_18008d770"	18008d770	0x8d770	41	false
"FUN_18008d7a0"	18008d7a0	0x8d7a0	41	false
"FUN_18008d7d0"	18008d7d0	0x8d7d0	159	false
"FUN_18008d870"	18008d870	0x8d870	122	false
"FUN_18008d8f0"	18008d8f0	0x8d8f0	438	false
"FUN_18008dab0"	18008dab0	0x8dab0	312	false
"FUN_18008dbf0"	18008dbf0	0x8dbf0	35	false
"FUN_18008dc20"	18008dc20	0x8dc20	41	false
"FUN_18008dc50"	18008dc50	0x8dc50	41	false
"FUN_18008dc80"	18008dc80	0x8dc80	41	false
"FUN_18008dcb0"	18008dcb0	0x8dcb0	122	false
"FUN_18008dd30"	18008dd30	0x8dd30	133	false
"FUN_18008ddc0"	18008ddc0	0x8ddc0	500	false
"FUN_18008dfc0"	18008dfc0	0x8dfc0	112	false
"FUN_18008e030"	18008e030	0x8e030	126	false
"FUN_18008e0b0"	18008e0b0	0x8e0b0	126	false
"FUN_18008e130"	18008e130	0x8e130	126	false
"FUN_18008e1b0"	18008e1b0	0x8e1b0	122	false
"FUN_18008e230"	18008e230	0x8e230	438	false
"FUN_18008e3f0"	18008e3f0	0x8e3f0	304	false
"FUN_18008e520"	18008e520	0x8e520	35	false
"FUN_18008e550"	18008e550	0x8e550	41	false
"FUN_18008e580"	18008e580	0x8e580	41	false
"FUN_18008e5b0"	18008e5b0	0x8e5b0	41	false
"FUN_18008e5e0"	18008e5e0	0x8e5e0	130	false
"FUN_18008e670"	18008e670	0x8e670	78	false
"FUN_18008e6c0"	18008e6c0	0x8e6c0	28	false
"FUN_18008e6e0"	18008e6e0	0x8e6e0	278	false
"FUN_18008e800"	18008e800	0x8e800	258	false
"FUN_18008e910"	18008e910	0x8e910	114	false
"FUN_18008e990"	18008e990	0x8e990	114	false
"FUN_18008ea10"	18008ea10	0x8ea10	224	false
"FUN_18008eaf0"	18008eaf0	0x8eaf0	293	false
"FUN_18008ec20"	18008ec20	0x8ec20	100	false
"FUN_18008ec90"	18008ec90	0x8ec90	114	false
"FUN_18008ed10"	18008ed10	0x8ed10	262	false
"FUN_18008ee20"	18008ee20	0x8ee20	296	false
"FUN_18008ef50"	18008ef50	0x8ef50	133	false
"FUN_18008efe0"	18008efe0	0x8efe0	133	false
"FUN_18008f070"	18008f070	0x8f070	133	false
"FUN_18008f100"	18008f100	0x8f100	130	false
"FUN_18008f190"	18008f190	0x8f190	107	false
"FUN_18008f200"	18008f200	0x8f200	242	false
"FUN_18008f300"	18008f300	0x8f300	28	false
"FUN_18008f320"	18008f320	0x8f320	525	false
"FUN_18008f530"	18008f530	0x8f530	170	false
"FUN_18008f5e0"	18008f5e0	0x8f5e0	92	false
"FUN_18008f640"	18008f640	0x8f640	114	false
"FUN_18008f6c0"	18008f6c0	0x8f6c0	114	false
"FUN_18008f740"	18008f740	0x8f740	105	false
"FUN_18008f7b0"	18008f7b0	0x8f7b0	105	false
"FUN_18008f820"	18008f820	0x8f820	208	false
"FUN_18008f8f0"	18008f8f0	0x8f8f0	100	false
"FUN_18008f960"	18008f960	0x8f960	114	false
"FUN_18008f9e0"	18008f9e0	0x8f9e0	234	false
"FUN_18008fad0"	18008fad0	0x8fad0	234	false
"FUN_18008fbc0"	18008fbc0	0x8fbc0	416	false
"FUN_18008fd60"	18008fd60	0x8fd60	133	false
"FUN_18008fdf0"	18008fdf0	0x8fdf0	133	false
"FUN_18008fe80"	18008fe80	0x8fe80	130	false
"FUN_18008ff10"	18008ff10	0x8ff10	107	false
"FUN_18008ff80"	18008ff80	0x8ff80	45	false
"FUN_18008ffb0"	18008ffb0	0x8ffb0	249	false
"FUN_1800900b0"	1800900b0	0x900b0	54	false
"FUN_1800900f0"	1800900f0	0x900f0	315	false
"FUN_180090230"	180090230	0x90230	315	false
"FUN_180090370"	180090370	0x90370	315	false
"FUN_1800904b0"	1800904b0	0x904b0	54	false
"FUN_1800904f0"	1800904f0	0x904f0	54	false
"FUN_180090530"	180090530	0x90530	318	false
"FUN_180090670"	180090670	0x90670	315	false
"FUN_1800907b0"	1800907b0	0x907b0	318	false
"FUN_1800908f0"	1800908f0	0x908f0	315	false
"FUN_180090a30"	180090a30	0x90a30	315	false
"FUN_180090b70"	180090b70	0x90b70	51	false
"FUN_180090bb0"	180090bb0	0x90bb0	315	false
"FUN_180090cf0"	180090cf0	0x90cf0	51	false
"FUN_180090d30"	180090d30	0x90d30	51	false
"FUN_180090d70"	180090d70	0x90d70	45	false
"FUN_180090da0"	180090da0	0x90da0	56	false
"FUN_180090de0"	180090de0	0x90de0	45	false
"FUN_180090e10"	180090e10	0x90e10	59	false
"FUN_180090e50"	180090e50	0x90e50	59	false
"FUN_180090e90"	180090e90	0x90e90	59	false
"FUN_180090ed0"	180090ed0	0x90ed0	161	false
"FUN_180090f80"	180090f80	0x90f80	130	false
"FUN_180091010"	180091010	0x91010	107	false
"FUN_180091080"	180091080	0x91080	157	false
"FUN_180091120"	180091120	0x91120	157	false
"FUN_1800911c0"	1800911c0	0x911c0	172	false
"FUN_180091270"	180091270	0x91270	28	false
"FUN_180091290"	180091290	0x91290	119	false
"FUN_180091310"	180091310	0x91310	184	false
"FUN_1800913d0"	1800913d0	0x913d0	119	false
"FUN_180091450"	180091450	0x91450	275	false
"FUN_180091570"	180091570	0x91570	275	false
"FUN_180091690"	180091690	0x91690	159	false
"FUN_180091730"	180091730	0x91730	159	false
"FUN_1800917d0"	1800917d0	0x917d0	143	false
"FUN_180091860"	180091860	0x91860	114	false
"FUN_1800918e0"	1800918e0	0x918e0	141	false
"FUN_180091970"	180091970	0x91970	143	false
"FUN_180091a00"	180091a00	0x91a00	141	false
"FUN_180091a90"	180091a90	0x91a90	383	false
"FUN_180091c10"	180091c10	0x91c10	384	false
"FUN_180091d90"	180091d90	0x91d90	156	false
"FUN_180091e30"	180091e30	0x91e30	157	false
"FUN_180091ed0"	180091ed0	0x91ed0	141	false
"FUN_180091f60"	180091f60	0x91f60	143	false
"FUN_180091ff0"	180091ff0	0x91ff0	146	false
"FUN_180092090"	180092090	0x92090	148	false
"FUN_180092130"	180092130	0x92130	114	false
"FUN_1800921b0"	1800921b0	0x921b0	114	false
"FUN_180092230"	180092230	0x92230	174	false
"FUN_1800922e0"	1800922e0	0x922e0	174	false
"FUN_180092390"	180092390	0x92390	189	false
"FUN_180092450"	180092450	0x92450	145	false
"FUN_1800924f0"	1800924f0	0x924f0	200	false
"FUN_1800925c0"	1800925c0	0x925c0	146	false
"FUN_180092660"	180092660	0x92660	148	false
"FUN_180092700"	180092700	0x92700	146	false
"FUN_1800927a0"	1800927a0	0x927a0	148	false
"FUN_180092840"	180092840	0x92840	119	false
"FUN_1800928c0"	1800928c0	0x928c0	146	false
"FUN_180092960"	180092960	0x92960	148	false
"FUN_180092a00"	180092a00	0x92a00	208	false
"FUN_180092ad0"	180092ad0	0x92ad0	146	false
"FUN_180092b70"	180092b70	0x92b70	146	false
"FUN_180092c10"	180092c10	0x92c10	148	false
"FUN_180092cb0"	180092cb0	0x92cb0	148	false
"FUN_180092d50"	180092d50	0x92d50	189	false
"FUN_180092e10"	180092e10	0x92e10	191	false
"FUN_180092ed0"	180092ed0	0x92ed0	145	false
"FUN_180092f70"	180092f70	0x92f70	147	false
"FUN_180093010"	180093010	0x93010	159	false
"FUN_1800930b0"	1800930b0	0x930b0	159	false
"FUN_180093150"	180093150	0x93150	146	false
"FUN_1800931f0"	1800931f0	0x931f0	145	false
"FUN_180093290"	180093290	0x93290	147	false
"FUN_180093330"	180093330	0x93330	144	false
"FUN_1800933c0"	1800933c0	0x933c0	144	false
"FUN_180093450"	180093450	0x93450	144	false
"FUN_1800934e0"	1800934e0	0x934e0	146	false
"FUN_180093580"	180093580	0x93580	160	false
"FUN_180093620"	180093620	0x93620	162	false
"FUN_1800936d0"	1800936d0	0x936d0	145	false
"FUN_180093770"	180093770	0x93770	147	false
"FUN_180093810"	180093810	0x93810	100	false
"FUN_180093880"	180093880	0x93880	114	false
"FUN_180093900"	180093900	0x93900	130	false
"FUN_180093990"	180093990	0x93990	107	false
"FUN_180093a00"	180093a00	0x93a00	45	false
"FUN_180093a30"	180093a30	0x93a30	51	false
"FUN_180093a70"	180093a70	0x93a70	74	false
"FUN_180093ac0"	180093ac0	0x93ac0	45	false
"FUN_180093af0"	180093af0	0x93af0	45	false
"FUN_180093b20"	180093b20	0x93b20	161	false
"FUN_180093bd0"	180093bd0	0x93bd0	130	false
"FUN_180093c60"	180093c60	0x93c60	107	false
"FUN_180093cd0"	180093cd0	0x93cd0	45	false
"FUN_180093d00"	180093d00	0x93d00	51	false
"FUN_180093d40"	180093d40	0x93d40	74	false
"FUN_180093d90"	180093d90	0x93d90	45	false
"FUN_180093dc0"	180093dc0	0x93dc0	45	false
"FUN_180093df0"	180093df0	0x93df0	161	false
"FUN_180093ea0"	180093ea0	0x93ea0	130	false
"FUN_180093f30"	180093f30	0x93f30	107	false
"FUN_180093fa0"	180093fa0	0x93fa0	45	false
"FUN_180093fd0"	180093fd0	0x93fd0	51	false
"FUN_180094010"	180094010	0x94010	129	false
"FUN_1800940a0"	1800940a0	0x940a0	45	false
"FUN_1800940d0"	1800940d0	0x940d0	45	false
"FUN_180094100"	180094100	0x94100	161	false
"FUN_1800941b0"	1800941b0	0x941b0	130	false
"FUN_180094240"	180094240	0x94240	107	false
"FUN_1800942b0"	1800942b0	0x942b0	45	false
"FUN_1800942e0"	1800942e0	0x942e0	77	false
"FUN_180094330"	180094330	0x94330	45	false
"FUN_180094360"	180094360	0x94360	45	false
"FUN_180094390"	180094390	0x94390	161	false
"FUN_180094440"	180094440	0x94440	130	false
"FUN_1800944d0"	1800944d0	0x944d0	107	false
"FUN_180094540"	180094540	0x94540	45	false
"FUN_180094570"	180094570	0x94570	51	false
"FUN_1800945b0"	1800945b0	0x945b0	45	false
"FUN_1800945e0"	1800945e0	0x945e0	45	false
"FUN_180094610"	180094610	0x94610	51	false
"FUN_180094650"	180094650	0x94650	161	false
"FUN_180094700"	180094700	0x94700	51	false
"FUN_180094740"	180094740	0x94740	130	false
"FUN_1800947d0"	1800947d0	0x947d0	107	false
"FUN_180094840"	180094840	0x94840	45	false
"FUN_180094870"	180094870	0x94870	318	false
"FUN_1800949b0"	1800949b0	0x949b0	51	false
"FUN_1800949f0"	1800949f0	0x949f0	83	false
"FUN_180094a50"	180094a50	0x94a50	318	false
"FUN_180094b90"	180094b90	0x94b90	54	false
"FUN_180094bd0"	180094bd0	0x94bd0	51	false
"FUN_180094c10"	180094c10	0x94c10	318	false
"FUN_180094d50"	180094d50	0x94d50	318	false
"FUN_180094e90"	180094e90	0x94e90	51	false
"FUN_180094ed0"	180094ed0	0x94ed0	51	false
"FUN_180094f10"	180094f10	0x94f10	80	false
"FUN_180094f60"	180094f60	0x94f60	318	false
"FUN_1800950a0"	1800950a0	0x950a0	51	false
"FUN_1800950e0"	1800950e0	0x950e0	318	false
"FUN_180095220"	180095220	0x95220	45	false
"FUN_180095250"	180095250	0x95250	45	false
"FUN_180095280"	180095280	0x95280	56	false
"FUN_1800952c0"	1800952c0	0x952c0	56	false
"FUN_180095300"	180095300	0x95300	56	false
"FUN_180095340"	180095340	0x95340	56	false
"FUN_180095380"	180095380	0x95380	56	false
"FUN_1800953c0"	1800953c0	0x953c0	161	false
"FUN_180095470"	180095470	0x95470	130	false
"FUN_180095500"	180095500	0x95500	107	false
"FUN_180095570"	180095570	0x95570	45	false
"FUN_1800955a0"	1800955a0	0x955a0	75	false
"FUN_1800955f0"	1800955f0	0x955f0	45	false
"FUN_180095620"	180095620	0x95620	45	false
"FUN_180095650"	180095650	0x95650	161	false
"FUN_180095700"	180095700	0x95700	130	false
"FUN_180095790"	180095790	0x95790	107	false
"FUN_180095800"	180095800	0x95800	45	false
"FUN_180095830"	180095830	0x95830	51	false
"FUN_180095870"	180095870	0x95870	58	false
"FUN_1800958b0"	1800958b0	0x958b0	45	false
"FUN_1800958e0"	1800958e0	0x958e0	45	false
"FUN_180095910"	180095910	0x95910	161	false
"FUN_1800959c0"	1800959c0	0x959c0	130	false
"FUN_180095a50"	180095a50	0x95a50	107	false
"FUN_180095ac0"	180095ac0	0x95ac0	45	false
"FUN_180095af0"	180095af0	0x95af0	58	false
"FUN_180095b30"	180095b30	0x95b30	45	false
"FUN_180095b60"	180095b60	0x95b60	45	false
"FUN_180095b90"	180095b90	0x95b90	161	false
"FUN_180095c40"	180095c40	0x95c40	130	false
"FUN_180095cd0"	180095cd0	0x95cd0	107	false
"FUN_180095d40"	180095d40	0x95d40	28	false
"FUN_180095d60"	180095d60	0x95d60	105	false
"FUN_180095dd0"	180095dd0	0x95dd0	224	false
"FUN_180095eb0"	180095eb0	0x95eb0	114	false
"FUN_180095f30"	180095f30	0x95f30	114	false
"FUN_180095fb0"	180095fb0	0x95fb0	208	false
"FUN_180096080"	180096080	0x96080	100	false
"FUN_1800960f0"	1800960f0	0x960f0	114	false
"FUN_180096170"	180096170	0x96170	234	false
"FUN_180096260"	180096260	0x96260	130	false
"FUN_1800962f0"	1800962f0	0x962f0	107	false
"FUN_180096360"	180096360	0x96360	45	false
"FUN_180096390"	180096390	0x96390	51	false
"FUN_1800963d0"	1800963d0	0x963d0	45	false
"FUN_180096400"	180096400	0x96400	45	false
"FUN_180096430"	180096430	0x96430	161	false
"FUN_1800964e0"	1800964e0	0x964e0	407	false
"FUN_180096680"	180096680	0x96680	130	false
"FUN_180096710"	180096710	0x96710	107	false
"FUN_180096780"	180096780	0x96780	45	false
"FUN_1800967b0"	1800967b0	0x967b0	54	false
"FUN_1800967f0"	1800967f0	0x967f0	54	false
"FUN_180096830"	180096830	0x96830	51	false
"FUN_180096870"	180096870	0x96870	315	false
"FUN_1800969b0"	1800969b0	0x969b0	59	false
"FUN_1800969f0"	1800969f0	0x969f0	330	false
"FUN_180096b40"	180096b40	0x96b40	51	false
"FUN_180096b80"	180096b80	0x96b80	45	false
"FUN_180096bb0"	180096bb0	0x96bb0	45	false
"FUN_180096be0"	180096be0	0x96be0	56	false
"FUN_180096c20"	180096c20	0x96c20	56	false
"FUN_180096c60"	180096c60	0x96c60	59	false
"FUN_180096ca0"	180096ca0	0x96ca0	56	false
"FUN_180096ce0"	180096ce0	0x96ce0	161	false
"FUN_180096d90"	180096d90	0x96d90	62	false
"FUN_180096dd0"	180096dd0	0x96dd0	61	false
"FUN_180096e10"	180096e10	0x96e10	61	false
"FUN_180096e50"	180096e50	0x96e50	58	false
"FUN_180096e90"	180096e90	0x96e90	60	false
"FUN_180096ed0"	180096ed0	0x96ed0	61	false
"FUN_180096f10"	180096f10	0x96f10	59	false
"FUN_180096f50"	180096f50	0x96f50	187	false
"FUN_180097010"	180097010	0x97010	93	false
"FUN_180097070"	180097070	0x97070	62	false
"FUN_1800970b0"	1800970b0	0x970b0	142	false
"FUN_180097140"	180097140	0x97140	59	false
"FUN_180097180"	180097180	0x97180	133	false
"FUN_180097210"	180097210	0x97210	224	false
"FUN_1800972f0"	1800972f0	0x972f0	223	false
"FUN_1800973d0"	1800973d0	0x973d0	112	false
"FUN_180097440"	180097440	0x97440	126	false
"FUN_1800974c0"	1800974c0	0x974c0	126	false
"FUN_180097540"	180097540	0x97540	126	false
"FUN_1800975c0"	1800975c0	0x975c0	217	false
"FUN_1800976a0"	1800976a0	0x976a0	43	false
"FUN_1800976d0"	1800976d0	0x976d0	46	false
"FUN_180097700"	180097700	0x97700	135	false
"FUN_180097790"	180097790	0x97790	92	false
"FUN_1800977f0"	1800977f0	0x977f0	82	false
"FUN_180097850"	180097850	0x97850	419	false
"FUN_180097a00"	180097a00	0x97a00	133	false
"FUN_180097a90"	180097a90	0x97a90	133	false
"FUN_180097b20"	180097b20	0x97b20	399	false
"FUN_180097cb0"	180097cb0	0x97cb0	400	false
"FUN_180097e40"	180097e40	0x97e40	448	false
"FUN_180098000"	180098000	0x98000	361	false
"FUN_180098170"	180098170	0x98170	361	false
"FUN_1800982e0"	1800982e0	0x982e0	381	false
"FUN_180098460"	180098460	0x98460	345	false
"FUN_1800985c0"	1800985c0	0x985c0	359	false
"FUN_180098730"	180098730	0x98730	112	false
"FUN_1800987a0"	1800987a0	0x987a0	126	false
"FUN_180098820"	180098820	0x98820	126	false
"FUN_1800988a0"	1800988a0	0x988a0	126	false
"FUN_180098920"	180098920	0x98920	130	false
"FUN_1800989b0"	1800989b0	0x989b0	107	false
"FUN_180098a20"	180098a20	0x98a20	45	false
"FUN_180098a50"	180098a50	0x98a50	51	false
"FUN_180098a90"	180098a90	0x98a90	76	false
"FUN_180098ae0"	180098ae0	0x98ae0	45	false
"FUN_180098b10"	180098b10	0x98b10	45	false
"FUN_180098b40"	180098b40	0x98b40	161	false
"FUN_180098bf0"	180098bf0	0x98bf0	130	false
"FUN_180098c80"	180098c80	0x98c80	107	false
"FUN_180098cf0"	180098cf0	0x98cf0	45	false
"FUN_180098d20"	180098d20	0x98d20	51	false
"FUN_180098d60"	180098d60	0x98d60	51	false
"FUN_180098da0"	180098da0	0x98da0	45	false
"FUN_180098dd0"	180098dd0	0x98dd0	45	false
"FUN_180098e00"	180098e00	0x98e00	161	false
"FUN_180098eb0"	180098eb0	0x98eb0	198	false
"FUN_180098f80"	180098f80	0x98f80	130	false
"FUN_180099010"	180099010	0x99010	78	false
"FUN_180099060"	180099060	0x99060	28	false
"FUN_180099080"	180099080	0x99080	373	false
"FUN_180099200"	180099200	0x99200	112	false
"FUN_180099270"	180099270	0x99270	400	false
"FUN_180099400"	180099400	0x99400	228	false
"FUN_1800994f0"	1800994f0	0x994f0	112	false
"FUN_180099560"	180099560	0x99560	370	false
"FUN_1800996e0"	1800996e0	0x996e0	134	false
"FUN_180099770"	180099770	0x99770	109	false
"FUN_1800997e0"	1800997e0	0x997e0	370	false
"FUN_180099960"	180099960	0x99960	117	false
"FUN_1800999e0"	1800999e0	0x999e0	117	false
"FUN_180099a60"	180099a60	0x99a60	370	false
"FUN_180099be0"	180099be0	0x99be0	114	false
"FUN_180099c60"	180099c60	0x99c60	114	false
"FUN_180099ce0"	180099ce0	0x99ce0	114	false
"FUN_180099d60"	180099d60	0x99d60	224	false
"FUN_180099e40"	180099e40	0x99e40	332	false
"FUN_180099f90"	180099f90	0x99f90	121	false
"FUN_18009a010"	18009a010	0x9a010	119	false
"FUN_18009a090"	18009a090	0x9a090	166	false
"FUN_18009a140"	18009a140	0x9a140	189	false
"FUN_18009a200"	18009a200	0x9a200	130	false
"FUN_18009a290"	18009a290	0x9a290	219	false
"FUN_18009a370"	18009a370	0x9a370	133	false
"FUN_18009a400"	18009a400	0x9a400	130	false
"FUN_18009a490"	18009a490	0x9a490	100	false
"FUN_18009a500"	18009a500	0x9a500	114	false
"FUN_18009a580"	18009a580	0x9a580	234	false
"FUN_18009a670"	18009a670	0x9a670	142	false
"FUN_18009a700"	18009a700	0x9a700	416	false
"FUN_18009a8a0"	18009a8a0	0x9a8a0	130	false
"FUN_18009a930"	18009a930	0x9a930	107	false
"FUN_18009a9a0"	18009a9a0	0x9a9a0	28	false
"FUN_18009a9c0"	18009a9c0	0x9a9c0	114	false
"FUN_18009aa40"	18009aa40	0x9aa40	114	false
"FUN_18009aac0"	18009aac0	0x9aac0	208	false
"FUN_18009ab90"	18009ab90	0x9ab90	222	false
"FUN_18009ac70"	18009ac70	0x9ac70	100	false
"FUN_18009ace0"	18009ace0	0x9ace0	114	false
"FUN_18009ad60"	18009ad60	0x9ad60	234	false
"FUN_18009ae50"	18009ae50	0x9ae50	130	false
"FUN_18009aee0"	18009aee0	0x9aee0	107	false
"FUN_18009af50"	18009af50	0x9af50	28	false
"FUN_18009af70"	18009af70	0x9af70	114	false
"FUN_18009aff0"	18009aff0	0x9aff0	139	false
"FUN_18009b080"	18009b080	0x9b080	114	false
"FUN_18009b100"	18009b100	0x9b100	114	false
"FUN_18009b180"	18009b180	0x9b180	208	false
"FUN_18009b250"	18009b250	0x9b250	100	false
"FUN_18009b2c0"	18009b2c0	0x9b2c0	114	false
"FUN_18009b340"	18009b340	0x9b340	130	false
"FUN_18009b3d0"	18009b3d0	0x9b3d0	107	false
"FUN_18009b440"	18009b440	0x9b440	45	false
"FUN_18009b470"	18009b470	0x9b470	45	false
"FUN_18009b4a0"	18009b4a0	0x9b4a0	45	false
"FUN_18009b4d0"	18009b4d0	0x9b4d0	161	false
"FUN_18009b580"	18009b580	0x9b580	51	false
"FUN_18009b5c0"	18009b5c0	0x9b5c0	51	false
"FUN_18009b600"	18009b600	0x9b600	530	false
"FUN_18009b820"	18009b820	0x9b820	130	false
"FUN_18009b8b0"	18009b8b0	0x9b8b0	107	false
"FUN_18009b920"	18009b920	0x9b920	28	false
"FUN_18009b940"	18009b940	0x9b940	139	false
"FUN_18009b9d0"	18009b9d0	0x9b9d0	503	false
"FUN_18009bbd0"	18009bbd0	0x9bbd0	139	false
"FUN_18009bc60"	18009bc60	0x9bc60	114	false
"FUN_18009bce0"	18009bce0	0x9bce0	139	false
"FUN_18009bd70"	18009bd70	0x9bd70	503	false
"FUN_18009bf70"	18009bf70	0x9bf70	139	false
"FUN_18009c000"	18009c000	0x9c000	139	false
"FUN_18009c090"	18009c090	0x9c090	126	false
"FUN_18009c110"	18009c110	0x9c110	126	false
"FUN_18009c190"	18009c190	0x9c190	92	false
"FUN_18009c1f0"	18009c1f0	0x9c1f0	114	false
"FUN_18009c270"	18009c270	0x9c270	114	false
"FUN_18009c2f0"	18009c2f0	0x9c2f0	208	false
"FUN_18009c3c0"	18009c3c0	0x9c3c0	100	false
"FUN_18009c430"	18009c430	0x9c430	114	false
"FUN_18009c4b0"	18009c4b0	0x9c4b0	142	false
"FUN_18009c540"	18009c540	0x9c540	416	false
"FUN_18009c6e0"	18009c6e0	0x9c6e0	94	false
"FUN_18009c740"	18009c740	0x9c740	122	false
"FUN_18009c7c0"	18009c7c0	0x9c7c0	419	false
"FUN_18009c970"	18009c970	0x9c970	223	false
"FUN_18009ca50"	18009ca50	0x9ca50	112	false
"FUN_18009cac0"	18009cac0	0x9cac0	126	false
"FUN_18009cb40"	18009cb40	0x9cb40	126	false
"FUN_18009cbc0"	18009cbc0	0x9cbc0	126	false
"FUN_18009cc40"	18009cc40	0x9cc40	122	false
"FUN_18009ccc0"	18009ccc0	0x9ccc0	438	false
"FUN_18009ce80"	18009ce80	0x9ce80	207	false
"FUN_18009cf50"	18009cf50	0x9cf50	35	false
"FUN_18009cf80"	18009cf80	0x9cf80	41	false
"FUN_18009cfb0"	18009cfb0	0x9cfb0	41	false
"FUN_18009cfe0"	18009cfe0	0x9cfe0	41	false
"FUN_18009d010"	18009d010	0x9d010	174	false
"FUN_18009d0c0"	18009d0c0	0x9d0c0	159	false
"FUN_18009d160"	18009d160	0x9d160	112	false
"FUN_18009d1d0"	18009d1d0	0x9d1d0	126	false
"FUN_18009d250"	18009d250	0x9d250	126	false
"FUN_18009d2d0"	18009d2d0	0x9d2d0	126	false
"FUN_18009d350"	18009d350	0x9d350	531	false
"FUN_18009d570"	18009d570	0x9d570	264	false
"FUN_18009d680"	18009d680	0x9d680	255	false
"FUN_18009d780"	18009d780	0x9d780	223	false
"FUN_18009d860"	18009d860	0x9d860	255	false
"FUN_18009d960"	18009d960	0x9d960	130	false
"FUN_18009d9f0"	18009d9f0	0x9d9f0	107	false
"FUN_18009da60"	18009da60	0x9da60	28	false
"FUN_18009da80"	18009da80	0x9da80	105	false
"FUN_18009daf0"	18009daf0	0x9daf0	139	false
"FUN_18009db80"	18009db80	0x9db80	139	false
"FUN_18009dc10"	18009dc10	0x9dc10	114	false
"FUN_18009dc90"	18009dc90	0x9dc90	114	false
"FUN_18009dd10"	18009dd10	0x9dd10	139	false
"FUN_18009dda0"	18009dda0	0x9dda0	114	false
"FUN_18009de20"	18009de20	0x9de20	114	false
"FUN_18009dea0"	18009dea0	0x9dea0	208	false
"FUN_18009df70"	18009df70	0x9df70	119	false
"FUN_18009dff0"	18009dff0	0x9dff0	100	false
"FUN_18009e060"	18009e060	0x9e060	114	false
"FUN_18009e0e0"	18009e0e0	0x9e0e0	155	false
"FUN_18009e180"	18009e180	0x9e180	130	false
"FUN_18009e210"	18009e210	0x9e210	78	false
"FUN_18009e260"	18009e260	0x9e260	28	false
"FUN_18009e280"	18009e280	0x9e280	114	false
"FUN_18009e300"	18009e300	0x9e300	587	false
"FUN_18009e550"	18009e550	0x9e550	114	false
"FUN_18009e5d0"	18009e5d0	0x9e5d0	134	false
"FUN_18009e660"	18009e660	0x9e660	134	false
"FUN_18009e6f0"	18009e6f0	0x9e6f0	134	false
"FUN_18009e780"	18009e780	0x9e780	134	false
"FUN_18009e810"	18009e810	0x9e810	92	false
"FUN_18009e870"	18009e870	0x9e870	114	false
"FUN_18009e8f0"	18009e8f0	0x9e8f0	114	false
"FUN_18009e970"	18009e970	0x9e970	262	false
"FUN_18009ea80"	18009ea80	0x9ea80	114	false
"FUN_18009eb00"	18009eb00	0x9eb00	224	false
"FUN_18009ebe0"	18009ebe0	0x9ebe0	100	false
"FUN_18009ec50"	18009ec50	0x9ec50	114	false
"FUN_18009ecd0"	18009ecd0	0x9ecd0	273	false
"FUN_18009edf0"	18009edf0	0x9edf0	234	false
"FUN_18009eee0"	18009eee0	0x9eee0	234	false
"FUN_18009efd0"	18009efd0	0x9efd0	416	false
"FUN_18009f170"	18009f170	0x9f170	416	false
"FUN_18009f310"	18009f310	0x9f310	419	false
"FUN_18009f4c0"	18009f4c0	0x9f4c0	130	false
"FUN_18009f550"	18009f550	0x9f550	107	false
"FUN_18009f5c0"	18009f5c0	0x9f5c0	45	false
"FUN_18009f5f0"	18009f5f0	0x9f5f0	45	false
"FUN_18009f620"	18009f620	0x9f620	45	false
"FUN_18009f650"	18009f650	0x9f650	56	false
"FUN_18009f690"	18009f690	0x9f690	51	false
"FUN_18009f6d0"	18009f6d0	0x9f6d0	161	false
"FUN_18009f780"	18009f780	0x9f780	51	false
"FUN_18009f7c0"	18009f7c0	0x9f7c0	203	false
"FUN_18009f890"	18009f890	0x9f890	135	false
"FUN_18009f920"	18009f920	0x9f920	92	false
"FUN_18009f980"	18009f980	0x9f980	92	false
"FUN_18009f9e0"	18009f9e0	0x9f9e0	416	false
"FUN_18009fb80"	18009fb80	0x9fb80	416	false
"FUN_18009fd20"	18009fd20	0x9fd20	186	false
"FUN_18009fde0"	18009fde0	0x9fde0	245	false
"FUN_18009fee0"	18009fee0	0x9fee0	345	false
"FUN_1800a0040"	1800a0040	0xa0040	285	false
"FUN_1800a0160"	1800a0160	0xa0160	321	false
"FUN_1800a02b0"	1800a02b0	0xa02b0	321	false
"FUN_1800a0400"	1800a0400	0xa0400	296	false
"FUN_1800a0530"	1800a0530	0xa0530	112	false
"FUN_1800a05a0"	1800a05a0	0xa05a0	126	false
"FUN_1800a0620"	1800a0620	0xa0620	126	false
"FUN_1800a06a0"	1800a06a0	0xa06a0	126	false
"FUN_1800a0720"	1800a0720	0xa0720	122	false
"FUN_1800a07a0"	1800a07a0	0xa07a0	66	false
"FUN_1800a07f0"	1800a07f0	0xa07f0	438	false
"FUN_1800a09b0"	1800a09b0	0xa09b0	485	false
"FUN_1800a0ba0"	1800a0ba0	0xa0ba0	35	false
"FUN_1800a0bd0"	1800a0bd0	0xa0bd0	41	false
"FUN_1800a0c00"	1800a0c00	0xa0c00	41	false
"FUN_1800a0c30"	1800a0c30	0xa0c30	41	false
"FUN_1800a0c60"	1800a0c60	0xa0c60	122	false
"FUN_1800a0ce0"	1800a0ce0	0xa0ce0	438	false
"FUN_1800a0ea0"	1800a0ea0	0xa0ea0	129	false
"FUN_1800a0f30"	1800a0f30	0xa0f30	35	false
"FUN_1800a0f60"	1800a0f60	0xa0f60	41	false
"FUN_1800a0f90"	1800a0f90	0xa0f90	41	false
"FUN_1800a0fc0"	1800a0fc0	0xa0fc0	41	false
"FUN_1800a0ff0"	1800a0ff0	0xa0ff0	122	false
"FUN_1800a1070"	1800a1070	0xa1070	438	false
"FUN_1800a1230"	1800a1230	0xa1230	132	false
"FUN_1800a12c0"	1800a12c0	0xa12c0	35	false
"FUN_1800a12f0"	1800a12f0	0xa12f0	41	false
"FUN_1800a1320"	1800a1320	0xa1320	41	false
"FUN_1800a1350"	1800a1350	0xa1350	41	false
"FUN_1800a1380"	1800a1380	0xa1380	159	false
"FUN_1800a1420"	1800a1420	0xa1420	416	false
"FUN_1800a15c0"	1800a15c0	0xa15c0	416	false
"FUN_1800a1760"	1800a1760	0xa1760	264	false
"FUN_1800a1870"	1800a1870	0xa1870	241	false
"FUN_1800a1970"	1800a1970	0xa1970	531	false
"FUN_1800a1b90"	1800a1b90	0xa1b90	530	false
"FUN_1800a1db0"	1800a1db0	0xa1db0	112	false
"FUN_1800a1e20"	1800a1e20	0xa1e20	126	false
"FUN_1800a1ea0"	1800a1ea0	0xa1ea0	126	false
"FUN_1800a1f20"	1800a1f20	0xa1f20	126	false
"FUN_1800a1fa0"	1800a1fa0	0xa1fa0	122	false
"FUN_1800a2020"	1800a2020	0xa2020	314	false
"FUN_1800a2160"	1800a2160	0xa2160	112	false
"FUN_1800a21d0"	1800a21d0	0xa21d0	126	false
"FUN_1800a2250"	1800a2250	0xa2250	126	false
"FUN_1800a22d0"	1800a22d0	0xa22d0	126	false
"FUN_1800a2350"	1800a2350	0xa2350	130	false
"FUN_1800a23e0"	1800a23e0	0xa23e0	107	false
"FUN_1800a2450"	1800a2450	0xa2450	28	false
"FUN_1800a2470"	1800a2470	0xa2470	224	false
"FUN_1800a2550"	1800a2550	0xa2550	119	false
"FUN_1800a25d0"	1800a25d0	0xa25d0	375	false
"FUN_1800a2750"	1800a2750	0xa2750	375	false
"FUN_1800a28d0"	1800a28d0	0xa28d0	114	false
"FUN_1800a2950"	1800a2950	0xa2950	114	false
"FUN_1800a29d0"	1800a29d0	0xa29d0	119	false
"FUN_1800a2a50"	1800a2a50	0xa2a50	265	false
"FUN_1800a2b60"	1800a2b60	0xa2b60	119	false
"FUN_1800a2be0"	1800a2be0	0xa2be0	208	false
"FUN_1800a2cb0"	1800a2cb0	0xa2cb0	100	false
"FUN_1800a2d20"	1800a2d20	0xa2d20	114	false
"FUN_1800a2da0"	1800a2da0	0xa2da0	142	false
"FUN_1800a2e30"	1800a2e30	0xa2e30	133	false
"FUN_1800a2ec0"	1800a2ec0	0xa2ec0	130	false
"FUN_1800a2f50"	1800a2f50	0xa2f50	107	false
"FUN_1800a2fc0"	1800a2fc0	0xa2fc0	45	false
"FUN_1800a2ff0"	1800a2ff0	0xa2ff0	315	false
"FUN_1800a3130"	1800a3130	0xa3130	45	false
"FUN_1800a3160"	1800a3160	0xa3160	45	false
"FUN_1800a3190"	1800a3190	0xa3190	56	false
"FUN_1800a31d0"	1800a31d0	0xa31d0	56	false
"FUN_1800a3210"	1800a3210	0xa3210	161	false
"FUN_1800a32c0"	1800a32c0	0xa32c0	142	false
"FUN_1800a3350"	1800a3350	0xa3350	133	false
"FUN_1800a33e0"	1800a33e0	0xa33e0	135	false
"FUN_1800a3470"	1800a3470	0xa3470	274	false
"FUN_1800a3590"	1800a3590	0xa3590	424	false
"FUN_1800a3740"	1800a3740	0xa3740	366	false
"FUN_1800a38b0"	1800a38b0	0xa38b0	112	false
"FUN_1800a3920"	1800a3920	0xa3920	126	false
"FUN_1800a39a0"	1800a39a0	0xa39a0	126	false
"FUN_1800a3a20"	1800a3a20	0xa3a20	126	false
"FUN_1800a3aa0"	1800a3aa0	0xa3aa0	133	false
"FUN_1800a3b30"	1800a3b30	0xa3b30	438	false
"FUN_1800a3cf0"	1800a3cf0	0xa3cf0	292	false
"FUN_1800a3e20"	1800a3e20	0xa3e20	147	false
"FUN_1800a3ec0"	1800a3ec0	0xa3ec0	35	false
"FUN_1800a3ef0"	1800a3ef0	0xa3ef0	41	false
"FUN_1800a3f20"	1800a3f20	0xa3f20	41	false
"FUN_1800a3f50"	1800a3f50	0xa3f50	41	false
"FUN_1800a3f80"	1800a3f80	0xa3f80	130	false
"FUN_1800a4010"	1800a4010	0xa4010	78	false
"FUN_1800a4060"	1800a4060	0xa4060	45	false
"FUN_1800a4090"	1800a4090	0xa4090	304	false
"FUN_1800a41c0"	1800a41c0	0xa41c0	36	false
"FUN_1800a41f0"	1800a41f0	0xa41f0	332	false
"FUN_1800a4340"	1800a4340	0xa4340	179	false
"FUN_1800a4400"	1800a4400	0xa4400	304	false
"FUN_1800a4530"	1800a4530	0xa4530	36	false
"FUN_1800a4560"	1800a4560	0xa4560	304	false
"FUN_1800a4690"	1800a4690	0xa4690	307	false
"FUN_1800a47d0"	1800a47d0	0xa47d0	45	false
"FUN_1800a4800"	1800a4800	0xa4800	45	false
"FUN_1800a4830"	1800a4830	0xa4830	41	false
"FUN_1800a4860"	1800a4860	0xa4860	152	false
"FUN_1800a4900"	1800a4900	0xa4900	46	false
"FUN_1800a4930"	1800a4930	0xa4930	44	false
"FUN_1800a4960"	1800a4960	0xa4960	87	false
"FUN_1800a49c0"	1800a49c0	0xa49c0	127	false
"FUN_1800a4a40"	1800a4a40	0xa4a40	46	false
"FUN_1800a4a70"	1800a4a70	0xa4a70	44	false
"FUN_1800a4aa0"	1800a4aa0	0xa4aa0	46	false
"FUN_1800a4ad0"	1800a4ad0	0xa4ad0	49	false
"FUN_1800a4b10"	1800a4b10	0xa4b10	130	false
"FUN_1800a4ba0"	1800a4ba0	0xa4ba0	78	false
"FUN_1800a4bf0"	1800a4bf0	0xa4bf0	262	false
"FUN_1800a4d00"	1800a4d00	0xa4d00	28	false
"FUN_1800a4d20"	1800a4d20	0xa4d20	109	false
"FUN_1800a4d90"	1800a4d90	0xa4d90	537	false
"FUN_1800a4fb0"	1800a4fb0	0xa4fb0	92	false
"FUN_1800a5010"	1800a5010	0xa5010	114	false
"FUN_1800a5090"	1800a5090	0xa5090	114	false
"FUN_1800a5110"	1800a5110	0xa5110	114	false
"FUN_1800a5190"	1800a5190	0xa5190	114	false
"FUN_1800a5210"	1800a5210	0xa5210	224	false
"FUN_1800a52f0"	1800a52f0	0xa52f0	262	false
"FUN_1800a5400"	1800a5400	0xa5400	100	false
"FUN_1800a5470"	1800a5470	0xa5470	100	false
"FUN_1800a54e0"	1800a54e0	0xa54e0	114	false
"FUN_1800a5560"	1800a5560	0xa5560	234	false
"FUN_1800a5650"	1800a5650	0xa5650	142	false
"FUN_1800a56e0"	1800a56e0	0xa56e0	416	false
"FUN_1800a5880"	1800a5880	0xa5880	130	false
"FUN_1800a5910"	1800a5910	0xa5910	107	false
"FUN_1800a5980"	1800a5980	0xa5980	45	false
"FUN_1800a59b0"	1800a59b0	0xa59b0	315	false
"FUN_1800a5af0"	1800a5af0	0xa5af0	315	false
"FUN_1800a5c30"	1800a5c30	0xa5c30	315	false
"FUN_1800a5d70"	1800a5d70	0xa5d70	315	false
"FUN_1800a5eb0"	1800a5eb0	0xa5eb0	148	false
"FUN_1800a5f50"	1800a5f50	0xa5f50	148	false
"FUN_1800a5ff0"	1800a5ff0	0xa5ff0	315	false
"FUN_1800a6130"	1800a6130	0xa6130	45	false
"FUN_1800a6160"	1800a6160	0xa6160	45	false
"FUN_1800a6190"	1800a6190	0xa6190	161	false
"FUN_1800a6240"	1800a6240	0xa6240	130	false
"FUN_1800a62d0"	1800a62d0	0xa62d0	107	false
"FUN_1800a6340"	1800a6340	0xa6340	28	false
"FUN_1800a6360"	1800a6360	0xa6360	378	false
"FUN_1800a64e0"	1800a64e0	0xa64e0	139	false
"FUN_1800a6570"	1800a6570	0xa6570	405	false
"FUN_1800a6710"	1800a6710	0xa6710	139	false
"FUN_1800a67a0"	1800a67a0	0xa67a0	170	false
"FUN_1800a6850"	1800a6850	0xa6850	139	false
"FUN_1800a68e0"	1800a68e0	0xa68e0	139	false
"FUN_1800a6970"	1800a6970	0xa6970	375	false
"FUN_1800a6af0"	1800a6af0	0xa6af0	378	false
"FUN_1800a6c70"	1800a6c70	0xa6c70	114	false
"FUN_1800a6cf0"	1800a6cf0	0xa6cf0	114	false
"FUN_1800a6d70"	1800a6d70	0xa6d70	375	false
"FUN_1800a6ef0"	1800a6ef0	0xa6ef0	114	false
"FUN_1800a6f70"	1800a6f70	0xa6f70	114	false
"FUN_1800a6ff0"	1800a6ff0	0xa6ff0	114	false
"FUN_1800a7070"	1800a7070	0xa7070	119	false
"FUN_1800a70f0"	1800a70f0	0xa70f0	208	false
"FUN_1800a71c0"	1800a71c0	0xa71c0	100	false
"FUN_1800a7230"	1800a7230	0xa7230	114	false
"FUN_1800a72b0"	1800a72b0	0xa72b0	419	false
"FUN_1800a7460"	1800a7460	0xa7460	130	false
"FUN_1800a74f0"	1800a74f0	0xa74f0	107	false
"FUN_1800a7560"	1800a7560	0xa7560	28	false
"FUN_1800a7580"	1800a7580	0xa7580	119	false
"FUN_1800a7600"	1800a7600	0xa7600	143	false
"FUN_1800a7690"	1800a7690	0xa7690	114	false
"FUN_1800a7710"	1800a7710	0xa7710	114	false
"FUN_1800a7790"	1800a7790	0xa7790	265	false
"FUN_1800a78a0"	1800a78a0	0xa78a0	266	false
"FUN_1800a79b0"	1800a79b0	0xa79b0	265	false
"FUN_1800a7ac0"	1800a7ac0	0xa7ac0	208	false
"FUN_1800a7b90"	1800a7b90	0xa7b90	100	false
"FUN_1800a7c00"	1800a7c00	0xa7c00	114	false
"FUN_1800a7c80"	1800a7c80	0xa7c80	273	false
"FUN_1800a7da0"	1800a7da0	0xa7da0	133	false
"FUN_1800a7e30"	1800a7e30	0xa7e30	130	false
"FUN_1800a7ec0"	1800a7ec0	0xa7ec0	78	false
"FUN_1800a7f10"	1800a7f10	0xa7f10	45	false
"FUN_1800a7f40"	1800a7f40	0xa7f40	36	false
"FUN_1800a7f70"	1800a7f70	0xa7f70	36	false
"FUN_1800a7fa0"	1800a7fa0	0xa7fa0	36	false
"FUN_1800a7fd0"	1800a7fd0	0xa7fd0	304	false
"FUN_1800a8100"	1800a8100	0xa8100	304	false
"FUN_1800a8230"	1800a8230	0xa8230	304	false
"FUN_1800a8360"	1800a8360	0xa8360	36	false
"FUN_1800a8390"	1800a8390	0xa8390	36	false
"FUN_1800a83c0"	1800a83c0	0xa83c0	45	false
"FUN_1800a83f0"	1800a83f0	0xa83f0	45	false
"FUN_1800a8420"	1800a8420	0xa8420	152	false
"FUN_1800a84c0"	1800a84c0	0xa84c0	142	false
"FUN_1800a8550"	1800a8550	0xa8550	130	false
"FUN_1800a85e0"	1800a85e0	0xa85e0	24	false
"FUN_1800a8600"	1800a8600	0xa8600	78	false
"FUN_1800a8650"	1800a8650	0xa8650	28	false
"FUN_1800a8670"	1800a8670	0xa8670	136	false
"FUN_1800a8700"	1800a8700	0xa8700	117	false
"FUN_1800a8780"	1800a8780	0xa8780	143	false
"FUN_1800a8810"	1800a8810	0xa8810	147	false
"FUN_1800a88b0"	1800a88b0	0xa88b0	418	false
"FUN_1800a8a60"	1800a8a60	0xa8a60	594	false
"FUN_1800a8cc0"	1800a8cc0	0xa8cc0	112	false
"FUN_1800a8d30"	1800a8d30	0xa8d30	112	false
"FUN_1800a8da0"	1800a8da0	0xa8da0	137	false
"FUN_1800a8e30"	1800a8e30	0xa8e30	112	false
"FUN_1800a8ea0"	1800a8ea0	0xa8ea0	117	false
"FUN_1800a8f20"	1800a8f20	0xa8f20	124	false
"FUN_1800a8fa0"	1800a8fa0	0xa8fa0	115	false
"FUN_1800a9020"	1800a9020	0xa9020	137	false
"FUN_1800a90b0"	1800a90b0	0xa90b0	112	false
"FUN_1800a9120"	1800a9120	0xa9120	137	false
"FUN_1800a91b0"	1800a91b0	0xa91b0	373	false
"FUN_1800a9330"	1800a9330	0xa9330	112	false
"FUN_1800a93a0"	1800a93a0	0xa93a0	328	false
"FUN_1800a94f0"	1800a94f0	0xa94f0	373	false
"FUN_1800a9670"	1800a9670	0xa9670	112	false
"FUN_1800a96e0"	1800a96e0	0xa96e0	137	false
"FUN_1800a9770"	1800a9770	0xa9770	152	false
"FUN_1800a9810"	1800a9810	0xa9810	159	false
"FUN_1800a98b0"	1800a98b0	0xa98b0	114	false
"FUN_1800a9930"	1800a9930	0xa9930	117	false
"FUN_1800a99b0"	1800a99b0	0xa99b0	114	false
"FUN_1800a9a30"	1800a9a30	0xa9a30	143	false
"FUN_1800a9ac0"	1800a9ac0	0xa9ac0	147	false
"FUN_1800a9b60"	1800a9b60	0xa9b60	114	false
"FUN_1800a9be0"	1800a9be0	0xa9be0	117	false
"FUN_1800a9c60"	1800a9c60	0xa9c60	114	false
"FUN_1800a9ce0"	1800a9ce0	0xa9ce0	114	false
"FUN_1800a9d60"	1800a9d60	0xa9d60	114	false
"FUN_1800a9de0"	1800a9de0	0xa9de0	117	false
"FUN_1800a9e60"	1800a9e60	0xa9e60	114	false
"FUN_1800a9ee0"	1800a9ee0	0xa9ee0	114	false
"FUN_1800a9f60"	1800a9f60	0xa9f60	114	false
"FUN_1800a9fe0"	1800a9fe0	0xa9fe0	117	false
"FUN_1800aa060"	1800aa060	0xaa060	265	false
"FUN_1800aa170"	1800aa170	0xaa170	114	false
"FUN_1800aa1f0"	1800aa1f0	0xaa1f0	114	false
"FUN_1800aa270"	1800aa270	0xaa270	114	false
"FUN_1800aa2f0"	1800aa2f0	0xaa2f0	117	false
"FUN_1800aa370"	1800aa370	0xaa370	114	false
"FUN_1800aa3f0"	1800aa3f0	0xaa3f0	117	false
"FUN_1800aa470"	1800aa470	0xaa470	157	false
"FUN_1800aa510"	1800aa510	0xaa510	224	false
"FUN_1800aa5f0"	1800aa5f0	0xaa5f0	261	false
"FUN_1800aa700"	1800aa700	0xaa700	142	false
"FUN_1800aa790"	1800aa790	0xaa790	216	false
"FUN_1800aa870"	1800aa870	0xaa870	283	false
"FUN_1800aa990"	1800aa990	0xaa990	141	false
"FUN_1800aaa20"	1800aaa20	0xaaa20	270	false
"FUN_1800aab30"	1800aab30	0xaab30	100	false
"FUN_1800aaba0"	1800aaba0	0xaaba0	114	false
"FUN_1800aac20"	1800aac20	0xaac20	143	false
"FUN_1800aacb0"	1800aacb0	0xaacb0	155	false
"FUN_1800aad50"	1800aad50	0xaad50	155	false
"FUN_1800aadf0"	1800aadf0	0xaadf0	142	false
"FUN_1800aae80"	1800aae80	0xaae80	117	false
"FUN_1800aaf00"	1800aaf00	0xaaf00	118	false
"FUN_1800aaf80"	1800aaf80	0xaaf80	130	false
"FUN_1800ab010"	1800ab010	0xab010	107	false
"FUN_1800ab080"	1800ab080	0xab080	45	false
"FUN_1800ab0b0"	1800ab0b0	0xab0b0	58	false
"FUN_1800ab0f0"	1800ab0f0	0xab0f0	45	false
"FUN_1800ab120"	1800ab120	0xab120	45	false
"FUN_1800ab150"	1800ab150	0xab150	161	false
"FUN_1800ab200"	1800ab200	0xab200	130	false
"FUN_1800ab290"	1800ab290	0xab290	107	false
"FUN_1800ab300"	1800ab300	0xab300	45	false
"FUN_1800ab330"	1800ab330	0xab330	60	false
"FUN_1800ab370"	1800ab370	0xab370	45	false
"FUN_1800ab3a0"	1800ab3a0	0xab3a0	45	false
"FUN_1800ab3d0"	1800ab3d0	0xab3d0	161	false
"FUN_1800ab480"	1800ab480	0xab480	130	false
"FUN_1800ab510"	1800ab510	0xab510	107	false
"FUN_1800ab580"	1800ab580	0xab580	28	false
"FUN_1800ab5a0"	1800ab5a0	0xab5a0	375	false
"FUN_1800ab720"	1800ab720	0xab720	139	false
"FUN_1800ab7b0"	1800ab7b0	0xab7b0	139	false
"FUN_1800ab840"	1800ab840	0xab840	114	false
"FUN_1800ab8c0"	1800ab8c0	0xab8c0	114	false
"FUN_1800ab940"	1800ab940	0xab940	208	false
"FUN_1800aba10"	1800aba10	0xaba10	143	false
"FUN_1800abaa0"	1800abaa0	0xabaa0	105	false
"FUN_1800abb10"	1800abb10	0xabb10	100	false
"FUN_1800abb80"	1800abb80	0xabb80	114	false
"FUN_1800abc00"	1800abc00	0xabc00	122	false
"FUN_1800abc80"	1800abc80	0xabc80	45	false
"FUN_1800abcb0"	1800abcb0	0xabcb0	438	false
"FUN_1800abe70"	1800abe70	0xabe70	280	false
"FUN_1800abf90"	1800abf90	0xabf90	35	false
"FUN_1800abfc0"	1800abfc0	0xabfc0	41	false
"FUN_1800abff0"	1800abff0	0xabff0	41	false
"FUN_1800ac020"	1800ac020	0xac020	41	false
"FUN_1800ac050"	1800ac050	0xac050	130	false
"FUN_1800ac0e0"	1800ac0e0	0xac0e0	78	false
"FUN_1800ac130"	1800ac130	0xac130	45	false
"FUN_1800ac160"	1800ac160	0xac160	73	false
"FUN_1800ac1b0"	1800ac1b0	0xac1b0	36	false
"FUN_1800ac1e0"	1800ac1e0	0xac1e0	304	false
"FUN_1800ac310"	1800ac310	0xac310	36	false
"FUN_1800ac340"	1800ac340	0xac340	45	false
"FUN_1800ac370"	1800ac370	0xac370	45	false
"FUN_1800ac3a0"	1800ac3a0	0xac3a0	41	false
"FUN_1800ac3d0"	1800ac3d0	0xac3d0	152	false
"FUN_1800ac470"	1800ac470	0xac470	60	false
"FUN_1800ac4b0"	1800ac4b0	0xac4b0	36	false
"FUN_1800ac4e0"	1800ac4e0	0xac4e0	58	false
"FUN_1800ac520"	1800ac520	0xac520	142	false
"FUN_1800ac5b0"	1800ac5b0	0xac5b0	130	false
"FUN_1800ac640"	1800ac640	0xac640	107	false
"FUN_1800ac6b0"	1800ac6b0	0xac6b0	28	false
"FUN_1800ac6d0"	1800ac6d0	0xac6d0	375	false
"FUN_1800ac850"	1800ac850	0xac850	142	false
"FUN_1800ac8e0"	1800ac8e0	0xac8e0	405	false
"FUN_1800aca80"	1800aca80	0xaca80	242	false
"FUN_1800acb80"	1800acb80	0xacb80	142	false
"FUN_1800acc10"	1800acc10	0xacc10	378	false
"FUN_1800acd90"	1800acd90	0xacd90	378	false
"FUN_1800acf10"	1800acf10	0xacf10	142	false
"FUN_1800acfa0"	1800acfa0	0xacfa0	114	false
"FUN_1800ad020"	1800ad020	0xad020	142	false
"FUN_1800ad0b0"	1800ad0b0	0xad0b0	375	false
"FUN_1800ad230"	1800ad230	0xad230	142	false
"FUN_1800ad2c0"	1800ad2c0	0xad2c0	142	false
"FUN_1800ad350"	1800ad350	0xad350	142	false
"FUN_1800ad3e0"	1800ad3e0	0xad3e0	114	false
"FUN_1800ad460"	1800ad460	0xad460	375	false
"FUN_1800ad5e0"	1800ad5e0	0xad5e0	114	false
"FUN_1800ad660"	1800ad660	0xad660	122	false
"FUN_1800ad6e0"	1800ad6e0	0xad6e0	162	false
"FUN_1800ad790"	1800ad790	0xad790	122	false
"FUN_1800ad810"	1800ad810	0xad810	114	false
"FUN_1800ad890"	1800ad890	0xad890	119	false
"FUN_1800ad910"	1800ad910	0xad910	119	false
"FUN_1800ad990"	1800ad990	0xad990	119	false
"FUN_1800ada10"	1800ada10	0xada10	265	false
"FUN_1800adb20"	1800adb20	0xadb20	119	false
"FUN_1800adba0"	1800adba0	0xadba0	208	false
"FUN_1800adc70"	1800adc70	0xadc70	174	false
"FUN_1800add20"	1800add20	0xadd20	159	false
"FUN_1800addc0"	1800addc0	0xaddc0	100	false
"FUN_1800ade30"	1800ade30	0xade30	114	false
"FUN_1800adeb0"	1800adeb0	0xadeb0	273	false
"FUN_1800adfd0"	1800adfd0	0xadfd0	122	false
"FUN_1800ae050"	1800ae050	0xae050	438	false
"FUN_1800ae210"	1800ae210	0xae210	35	false
"FUN_1800ae240"	1800ae240	0xae240	41	false
"FUN_1800ae270"	1800ae270	0xae270	41	false
"FUN_1800ae2a0"	1800ae2a0	0xae2a0	41	false
"FUN_1800ae2d0"	1800ae2d0	0xae2d0	104	false
"FUN_1800ae340"	1800ae340	0xae340	107	false
"FUN_1800ae3b0"	1800ae3b0	0xae3b0	43	false
"FUN_1800ae3e0"	1800ae3e0	0xae3e0	28	false
"FUN_1800ae400"	1800ae400	0xae400	438	false
"FUN_1800ae5e0"	1800ae5e0	0xae5e0	64	false
"FUN_1800ae620"	1800ae620	0xae620	17	false
"FUN_1800ae640"	1800ae640	0xae640	35	false
"FUN_1800ae670"	1800ae670	0xae670	41	false
"FUN_1800ae6a0"	1800ae6a0	0xae6a0	41	false
"FUN_1800ae6d0"	1800ae6d0	0xae6d0	41	false
"FUN_1800ae700"	1800ae700	0xae700	159	false
"FUN_1800ae7a0"	1800ae7a0	0xae7a0	159	false
"FUN_1800ae840"	1800ae840	0xae840	164	false
"FUN_1800ae8e4"	1800ae8e4	0xae8e4	164	false
"FUN_1800ae988"	1800ae988	0xae988	189	false
"FUN_1800aea48"	1800aea48	0xaea48	222	false
"FUN_1800aeb28"	1800aeb28	0xaeb28	273	false
"FUN_1800aec3c"	1800aec3c	0xaec3c	61	false
"FUN_1800aec7c"	1800aec7c	0xaec7c	756	false
"FUN_1800aef70"	1800aef70	0xaef70	416	false
"FUN_1800af110"	1800af110	0xaf110	7	false
"FUN_1800af118"	1800af118	0xaf118	10	false
"FUN_1800af124"	1800af124	0xaf124	91	false
"FUN_1800af180"	1800af180	0xaf180	214	false
"FUN_1800af258"	1800af258	0xaf258	126	false
"FUN_1800af2d8"	1800af2d8	0xaf2d8	118	false
"FUN_1800af350"	1800af350	0xaf350	36	false
"FUN_1800af374"	1800af374	0xaf374	104	false
"FUN_1800af3dc"	1800af3dc	0xaf3dc	512	false
"FUN_1800af5dc"	1800af5dc	0xaf5dc	3	false
"FUN_1800af5e0"	1800af5e0	0xaf5e0	52	false
"FUN_1800af614"	1800af614	0xaf614	57	false
"FUN_1800af650"	1800af650	0xaf650	866	false
"FUN_1800af9b4"	1800af9b4	0xaf9b4	60	false
"FUN_1800af9f0"	1800af9f0	0xaf9f0	1627	false
"malloc"	1800b0050	0xb0050	7	true
"free"	1800b0060	0xb0060	7	true
"FUN_1800b00b0"	1800b00b0	0xb00b0	152	false
"FUN_1800b0150"	1800b0150	0xb0150	3293	false
"FUN_1800b0e30"	1800b0e30	0xb0e30	549	false
"FUN_1800b1060"	1800b1060	0xb1060	1267	false
"FUN_1800b1560"	1800b1560	0xb1560	1424	false
"FUN_1800b1af0"	1800b1af0	0xb1af0	24	false
"FUN_1800b1b10"	1800b1b10	0xb1b10	340	false
"FUN_1800b1c70"	1800b1c70	0xb1c70	51	false
"FUN_1800b1cb0"	1800b1cb0	0xb1cb0	51	false
"FUN_1800b1cf0"	1800b1cf0	0xb1cf0	24	false
"FUN_1800b1d10"	1800b1d10	0xb1d10	175	false
"FUN_1800b1dc0"	1800b1dc0	0xb1dc0	24	false
"FUN_1800b1de0"	1800b1de0	0xb1de0	934	false
"FUN_1800b2190"	1800b2190	0xb2190	24	false
"FUN_1800b21b0"	1800b21b0	0xb21b0	27	false
"FUN_1800b21d0"	1800b21d0	0xb21d0	24	false
"FUN_1800b21f0"	1800b21f0	0xb21f0	51	false
"FUN_1800b2230"	1800b2230	0xb2230	439	false
"FUN_1800b23f0"	1800b23f0	0xb23f0	69	false
"FUN_1800b2440"	1800b2440	0xb2440	168	false
"FUN_1800b24f0"	1800b24f0	0xb24f0	97	false
"FUN_1800b2560"	1800b2560	0xb2560	314	false
"FUN_1800b26a0"	1800b26a0	0xb26a0	540	false
"FUN_1800b28c0"	1800b28c0	0xb28c0	36	false
"FUN_1800b28f0"	1800b28f0	0xb28f0	454	false
"FUN_1800b2ac0"	1800b2ac0	0xb2ac0	318	false
"FUN_1800b2c00"	1800b2c00	0xb2c00	14	false
"FUN_1800b2c10"	1800b2c10	0xb2c10	123	false
"FUN_1800b2c90"	1800b2c90	0xb2c90	252	false
"FUN_1800b2d90"	1800b2d90	0xb2d90	181	false
"FUN_1800b2e50"	1800b2e50	0xb2e50	206	false
"FUN_1800b2f20"	1800b2f20	0xb2f20	98	false
"FUN_1800b2f90"	1800b2f90	0xb2f90	9213	false
"FUN_1800b5390"	1800b5390	0xb5390	166	false
"FUN_1800b5440"	1800b5440	0xb5440	1018	false
"FUN_1800b5840"	1800b5840	0xb5840	173	false
"FUN_1800b58f0"	1800b58f0	0xb58f0	498	false
"FUN_1800b5af0"	1800b5af0	0xb5af0	315	false
"FUN_1800b5c30"	1800b5c30	0xb5c30	195	false
"FUN_1800b5d00"	1800b5d00	0xb5d00	487	false
"FUN_1800b5ef0"	1800b5ef0	0xb5ef0	165	false
"FUN_1800b5fa0"	1800b5fa0	0xb5fa0	155	false
"FUN_1800b6040"	1800b6040	0xb6040	40	false
"FUN_1800b6070"	1800b6070	0xb6070	267	false
"FUN_1800b6180"	1800b6180	0xb6180	127	false
"FUN_1800b6200"	1800b6200	0xb6200	533	false
"FUN_1800b6420"	1800b6420	0xb6420	244	false
"FUN_1800b6520"	1800b6520	0xb6520	91	false
"FUN_1800b6580"	1800b6580	0xb6580	601	false
"FUN_1800b67e0"	1800b67e0	0xb67e0	270	false
"FUN_1800b68f0"	1800b68f0	0xb68f0	165	false
"FUN_1800b69a0"	1800b69a0	0xb69a0	91	false
"FUN_1800b6a00"	1800b6a00	0xb6a00	466	false
"FUN_1800b6be0"	1800b6be0	0xb6be0	94	false
"FUN_1800b6c90"	1800b6c90	0xb6c90	194	false
"FUN_1800b6d60"	1800b6d60	0xb6d60	354	false
"FUN_1800b6ed0"	1800b6ed0	0xb6ed0	108	false
"FUN_1800b6f40"	1800b6f40	0xb6f40	9	false
"FUN_1800b6f50"	1800b6f50	0xb6f50	203	false
"FUN_1800b7020"	1800b7020	0xb7020	280	false
"FUN_1800b7140"	1800b7140	0xb7140	111	false
"FUN_1800b71b0"	1800b71b0	0xb71b0	210	false
"FUN_1800b7290"	1800b7290	0xb7290	507	false
"FUN_1800b7490"	1800b7490	0xb7490	249	false
"FUN_1800b7590"	1800b7590	0xb7590	173	false
"FUN_1800b7640"	1800b7640	0xb7640	415	false
"FUN_1800b7800"	1800b7800	0xb7800	46	false
"FUN_1800b7830"	1800b7830	0xb7830	59	false
"FUN_1800b7870"	1800b7870	0xb7870	111	false
"FUN_1800b78e0"	1800b78e0	0xb78e0	505	false
"FUN_1800b7ae0"	1800b7ae0	0xb7ae0	195	false
"FUN_1800b7bb0"	1800b7bb0	0xb7bb0	135	false
"FUN_1800b7c40"	1800b7c40	0xb7c40	528	false
"FUN_1800b7e50"	1800b7e50	0xb7e50	412	false
"FUN_1800b7ff0"	1800b7ff0	0xb7ff0	39	false
"FUN_1800b8020"	1800b8020	0xb8020	485	false
"FUN_1800b8210"	1800b8210	0xb8210	619	false
"FUN_1800b8480"	1800b8480	0xb8480	87	false
"FUN_1800b84e0"	1800b84e0	0xb84e0	927	false
"FUN_1800b8880"	1800b8880	0xb8880	508	false
"FUN_1800b8a80"	1800b8a80	0xb8a80	109	false
"FUN_1800b8af0"	1800b8af0	0xb8af0	1368	false
"FUN_1800b9050"	1800b9050	0xb9050	988	false
"FUN_1800b9430"	1800b9430	0xb9430	99	false
"FUN_1800b94a0"	1800b94a0	0xb94a0	70	false
"FUN_1800b94f0"	1800b94f0	0xb94f0	500	false
"FUN_1800b96f0"	1800b96f0	0xb96f0	1082	false
"FUN_1800b9b30"	1800b9b30	0xb9b30	351	false
"FUN_1800b9c90"	1800b9c90	0xb9c90	1083	false
"FUN_1800ba0d0"	1800ba0d0	0xba0d0	819	false
"FUN_1800ba410"	1800ba410	0xba410	582	false
"FUN_1800ba660"	1800ba660	0xba660	52	false
"FUN_1800ba6a0"	1800ba6a0	0xba6a0	158	false
"FUN_1800ba740"	1800ba740	0xba740	115	false
"FUN_1800ba7c0"	1800ba7c0	0xba7c0	87	false
"FUN_1800ba820"	1800ba820	0xba820	134	false
"FUN_1800ba8b0"	1800ba8b0	0xba8b0	115	false
"FUN_1800ba930"	1800ba930	0xba930	112	false
"FUN_1800ba9a0"	1800ba9a0	0xba9a0	294	false
"FUN_1800baad0"	1800baad0	0xbaad0	753	false
"FUN_1800badd0"	1800badd0	0xbadd0	30	false
"FUN_1800badf0"	1800badf0	0xbadf0	52	false
"FUN_1800bae30"	1800bae30	0xbae30	71	false
"FUN_1800bae80"	1800bae80	0xbae80	84	false
"FUN_1800baee0"	1800baee0	0xbaee0	8	false
"FUN_1800baef0"	1800baef0	0xbaef0	30	false
"FUN_1800baf10"	1800baf10	0xbaf10	28	false
"FUN_1800baf30"	1800baf30	0xbaf30	164	false
"FUN_1800bafe0"	1800bafe0	0xbafe0	125	false
"FUN_1800bb060"	1800bb060	0xbb060	12	false
"FUN_1800bb070"	1800bb070	0xbb070	360	false
"FUN_1800bb1e0"	1800bb1e0	0xbb1e0	111	false
"FUN_1800bb250"	1800bb250	0xbb250	157	false
"FUN_1800bb2f0"	1800bb2f0	0xbb2f0	95	false
"FUN_1800bb350"	1800bb350	0xbb350	189	false
"FUN_1800bb410"	1800bb410	0xbb410	18	false
"FUN_1800bb430"	1800bb430	0xbb430	107	false
"FUN_1800bb4a0"	1800bb4a0	0xbb4a0	14	false
"FUN_1800bb4b0"	1800bb4b0	0xbb4b0	14	false
"FUN_1800bb4c0"	1800bb4c0	0xbb4c0	210	false
"FUN_1800bb5a0"	1800bb5a0	0xbb5a0	313	false
"FUN_1800bb6e0"	1800bb6e0	0xbb6e0	23	false
"FUN_1800bb700"	1800bb700	0xbb700	373	false
"FUN_1800bb880"	1800bb880	0xbb880	14	false
"FUN_1800bb890"	1800bb890	0xbb890	24	false
"FUN_1800bb8b0"	1800bb8b0	0xbb8b0	16	false
"FUN_1800bb8c0"	1800bb8c0	0xbb8c0	72	false
"FUN_1800bb910"	1800bb910	0xbb910	218	false
"FUN_1800bb9f0"	1800bb9f0	0xbb9f0	434	false
"FUN_1800bbbb0"	1800bbbb0	0xbbbb0	119	false
"FUN_1800bbc30"	1800bbc30	0xbbc30	385	false
"FUN_1800bbdc0"	1800bbdc0	0xbbdc0	369	false
"FUN_1800bbf40"	1800bbf40	0xbbf40	167	false
"FUN_1800bbff0"	1800bbff0	0xbbff0	22	false
"FUN_1800bc010"	1800bc010	0xbc010	28	false
"FUN_1800bc030"	1800bc030	0xbc030	49	false
"FUN_1800bc070"	1800bc070	0xbc070	428	false
"FUN_1800bc220"	1800bc220	0xbc220	185	false
"FUN_1800bc2e0"	1800bc2e0	0xbc2e0	42	false
"FUN_1800bc310"	1800bc310	0xbc310	267	false
"FUN_1800bc420"	1800bc420	0xbc420	1282	false
"FUN_1800bc930"	1800bc930	0xbc930	31	false
"FUN_1800bc950"	1800bc950	0xbc950	123	false
"FUN_1800bc9d0"	1800bc9d0	0xbc9d0	30	false
"FUN_1800bc9f0"	1800bc9f0	0xbc9f0	87	false
"FUN_1800bca50"	1800bca50	0xbca50	814	false
"FUN_1800bcd80"	1800bcd80	0xbcd80	80	false
"FUN_1800bcdd0"	1800bcdd0	0xbcdd0	163	false
"FUN_1800bce80"	1800bce80	0xbce80	108	false
"FUN_1800bcef0"	1800bcef0	0xbcef0	71	false
"FUN_1800bcf40"	1800bcf40	0xbcf40	375	false
"FUN_1800bd0c0"	1800bd0c0	0xbd0c0	11	false
"FUN_1800bd0d0"	1800bd0d0	0xbd0d0	117	false
"FUN_1800bd150"	1800bd150	0xbd150	136	false
"FUN_1800bd1e0"	1800bd1e0	0xbd1e0	185	false
"FUN_1800bd2a0"	1800bd2a0	0xbd2a0	105	false
"FUN_1800bd310"	1800bd310	0xbd310	104	false
"FUN_1800bd380"	1800bd380	0xbd380	54	false
"FUN_1800bd3c0"	1800bd3c0	0xbd3c0	43	false
"FUN_1800bd3f0"	1800bd3f0	0xbd3f0	56	false
"FUN_1800bd430"	1800bd430	0xbd430	198	false
"FUN_1800bd500"	1800bd500	0xbd500	104	false
"FUN_1800bd570"	1800bd570	0xbd570	54	false
"FUN_1800bd5b0"	1800bd5b0	0xbd5b0	123	false
"FUN_1800bd630"	1800bd630	0xbd630	81	false
"FUN_1800bd690"	1800bd690	0xbd690	104	false
"FUN_1800bd700"	1800bd700	0xbd700	359	false
"FUN_1800bd870"	1800bd870	0xbd870	623	false
"FUN_1800bdae0"	1800bdae0	0xbdae0	778	false
"FUN_1800bddf0"	1800bddf0	0xbddf0	366	false
"FUN_1800bdf60"	1800bdf60	0xbdf60	571	false
"FUN_1800be1a0"	1800be1a0	0xbe1a0	509	false
"FUN_1800be3a0"	1800be3a0	0xbe3a0	22	false
"FUN_1800be3c0"	1800be3c0	0xbe3c0	61	false
"FUN_1800be400"	1800be400	0xbe400	164	false
"FUN_1800be4b0"	1800be4b0	0xbe4b0	38	false
"FUN_1800be4e0"	1800be4e0	0xbe4e0	29	false
"FUN_1800be500"	1800be500	0xbe500	50	false
"FUN_1800be540"	1800be540	0xbe540	166	false
"FUN_1800be5f0"	1800be5f0	0xbe5f0	134	false
"FUN_1800be680"	1800be680	0xbe680	173	false
"FUN_1800be730"	1800be730	0xbe730	707	false
"FUN_1800bea00"	1800bea00	0xbea00	84	false
"FUN_1800bea60"	1800bea60	0xbea60	293	false
"FUN_1800beb90"	1800beb90	0xbeb90	1166	false
"FUN_1800bf020"	1800bf020	0xbf020	40	false
"FUN_1800bf050"	1800bf050	0xbf050	72	false
"FUN_1800bf0a0"	1800bf0a0	0xbf0a0	147	false
"FUN_1800bf140"	1800bf140	0xbf140	406	false
"FUN_1800bf2e0"	1800bf2e0	0xbf2e0	56	false
"FUN_1800bf320"	1800bf320	0xbf320	1106	false
"FUN_1800bf780"	1800bf780	0xbf780	190	false
"FUN_1800bf840"	1800bf840	0xbf840	1093	false
"FUN_1800bfc90"	1800bfc90	0xbfc90	2791	false
"FUN_1800c0780"	1800c0780	0xc0780	41	false
"FUN_1800c07b0"	1800c07b0	0xc07b0	566	false
"FUN_1800c09f0"	1800c09f0	0xc09f0	2094	false
"FUN_1800c1220"	1800c1220	0xc1220	614	false
"FUN_1800c1490"	1800c1490	0xc1490	50	false
"FUN_1800c14d0"	1800c14d0	0xc14d0	900	false
"FUN_1800c1860"	1800c1860	0xc1860	2467	false
"FUN_1800c2210"	1800c2210	0xc2210	760	false
"FUN_1800c2510"	1800c2510	0xc2510	148	false
"FUN_1800c25b0"	1800c25b0	0xc25b0	4633	false
"FUN_1800c37d0"	1800c37d0	0xc37d0	421	false
"FUN_1800c3980"	1800c3980	0xc3980	48	false
"FUN_1800c39b0"	1800c39b0	0xc39b0	164	false
"FUN_1800c3a60"	1800c3a60	0xc3a60	294	false
"FUN_1800c3b90"	1800c3b90	0xc3b90	54	false
"FUN_1800c3bd0"	1800c3bd0	0xc3bd0	201	false
"FUN_1800c3ca0"	1800c3ca0	0xc3ca0	215	false
"FUN_1800c3d80"	1800c3d80	0xc3d80	128	false
"FUN_1800c3e00"	1800c3e00	0xc3e00	87	false
"FUN_1800c3e60"	1800c3e60	0xc3e60	145	false
"FUN_1800c3f00"	1800c3f00	0xc3f00	523	false
"FUN_1800c4110"	1800c4110	0xc4110	58	false
"FUN_1800c4150"	1800c4150	0xc4150	67	false
"FUN_1800c41a0"	1800c41a0	0xc41a0	128	false
"FUN_1800c4220"	1800c4220	0xc4220	639	false
"FUN_1800c44a0"	1800c44a0	0xc44a0	138	false
"FUN_1800c4530"	1800c4530	0xc4530	252	false
"FUN_1800c4630"	1800c4630	0xc4630	117	false
"FUN_1800c46b0"	1800c46b0	0xc46b0	179	false
"FUN_1800c4770"	1800c4770	0xc4770	123	false
"FUN_1800c47f0"	1800c47f0	0xc47f0	168	false
"FUN_1800c48a0"	1800c48a0	0xc48a0	114	false
"FUN_1800c4920"	1800c4920	0xc4920	161	false
"FUN_1800c49d0"	1800c49d0	0xc49d0	140	false
"FUN_1800c4a60"	1800c4a60	0xc4a60	155	false
"FUN_1800c4b00"	1800c4b00	0xc4b00	877	false
"FUN_1800c4e70"	1800c4e70	0xc4e70	586	false
"FUN_1800c50c0"	1800c50c0	0xc50c0	942	false
"FUN_1800c5470"	1800c5470	0xc5470	414	false
"FUN_1800c5610"	1800c5610	0xc5610	335	false
"FUN_1800c5760"	1800c5760	0xc5760	1050	false
"FUN_1800c5b80"	1800c5b80	0xc5b80	612	false
"FUN_1800c5df0"	1800c5df0	0xc5df0	704	false
"FUN_1800c60b0"	1800c60b0	0xc60b0	656	false
"FUN_1800c6340"	1800c6340	0xc6340	646	false
"FUN_1800c65d0"	1800c65d0	0xc65d0	1646	false
"FUN_1800c6c40"	1800c6c40	0xc6c40	664	false
"FUN_1800c6ee0"	1800c6ee0	0xc6ee0	1501	false
"FUN_1800c74c0"	1800c74c0	0xc74c0	570	false
"FUN_1800c7700"	1800c7700	0xc7700	504	false
"FUN_1800c7900"	1800c7900	0xc7900	1412	false
"FUN_1800c7e90"	1800c7e90	0xc7e90	167	false
"FUN_1800c7f40"	1800c7f40	0xc7f40	117	false
"FUN_1800c7fc0"	1800c7fc0	0xc7fc0	281	false
"FUN_1800c80e0"	1800c80e0	0xc80e0	1119	false
"FUN_1800c8540"	1800c8540	0xc8540	342	false
"FUN_1800c86a0"	1800c86a0	0xc86a0	26	false
"FUN_1800c86c0"	1800c86c0	0xc86c0	184	false
"FUN_1800c8780"	1800c8780	0xc8780	279	false
"FUN_1800c88a0"	1800c88a0	0xc88a0	335	false
"FUN_1800c89f0"	1800c89f0	0xc89f0	42	false
"FUN_1800c8a20"	1800c8a20	0xc8a20	46	false
"FUN_1800c8a50"	1800c8a50	0xc8a50	143	false
"FUN_1800c8ae0"	1800c8ae0	0xc8ae0	440	false
"FUN_1800c8ca0"	1800c8ca0	0xc8ca0	239	false
"FUN_1800c8d90"	1800c8d90	0xc8d90	174	false
"FUN_1800c8e40"	1800c8e40	0xc8e40	14	false
"FUN_1800c8e50"	1800c8e50	0xc8e50	40	false
"FUN_1800c8e80"	1800c8e80	0xc8e80	426	false
"FUN_1800c9030"	1800c9030	0xc9030	193	false
"FUN_1800c9100"	1800c9100	0xc9100	163	false
"FUN_1800c91b0"	1800c91b0	0xc91b0	60	false
"FUN_1800c91f0"	1800c91f0	0xc91f0	46	false
"FUN_1800c9220"	1800c9220	0xc9220	48	false
"FUN_1800c9250"	1800c9250	0xc9250	59	false
"FUN_1800c9290"	1800c9290	0xc9290	145	false
"FUN_1800c9330"	1800c9330	0xc9330	23	false
"FUN_1800c9350"	1800c9350	0xc9350	23	false
"FUN_1800c9370"	1800c9370	0xc9370	636	false
"FUN_1800c95f0"	1800c95f0	0xc95f0	73	false
"FUN_1800c9640"	1800c9640	0xc9640	99	false
"FUN_1800c96b0"	1800c96b0	0xc96b0	49	false
"FUN_1800c96f0"	1800c96f0	0xc96f0	354	false
"FUN_1800c9860"	1800c9860	0xc9860	293	false
"FUN_1800c9990"	1800c9990	0xc9990	169	false
"FUN_1800c9a40"	1800c9a40	0xc9a40	1707	false
"FUN_1800ca0f0"	1800ca0f0	0xca0f0	224	false
"FUN_1800ca1d0"	1800ca1d0	0xca1d0	170	false
"FUN_1800ca280"	1800ca280	0xca280	91	false
"FUN_1800ca2e0"	1800ca2e0	0xca2e0	556	false
"FUN_1800ca510"	1800ca510	0xca510	1169	false
"FUN_1800ca9b0"	1800ca9b0	0xca9b0	2024	false
"FUN_1800cb1a0"	1800cb1a0	0xcb1a0	474	false
"FUN_1800cb380"	1800cb380	0xcb380	1900	false
"FUN_1800cbaf0"	1800cbaf0	0xcbaf0	968	false
"FUN_1800cbec0"	1800cbec0	0xcbec0	690	false
"FUN_1800cc180"	1800cc180	0xcc180	1705	false
"FUN_1800cc830"	1800cc830	0xcc830	411	false
"FUN_1800cc9d0"	1800cc9d0	0xcc9d0	3934	false
"FUN_1800cd930"	1800cd930	0xcd930	337	false
"FUN_1800cda90"	1800cda90	0xcda90	99	false
"FUN_1800cdb00"	1800cdb00	0xcdb00	250	false
"FUN_1800cdc00"	1800cdc00	0xcdc00	208	false
"FUN_1800cdcd0"	1800cdcd0	0xcdcd0	785	false
"FUN_1800cdff0"	1800cdff0	0xcdff0	231	false
"FUN_1800ce0e0"	1800ce0e0	0xce0e0	34	false
"FUN_1800ce110"	1800ce110	0xce110	267	false
"FUN_1800ce220"	1800ce220	0xce220	113	false
"FUN_1800ce2a0"	1800ce2a0	0xce2a0	246	false
"FUN_1800ce3a0"	1800ce3a0	0xce3a0	93	false
"FUN_1800ce400"	1800ce400	0xce400	181	false
"FUN_1800ce4c0"	1800ce4c0	0xce4c0	178	false
"FUN_1800ce580"	1800ce580	0xce580	191	false
"FUN_1800ce640"	1800ce640	0xce640	183	false
"FUN_1800ce700"	1800ce700	0xce700	89	false
"FUN_1800ce760"	1800ce760	0xce760	97	false
"FUN_1800ce7d0"	1800ce7d0	0xce7d0	97	false
"FUN_1800ce840"	1800ce840	0xce840	97	false
"FUN_1800ce8b0"	1800ce8b0	0xce8b0	97	false
"FUN_1800ce920"	1800ce920	0xce920	102	false
"FUN_1800ce990"	1800ce990	0xce990	168	false
"FUN_1800cea40"	1800cea40	0xcea40	174	false
"FUN_1800ceaf0"	1800ceaf0	0xceaf0	176	false
"FUN_1800ceba0"	1800ceba0	0xceba0	176	false
"FUN_1800cec50"	1800cec50	0xcec50	176	false
"FUN_1800ced00"	1800ced00	0xced00	176	false
"FUN_1800cedb0"	1800cedb0	0xcedb0	8	false
"FUN_1800cedc0"	1800cedc0	0xcedc0	85	false
"sscanf"	1800cee20	0xcee20	82	false
"FUN_1800cee80"	1800cee80	0xcee80	89	false
"FUN_1800ceee0"	1800ceee0	0xceee0	75	false
"FUN_1800cef30"	1800cef30	0xcef30	546	false
"FUN_1800cf160"	1800cf160	0xcf160	1376	false
"FUN_1800cf6c0"	1800cf6c0	0xcf6c0	595	false
"FUN_1800cf920"	1800cf920	0xcf920	146	false
"FUN_1800cf9c0"	1800cf9c0	0xcf9c0	702	false
"FUN_1800cfc80"	1800cfc80	0xcfc80	512	false
"FUN_1800cfe80"	1800cfe80	0xcfe80	8	false
"FUN_1800cfe90"	1800cfe90	0xcfe90	1665	false
"FUN_1800d0520"	1800d0520	0xd0520	666	false
"FUN_1800d07c0"	1800d07c0	0xd07c0	71	false
"FUN_1800d0810"	1800d0810	0xd0810	182	false
"FUN_1800d08d0"	1800d08d0	0xd08d0	778	false
"FUN_1800d0be0"	1800d0be0	0xd0be0	446	false
"FUN_1800d0da0"	1800d0da0	0xd0da0	212	false
"FUN_1800d0e80"	1800d0e80	0xd0e80	196	false
"FUN_1800d0f50"	1800d0f50	0xd0f50	119	false
"FUN_1800d0fd0"	1800d0fd0	0xd0fd0	561	false
"FUN_1800d1210"	1800d1210	0xd1210	971	false
"FUN_1800d15e0"	1800d15e0	0xd15e0	311	false
"FUN_1800d1720"	1800d1720	0xd1720	98	false
"FUN_1800d1790"	1800d1790	0xd1790	72	false
"FUN_1800d17e0"	1800d17e0	0xd17e0	419	false
"FUN_1800d1990"	1800d1990	0xd1990	112	false
"FUN_1800d1a00"	1800d1a00	0xd1a00	11255	false
"FUN_1800d4600"	1800d4600	0xd4600	578	false
"FUN_1800d4850"	1800d4850	0xd4850	312	false
"FUN_1800d4990"	1800d4990	0xd4990	109	false
"FUN_1800d4a00"	1800d4a00	0xd4a00	28	false
"FUN_1800d4a20"	1800d4a20	0xd4a20	1234	false
"FUN_1800d4f00"	1800d4f00	0xd4f00	144	false
"FUN_1800d4f90"	1800d4f90	0xd4f90	228	false
"FUN_1800d5080"	1800d5080	0xd5080	1378	false
"FUN_1800d55f0"	1800d55f0	0xd55f0	269	false
"FUN_1800d5700"	1800d5700	0xd5700	269	false
"FUN_1800d5810"	1800d5810	0xd5810	69	false
"FUN_1800d5860"	1800d5860	0xd5860	156	false
"FUN_1800d5900"	1800d5900	0xd5900	226	false
"FUN_1800d59f0"	1800d59f0	0xd59f0	114	false
"FUN_1800d5a70"	1800d5a70	0xd5a70	193	false
"FUN_1800d5b40"	1800d5b40	0xd5b40	452	false
"FUN_1800d5d10"	1800d5d10	0xd5d10	469	false
"FUN_1800d5ef0"	1800d5ef0	0xd5ef0	1545	false
"FUN_1800d6500"	1800d6500	0xd6500	1791	false
"FUN_1800d6c00"	1800d6c00	0xd6c00	72	false
"FUN_1800d6c50"	1800d6c50	0xd6c50	686	false
"FUN_1800d6f00"	1800d6f00	0xd6f00	80	false
"FUN_1800d6f50"	1800d6f50	0xd6f50	987	false
"FUN_1800d7350"	1800d7350	0xd7350	963	false
"FUN_1800d7720"	1800d7720	0xd7720	80	false
"FUN_1800d7770"	1800d7770	0xd7770	4108	false
"FUN_1800d8780"	1800d8780	0xd8780	352	false
"FUN_1800d88e0"	1800d88e0	0xd88e0	751	false
"FUN_1800d8bd0"	1800d8bd0	0xd8bd0	215	false
"FUN_1800d8d00"	1800d8d00	0xd8d00	39	false
"FUN_1800d8d30"	1800d8d30	0xd8d30	67	false
"FUN_1800d8d80"	1800d8d80	0xd8d80	1142	false
"FUN_1800d9200"	1800d9200	0xd9200	116	false
"FUN_1800d9280"	1800d9280	0xd9280	187	false
"FUN_1800d9340"	1800d9340	0xd9340	196	false
"FUN_1800d9410"	1800d9410	0xd9410	315	false
"FUN_1800d9550"	1800d9550	0xd9550	102	false
"FUN_1800d95c0"	1800d95c0	0xd95c0	415	false
"FUN_1800d9760"	1800d9760	0xd9760	482	false
"FUN_1800d9950"	1800d9950	0xd9950	103	false
"FUN_1800d99c0"	1800d99c0	0xd99c0	380	false
"FUN_1800d9b40"	1800d9b40	0xd9b40	674	false
"FUN_1800d9df0"	1800d9df0	0xd9df0	126	false
"FUN_1800d9e70"	1800d9e70	0xd9e70	173	false
"FUN_1800d9f20"	1800d9f20	0xd9f20	147	false
"FUN_1800d9fc0"	1800d9fc0	0xd9fc0	171	false
"FUN_1800da070"	1800da070	0xda070	132	false
"FUN_1800da100"	1800da100	0xda100	546	false
"FUN_1800da330"	1800da330	0xda330	3156	false
"FUN_1800db000"	1800db000	0xdb000	218	false
"FUN_1800db0e0"	1800db0e0	0xdb0e0	527	false
"FUN_1800db2f0"	1800db2f0	0xdb2f0	85	false
"FUN_1800db350"	1800db350	0xdb350	982	false
"FUN_1800db730"	1800db730	0xdb730	90	false
"FUN_1800db790"	1800db790	0xdb790	66	false
"FUN_1800db7e0"	1800db7e0	0xdb7e0	69	false
"FUN_1800db830"	1800db830	0xdb830	1431	false
"FUN_1800dbdd0"	1800dbdd0	0xdbdd0	182	false
"FUN_1800dbe90"	1800dbe90	0xdbe90	214	false
"FUN_1800dbf70"	1800dbf70	0xdbf70	786	false
"FUN_1800dc290"	1800dc290	0xdc290	695	false
"FUN_1800dc550"	1800dc550	0xdc550	637	false
"FUN_1800dc7d0"	1800dc7d0	0xdc7d0	313	false
"FUN_1800dc910"	1800dc910	0xdc910	522	false
"FUN_1800dcb20"	1800dcb20	0xdcb20	199	false
"FUN_1800dcbf0"	1800dcbf0	0xdcbf0	195	false
"FUN_1800dccc0"	1800dccc0	0xdccc0	3865	false
"FUN_1800ddbe0"	1800ddbe0	0xddbe0	260	false
"FUN_1800ddcf0"	1800ddcf0	0xddcf0	420	false
"FUN_1800ddea0"	1800ddea0	0xddea0	276	false
"FUN_1800ddfc0"	1800ddfc0	0xddfc0	1445	false
"FUN_1800de570"	1800de570	0xde570	633	false
"FUN_1800de7f0"	1800de7f0	0xde7f0	459	false
"FUN_1800de9c0"	1800de9c0	0xde9c0	97	false
"FUN_1800dea30"	1800dea30	0xdea30	443	false
"FUN_1800debf0"	1800debf0	0xdebf0	189	false
"FUN_1800decb0"	1800decb0	0xdecb0	114	false
"FUN_1800ded30"	1800ded30	0xded30	48	false
"FUN_1800ded60"	1800ded60	0xded60	256	false
"FUN_1800dee60"	1800dee60	0xdee60	263	false
"FUN_1800def70"	1800def70	0xdef70	337	false
"FUN_1800df0d0"	1800df0d0	0xdf0d0	716	false
"FUN_1800df3a0"	1800df3a0	0xdf3a0	539	false
"FUN_1800df5c0"	1800df5c0	0xdf5c0	5200	false
"FUN_1800e0a10"	1800e0a10	0xe0a10	1104	false
"FUN_1800e0e60"	1800e0e60	0xe0e60	935	false
"FUN_1800e1210"	1800e1210	0xe1210	153	false
"FUN_1800e12b0"	1800e12b0	0xe12b0	960	false
"FUN_1800e1670"	1800e1670	0xe1670	64	false
"FUN_1800e16b0"	1800e16b0	0xe16b0	61	false
"FUN_1800e16f0"	1800e16f0	0xe16f0	334	false
"FUN_1800e1840"	1800e1840	0xe1840	190	false
"FUN_1800e1900"	1800e1900	0xe1900	269	false
"FUN_1800e1a10"	1800e1a10	0xe1a10	119	false
"FUN_1800e1a90"	1800e1a90	0xe1a90	496	false
"FUN_1800e1c80"	1800e1c80	0xe1c80	149	false
"FUN_1800e1d20"	1800e1d20	0xe1d20	424	false
"FUN_1800e1ed0"	1800e1ed0	0xe1ed0	510	false
"FUN_1800e20d0"	1800e20d0	0xe20d0	1759	false
"FUN_1800e27b0"	1800e27b0	0xe27b0	250	false
"FUN_1800e28b0"	1800e28b0	0xe28b0	212	false
"FUN_1800e2990"	1800e2990	0xe2990	385	false
"FUN_1800e2b20"	1800e2b20	0xe2b20	1335	false
"FUN_1800e3060"	1800e3060	0xe3060	144	false
"FUN_1800e30f0"	1800e30f0	0xe30f0	229	false
"FUN_1800e31e0"	1800e31e0	0xe31e0	166	false
"FUN_1800e3290"	1800e3290	0xe3290	150	false
"FUN_1800e3330"	1800e3330	0xe3330	743	false
"FUN_1800e3620"	1800e3620	0xe3620	434	false
"FUN_1800e37e0"	1800e37e0	0xe37e0	52	false
"FUN_1800e3820"	1800e3820	0xe3820	388	false
"FUN_1800e39b0"	1800e39b0	0xe39b0	16	false
"FUN_1800e39c0"	1800e39c0	0xe39c0	126	false
"FUN_1800e3a40"	1800e3a40	0xe3a40	172	false
"FUN_1800e3af0"	1800e3af0	0xe3af0	95	false
"FUN_1800e3ba0"	1800e3ba0	0xe3ba0	97	false
"FUN_1800e3c10"	1800e3c10	0xe3c10	65	false
"FUN_1800e3c60"	1800e3c60	0xe3c60	176	false
"FUN_1800e3d10"	1800e3d10	0xe3d10	184	false
"FUN_1800e3dd0"	1800e3dd0	0xe3dd0	184	false
"FUN_1800e3e90"	1800e3e90	0xe3e90	81	false
"FUN_1800e3ef0"	1800e3ef0	0xe3ef0	87	false
"FUN_1800e3f50"	1800e3f50	0xe3f50	583	false
"FUN_1800e41a0"	1800e41a0	0xe41a0	784	false
"FUN_1800e44b0"	1800e44b0	0xe44b0	192	false
"FUN_1800e4570"	1800e4570	0xe4570	927	false
"FUN_1800e4910"	1800e4910	0xe4910	1313	false
"FUN_1800e4e40"	1800e4e40	0xe4e40	218	false
"FUN_1800e4f20"	1800e4f20	0xe4f20	175	false
"FUN_1800e4fd0"	1800e4fd0	0xe4fd0	3222	false
"FUN_1800e5c70"	1800e5c70	0xe5c70	273	false
"FUN_1800e5d90"	1800e5d90	0xe5d90	323	false
"FUN_1800e5ee0"	1800e5ee0	0xe5ee0	561	false
"FUN_1800e6120"	1800e6120	0xe6120	453	false
"FUN_1800e62f0"	1800e62f0	0xe62f0	240	false
"FUN_1800e63e0"	1800e63e0	0xe63e0	134	false
"FUN_1800e6470"	1800e6470	0xe6470	244	false
"FUN_1800e6570"	1800e6570	0xe6570	126	false
"FUN_1800e65f0"	1800e65f0	0xe65f0	150	false
"FUN_1800e6690"	1800e6690	0xe6690	345	false
"FUN_1800e67f0"	1800e67f0	0xe67f0	1589	false
"FUN_1800e6e30"	1800e6e30	0xe6e30	169	false
"FUN_1800e6ee0"	1800e6ee0	0xe6ee0	356	false
"FUN_1800e7050"	1800e7050	0xe7050	681	false
"FUN_1800e7300"	1800e7300	0xe7300	320	false
"FUN_1800e7440"	1800e7440	0xe7440	119	false
"FUN_1800e74c0"	1800e74c0	0xe74c0	867	false
"FUN_1800e7830"	1800e7830	0xe7830	1151	false
"FUN_1800e7cb0"	1800e7cb0	0xe7cb0	2999	false
"FUN_1800e88f0"	1800e88f0	0xe88f0	466	false
"FUN_1800e8ad0"	1800e8ad0	0xe8ad0	1177	false
"FUN_1800e8f70"	1800e8f70	0xe8f70	488	false
"FUN_1800e9160"	1800e9160	0xe9160	103	false
"FUN_1800e91d0"	1800e91d0	0xe91d0	661	false
"FUN_1800e9470"	1800e9470	0xe9470	563	false
"FUN_1800e96b0"	1800e96b0	0xe96b0	515	false
"FUN_1800e98c0"	1800e98c0	0xe98c0	888	false
"FUN_1800e9c40"	1800e9c40	0xe9c40	209	false
"FUN_1800e9d20"	1800e9d20	0xe9d20	211	false
"FUN_1800e9e00"	1800e9e00	0xe9e00	578	false
"FUN_1800ea050"	1800ea050	0xea050	1987	false
"FUN_1800ea820"	1800ea820	0xea820	270	false
"FUN_1800ea930"	1800ea930	0xea930	59	false
"FUN_1800ea970"	1800ea970	0xea970	110	false
"FUN_1800ea9e0"	1800ea9e0	0xea9e0	7	false
"FUN_1800ea9f0"	1800ea9f0	0xea9f0	481	false
"FUN_1800eabe0"	1800eabe0	0xeabe0	771	false
"FUN_1800eb1a0"	1800eb1a0	0xeb1a0	783	false
"FUN_1800eb4b0"	1800eb4b0	0xeb4b0	103	false
"FUN_1800eb520"	1800eb520	0xeb520	1280	false
"FUN_1800eba20"	1800eba20	0xeba20	81	false
"FUN_1800eba80"	1800eba80	0xeba80	343	false
"FUN_1800ebc00"	1800ebc00	0xebc00	1702	false
"FUN_1800ec490"	1800ec490	0xec490	1398	false
"FUN_1800eca10"	1800eca10	0xeca10	407	false
"FUN_1800ecbb0"	1800ecbb0	0xecbb0	281	false
"FUN_1800eccd0"	1800eccd0	0xeccd0	51	false
"FUN_1800ecd10"	1800ecd10	0xecd10	2717	false
"FUN_1800ed7b0"	1800ed7b0	0xed7b0	510	false
"FUN_1800ed9b0"	1800ed9b0	0xed9b0	137	false
"FUN_1800eda40"	1800eda40	0xeda40	1234	false
"FUN_1800edf20"	1800edf20	0xedf20	2111	false
"FUN_1800ee760"	1800ee760	0xee760	190	false
"FUN_1800ee820"	1800ee820	0xee820	199	false
"FUN_1800ee8f0"	1800ee8f0	0xee8f0	281	false
"FUN_1800eea10"	1800eea10	0xeea10	1318	false
"FUN_1800eef40"	1800eef40	0xeef40	668	false
"FUN_1800ef1e0"	1800ef1e0	0xef1e0	196	false
"FUN_1800ef2b0"	1800ef2b0	0xef2b0	1712	false
"FUN_1800ef960"	1800ef960	0xef960	481	false
"FUN_1800efb50"	1800efb50	0xefb50	207	false
"FUN_1800efc20"	1800efc20	0xefc20	31	false
"FUN_1800efc40"	1800efc40	0xefc40	2460	false
"FUN_1800f05e0"	1800f05e0	0xf05e0	112	false
"FUN_1800f0650"	1800f0650	0xf0650	198	false
"FUN_1800f0720"	1800f0720	0xf0720	204	false
"FUN_1800f07f0"	1800f07f0	0xf07f0	437	false
"FUN_1800f09b0"	1800f09b0	0xf09b0	155	false
"FUN_1800f0a50"	1800f0a50	0xf0a50	432	false
"FUN_1800f0c50"	1800f0c50	0xf0c50	133	false
"FUN_1800f0ce0"	1800f0ce0	0xf0ce0	596	false
"FUN_1800f0f40"	1800f0f40	0xf0f40	252	false
"FUN_1800f1040"	1800f1040	0xf1040	748	false
"FUN_1800f1330"	1800f1330	0xf1330	143	false
"FUN_1800f13c0"	1800f13c0	0xf13c0	428	false
"FUN_1800f1570"	1800f1570	0xf1570	403	false
"FUN_1800f1710"	1800f1710	0xf1710	418	false
"FUN_1800f18c0"	1800f18c0	0xf18c0	564	false
"FUN_1800f1b00"	1800f1b00	0xf1b00	853	false
"FUN_1800f1e60"	1800f1e60	0xf1e60	4645	false
"CreateToolhelp32Snapshot"	1800f3085	0xf3085	6	true
"Thread32First"	1800f308b	0xf308b	6	true
"Thread32Next"	1800f3091	0xf3091	6	true
"FUN_1800f3098"	1800f3098	0xf3098	39	false
"__std_fs_convert_narrow_to_wide"	1800f30c0	0xf30c0	69	false
"__std_fs_convert_wide_to_narrow"	1800f3108	0xf3108	289	false
"FUN_1800f322c"	1800f322c	0xf322c	203	false
"FUN_1800f32f8"	1800f32f8	0xf32f8	802	false
"__std_fs_open_handle"	1800f3620	0xf3620	87	false
"_Xlength_error"	1800f3677	0xf3677	6	true
"FUN_1800f3680"	1800f3680	0xf3680	150	false
"LocalFree"	1800f3718	0xf3718	7	true
"FUN_1800f3720"	1800f3720	0xf3720	60	false
"FUN_1800f3770"	1800f3770	0xf3770	409	false
"FUN_1800f3910"	1800f3910	0xf3910	258	false
"thunk_FUN_1800f3770"	1800f3a20	0xf3a20	5	true
"thunk_FUN_1800f3910"	1800f3a30	0xf3a30	5	true
"_Xbad_alloc"	1800f3a3b	0xf3a3b	6	true
"_Unlock"	1800f3a41	0xf3a41	6	true
"_Lock"	1800f3a4d	0xf3a4d	6	true
"showmanyc"	1800f3a71	0xf3a71	6	true
"Sleep"	1800f3a78	0xf3a78	7	true
"_Mtx_lock"	1800f3a7f	0xf3a7f	6	true
"_Mtx_unlock"	1800f3a85	0xf3a85	6	true
"_Mtx_init_in_situ"	1800f3a8b	0xf3a8b	6	true
"_Mtx_destroy_in_situ"	1800f3a91	0xf3a91	6	true
"_Throw_C_error"	1800f3a97	0xf3a97	6	true
"__security_check_cookie"	1800f3ab0	0xf3ab0	30	false
"free"	1800f3ad0	0xf3ad0	5	true
"free"	1800f3ad8	0xf3ad8	5	true
"FUN_1800f3ae0"	1800f3ae0	0xf3ae0	43	false
"FUN_1800f3b0c"	1800f3b0c	0xf3b0c	58	false
"FUN_1800f3b48"	1800f3b48	0xf3b48	57	false
"_Init_thread_footer"	1800f3b84	0xf3b84	105	false
"FUN_1800f3bf0"	1800f3bf0	0xf3bf0	120	false
"__scrt_acquire_startup_lock"	1800f3c68	0xf3c68	57	false
"__scrt_dllmain_after_initialize_c"	1800f3ca4	0xf3ca4	52	false
"FUN_1800f3cd8"	1800f3cd8	0xf3cd8	21	false
"FUN_1800f3cf0"	1800f3cf0	0xf3cf0	40	false
"FUN_1800f3d18"	1800f3d18	0xf3d18	21	false
"__scrt_dllmain_exception_filter"	1800f3d30	0xf3d30	96	false
"__scrt_dllmain_uninitialize_c"	1800f3d90	0xf3d90	48	false
"FUN_1800f3dc0"	1800f3dc0	0xf3dc0	20	false
"FUN_1800f3dd4"	1800f3dd4	0xf3dd4	58	false
"FUN_1800f3e10"	1800f3e10	0xf3e10	138	false
"FUN_1800f3e9c"	1800f3e9c	0xf3e9c	150	false
"__scrt_release_startup_lock"	1800f3f34	0xf3f34	36	false
"__scrt_uninitialize_crt"	1800f3f58	0xf3f58	41	false
"_onexit"	1800f3f84	0xf3f84	58	false
"atexit"	1800f3fc0	0xf3fc0	23	false
"FUN_1800f3fd8"	1800f3fd8	0xf3fd8	14	false
"FUN_1800f3fe8"	1800f3fe8	0xf3fe8	12	false
"`eh_vector_destructor_iterator'"	1800f3ff4	0xf3ff4	107	false
"__ArrayUnwind"	1800f4060	0xf4060	97	false
"FUN_1800f40c4"	1800f40c4	0xf40c4	80	false
"FUN_1800f4114"	1800f4114	0xf4114	276	false
"FUN_1800f422c"	1800f422c	0xf422c	125	false
"FUN_1800f42ac"	1800f42ac	0xf42ac	290	false
"entry"	1800f43d4	0xf43d4	61	false
"__GSHandlerCheck"	1800f4414	0xf4414	29	false
"__GSHandlerCheckCommon"	1800f4434	0xf4434	91	false
"FID_conflict:__GSHandlerCheck_EH"	1800f4490	0xf4490	127	false
"thunk_FUN_1800f3b0c"	1800f4510	0xf4510	5	true
"FUN_1800f4518"	1800f4518	0xf4518	714	false
"__chkstk"	1800f4800	0xf4800	78	false
"__raise_securityfailure"	1800f4850	0xf4850	52	false
"FUN_1800f4884"	1800f4884	0xf4884	211	false
"capture_previous_context"	1800f4958	0xf4958	113	false
"FUN_1800f49cc"	1800f49cc	0xf49cc	31	false
"__scrt_is_ucrt_dll_in_use"	1800f49ec	0xf49ec	12	false
"FUN_1800f49f8"	1800f49f8	0xf49f8	8	false
"FUN_1800f4a00"	1800f4a00	0xf4a00	328	false
"__security_init_cookie"	1800f4b48	0xf4b48	172	false
"FUN_1800f4bf4"	1800f4bf4	0xf4bf4	27	false
"FUN_1800f4c10"	1800f4c10	0xf4c10	8	false
"FUN_1800f4c18"	1800f4c18	0xf4c18	60	false
"FUN_1800f4c54"	1800f4c54	0xf4c54	60	false
"ImmGetContext"	1800f4c90	0xf4c90	6	true
"ImmReleaseContext"	1800f4c96	0xf4c96	6	true
"ImmSetCompositionWindow"	1800f4c9c	0xf4c9c	6	true
"ImmSetCandidateWindow"	1800f4ca2	0xf4ca2	6	true
"D3DCompile"	1800f4ca8	0xf4ca8	6	true
"__CxxFrameHandler4"	1800f4cae	0xf4cae	6	true
"__std_exception_copy"	1800f4cba	0xf4cba	6	true
"__std_exception_destroy"	1800f4cc0	0xf4cc0	6	true
"_CxxThrowException"	1800f4cc6	0xf4cc6	6	true
"memmove"	1800f4ccc	0xf4ccc	6	true
"memset"	1800f4cd2	0xf4cd2	6	true
"_purecall"	1800f4cd8	0xf4cd8	6	true
"memcpy"	1800f4cde	0xf4cde	6	true
"strstr"	1800f4ce4	0xf4ce4	6	true
"memchr"	1800f4cea	0xf4cea	6	true
"strchr"	1800f4cf0	0xf4cf0	6	true
"memcmp"	1800f4cf6	0xf4cf6	6	true
"__std_type_info_destroy_list"	1800f4d02	0xf4d02	6	true
"__current_exception"	1800f4d08	0xf4d08	6	true
"__current_exception_context"	1800f4d0e	0xf4d0e	6	true
"terminate"	1800f4d14	0xf4d14	6	true
"free"	1800f4d1a	0xf4d1a	6	true
"malloc"	1800f4d20	0xf4d20	6	true
"cosf"	1800f4d26	0xf4d26	6	true
"fmodf"	1800f4d2c	0xf4d2c	6	true
"sqrtf"	1800f4d32	0xf4d32	6	true
"strcmp"	1800f4d38	0xf4d38	6	true
"sinf"	1800f4d3e	0xf4d3e	6	true
"acosf"	1800f4d44	0xf4d44	6	true
"ceilf"	1800f4d4a	0xf4d4a	6	true
"_callnewh"	1800f4d50	0xf4d50	6	true
"_seh_filter_dll"	1800f4d56	0xf4d56	6	true
"_configure_narrow_argv"	1800f4d5c	0xf4d5c	6	true
"_initialize_narrow_environment"	1800f4d62	0xf4d62	6	true
"_initialize_onexit_table"	1800f4d68	0xf4d68	6	true
"_register_onexit_function"	1800f4d6e	0xf4d6e	6	true
"_execute_onexit_table"	1800f4d74	0xf4d74	6	true
"_crt_atexit"	1800f4d7a	0xf4d7a	6	true
"_cexit"	1800f4d80	0xf4d80	6	true
"_initterm"	1800f4d86	0xf4d86	6	true
"_initterm_e"	1800f4d8c	0xf4d8c	6	true
"cef_string_utf16_set"	1800f4d92	0xf4d92	6	true
"cef_string_userfree_utf16_free"	1800f4d98	0xf4d98	6	true
"cef_list_value_create"	1800f4d9e	0xf4d9e	6	true
"cef_get_min_log_level"	1800f4da4	0xf4da4	6	true
"cef_log"	1800f4daa	0xf4daa	6	true
"cef_string_list_alloc"	1800f4db0	0xf4db0	6	true
"cef_string_list_free"	1800f4db6	0xf4db6	6	true
"cef_browser_host_create_browser"	1800f4dbc	0xf4dbc	6	true
"cef_string_utf16_cmp"	1800f4dc2	0xf4dc2	6	true
"cef_string_list_size"	1800f4dc8	0xf4dc8	6	true
"cef_string_list_value"	1800f4dce	0xf4dce	6	true
"cef_string_list_append"	1800f4dd4	0xf4dd4	6	true
"cef_string_map_size"	1800f4dda	0xf4dda	6	true
"cef_string_map_key"	1800f4de0	0xf4de0	6	true
"cef_string_map_value"	1800f4de6	0xf4de6	6	true
"cef_string_map_append"	1800f4dec	0xf4dec	6	true
"cef_string_multimap_size"	1800f4df2	0xf4df2	6	true
"cef_string_multimap_key"	1800f4df8	0xf4df8	6	true
"cef_string_multimap_value"	1800f4dfe	0xf4dfe	6	true
"cef_string_multimap_append"	1800f4e04	0xf4e04	6	true
"cef_string_multimap_alloc"	1800f4e0a	0xf4e0a	6	true
"cef_string_multimap_free"	1800f4e10	0xf4e10	6	true
"cef_string_map_alloc"	1800f4e16	0xf4e16	6	true
"cef_string_map_free"	1800f4e1c	0xf4e1c	6	true
"FUN_1800f4e24"	1800f4e24	0xf4e24	3	false
"__RTDynamicCast"	1800f4e27	0xf4e27	6	true
"_guard_dispatch_icall"	1800f4e40	0xf4e40	2	false
"_guard_dispatch_icall"	1800f4e60	0xf4e60	6	true
"FUN_1800f539c"	1800f539c	0xf539c	29	false
"FUN_1800f596c"	1800f596c	0xf596c	29	false
"FUN_1800f599c"	1800f599c	0xf599c	29	false
"FUN_1800f5a40"	1800f5a40	0xf5a40	32	false
"FUN_1800f5ac0"	1800f5ac0	0xf5ac0	38	false
"FUN_1800f5b00"	1800f5b00	0xf5b00	32	false
"FUN_1800f5b50"	1800f5b50	0xf5b50	38	false
"FUN_1800f5bb4"	1800f5bb4	0xf5bb4	32	false
"FUN_1800f5c10"	1800f5c10	0xf5c10	46	false
"FUN_1800f5c60"	1800f5c60	0xf5c60	49	false
"FUN_1800f5d5c"	1800f5d5c	0xf5d5c	29	false
"FUN_1800f5dc4"	1800f5dc4	0xf5dc4	32	false
"FUN_1800f5ecc"	1800f5ecc	0xf5ecc	29	false
"FUN_1800f5ef0"	1800f5ef0	0xf5ef0	48	false
"FUN_1800f5f90"	1800f5f90	0xf5f90	45	false
"FUN_1800f6230"	1800f6230	0xf6230	45	false
"FUN_1800f62e8"	1800f62e8	0xf62e8	29	false
"FUN_1800f6408"	1800f6408	0xf6408	45	false
"FUN_1800f64b8"	1800f64b8	0xf64b8	45	false
"FUN_1800f655d"	1800f655d	0xf655d	45	false
"FUN_1800f660e"	1800f660e	0xf660e	45	false
"FUN_1800f66bf"	1800f66bf	0xf66bf	45	false
"FUN_1800f67d0"	1800f67d0	0xf67d0	45	false
"FUN_1800f688d"	1800f688d	0xf688d	45	false
"FUN_1800f6956"	1800f6956	0xf6956	45	false
"FUN_1800f69ef"	1800f69ef	0xf69ef	45	false
"FUN_1800f6b00"	1800f6b00	0xf6b00	45	false
"FUN_1800f6bbd"	1800f6bbd	0xf6bbd	45	false
"FUN_1800f6c6e"	1800f6c6e	0xf6c6e	45	false
"FUN_1800f6d2b"	1800f6d2b	0xf6d2b	45	false
"FUN_1800f6ddc"	1800f6ddc	0xf6ddc	45	false
"FUN_1800f6e70"	1800f6e70	0xf6e70	46	false
"FUN_1800f6ebc"	1800f6ebc	0xf6ebc	38	false
"FUN_1800f6f58"	1800f6f58	0xf6f58	29	false
"FUN_1800f6f80"	1800f6f80	0xf6f80	29	false
"FUN_1800f6f9d"	1800f6f9d	0xf6f9d	29	false
"FUN_1800f7028"	1800f7028	0xf7028	45	false
"FUN_1800f7091"	1800f7091	0xf7091	45	false
"FUN_1800f70fa"	1800f70fa	0xf70fa	45	false
"FUN_1800f7163"	1800f7163	0xf7163	45	false
"FUN_1800f71d8"	1800f71d8	0xf71d8	45	false
"FUN_1800f7314"	1800f7314	0xf7314	45	false
"FUN_1800f7389"	1800f7389	0xf7389	45	false
"FUN_1800f7468"	1800f7468	0xf7468	45	false
"FUN_1800f754d"	1800f754d	0xf754d	45	false
"FUN_1800f75f6"	1800f75f6	0xf75f6	45	false
"FUN_1800f766b"	1800f766b	0xf766b	45	false
"FUN_1800f76e0"	1800f76e0	0xf76e0	45	false
"FUN_1800f7755"	1800f7755	0xf7755	45	false
"FUN_1800f77bc"	1800f77bc	0xf77bc	48	false
"FUN_1800f7830"	1800f7830	0xf7830	29	false
"FUN_1800f784d"	1800f784d	0xf784d	29	false
"FUN_1800f7974"	1800f7974	0xf7974	45	false
"FUN_1800f7a35"	1800f7a35	0xf7a35	45	false
"FUN_1800f7aaa"	1800f7aaa	0xf7aaa	45	false
"FUN_1800f7d54"	1800f7d54	0xf7d54	45	false
"FUN_1800f7dd5"	1800f7dd5	0xf7dd5	45	false
"FUN_1800f7e56"	1800f7e56	0xf7e56	45	false
"FUN_1800f7f37"	1800f7f37	0xf7f37	45	false
"FUN_1800f7fa0"	1800f7fa0	0xf7fa0	41	false
"FUN_1800f7fed"	1800f7fed	0xf7fed	45	false
"FUN_1800f8040"	1800f8040	0xf8040	46	false
"FUN_1800f80f4"	1800f80f4	0xf80f4	45	false
"FUN_1800f8175"	1800f8175	0xf8175	45	false
"FUN_1800f81f6"	1800f81f6	0xf81f6	45	false
"FUN_1800f82d7"	1800f82d7	0xf82d7	45	false
"FUN_1800f83a0"	1800f83a0	0xf83a0	45	false
"FUN_1800f8409"	1800f8409	0xf8409	41	false
"FUN_1800f8456"	1800f8456	0xf8456	45	false
"FUN_1800f84f4"	1800f84f4	0xf84f4	45	false
"FUN_1800f8569"	1800f8569	0xf8569	45	false
"FUN_1800f85ea"	1800f85ea	0xf85ea	45	false
"FUN_1800f866b"	1800f866b	0xf866b	41	false
"FUN_1800f86b8"	1800f86b8	0xf86b8	45	false
"FUN_1800f8754"	1800f8754	0xf8754	45	false
"FUN_1800f87f9"	1800f87f9	0xf87f9	45	false
"FUN_1800f886e"	1800f886e	0xf886e	45	false
"FUN_1800f88ef"	1800f88ef	0xf88ef	41	false
"FUN_1800f893c"	1800f893c	0xf893c	45	false
"FUN_1800f8c08"	1800f8c08	0xf8c08	45	false
"FUN_1800f8cad"	1800f8cad	0xf8cad	45	false
"FUN_1800f8d22"	1800f8d22	0xf8d22	45	false
"FUN_1800f8dc7"	1800f8dc7	0xf8dc7	41	false
"FUN_1800f8e14"	1800f8e14	0xf8e14	45	false
"FUN_1800f8e89"	1800f8e89	0xf8e89	45	false
"FUN_1800f8f84"	1800f8f84	0xf8f84	45	false
"FUN_1800f901d"	1800f901d	0xf901d	45	false
"FUN_1800f90ce"	1800f90ce	0xf90ce	45	false
"FUN_1800f9173"	1800f9173	0xf9173	41	false
"FUN_1800f91c0"	1800f91c0	0xf91c0	45	false
"FUN_1800f9235"	1800f9235	0xf9235	45	false
"FUN_1800f9280"	1800f9280	0xf9280	41	false
"FUN_1800f92cd"	1800f92cd	0xf92cd	45	false
"FUN_1800f9350"	1800f9350	0xf9350	41	false
"FUN_1800f93a9"	1800f93a9	0xf93a9	54	false
"FUN_1800f942f"	1800f942f	0xf942f	45	false
"FUN_1800f9498"	1800f9498	0xf9498	45	false
"FUN_1800f951c"	1800f951c	0xf951c	45	false
"FUN_1800f9561"	1800f9561	0xf9561	41	false
"FUN_1800f95ae"	1800f95ae	0xf95ae	45	false
"FUN_1800f963b"	1800f963b	0xf963b	45	false
"FUN_1800f9698"	1800f9698	0xf9698	49	false
"FUN_1800f9719"	1800f9719	0xf9719	45	false
"FUN_1800f975e"	1800f975e	0xf975e	41	false
"FUN_1800f97c3"	1800f97c3	0xf97c3	45	false
"FUN_1800f9820"	1800f9820	0xf9820	41	false
"FUN_1800f986d"	1800f986d	0xf986d	45	false
"FUN_1800f98ca"	1800f98ca	0xf98ca	45	false
"FUN_1800f9927"	1800f9927	0xf9927	49	false
"FUN_1800f99a8"	1800f99a8	0xf99a8	45	false
"FUN_1800f9a29"	1800f9a29	0xf9a29	45	false
"FUN_1800f9b28"	1800f9b28	0xf9b28	41	false
"FUN_1800f9b75"	1800f9b75	0xf9b75	45	false
"FUN_1800f9bea"	1800f9bea	0xf9bea	45	false
"FUN_1800f9fcc"	1800f9fcc	0xf9fcc	41	false
"FUN_1800fa001"	1800fa001	0xfa001	45	false
"FUN_1800fa06a"	1800fa06a	0xfa06a	45	false
"FUN_1800fa0bb"	1800fa0bb	0xfa0bb	45	false
"FUN_1800fa124"	1800fa124	0xfa124	45	false
"FUN_1800fa175"	1800fa175	0xfa175	45	false
"FUN_1800fa1ba"	1800fa1ba	0xfa1ba	45	false
"FUN_1800fa20b"	1800fa20b	0xfa20b	45	false
"FUN_1800fa250"	1800fa250	0xfa250	45	false
"FUN_1800fa2a1"	1800fa2a1	0xfa2a1	45	false
"FUN_1800fa2fe"	1800fa2fe	0xfa2fe	45	false
"FUN_1800fa373"	1800fa373	0xfa373	45	false
"FUN_1800fa3b8"	1800fa3b8	0xfa3b8	45	false
"FUN_1800fa409"	1800fa409	0xfa409	45	false
"FUN_1800fa44e"	1800fa44e	0xfa44e	45	false
"FUN_1800fa49f"	1800fa49f	0xfa49f	45	false
"FUN_1800fa4e4"	1800fa4e4	0xfa4e4	45	false
"FUN_1800fa535"	1800fa535	0xfa535	45	false
"FUN_1800fa57a"	1800fa57a	0xfa57a	45	false
"FUN_1800fa5cb"	1800fa5cb	0xfa5cb	45	false
"FUN_1800fa610"	1800fa610	0xfa610	45	false
"FUN_1800fa661"	1800fa661	0xfa661	45	false
"FUN_1800fa6a6"	1800fa6a6	0xfa6a6	45	false
"FUN_1800fa70f"	1800fa70f	0xfa70f	45	false
"FUN_1800fa770"	1800fa770	0xfa770	46	false
"FUN_1800fa7bc"	1800fa7bc	0xfa7bc	43	false
"FUN_1800fa7f0"	1800fa7f0	0xfa7f0	46	false
"FUN_1800fa83c"	1800fa83c	0xfa83c	38	false
"FUN_1800fa870"	1800fa870	0xfa870	38	false
"FUN_1800fa974"	1800fa974	0xfa974	45	false
"FUN_1800fa9f5"	1800fa9f5	0xfa9f5	45	false
"FUN_1800faa76"	1800faa76	0xfaa76	45	false
"FUN_1800faaf7"	1800faaf7	0xfaaf7	45	false
"FUN_1800fab84"	1800fab84	0xfab84	41	false
"FUN_1800fabd1"	1800fabd1	0xfabd1	45	false
"FUN_1800fac70"	1800fac70	0xfac70	48	false
"FUN_1800fadf8"	1800fadf8	0xfadf8	49	false
"FUN_1800fae55"	1800fae55	0xfae55	41	false
"FUN_1800faea2"	1800faea2	0xfaea2	45	false
"FUN_1800faf17"	1800faf17	0xfaf17	45	false
"FUN_1800faf94"	1800faf94	0xfaf94	45	false
"FUN_1800faffd"	1800faffd	0xfaffd	45	false
"FUN_1800fb066"	1800fb066	0xfb066	45	false
"FUN_1800fb0ab"	1800fb0ab	0xfb0ab	45	false
"FUN_1800fb114"	1800fb114	0xfb114	45	false
"FUN_1800fb1d8"	1800fb1d8	0xfb1d8	45	false
"FUN_1800fb295"	1800fb295	0xfb295	45	false
"FUN_1800fb33a"	1800fb33a	0xfb33a	41	false
"FUN_1800fb387"	1800fb387	0xfb387	45	false
"FUN_1800fb3fc"	1800fb3fc	0xfb3fc	45	false
"FUN_1800fb4c8"	1800fb4c8	0xfb4c8	45	false
"FUN_1800fb555"	1800fb555	0xfb555	45	false
"FUN_1800fb61e"	1800fb61e	0xfb61e	41	false
"FUN_1800fb66b"	1800fb66b	0xfb66b	45	false
"FUN_1800fb6e0"	1800fb6e0	0xfb6e0	45	false
"FUN_1800fb7a8"	1800fb7a8	0xfb7a8	41	false
"FUN_1800fb84d"	1800fb84d	0xfb84d	45	false
"FUN_1800fb93c"	1800fb93c	0xfb93c	45	false
"FUN_1800fb9b1"	1800fb9b1	0xfb9b1	45	false
"FUN_1800fba0e"	1800fba0e	0xfba0e	41	false
"FUN_1800fba8b"	1800fba8b	0xfba8b	45	false
"FUN_1800fbaf4"	1800fbaf4	0xfbaf4	42	false
"FUN_1800fbb8c"	1800fbb8c	0xfbb8c	29	false
"FUN_1800fbcc0"	1800fbcc0	0xfbcc0	38	false
"FUN_1800fbd98"	1800fbd98	0xfbd98	58	false
"FUN_1800fbde0"	1800fbde0	0xfbde0	46	false
"FUN_1800fbe5c"	1800fbe5c	0xfbe5c	38	false
"FUN_1800fbf10"	1800fbf10	0xfbf10	46	false
"FUN_1800fbf68"	1800fbf68	0xfbf68	58	false
"FUN_1800fbfd0"	1800fbfd0	0xfbfd0	38	false
"FUN_1800fc030"	1800fc030	0xfc030	38	false
"FUN_1800fc224"	1800fc224	0xfc224	58	false
"FUN_1800fc260"	1800fc260	0xfc260	46	false
"FUN_1800fc2f4"	1800fc2f4	0xfc2f4	55	false
"FUN_1800fc370"	1800fc370	0xfc370	38	false
"FUN_1800fc396"	1800fc396	0xfc396	38	false
"FUN_1800fc3d0"	1800fc3d0	0xfc3d0	38	false
"FUN_1800fc440"	1800fc440	0xfc440	32	false
"FUN_1800fc868"	1800fc868	0xfc868	58	false
"FUN_1800fc8b0"	1800fc8b0	0xfc8b0	38	false
"FUN_1800fc8d6"	1800fc8d6	0xfc8d6	46	false
"FUN_1800fc980"	1800fc980	0xfc980	38	false
"FUN_1800fc9b2"	1800fc9b2	0xfc9b2	29	false
"FUN_1800fca40"	1800fca40	0xfca40	29	false
"FUN_1800fcab0"	1800fcab0	0xfcab0	38	false
"FUN_1800fcaf0"	1800fcaf0	0xfcaf0	39	false
"FUN_1800fcb20"	1800fcb20	0xfcb20	47	false
"FUN_1800fcc30"	1800fcc30	0xfcc30	38	false
"FUN_1800fcc90"	1800fcc90	0xfcc90	38	false
"FUN_1800fccd0"	1800fccd0	0xfccd0	38	false
"FUN_1800fcd60"	1800fcd60	0xfcd60	29	false
"FUN_1800fcd90"	1800fcd90	0xfcd90	38	false
"FUN_1800fcdf0"	1800fcdf0	0xfcdf0	29	false
"FUN_1800fce20"	1800fce20	0xfce20	29	false
"FUN_1800fce60"	1800fce60	0xfce60	47	false
"FUN_1800fcea0"	1800fcea0	0xfcea0	32	false
"FUN_1800fcec0"	1800fcec0	0xfcec0	52	false
"dtor$1"	1800fcf60	0xfcf60	44	false
"FUN_1800fcf90"	1800fcf90	0xfcf90	38	false
"FUN_1800fcfc0"	1800fcfc0	0xfcfc0	32	false
"FUN_1800fcff0"	1800fcff0	0xfcff0	38	false
"FUN_1800fd050"	1800fd050	0xfd050	38	false
"FUN_1800fd110"	1800fd110	0xfd110	32	false
"FUN_1800fd150"	1800fd150	0xfd150	29	false
"FUN_1800fd170"	1800fd170	0xfd170	29	false
"FUN_1800fd190"	1800fd190	0xfd190	29	false
"dtor$1"	1800fd1c0	0xfd1c0	44	false
"FUN_1800fd1f0"	1800fd1f0	0xfd1f0	38	false
"FUN_1800fd220"	1800fd220	0xfd220	29	false
"FUN_1800fd240"	1800fd240	0xfd240	29	false
"FUN_1800fd260"	1800fd260	0xfd260	29	false
"FUN_1800fd280"	1800fd280	0xfd280	29	false
"FUN_1800fd2a0"	1800fd2a0	0xfd2a0	29	false
"FUN_1800fd2c0"	1800fd2c0	0xfd2c0	29	false
"FUN_1800fd2e0"	1800fd2e0	0xfd2e0	29	false
"FUN_1800fd3a0"	1800fd3a0	0xfd3a0	32	false
"FUN_1800fd3c0"	1800fd3c0	0xfd3c0	52	false
"FUN_1800fd6c0"	1800fd6c0	0xfd6c0	29	false
"FUN_1800fd860"	1800fd860	0xfd860	29	false
"FUN_1800fde60"	1800fde60	0xfde60	35	false
"FUN_1800fdf70"	1800fdf70	0xfdf70	35	false
"FUN_1800fdfa0"	1800fdfa0	0xfdfa0	35	false
"FUN_1800fdfe0"	1800fdfe0	0xfdfe0	44	false
"FUN_1800fe0ac"	1800fe0ac	0xfe0ac	23	false
"FUN_1800fe0c4"	1800fe0c4	0xfe0c4	43	false
"FUN_1800fe0f0"	1800fe0f0	0xfe0f0	93	false
"FUN_1800fe14f"	1800fe14f	0xfe14f	22	false
"FUN_1800fe166"	1800fe166	0xfe166	24	false
"FUN_1800fe17f"	1800fe17f	0xfe17f	19	false
"FUN_1800fe193"	1800fe193	0xfe193	53	false
"FUN_1800fe1d0"	1800fe1d0	0xfe1d0	78	false
"FUN_1800fe220"	1800fe220	0xfe220	78	false
"FUN_1800fe270"	1800fe270	0xfe270	78	false
"FUN_1800fe2c0"	1800fe2c0	0xfe2c0	12	false
"FUN_1800fe2d0"	1800fe2d0	0xfe2d0	188	false
"FUN_1800fe390"	1800fe390	0xfe390	51	false
"FUN_1800fe3f0"	1800fe3f0	0xfe3f0	12	false
"FUN_1800fe400"	1800fe400	0xfe400	12	false
"FUN_1800fe410"	1800fe410	0xfe410	78	false
"FUN_1800fe460"	1800fe460	0xfe460	78	false
"FUN_1800fe4b0"	1800fe4b0	0xfe4b0	78	false
"FUN_1800fe500"	1800fe500	0xfe500	78	false
"FUN_1800fe550"	1800fe550	0xfe550	87	false
