from	from_addr	to	to_addr	type
"FUN_1800069f0"	1800069f0	"FUN_180058350"	180058350	CALL
"FUN_1800069f0"	1800069f0	"free"	1800f3ad0	CALL
"FUN_1800069f0"	1800069f0	"FUN_180009340"	180009340	CALL
"FUN_1800069f0"	1800069f0	"FUN_180009920"	180009920	CALL
"FUN_1800069f0"	1800069f0	"FUN_180009f00"	180009f00	CALL
"FUN_1800069f0"	1800069f0	"FUN_18000a4e0"	18000a4e0	CALL
"FUN_1800069f0"	1800069f0	"FUN_18000aac0"	18000aac0	CALL
"FUN_1800069f0"	1800069f0	"FUN_18000b0a0"	18000b0a0	CALL
"FUN_1800069f0"	1800069f0	"FUN_18000b680"	18000b680	CALL
"FUN_1800069f0"	1800069f0	"FUN_18000bc60"	18000bc60	CALL
"FUN_1800069f0"	1800069f0	"FUN_18000c240"	18000c240	CALL
"FUN_1800069f0"	1800069f0	"FUN_18000c820"	18000c820	CALL
"FUN_1800069f0"	1800069f0	"FUN_18000ce00"	18000ce00	CALL
"FUN_1800069f0"	1800069f0	"FUN_18000d3e0"	18000d3e0	CALL
"FUN_1800069f0"	1800069f0	"FUN_1800af124"	1800af124	CALL
"FUN_1800069f0"	1800069f0	"FUN_1800aef70"	1800aef70	CALL
"FUN_1800069f0"	1800069f0	"FUN_1800af118"	1800af118	CALL
"FUN_1800069f0"	1800069f0	"FUN_1800085d0"	1800085d0	CALL
"FUN_1800069f0"	1800069f0	"FUN_180050430"	180050430	CALL
"FUN_1800069f0"	1800069f0	"FUN_1800106a0"	1800106a0	CALL
"FUN_1800069f0"	1800069f0	"FUN_1800f3b0c"	1800f3b0c	CALL
"FUN_1800069f0"	1800069f0	"FUN_1800539a0"	1800539a0	CALL
"FUN_1800069f0"	1800069f0	"FUN_180053940"	180053940	CALL
"FUN_1800069f0"	1800069f0	"FUN_180010600"	180010600	CALL
"FUN_1800069f0"	1800069f0	"FUN_1800105c0"	1800105c0	CALL
"FUN_1800069f0"	1800069f0	"FUN_180010520"	180010520	CALL
"FUN_1800069f0"	1800069f0	"FUN_180010510"	180010510	CALL
"FUN_1800069f0"	1800069f0	"FUN_180010100"	180010100	CALL
"FUN_1800069f0"	1800069f0	"FUN_180010410"	180010410	CALL
"FUN_1800069f0"	1800069f0	"FUN_180058880"	180058880	CALL
"FUN_1800069f0"	1800069f0	"FUN_180009030"	180009030	CALL
"FUN_1800069f0"	1800069f0	"FUN_18000d9c0"	18000d9c0	CALL
"FUN_1800069f0"	1800069f0	"FUN_18000df00"	18000df00	CALL
"FUN_1800069f0"	1800069f0	"FUN_18000e440"	18000e440	CALL
"FUN_1800069f0"	1800069f0	"FUN_1800531b0"	1800531b0	CALL
"FUN_1800069f0"	1800069f0	"FUN_1800530e0"	1800530e0	CALL
"FUN_1800069f0"	1800069f0	"FUN_180059810"	180059810	CALL
"FUN_1800069f0"	1800069f0	"FUN_180052de0"	180052de0	CALL
"FUN_1800069f0"	1800069f0	"FUN_1800af258"	1800af258	CALL
"FUN_1800069f0"	1800069f0	"__security_check_cookie"	1800f3ab0	CALL
"FUN_180002f50"	180002f50	"FUN_180058350"	180058350	CALL
"FUN_180002f50"	180002f50	"FUN_180050430"	180050430	CALL
"FUN_180002f50"	180002f50	"FUN_1800529a0"	1800529a0	CALL
"FUN_180002f50"	180002f50	"FUN_1800f3098"	1800f3098	CALL
"FUN_180002f50"	180002f50	"FUN_180058060"	180058060	CALL
"FUN_180002f50"	180002f50	"FUN_180057660"	180057660	CALL
"FUN_180002f50"	180002f50	"FUN_18000f9e0"	18000f9e0	CALL
"FUN_180002f50"	180002f50	"free"	1800f3ad0	CALL
"FUN_180002f50"	180002f50	"FUN_180008c40"	180008c40	CALL
"FUN_180002f50"	180002f50	"FUN_1800674a0"	1800674a0	CALL
"FUN_180002f50"	180002f50	"FUN_180010a70"	180010a70	CALL
"FUN_180002f50"	180002f50	"FUN_1800f3b0c"	1800f3b0c	CALL
"FUN_180002f50"	180002f50	"FUN_1800539a0"	1800539a0	CALL
"FUN_180002f50"	180002f50	"FUN_180053940"	180053940	CALL
"FUN_180002f50"	180002f50	"FUN_180010100"	180010100	CALL
"FUN_180002f50"	180002f50	"memset"	1800f4cd2	CALL
"FUN_180002f50"	180002f50	"FUN_1800f3bf0"	1800f3bf0	CALL
"FUN_180002f50"	180002f50	"_Init_thread_footer"	1800f3b84	CALL
"FUN_180002f50"	180002f50	"FUN_180053720"	180053720	CALL
"FUN_180002f50"	180002f50	"FUN_1800535c0"	1800535c0	CALL
"FUN_180002f50"	180002f50	"FUN_180053400"	180053400	CALL
"FUN_180002f50"	180002f50	"FUN_180001a80"	180001a80	CALL
"FUN_180002f50"	180002f50	"FUN_180054300"	180054300	CALL
"FUN_180002f50"	180002f50	"FUN_180053290"	180053290	CALL
"FUN_180002f50"	180002f50	"FUN_1800109a0"	1800109a0	CALL
"FUN_180002f50"	180002f50	"FUN_180008dd0"	180008dd0	CALL
"FUN_180002f50"	180002f50	"__security_check_cookie"	1800f3ab0	CALL
"FUN_180002ca0"	180002ca0	"FUN_1800541b0"	1800541b0	CALL
"FUN_180002ca0"	180002ca0	"FUN_180054060"	180054060	CALL
"FUN_180002ca0"	180002ca0	"FUN_180053f00"	180053f00	CALL
"FUN_180002ca0"	180002ca0	"FUN_180053da0"	180053da0	CALL
"FUN_180002ca0"	180002ca0	"FUN_180055d90"	180055d90	CALL
"FUN_180002ca0"	180002ca0	"memset"	1800f4cd2	CALL
"FUN_180002ca0"	180002ca0	"FUN_180053c20"	180053c20	CALL
"FUN_180002ca0"	180002ca0	"FUN_180050430"	180050430	CALL
"FUN_180002ca0"	180002ca0	"FUN_1800088c0"	1800088c0	CALL
"FUN_180002ca0"	180002ca0	"free"	1800f3ad0	CALL
"FUN_180002ca0"	180002ca0	"FUN_180002a70"	180002a70	CALL
"FUN_180002ca0"	180002ca0	"__security_check_cookie"	1800f3ab0	CALL
"FUN_180053290"	180053290	"memset"	1800f4cd2	CALL
"FUN_180053290"	180053290	"FUN_1800f3bf0"	1800f3bf0	CALL
"FUN_180053290"	180053290	"_Init_thread_footer"	1800f3b84	CALL
"FUN_180053290"	180053290	"__security_check_cookie"	1800f3ab0	CALL
"FUN_180002f50"	180002f50	"FUN_180053290"	180053290	CALLER
"FUN_180002f50"	180002f50	"FUN_180053290"	180053290	CALLER
"FUN_180004ae0"	180004ae0	"FUN_180053290"	180053290	CALLER
"FUN_180053c20"	180053c20	"memset"	1800f4cd2	CALL
"FUN_180053c20"	180053c20	"FUN_1800f3bf0"	1800f3bf0	CALL
"FUN_180053c20"	180053c20	"_Init_thread_footer"	1800f3b84	CALL
"FUN_180053c20"	180053c20	"__security_check_cookie"	1800f3ab0	CALL
"FUN_180002ca0"	180002ca0	"FUN_180053c20"	180053c20	CALLER
"FUN_18005cb20"	18005cb20	"FUN_180053c20"	180053c20	CALLER
"FUN_180053da0"	180053da0	"memset"	1800f4cd2	CALL
"FUN_180053da0"	180053da0	"FUN_1800f3bf0"	1800f3bf0	CALL
"FUN_180053da0"	180053da0	"_Init_thread_footer"	1800f3b84	CALL
"FUN_180053da0"	180053da0	"__security_check_cookie"	1800f3ab0	CALL
"FUN_180002ca0"	180002ca0	"FUN_180053da0"	180053da0	CALLER
"FUN_180002ca0"	180002ca0	"FUN_180053da0"	180053da0	CALLER
"FUN_18005cb20"	18005cb20	"FUN_180053da0"	180053da0	CALLER
"FUN_180053f00"	180053f00	"memset"	1800f4cd2	CALL
"FUN_180053f00"	180053f00	"FUN_1800f3bf0"	1800f3bf0	CALL
"FUN_180053f00"	180053f00	"_Init_thread_footer"	1800f3b84	CALL
"FUN_180053f00"	180053f00	"__security_check_cookie"	1800f3ab0	CALL
"FUN_180002ca0"	180002ca0	"FUN_180053f00"	180053f00	CALLER
"FUN_18005cb20"	18005cb20	"FUN_180053f00"	180053f00	CALLER
"FUN_180054060"	180054060	"memset"	1800f4cd2	CALL
"FUN_180054060"	180054060	"FUN_1800f3bf0"	1800f3bf0	CALL
"FUN_180054060"	180054060	"_Init_thread_footer"	1800f3b84	CALL
"FUN_180054060"	180054060	"__security_check_cookie"	1800f3ab0	CALL
"FUN_180002ca0"	180002ca0	"FUN_180054060"	180054060	CALLER
"FUN_180002ca0"	180002ca0	"FUN_180054060"	180054060	CALLER
"FUN_18005cb20"	18005cb20	"FUN_180054060"	180054060	CALLER
"FUN_18005cb20"	18005cb20	"FUN_180054060"	180054060	CALLER
"FUN_1800541b0"	1800541b0	"memset"	1800f4cd2	CALL
"FUN_1800541b0"	1800541b0	"FUN_1800f3bf0"	1800f3bf0	CALL
"FUN_1800541b0"	1800541b0	"_Init_thread_footer"	1800f3b84	CALL
"FUN_1800541b0"	1800541b0	"__security_check_cookie"	1800f3ab0	CALL
"FUN_180002ca0"	180002ca0	"FUN_1800541b0"	1800541b0	CALLER
"FUN_18005cb20"	18005cb20	"FUN_1800541b0"	1800541b0	CALLER
"FUN_180059490"	180059490	"FUN_180058db0"	180058db0	CALL
"FUN_180059490"	180059490	"FUN_180050430"	180050430	CALL
"FUN_180059490"	180059490	"FUN_180059f00"	180059f00	CALL
"FUN_180059490"	180059490	"free"	1800f3ad0	CALL
"FUN_180059490"	180059490	"FUN_180061f60"	180061f60	CALL
"FUN_180059490"	180059490	"FUN_180062720"	180062720	CALL
"FUN_180059b60"	180059b60	"FUN_180059490"	180059490	CALLER
"FUN_180005ad0"	180005ad0	"FUN_180058350"	180058350	CALL
"FUN_180005ad0"	180005ad0	"free"	1800f3ad0	CALL
"FUN_180005ad0"	180005ad0	"FUN_1800531b0"	1800531b0	CALL
"FUN_180005ad0"	180005ad0	"FUN_1800530e0"	1800530e0	CALL
"FUN_180005ad0"	180005ad0	"FUN_180065140"	180065140	CALL
"FUN_180005ad0"	180005ad0	"FUN_180052ef0"	180052ef0	CALL
"FUN_180005ad0"	180005ad0	"memmove"	1800f4ccc	CALL
"FUN_180005ad0"	180005ad0	"FUN_1800557b0"	1800557b0	CALL
"FUN_180005ad0"	180005ad0	"FUN_1800f3b0c"	1800f3b0c	CALL
"FUN_180005ad0"	180005ad0	"FUN_180050430"	180050430	CALL
"FUN_180005ad0"	180005ad0	"FUN_180009030"	180009030	CALL
"FUN_180005ad0"	180005ad0	"FUN_180010100"	180010100	CALL
"FUN_180005ad0"	180005ad0	"FUN_180005820"	180005820	CALL
"FUN_180005ad0"	180005ad0	"__security_check_cookie"	1800f3ab0	CALL
"FUN_180005ad0"	180005ad0	"FUN_180057c40"	180057c40	CALL
"FUN_180011710"	180011710	"FUN_180005ad0"	180005ad0	CALLER
"FUN_1800596e0"	1800596e0	"FUN_180050430"	180050430	CALL
"FUN_1800596e0"	1800596e0	"FUN_180059f00"	180059f00	CALL
"FUN_1800596e0"	1800596e0	"free"	1800f3ad0	CALL
"FUN_180059ac0"	180059ac0	"FUN_1800596e0"	1800596e0	CALLER
"FUN_180059c00"	180059c00	"FUN_1800596e0"	1800596e0	CALLER
"FUN_180059810"	180059810	"FUN_1800af110"	1800af110	CALL
"FUN_180059810"	180059810	"FUN_1800af180"	1800af180	CALL
"FUN_180059810"	180059810	"FUN_180050430"	180050430	CALL
"FUN_180059810"	180059810	"FUN_18000ffc0"	18000ffc0	CALL
"FUN_180059810"	180059810	"FUN_180059ca0"	180059ca0	CALL
"FUN_180059810"	180059810	"free"	1800f3ad0	CALL
"FUN_180059810"	180059810	"__security_check_cookie"	1800f3ab0	CALL
"FUN_1800069f0"	1800069f0	"FUN_180059810"	180059810	CALLER
"FUN_18005cb20"	18005cb20	"FUN_1800541b0"	1800541b0	CALL
"FUN_18005cb20"	18005cb20	"FUN_180054060"	180054060	CALL
"FUN_18005cb20"	18005cb20	"FUN_180053f00"	180053f00	CALL
"FUN_18005cb20"	18005cb20	"FUN_180053da0"	180053da0	CALL
"FUN_18005cb20"	18005cb20	"FUN_180055d90"	180055d90	CALL
"FUN_18005cb20"	18005cb20	"memset"	1800f4cd2	CALL
"FUN_18005cb20"	18005cb20	"FUN_180053c20"	180053c20	CALL
"FUN_18005cb20"	18005cb20	"__security_check_cookie"	1800f3ab0	CALL
"FUN_180058350"	180058350	"FUN_1800f3098"	1800f3098	CALL
"FUN_180058350"	180058350	"FUN_180058060"	180058060	CALL
"FUN_180058350"	180058350	"FUN_1800581d0"	1800581d0	CALL
"FUN_180058350"	180058350	"FUN_180057660"	180057660	CALL
"FUN_180058350"	180058350	"free"	1800f3ad0	CALL
"FUN_180058350"	180058350	"__security_check_cookie"	1800f3ab0	CALL
"FUN_180058350"	180058350	"FUN_180054670"	180054670	CALL
"FUN_180001520"	180001520	"FUN_180058350"	180058350	CALLER
"FUN_180001740"	180001740	"FUN_180058350"	180058350	CALLER
"FUN_1800022d0"	1800022d0	"FUN_180058350"	180058350	CALLER
"FUN_180002f50"	180002f50	"FUN_180058350"	180058350	CALLER
"FUN_180005ad0"	180005ad0	"FUN_180058350"	180058350	CALLER
"FUN_1800069f0"	1800069f0	"FUN_180058350"	180058350	CALLER
"FUN_180001000"	180001000	"free"	1800f3ad0	CALLER
"FUN_180001180"	180001180	"free"	1800f3ad0	CALLER
"FUN_180001520"	180001520	"free"	1800f3ad0	CALLER
"FUN_180001520"	180001520	"free"	1800f3ad0	CALLER
"FUN_180001520"	180001520	"free"	1800f3ad0	CALLER
"FUN_180058350"	180058350	"free"	1800f3ad0	CALLER
"FUN_180058350"	180058350	"free"	1800f3ad0	CALLER
"FUN_180056c20"	180056c20	"free"	1800f3ad0	CALLER
"FUN_180056ec0"	180056ec0	"free"	1800f3ad0	CALLER
"FUN_180057020"	180057020	"free"	1800f3ad0	CALLER
"FUN_1800571b0"	1800571b0	"free"	1800f3ad0	CALLER
"FUN_180057850"	180057850	"free"	1800f3ad0	CALLER
"FUN_180057a80"	180057a80	"free"	1800f3ad0	CALLER
"FUN_18005f2d0"	18005f2d0	"free"	1800f3ad0	CALLER
"FUN_1800500b0"	1800500b0	"free"	1800f3ad0	CALLER
"FUN_180001740"	180001740	"free"	1800f3ad0	CALLER
"FUN_180001740"	180001740	"free"	1800f3ad0	CALLER
"FUN_180001740"	180001740	"free"	1800f3ad0	CALLER
"FUN_1800019b0"	1800019b0	"free"	1800f3ad0	CALLER
"FUN_1800022d0"	1800022d0	"free"	1800f3ad0	CALLER
"FUN_1800022d0"	1800022d0	"free"	1800f3ad0	CALLER
"FUN_1800022d0"	1800022d0	"free"	1800f3ad0	CALLER
"FUN_1800022d0"	1800022d0	"free"	1800f3ad0	CALLER
"FUN_1800022d0"	1800022d0	"free"	1800f3ad0	CALLER
"FUN_1800022d0"	1800022d0	"free"	1800f3ad0	CALLER
"FUN_1800022d0"	1800022d0	"free"	1800f3ad0	CALLER
"FUN_1800022d0"	1800022d0	"free"	1800f3ad0	CALLER
"FUN_18000ee20"	18000ee20	"free"	1800f3ad0	CALLER
"FUN_18000ee20"	18000ee20	"free"	1800f3ad0	CALLER
"FUN_180011b20"	180011b20	"free"	1800f3ad0	CALLER
"FUN_180051dd0"	180051dd0	"free"	1800f3ad0	CALLER
"FUN_180052510"	180052510	"free"	1800f3ad0	CALLER
"FUN_180051cd0"	180051cd0	"free"	1800f3ad0	CALLER
"FUN_1800522a0"	1800522a0	"free"	1800f3ad0	CALLER
"FUN_1800522a0"	1800522a0	"free"	1800f3ad0	CALLER
"FUN_1800520c0"	1800520c0	"free"	1800f3ad0	CALLER
"FUN_1800554d0"	1800554d0	"free"	1800f3ad0	CALLER
"FUN_1800557b0"	1800557b0	"free"	1800f3ad0	CALLER
"FUN_180055a60"	180055a60	"free"	1800f3ad0	CALLER
"FUN_180055a60"	180055a60	"free"	1800f3ad0	CALLER
"FUN_180013e90"	180013e90	"free"	1800f3ad0	CALLER
"FUN_1800674a0"	1800674a0	"free"	1800f3ad0	CALLER
"FUN_1800550f0"	1800550f0	"free"	1800f3ad0	CALLER
"FUN_180054510"	180054510	"free"	1800f3ad0	CALLER
"FUN_1800673a0"	1800673a0	"free"	1800f3ad0	CALLER
"FUN_1800673a0"	1800673a0	"free"	1800f3ad0	CALLER
"FUN_1800029e0"	1800029e0	"free"	1800f3ad0	CALLER
"FUN_180002a70"	180002a70	"free"	1800f3ad0	CALLER
"FUN_180002a70"	180002a70	"free"	1800f3ad0	CALLER
"FUN_180055d90"	180055d90	"free"	1800f3ad0	CALLER
"FUN_180055d90"	180055d90	"free"	1800f3ad0	CALLER
"FUN_180055d90"	180055d90	"free"	1800f3ad0	CALLER
"FUN_180055d90"	180055d90	"free"	1800f3ad0	CALLER
"FUN_18004d080"	18004d080	"free"	1800f3ad0	CALLER
"FUN_180002ca0"	180002ca0	"free"	1800f3ad0	CALLER
"FUN_180002ca0"	180002ca0	"free"	1800f3ad0	CALLER
"FUN_1800088c0"	1800088c0	"free"	1800f3ad0	CALLER
"FUN_18000eb00"	18000eb00	"free"	1800f3ad0	CALLER
"FUN_18000ebe0"	18000ebe0	"free"	1800f3ad0	CALLER
"FUN_18000ecc0"	18000ecc0	"free"	1800f3ad0	CALLER
"FUN_18000ed30"	18000ed30	"free"	1800f3ad0	CALLER
"FUN_1800114b0"	1800114b0	"free"	1800f3ad0	CALLER
"FUN_1800114b0"	1800114b0	"free"	1800f3ad0	CALLER
"FUN_180011ed0"	180011ed0	"free"	1800f3ad0	CALLER
"FUN_180011ed0"	180011ed0	"free"	1800f3ad0	CALLER
"FUN_1800125a0"	1800125a0	"free"	1800f3ad0	CALLER
"FUN_1800125a0"	1800125a0	"free"	1800f3ad0	CALLER
"FUN_1800125a0"	1800125a0	"free"	1800f3ad0	CALLER
"FUN_1800125a0"	1800125a0	"free"	1800f3ad0	CALLER
"FUN_1800125a0"	1800125a0	"free"	1800f3ad0	CALLER
"FUN_1800125a0"	1800125a0	"free"	1800f3ad0	CALLER
"FUN_1800125a0"	1800125a0	"free"	1800f3ad0	CALLER
"FUN_1800125a0"	1800125a0	"free"	1800f3ad0	CALLER
"FUN_1800125a0"	1800125a0	"free"	1800f3ad0	CALLER
"FUN_1800125a0"	1800125a0	"free"	1800f3ad0	CALLER
"FUN_1800125a0"	1800125a0	"free"	1800f3ad0	CALLER
"FUN_1800125a0"	1800125a0	"free"	1800f3ad0	CALLER
"FUN_1800125a0"	1800125a0	"free"	1800f3ad0	CALLER
"FUN_1800125a0"	1800125a0	"free"	1800f3ad0	CALLER
"FUN_1800125a0"	1800125a0	"free"	1800f3ad0	CALLER
"FUN_180013ab0"	180013ab0	"free"	1800f3ad0	CALLER
"FUN_180013b80"	180013b80	"free"	1800f3ad0	CALLER
"FUN_180014520"	180014520	"free"	1800f3ad0	CALLER
"FUN_180014520"	180014520	"free"	1800f3ad0	CALLER
"FUN_180014520"	180014520	"free"	1800f3ad0	CALLER
"FUN_180014520"	180014520	"free"	1800f3ad0	CALLER
"FUN_180014520"	180014520	"free"	1800f3ad0	CALLER
"FUN_180014520"	180014520	"free"	1800f3ad0	CALLER
"FUN_180014520"	180014520	"free"	1800f3ad0	CALLER
"FUN_180014520"	180014520	"free"	1800f3ad0	CALLER
"FUN_180014520"	180014520	"free"	1800f3ad0	CALLER
"FUN_180014520"	180014520	"free"	1800f3ad0	CALLER
"FUN_180014520"	180014520	"free"	1800f3ad0	CALLER
"FUN_180014520"	180014520	"free"	1800f3ad0	CALLER
"FUN_180015190"	180015190	"free"	1800f3ad0	CALLER
"FUN_180015190"	180015190	"free"	1800f3ad0	CALLER
"FUN_180015190"	180015190	"free"	1800f3ad0	CALLER
"FUN_180015190"	180015190	"free"	1800f3ad0	CALLER
"FUN_180015190"	180015190	"free"	1800f3ad0	CALLER
"FUN_180015190"	180015190	"free"	1800f3ad0	CALLER
"FUN_1800174c0"	1800174c0	"free"	1800f3ad0	CALLER
"FUN_1800174c0"	1800174c0	"free"	1800f3ad0	CALLER
"FUN_1800177a0"	1800177a0	"free"	1800f3ad0	CALLER
"FUN_180050040"	180050040	"free"	1800f3ad0	CALLER
"FUN_1800181a0"	1800181a0	"free"	1800f3ad0	CALLER
"FUN_1800181a0"	1800181a0	"free"	1800f3ad0	CALLER
"FUN_1800181a0"	1800181a0	"free"	1800f3ad0	CALLER
"FUN_1800181a0"	1800181a0	"free"	1800f3ad0	CALLER
"FUN_1800181a0"	1800181a0	"free"	1800f3ad0	CALLER
"FUN_1800181a0"	1800181a0	"free"	1800f3ad0	CALLER
"FUN_1800181a0"	1800181a0	"free"	1800f3ad0	CALLER
"FUN_1800181a0"	1800181a0	"free"	1800f3ad0	CALLER
"FUN_1800181a0"	1800181a0	"free"	1800f3ad0	CALLER
"FUN_1800181a0"	1800181a0	"free"	1800f3ad0	CALLER
"FUN_1800181a0"	1800181a0	"free"	1800f3ad0	CALLER
"FUN_1800181a0"	1800181a0	"free"	1800f3ad0	CALLER
"FUN_1800181a0"	1800181a0	"free"	1800f3ad0	CALLER
"FUN_1800181a0"	1800181a0	"free"	1800f3ad0	CALLER
"FUN_1800181a0"	1800181a0	"free"	1800f3ad0	CALLER
"FUN_1800181a0"	1800181a0	"free"	1800f3ad0	CALLER
"FUN_1800181a0"	1800181a0	"free"	1800f3ad0	CALLER
"FUN_1800181a0"	1800181a0	"free"	1800f3ad0	CALLER
"FUN_1800195d0"	1800195d0	"free"	1800f3ad0	CALLER
"FUN_1800195d0"	1800195d0	"free"	1800f3ad0	CALLER
"FUN_1800195d0"	1800195d0	"free"	1800f3ad0	CALLER
"FUN_1800195d0"	1800195d0	"free"	1800f3ad0	CALLER
"FUN_1800195d0"	1800195d0	"free"	1800f3ad0	CALLER
"FUN_1800195d0"	1800195d0	"free"	1800f3ad0	CALLER
"FUN_1800195d0"	1800195d0	"free"	1800f3ad0	CALLER
"FUN_1800195d0"	1800195d0	"free"	1800f3ad0	CALLER
"FUN_1800195d0"	1800195d0	"free"	1800f3ad0	CALLER
"FUN_1800195d0"	1800195d0	"free"	1800f3ad0	CALLER
"FUN_1800195d0"	1800195d0	"free"	1800f3ad0	CALLER
"FUN_1800195d0"	1800195d0	"free"	1800f3ad0	CALLER
"FUN_1800195d0"	1800195d0	"free"	1800f3ad0	CALLER
"FUN_1800195d0"	1800195d0	"free"	1800f3ad0	CALLER
"FUN_18001a560"	18001a560	"free"	1800f3ad0	CALLER
"FUN_18001a560"	18001a560	"free"	1800f3ad0	CALLER
"FUN_18001a560"	18001a560	"free"	1800f3ad0	CALLER
"FUN_18001a560"	18001a560	"free"	1800f3ad0	CALLER
"FUN_18001a560"	18001a560	"free"	1800f3ad0	CALLER
"FUN_18001a560"	18001a560	"free"	1800f3ad0	CALLER
"FUN_18001a560"	18001a560	"free"	1800f3ad0	CALLER
"FUN_18001a560"	18001a560	"free"	1800f3ad0	CALLER
"FUN_18001a560"	18001a560	"free"	1800f3ad0	CALLER
"FUN_18001b520"	18001b520	"free"	1800f3ad0	CALLER
"FUN_18001b520"	18001b520	"free"	1800f3ad0	CALLER
"FUN_18001b520"	18001b520	"free"	1800f3ad0	CALLER
"FUN_18001b520"	18001b520	"free"	1800f3ad0	CALLER
"FUN_18001b520"	18001b520	"free"	1800f3ad0	CALLER
"FUN_18001b520"	18001b520	"free"	1800f3ad0	CALLER
"FUN_18001b520"	18001b520	"free"	1800f3ad0	CALLER
"FUN_18001b520"	18001b520	"free"	1800f3ad0	CALLER
"FUN_18001b520"	18001b520	"free"	1800f3ad0	CALLER
"FUN_18001c7b0"	18001c7b0	"free"	1800f3ad0	CALLER
"FUN_180036480"	180036480	"free"	1800f3ad0	CALLER
"FUN_180036480"	180036480	"free"	1800f3ad0	CALLER
"FUN_180036480"	180036480	"free"	1800f3ad0	CALLER
"FUN_180036480"	180036480	"free"	1800f3ad0	CALLER
"FUN_180036480"	180036480	"free"	1800f3ad0	CALLER
"FUN_180036480"	180036480	"free"	1800f3ad0	CALLER
"FUN_180036480"	180036480	"free"	1800f3ad0	CALLER
"FUN_180036480"	180036480	"free"	1800f3ad0	CALLER
"FUN_180036480"	180036480	"free"	1800f3ad0	CALLER
"FUN_180036480"	180036480	"free"	1800f3ad0	CALLER
"FUN_180036480"	180036480	"free"	1800f3ad0	CALLER
"FUN_180036480"	180036480	"free"	1800f3ad0	CALLER
"FUN_180036480"	180036480	"free"	1800f3ad0	CALLER
"FUN_18002f9d0"	18002f9d0	"free"	1800f3ad0	CALLER
"FUN_1800303c0"	1800303c0	"free"	1800f3ad0	CALLER
"FUN_1800305d0"	1800305d0	"free"	1800f3ad0	CALLER
"FUN_180035b00"	180035b00	"free"	1800f3ad0	CALLER
"FUN_180038430"	180038430	"free"	1800f3ad0	CALLER
"FUN_180038a10"	180038a10	"free"	1800f3ad0	CALLER
"FUN_180039f00"	180039f00	"free"	1800f3ad0	CALLER
"FUN_18003afd0"	18003afd0	"free"	1800f3ad0	CALLER
"FUN_18003b780"	18003b780	"free"	1800f3ad0	CALLER
"FUN_18003b780"	18003b780	"free"	1800f3ad0	CALLER
"FUN_18003b780"	18003b780	"free"	1800f3ad0	CALLER
"FUN_18003b780"	18003b780	"free"	1800f3ad0	CALLER
"FUN_18003b780"	18003b780	"free"	1800f3ad0	CALLER
"FUN_18003b780"	18003b780	"free"	1800f3ad0	CALLER
"FUN_18003b780"	18003b780	"free"	1800f3ad0	CALLER
"FUN_18003d430"	18003d430	"free"	1800f3ad0	CALLER
"FUN_18003f3b0"	18003f3b0	"free"	1800f3ad0	CALLER
"FUN_18003fab0"	18003fab0	"free"	1800f3ad0	CALLER
"FUN_180044810"	180044810	"free"	1800f3ad0	CALLER
"FUN_180045600"	180045600	"free"	1800f3ad0	CALLER
"FUN_180045600"	180045600	"free"	1800f3ad0	CALLER
"FUN_180045600"	180045600	"free"	1800f3ad0	CALLER
"FUN_180045600"	180045600	"free"	1800f3ad0	CALLER
"FUN_180045600"	180045600	"free"	1800f3ad0	CALLER
"FUN_180045600"	180045600	"free"	1800f3ad0	CALLER
"FUN_180045600"	180045600	"free"	1800f3ad0	CALLER
"FUN_180045600"	180045600	"free"	1800f3ad0	CALLER
"FUN_180045600"	180045600	"free"	1800f3ad0	CALLER
"FUN_180045600"	180045600	"free"	1800f3ad0	CALLER
"FUN_180044a80"	180044a80	"free"	1800f3ad0	CALLER
"FUN_180044a80"	180044a80	"free"	1800f3ad0	CALLER
"FUN_180044a80"	180044a80	"free"	1800f3ad0	CALLER
"FUN_180044a80"	180044a80	"free"	1800f3ad0	CALLER
"FUN_180044a80"	180044a80	"free"	1800f3ad0	CALLER
"FUN_180044a80"	180044a80	"free"	1800f3ad0	CALLER
"FUN_180044a80"	180044a80	"free"	1800f3ad0	CALLER
"FUN_180044a80"	180044a80	"free"	1800f3ad0	CALLER
"FUN_180044a80"	180044a80	"free"	1800f3ad0	CALLER
"FUN_180041550"	180041550	"free"	1800f3ad0	CALLER
"FUN_180041550"	180041550	"free"	1800f3ad0	CALLER
"FUN_180041550"	180041550	"free"	1800f3ad0	CALLER
"FUN_180041550"	180041550	"free"	1800f3ad0	CALLER
"FUN_180041550"	180041550	"free"	1800f3ad0	CALLER
"FUN_180041550"	180041550	"free"	1800f3ad0	CALLER
"FUN_180041550"	180041550	"free"	1800f3ad0	CALLER
"FUN_180041550"	180041550	"free"	1800f3ad0	CALLER
"FUN_180041550"	180041550	"free"	1800f3ad0	CALLER
"FUN_180041550"	180041550	"free"	1800f3ad0	CALLER
"FUN_1800406b0"	1800406b0	"free"	1800f3ad0	CALLER
"FUN_1800406b0"	1800406b0	"free"	1800f3ad0	CALLER
"FUN_1800406b0"	1800406b0	"free"	1800f3ad0	CALLER
"FUN_1800406b0"	1800406b0	"free"	1800f3ad0	CALLER
"FUN_1800406b0"	1800406b0	"free"	1800f3ad0	CALLER
"FUN_1800406b0"	1800406b0	"free"	1800f3ad0	CALLER
"FUN_1800406b0"	1800406b0	"free"	1800f3ad0	CALLER
"FUN_1800406b0"	1800406b0	"free"	1800f3ad0	CALLER
"FUN_180043340"	180043340	"free"	1800f3ad0	CALLER
"FUN_1800434a0"	1800434a0	"free"	1800f3ad0	CALLER
"FUN_1800434a0"	1800434a0	"free"	1800f3ad0	CALLER
"FUN_1800434a0"	1800434a0	"free"	1800f3ad0	CALLER
"FUN_1800434a0"	1800434a0	"free"	1800f3ad0	CALLER
"FUN_1800434a0"	1800434a0	"free"	1800f3ad0	CALLER
"FUN_1800434a0"	1800434a0	"free"	1800f3ad0	CALLER
"FUN_1800434a0"	1800434a0	"free"	1800f3ad0	CALLER
"FUN_180043f60"	180043f60	"free"	1800f3ad0	CALLER
"FUN_180045430"	180045430	"free"	1800f3ad0	CALLER
"FUN_180046ff0"	180046ff0	"free"	1800f3ad0	CALLER
"FUN_180047070"	180047070	"free"	1800f3ad0	CALLER
"FUN_180047070"	180047070	"free"	1800f3ad0	CALLER
"FUN_180047070"	180047070	"free"	1800f3ad0	CALLER
"FUN_180047070"	180047070	"free"	1800f3ad0	CALLER
"FUN_180047070"	180047070	"free"	1800f3ad0	CALLER
"FUN_180047070"	180047070	"free"	1800f3ad0	CALLER
"FUN_180047070"	180047070	"free"	1800f3ad0	CALLER
"FUN_180047ba0"	180047ba0	"free"	1800f3ad0	CALLER
"FUN_18004a8b0"	18004a8b0	"free"	1800f3ad0	CALLER
"FUN_18004ade0"	18004ade0	"free"	1800f3ad0	CALLER
"FUN_18004bd80"	18004bd80	"free"	1800f3ad0	CALLER
"FUN_18004c1f0"	18004c1f0	"free"	1800f3ad0	CALLER
"FUN_18004c4e0"	18004c4e0	"free"	1800f3ad0	CALLER
"FUN_18004c4e0"	18004c4e0	"free"	1800f3ad0	CALLER
"FUN_18004c9c0"	18004c9c0	"free"	1800f3ad0	CALLER
"FUN_18004cbf0"	18004cbf0	"free"	1800f3ad0	CALLER
"FUN_18004cef0"	18004cef0	"free"	1800f3ad0	CALLER
"FUN_18004cef0"	18004cef0	"free"	1800f3ad0	CALLER
"FUN_18004dd40"	18004dd40	"free"	1800f3ad0	CALLER
"FUN_18004dd40"	18004dd40	"free"	1800f3ad0	CALLER
"FUN_18004dd40"	18004dd40	"free"	1800f3ad0	CALLER
"FUN_18004dd40"	18004dd40	"free"	1800f3ad0	CALLER
"FUN_18004dd40"	18004dd40	"free"	1800f3ad0	CALLER
"FUN_18004d610"	18004d610	"free"	1800f3ad0	CALLER
"FUN_18004d610"	18004d610	"free"	1800f3ad0	CALLER
"FUN_18004d610"	18004d610	"free"	1800f3ad0	CALLER
"FUN_18004ee00"	18004ee00	"free"	1800f3ad0	CALLER
"FUN_18004ee00"	18004ee00	"free"	1800f3ad0	CALLER
"FUN_18004ee00"	18004ee00	"free"	1800f3ad0	CALLER
"FUN_18004ee00"	18004ee00	"free"	1800f3ad0	CALLER
"FUN_18004ee00"	18004ee00	"free"	1800f3ad0	CALLER
"FUN_18004ee00"	18004ee00	"free"	1800f3ad0	CALLER
"FUN_18004ee00"	18004ee00	"free"	1800f3ad0	CALLER
"FUN_18004f210"	18004f210	"free"	1800f3ad0	CALLER
"FUN_18004f1a0"	18004f1a0	"free"	1800f3ad0	CALLER
"FUN_18004fb10"	18004fb10	"free"	1800f3ad0	CALLER
"FUN_18004fb10"	18004fb10	"free"	1800f3ad0	CALLER
"FUN_18004ff60"	18004ff60	"free"	1800f3ad0	CALLER
"FUN_1800505f0"	1800505f0	"free"	1800f3ad0	CALLER
"FUN_180050b40"	180050b40	"free"	1800f3ad0	CALLER
"FUN_180050b40"	180050b40	"free"	1800f3ad0	CALLER
"FUN_180050b40"	180050b40	"free"	1800f3ad0	CALLER
"FUN_180050910"	180050910	"free"	1800f3ad0	CALLER
"FUN_180050ab0"	180050ab0	"free"	1800f3ad0	CALLER
"FUN_1800509e0"	1800509e0	"free"	1800f3ad0	CALLER
"FUN_1800509e0"	1800509e0	"free"	1800f3ad0	CALLER
"FUN_180054480"	180054480	"free"	1800f3ad0	CALLER
"FUN_180002f50"	180002f50	"free"	1800f3ad0	CALLER
"FUN_180002f50"	180002f50	"free"	1800f3ad0	CALLER
"FUN_180002f50"	180002f50	"free"	1800f3ad0	CALLER
"FUN_180002f50"	180002f50	"free"	1800f3ad0	CALLER
"FUN_180002f50"	180002f50	"free"	1800f3ad0	CALLER
"FUN_180002f50"	180002f50	"free"	1800f3ad0	CALLER
"FUN_180002f50"	180002f50	"free"	1800f3ad0	CALLER
"FUN_180002f50"	180002f50	"free"	1800f3ad0	CALLER
"FUN_180002f50"	180002f50	"free"	1800f3ad0	CALLER
"FUN_180002f50"	180002f50	"free"	1800f3ad0	CALLER
"FUN_180002f50"	180002f50	"free"	1800f3ad0	CALLER
"FUN_180002f50"	180002f50	"free"	1800f3ad0	CALLER
"FUN_18000f9e0"	18000f9e0	"free"	1800f3ad0	CALLER
"FUN_18000f9e0"	18000f9e0	"free"	1800f3ad0	CALLER
"FUN_180004de0"	180004de0	"free"	1800f3ad0	CALLER
"FUN_180004f50"	180004f50	"free"	1800f3ad0	CALLER
"FUN_1800050d0"	1800050d0	"free"	1800f3ad0	CALLER
"FUN_1800050d0"	1800050d0	"free"	1800f3ad0	CALLER
"FUN_1800050d0"	1800050d0	"free"	1800f3ad0	CALLER
"FUN_1800050d0"	1800050d0	"free"	1800f3ad0	CALLER
"FUN_1800050d0"	1800050d0	"free"	1800f3ad0	CALLER
"FUN_1800050d0"	1800050d0	"free"	1800f3ad0	CALLER
"FUN_180005820"	180005820	"free"	1800f3ad0	CALLER
"FUN_180005820"	180005820	"free"	1800f3ad0	CALLER
"FUN_180005820"	180005820	"free"	1800f3ad0	CALLER
"FUN_1800061d0"	1800061d0	"free"	1800f3ad0	CALLER
"FUN_1800061d0"	1800061d0	"free"	1800f3ad0	CALLER
"FUN_180005ad0"	180005ad0	"free"	1800f3ad0	CALLER
"FUN_180005ad0"	180005ad0	"free"	1800f3ad0	CALLER
"FUN_180005ad0"	180005ad0	"free"	1800f3ad0	CALLER
"FUN_180005ad0"	180005ad0	"free"	1800f3ad0	CALLER
"FUN_180005ad0"	180005ad0	"free"	1800f3ad0	CALLER
"FUN_180005ad0"	180005ad0	"free"	1800f3ad0	CALLER
"FUN_180005ad0"	180005ad0	"free"	1800f3ad0	CALLER
"FUN_180009030"	180009030	"free"	1800f3ad0	CALLER
"FUN_180009030"	180009030	"free"	1800f3ad0	CALLER
"FUN_1800062e0"	1800062e0	"free"	1800f3ad0	CALLER
"FUN_1800062e0"	1800062e0	"free"	1800f3ad0	CALLER
"FUN_1800069f0"	1800069f0	"free"	1800f3ad0	CALLER
"FUN_1800069f0"	1800069f0	"free"	1800f3ad0	CALLER
"FUN_1800069f0"	1800069f0	"free"	1800f3ad0	CALLER
"FUN_1800069f0"	1800069f0	"free"	1800f3ad0	CALLER
"FUN_1800069f0"	1800069f0	"free"	1800f3ad0	CALLER
"FUN_1800069f0"	1800069f0	"free"	1800f3ad0	CALLER
"FUN_1800069f0"	1800069f0	"free"	1800f3ad0	CALLER
"FUN_1800069f0"	1800069f0	"free"	1800f3ad0	CALLER
"FUN_1800069f0"	1800069f0	"free"	1800f3ad0	CALLER
"FUN_1800069f0"	1800069f0	"free"	1800f3ad0	CALLER
"FUN_180009340"	180009340	"free"	1800f3ad0	CALLER
"FUN_180009340"	180009340	"free"	1800f3ad0	CALLER
"FUN_180009340"	180009340	"free"	1800f3ad0	CALLER
"FUN_180009340"	180009340	"free"	1800f3ad0	CALLER
"FUN_180009340"	180009340	"free"	1800f3ad0	CALLER
"FUN_180009920"	180009920	"free"	1800f3ad0	CALLER
"FUN_180009920"	180009920	"free"	1800f3ad0	CALLER
"FUN_180009920"	180009920	"free"	1800f3ad0	CALLER
"FUN_180009920"	180009920	"free"	1800f3ad0	CALLER
"FUN_180009920"	180009920	"free"	1800f3ad0	CALLER
"FUN_180009f00"	180009f00	"free"	1800f3ad0	CALLER
"FUN_180009f00"	180009f00	"free"	1800f3ad0	CALLER
"FUN_180009f00"	180009f00	"free"	1800f3ad0	CALLER
"FUN_180009f00"	180009f00	"free"	1800f3ad0	CALLER
"FUN_180009f00"	180009f00	"free"	1800f3ad0	CALLER
"FUN_18000a4e0"	18000a4e0	"free"	1800f3ad0	CALLER
"FUN_18000a4e0"	18000a4e0	"free"	1800f3ad0	CALLER
"FUN_18000a4e0"	18000a4e0	"free"	1800f3ad0	CALLER
"FUN_18000a4e0"	18000a4e0	"free"	1800f3ad0	CALLER
"FUN_18000a4e0"	18000a4e0	"free"	1800f3ad0	CALLER
"FUN_18000aac0"	18000aac0	"free"	1800f3ad0	CALLER
"FUN_18000aac0"	18000aac0	"free"	1800f3ad0	CALLER
"FUN_18000aac0"	18000aac0	"free"	1800f3ad0	CALLER
"FUN_18000aac0"	18000aac0	"free"	1800f3ad0	CALLER
"FUN_18000aac0"	18000aac0	"free"	1800f3ad0	CALLER
"FUN_18000b0a0"	18000b0a0	"free"	1800f3ad0	CALLER
"FUN_18000b0a0"	18000b0a0	"free"	1800f3ad0	CALLER
"FUN_18000b0a0"	18000b0a0	"free"	1800f3ad0	CALLER
"FUN_18000b0a0"	18000b0a0	"free"	1800f3ad0	CALLER
"FUN_18000b0a0"	18000b0a0	"free"	1800f3ad0	CALLER
"FUN_18000b680"	18000b680	"free"	1800f3ad0	CALLER
"FUN_18000b680"	18000b680	"free"	1800f3ad0	CALLER
"FUN_18000b680"	18000b680	"free"	1800f3ad0	CALLER
"FUN_18000b680"	18000b680	"free"	1800f3ad0	CALLER
"FUN_18000b680"	18000b680	"free"	1800f3ad0	CALLER
"FUN_18000bc60"	18000bc60	"free"	1800f3ad0	CALLER
"FUN_18000bc60"	18000bc60	"free"	1800f3ad0	CALLER
"FUN_18000bc60"	18000bc60	"free"	1800f3ad0	CALLER
"FUN_18000bc60"	18000bc60	"free"	1800f3ad0	CALLER
"FUN_18000bc60"	18000bc60	"free"	1800f3ad0	CALLER
"FUN_18000c240"	18000c240	"free"	1800f3ad0	CALLER
"FUN_18000c240"	18000c240	"free"	1800f3ad0	CALLER
"FUN_18000c240"	18000c240	"free"	1800f3ad0	CALLER
"FUN_18000c240"	18000c240	"free"	1800f3ad0	CALLER
"FUN_18000c240"	18000c240	"free"	1800f3ad0	CALLER
"FUN_18000c820"	18000c820	"free"	1800f3ad0	CALLER
"FUN_18000c820"	18000c820	"free"	1800f3ad0	CALLER
"FUN_18000c820"	18000c820	"free"	1800f3ad0	CALLER
"FUN_18000c820"	18000c820	"free"	1800f3ad0	CALLER
"FUN_18000c820"	18000c820	"free"	1800f3ad0	CALLER
"FUN_18000ce00"	18000ce00	"free"	1800f3ad0	CALLER
"FUN_18000ce00"	18000ce00	"free"	1800f3ad0	CALLER
"FUN_18000ce00"	18000ce00	"free"	1800f3ad0	CALLER
"FUN_18000ce00"	18000ce00	"free"	1800f3ad0	CALLER
"FUN_18000ce00"	18000ce00	"free"	1800f3ad0	CALLER
"FUN_18000d3e0"	18000d3e0	"free"	1800f3ad0	CALLER
"FUN_18000d3e0"	18000d3e0	"free"	1800f3ad0	CALLER
"FUN_18000d3e0"	18000d3e0	"free"	1800f3ad0	CALLER
"FUN_18000d3e0"	18000d3e0	"free"	1800f3ad0	CALLER
"FUN_18000d3e0"	18000d3e0	"free"	1800f3ad0	CALLER
"FUN_18000d9c0"	18000d9c0	"free"	1800f3ad0	CALLER
"FUN_18000d9c0"	18000d9c0	"free"	1800f3ad0	CALLER
"FUN_18000d9c0"	18000d9c0	"free"	1800f3ad0	CALLER
"FUN_18000d9c0"	18000d9c0	"free"	1800f3ad0	CALLER
"FUN_18000df00"	18000df00	"free"	1800f3ad0	CALLER
"FUN_18000df00"	18000df00	"free"	1800f3ad0	CALLER
"FUN_18000df00"	18000df00	"free"	1800f3ad0	CALLER
"FUN_18000df00"	18000df00	"free"	1800f3ad0	CALLER
"FUN_18000e440"	18000e440	"free"	1800f3ad0	CALLER
"FUN_18000e440"	18000e440	"free"	1800f3ad0	CALLER
"FUN_18000e440"	18000e440	"free"	1800f3ad0	CALLER
"FUN_18000e440"	18000e440	"free"	1800f3ad0	CALLER
"FUN_180011790"	180011790	"free"	1800f3ad0	CALLER
"FUN_180052de0"	180052de0	"free"	1800f3ad0	CALLER
"FUN_180059810"	180059810	"free"	1800f3ad0	CALLER
"FUN_18005eb70"	18005eb70	"free"	1800f3ad0	CALLER
"FUN_18005f100"	18005f100	"free"	1800f3ad0	CALLER
"FUN_1800086f0"	1800086f0	"free"	1800f3ad0	CALLER
"FUN_180058610"	180058610	"free"	1800f3ad0	CALLER
"FUN_180058610"	180058610	"free"	1800f3ad0	CALLER
"FUN_18005e470"	18005e470	"free"	1800f3ad0	CALLER
"FUN_18005e680"	18005e680	"free"	1800f3ad0	CALLER
"FUN_18005e5b0"	18005e5b0	"free"	1800f3ad0	CALLER
"FUN_18005e6f0"	18005e6f0	"free"	1800f3ad0	CALLER
"FUN_18005e6f0"	18005e6f0	"free"	1800f3ad0	CALLER
"FUN_18000ea60"	18000ea60	"free"	1800f3ad0	CALLER
"FUN_18000ea90"	18000ea90	"free"	1800f3ad0	CALLER
"FUN_18000eac0"	18000eac0	"free"	1800f3ad0	CALLER
"FID_conflict:~vector<CHN*___ptr64,std::allocator<CHN*___ptr64>_>"	18000ec60	"free"	1800f3ad0	CALLER
"FUN_18000fe70"	18000fe70	"free"	1800f3ad0	CALLER
"FUN_18000fe70"	18000fe70	"free"	1800f3ad0	CALLER
"FUN_18000fe70"	18000fe70	"free"	1800f3ad0	CALLER
"FUN_18004d3b0"	18004d3b0	"free"	1800f3ad0	CALLER
"FUN_18004d340"	18004d340	"free"	1800f3ad0	CALLER
"FUN_180056760"	180056760	"free"	1800f3ad0	CALLER
"FUN_180056560"	180056560	"free"	1800f3ad0	CALLER
"FUN_180056560"	180056560	"free"	1800f3ad0	CALLER
"FUN_1800567f0"	1800567f0	"free"	1800f3ad0	CALLER
"FUN_180010bf0"	180010bf0	"free"	1800f3ad0	CALLER
"FUN_180010d70"	180010d70	"free"	1800f3ad0	CALLER
"FUN_180010da0"	180010da0	"free"	1800f3ad0	CALLER
"FUN_180010dd0"	180010dd0	"free"	1800f3ad0	CALLER
"FUN_180010e00"	180010e00	"free"	1800f3ad0	CALLER
"FUN_180010e30"	180010e30	"free"	1800f3ad0	CALLER
"FUN_180010e60"	180010e60	"free"	1800f3ad0	CALLER
"FUN_180010e90"	180010e90	"free"	1800f3ad0	CALLER
"FUN_180010ec0"	180010ec0	"free"	1800f3ad0	CALLER
"FUN_180010ef0"	180010ef0	"free"	1800f3ad0	CALLER
"FUN_180010f20"	180010f20	"free"	1800f3ad0	CALLER
"FUN_180010f50"	180010f50	"free"	1800f3ad0	CALLER
"FUN_180010f80"	180010f80	"free"	1800f3ad0	CALLER
"FUN_180010fb0"	180010fb0	"free"	1800f3ad0	CALLER
"FUN_180010fe0"	180010fe0	"free"	1800f3ad0	CALLER
"FUN_180011010"	180011010	"free"	1800f3ad0	CALLER
"FUN_180011040"	180011040	"free"	1800f3ad0	CALLER
"FUN_180011710"	180011710	"free"	1800f3ad0	CALLER
"FUN_180011a30"	180011a30	"free"	1800f3ad0	CALLER
"FUN_180011a30"	180011a30	"free"	1800f3ad0	CALLER
"FUN_180012380"	180012380	"free"	1800f3ad0	CALLER
"FUN_180013dc0"	180013dc0	"free"	1800f3ad0	CALLER
"FUN_180014320"	180014320	"free"	1800f3ad0	CALLER
"FUN_180014320"	180014320	"free"	1800f3ad0	CALLER
"FUN_180017860"	180017860	"free"	1800f3ad0	CALLER
"FUN_1800178c0"	1800178c0	"free"	1800f3ad0	CALLER
"FUN_18001a360"	18001a360	"free"	1800f3ad0	CALLER
"FUN_18001c730"	18001c730	"free"	1800f3ad0	CALLER
"FUN_1800215d0"	1800215d0	"free"	1800f3ad0	CALLER
"FUN_18001d270"	18001d270	"free"	1800f3ad0	CALLER
"FUN_180022bd0"	180022bd0	"free"	1800f3ad0	CALLER
"FUN_18001de80"	18001de80	"free"	1800f3ad0	CALLER
"FUN_180020080"	180020080	"free"	1800f3ad0	CALLER
"FUN_1800200c0"	1800200c0	"free"	1800f3ad0	CALLER
"FUN_180020880"	180020880	"free"	1800f3ad0	CALLER
"FUN_180020880"	180020880	"free"	1800f3ad0	CALLER
"FUN_180020880"	180020880	"free"	1800f3ad0	CALLER
"FUN_180020880"	180020880	"free"	1800f3ad0	CALLER
"FUN_180020880"	180020880	"free"	1800f3ad0	CALLER
"FUN_180020880"	180020880	"free"	1800f3ad0	CALLER
"FUN_180020880"	180020880	"free"	1800f3ad0	CALLER
"FUN_180020880"	180020880	"free"	1800f3ad0	CALLER
"FUN_180020880"	180020880	"free"	1800f3ad0	CALLER
"FUN_180021870"	180021870	"free"	1800f3ad0	CALLER
"FUN_180021870"	180021870	"free"	1800f3ad0	CALLER
"FUN_180021870"	180021870	"free"	1800f3ad0	CALLER
"FUN_180021870"	180021870	"free"	1800f3ad0	CALLER
"FUN_180021870"	180021870	"free"	1800f3ad0	CALLER
"FUN_180021870"	180021870	"free"	1800f3ad0	CALLER
"FUN_180021870"	180021870	"free"	1800f3ad0	CALLER
"FUN_180021870"	180021870	"free"	1800f3ad0	CALLER
"FUN_180021870"	180021870	"free"	1800f3ad0	CALLER
"FUN_180021870"	180021870	"free"	1800f3ad0	CALLER
"FUN_180021870"	180021870	"free"	1800f3ad0	CALLER
"FUN_180021870"	180021870	"free"	1800f3ad0	CALLER
"FUN_180021870"	180021870	"free"	1800f3ad0	CALLER
"FUN_180021870"	180021870	"free"	1800f3ad0	CALLER
"FUN_180022c50"	180022c50	"free"	1800f3ad0	CALLER
"FUN_180022c50"	180022c50	"free"	1800f3ad0	CALLER
"FUN_180022c50"	180022c50	"free"	1800f3ad0	CALLER
"FUN_180022c50"	180022c50	"free"	1800f3ad0	CALLER
"FUN_180022c50"	180022c50	"free"	1800f3ad0	CALLER
"FUN_180022c50"	180022c50	"free"	1800f3ad0	CALLER
"FUN_180022c50"	180022c50	"free"	1800f3ad0	CALLER
"FUN_180022c50"	180022c50	"free"	1800f3ad0	CALLER
"FUN_1800238f0"	1800238f0	"free"	1800f3ad0	CALLER
"FUN_1800238f0"	1800238f0	"free"	1800f3ad0	CALLER
"FUN_1800238f0"	1800238f0	"free"	1800f3ad0	CALLER
"FUN_1800238f0"	1800238f0	"free"	1800f3ad0	CALLER
"FUN_1800238f0"	1800238f0	"free"	1800f3ad0	CALLER
"FUN_1800238f0"	1800238f0	"free"	1800f3ad0	CALLER
"FUN_1800238f0"	1800238f0	"free"	1800f3ad0	CALLER
"FUN_1800238f0"	1800238f0	"free"	1800f3ad0	CALLER
"FUN_1800238f0"	1800238f0	"free"	1800f3ad0	CALLER
"FUN_1800238f0"	1800238f0	"free"	1800f3ad0	CALLER
"FUN_1800254b0"	1800254b0	"free"	1800f3ad0	CALLER
"FUN_180025b70"	180025b70	"free"	1800f3ad0	CALLER
"FUN_180025b70"	180025b70	"free"	1800f3ad0	CALLER
"FUN_180025b70"	180025b70	"free"	1800f3ad0	CALLER
"FUN_180025b70"	180025b70	"free"	1800f3ad0	CALLER
"FUN_180025b70"	180025b70	"free"	1800f3ad0	CALLER
"FUN_180025b70"	180025b70	"free"	1800f3ad0	CALLER
"FUN_180025b70"	180025b70	"free"	1800f3ad0	CALLER
"FUN_180025b70"	180025b70	"free"	1800f3ad0	CALLER
"FUN_180025b70"	180025b70	"free"	1800f3ad0	CALLER
"FUN_180025b70"	180025b70	"free"	1800f3ad0	CALLER
"FUN_1800272c0"	1800272c0	"free"	1800f3ad0	CALLER
"FUN_180027980"	180027980	"free"	1800f3ad0	CALLER
"FUN_180027980"	180027980	"free"	1800f3ad0	CALLER
"FUN_180027980"	180027980	"free"	1800f3ad0	CALLER
"FUN_180027980"	180027980	"free"	1800f3ad0	CALLER
"FUN_180027980"	180027980	"free"	1800f3ad0	CALLER
"FUN_180027980"	180027980	"free"	1800f3ad0	CALLER
"FUN_180027980"	180027980	"free"	1800f3ad0	CALLER
"FUN_180027980"	180027980	"free"	1800f3ad0	CALLER
"FUN_180028870"	180028870	"free"	1800f3ad0	CALLER
"FUN_180028870"	180028870	"free"	1800f3ad0	CALLER
"FUN_180028870"	180028870	"free"	1800f3ad0	CALLER
"FUN_180028870"	180028870	"free"	1800f3ad0	CALLER
"FUN_180028cc0"	180028cc0	"free"	1800f3ad0	CALLER
"FUN_180028e50"	180028e50	"free"	1800f3ad0	CALLER
"FUN_180028e50"	180028e50	"free"	1800f3ad0	CALLER
"FUN_180028e50"	180028e50	"free"	1800f3ad0	CALLER
"FUN_180028e50"	180028e50	"free"	1800f3ad0	CALLER
"FUN_180028e50"	180028e50	"free"	1800f3ad0	CALLER
"FUN_180029cc0"	180029cc0	"free"	1800f3ad0	CALLER
"FUN_180029cc0"	180029cc0	"free"	1800f3ad0	CALLER
"FUN_180029cc0"	180029cc0	"free"	1800f3ad0	CALLER
"FUN_180029cc0"	180029cc0	"free"	1800f3ad0	CALLER
"FUN_180029cc0"	180029cc0	"free"	1800f3ad0	CALLER
"FUN_180029cc0"	180029cc0	"free"	1800f3ad0	CALLER
"FUN_180029cc0"	180029cc0	"free"	1800f3ad0	CALLER
"FUN_180029cc0"	180029cc0	"free"	1800f3ad0	CALLER
"FUN_180029cc0"	180029cc0	"free"	1800f3ad0	CALLER
"FUN_18002dcc0"	18002dcc0	"free"	1800f3ad0	CALLER
"FUN_18002a7f0"	18002a7f0	"free"	1800f3ad0	CALLER
"FUN_18002a7f0"	18002a7f0	"free"	1800f3ad0	CALLER
"FUN_18002a7f0"	18002a7f0	"free"	1800f3ad0	CALLER
"FUN_18002a7f0"	18002a7f0	"free"	1800f3ad0	CALLER
"FUN_18002a7f0"	18002a7f0	"free"	1800f3ad0	CALLER
"FUN_18002a7f0"	18002a7f0	"free"	1800f3ad0	CALLER
"FUN_18002a7f0"	18002a7f0	"free"	1800f3ad0	CALLER
"FUN_18002a7f0"	18002a7f0	"free"	1800f3ad0	CALLER
"FUN_18002a7f0"	18002a7f0	"free"	1800f3ad0	CALLER
"FUN_18002b430"	18002b430	"free"	1800f3ad0	CALLER
"FUN_18002b430"	18002b430	"free"	1800f3ad0	CALLER
"FUN_18002b430"	18002b430	"free"	1800f3ad0	CALLER
"FUN_18002b430"	18002b430	"free"	1800f3ad0	CALLER
"FUN_18002b430"	18002b430	"free"	1800f3ad0	CALLER
"FUN_18002b430"	18002b430	"free"	1800f3ad0	CALLER
"FUN_18002b430"	18002b430	"free"	1800f3ad0	CALLER
"FUN_18002b430"	18002b430	"free"	1800f3ad0	CALLER
"FUN_18002b430"	18002b430	"free"	1800f3ad0	CALLER
"FUN_18002c070"	18002c070	"free"	1800f3ad0	CALLER
"FUN_18002c070"	18002c070	"free"	1800f3ad0	CALLER
"FUN_18002c070"	18002c070	"free"	1800f3ad0	CALLER
"FUN_18002c070"	18002c070	"free"	1800f3ad0	CALLER
"FUN_18002c070"	18002c070	"free"	1800f3ad0	CALLER
"FUN_18002c070"	18002c070	"free"	1800f3ad0	CALLER
"FUN_18002c070"	18002c070	"free"	1800f3ad0	CALLER
"FUN_18002c070"	18002c070	"free"	1800f3ad0	CALLER
"FUN_18002c070"	18002c070	"free"	1800f3ad0	CALLER
"FUN_18002c070"	18002c070	"free"	1800f3ad0	CALLER
"FUN_18002c070"	18002c070	"free"	1800f3ad0	CALLER
"FUN_18002dea0"	18002dea0	"free"	1800f3ad0	CALLER
"FUN_18002dea0"	18002dea0	"free"	1800f3ad0	CALLER
"FUN_18002dea0"	18002dea0	"free"	1800f3ad0	CALLER
"FUN_18002dea0"	18002dea0	"free"	1800f3ad0	CALLER
"FUN_18002dea0"	18002dea0	"free"	1800f3ad0	CALLER
"FUN_18002dea0"	18002dea0	"free"	1800f3ad0	CALLER
"FUN_18002dea0"	18002dea0	"free"	1800f3ad0	CALLER
"FUN_18002dea0"	18002dea0	"free"	1800f3ad0	CALLER
"FUN_180038e90"	180038e90	"free"	1800f3ad0	CALLER
"FUN_180038e90"	180038e90	"free"	1800f3ad0	CALLER
"FUN_18003b230"	18003b230	"free"	1800f3ad0	CALLER
"FUN_18003b270"	18003b270	"free"	1800f3ad0	CALLER
"FUN_180040090"	180040090	"free"	1800f3ad0	CALLER
"FUN_180040090"	180040090	"free"	1800f3ad0	CALLER
"FUN_1800412d0"	1800412d0	"free"	1800f3ad0	CALLER
"FUN_180043fd0"	180043fd0	"free"	1800f3ad0	CALLER
"FUN_1800454a0"	1800454a0	"free"	1800f3ad0	CALLER
"FUN_1800468a0"	1800468a0	"free"	1800f3ad0	CALLER
"FUN_180046930"	180046930	"free"	1800f3ad0	CALLER
"FUN_180046930"	180046930	"free"	1800f3ad0	CALLER
"FUN_18004cc90"	18004cc90	"free"	1800f3ad0	CALLER
"FUN_18004ce50"	18004ce50	"free"	1800f3ad0	CALLER
"FUN_18004ceb0"	18004ceb0	"free"	1800f3ad0	CALLER
"FUN_18004d250"	18004d250	"free"	1800f3ad0	CALLER
"FUN_18004f380"	18004f380	"free"	1800f3ad0	CALLER
"FUN_18004faa0"	18004faa0	"free"	1800f3ad0	CALLER
"FUN_18004fc90"	18004fc90	"free"	1800f3ad0	CALLER
"FUN_1800508a0"	1800508a0	"free"	1800f3ad0	CALLER
"FUN_180050c40"	180050c40	"free"	1800f3ad0	CALLER
"FUN_180050cf0"	180050cf0	"free"	1800f3ad0	CALLER
"FUN_180050ed0"	180050ed0	"free"	1800f3ad0	CALLER
"FUN_180052630"	180052630	"free"	1800f3ad0	CALLER
"FUN_180052630"	180052630	"free"	1800f3ad0	CALLER
"FUN_180052630"	180052630	"free"	1800f3ad0	CALLER
"FUN_180052760"	180052760	"free"	1800f3ad0	CALLER
"FUN_180052760"	180052760	"free"	1800f3ad0	CALLER
"FUN_180052760"	180052760	"free"	1800f3ad0	CALLER
"FUN_180052760"	180052760	"free"	1800f3ad0	CALLER
"FUN_180052ab0"	180052ab0	"free"	1800f3ad0	CALLER
"FUN_180052ab0"	180052ab0	"free"	1800f3ad0	CALLER
"FUN_180052b90"	180052b90	"free"	1800f3ad0	CALLER
"FUN_180053940"	180053940	"free"	1800f3ad0	CALLER
"FUN_180054a70"	180054a70	"free"	1800f3ad0	CALLER
"FUN_180054b10"	180054b10	"free"	1800f3ad0	CALLER
"FUN_180054b50"	180054b50	"free"	1800f3ad0	CALLER
"FUN_180055be0"	180055be0	"free"	1800f3ad0	CALLER
"FUN_180055cc0"	180055cc0	"free"	1800f3ad0	CALLER
"FUN_1800582e0"	1800582e0	"free"	1800f3ad0	CALLER
"FUN_1800586c0"	1800586c0	"free"	1800f3ad0	CALLER
"FUN_180058720"	180058720	"free"	1800f3ad0	CALLER
"FUN_1800587d0"	1800587d0	"free"	1800f3ad0	CALLER
"FUN_1800587d0"	1800587d0	"free"	1800f3ad0	CALLER
"FUN_180058db0"	180058db0	"free"	1800f3ad0	CALLER
"FUN_180058db0"	180058db0	"free"	1800f3ad0	CALLER
"FUN_180058db0"	180058db0	"free"	1800f3ad0	CALLER
"FUN_180058db0"	180058db0	"free"	1800f3ad0	CALLER
"FUN_180058db0"	180058db0	"free"	1800f3ad0	CALLER
"FUN_180058db0"	180058db0	"free"	1800f3ad0	CALLER
"FUN_1800617c0"	1800617c0	"free"	1800f3ad0	CALLER
"FUN_1800616a0"	1800616a0	"free"	1800f3ad0	CALLER
"FUN_180060da0"	180060da0	"free"	1800f3ad0	CALLER
"FUN_1800611a0"	1800611a0	"free"	1800f3ad0	CALLER
"FUN_1800634f0"	1800634f0	"free"	1800f3ad0	CALLER
"FUN_180059490"	180059490	"free"	1800f3ad0	CALLER
"FUN_180059490"	180059490	"free"	1800f3ad0	CALLER
"FUN_180060170"	180060170	"free"	1800f3ad0	CALLER
"FUN_1800596e0"	1800596e0	"free"	1800f3ad0	CALLER
"FUN_180059fd0"	180059fd0	"free"	1800f3ad0	CALLER
"FUN_180059fd0"	180059fd0	"free"	1800f3ad0	CALLER
"FUN_180059fd0"	180059fd0	"free"	1800f3ad0	CALLER
"FUN_180059fd0"	180059fd0	"free"	1800f3ad0	CALLER
"FUN_180059fd0"	180059fd0	"free"	1800f3ad0	CALLER
"FUN_180059fd0"	180059fd0	"free"	1800f3ad0	CALLER
"FUN_180059fd0"	180059fd0	"free"	1800f3ad0	CALLER
"FUN_180059fd0"	180059fd0	"free"	1800f3ad0	CALLER
"FUN_180059fd0"	180059fd0	"free"	1800f3ad0	CALLER
"FUN_180059fd0"	180059fd0	"free"	1800f3ad0	CALLER
"FUN_180059fd0"	180059fd0	"free"	1800f3ad0	CALLER
"FUN_180059fd0"	180059fd0	"free"	1800f3ad0	CALLER
"FUN_180059fd0"	180059fd0	"free"	1800f3ad0	CALLER
"FUN_180059fd0"	180059fd0	"free"	1800f3ad0	CALLER
"FUN_180059fd0"	180059fd0	"free"	1800f3ad0	CALLER
"FUN_180059fd0"	180059fd0	"free"	1800f3ad0	CALLER
"FUN_180059fd0"	180059fd0	"free"	1800f3ad0	CALLER
"FUN_180059fd0"	180059fd0	"free"	1800f3ad0	CALLER
"FUN_180059fd0"	180059fd0	"free"	1800f3ad0	CALLER
"FUN_180059fd0"	180059fd0	"free"	1800f3ad0	CALLER
"FUN_180059fd0"	180059fd0	"free"	1800f3ad0	CALLER
"FUN_180059fd0"	180059fd0	"free"	1800f3ad0	CALLER
"FUN_180059fd0"	180059fd0	"free"	1800f3ad0	CALLER
"FUN_180059fd0"	180059fd0	"free"	1800f3ad0	CALLER
"FUN_18005b770"	18005b770	"free"	1800f3ad0	CALLER
"FUN_18005b770"	18005b770	"free"	1800f3ad0	CALLER
"FUN_18005c350"	18005c350	"free"	1800f3ad0	CALLER
"FUN_18005c350"	18005c350	"free"	1800f3ad0	CALLER
"FUN_18005c3f0"	18005c3f0	"free"	1800f3ad0	CALLER
"FUN_18005b2e0"	18005b2e0	"free"	1800f3ad0	CALLER
"FUN_18005b510"	18005b510	"free"	1800f3ad0	CALLER
"FUN_18005b690"	18005b690	"free"	1800f3ad0	CALLER
"FUN_18005b710"	18005b710	"free"	1800f3ad0	CALLER
"FUN_18005b850"	18005b850	"free"	1800f3ad0	CALLER
"FUN_18005b850"	18005b850	"free"	1800f3ad0	CALLER
"FUN_18005b850"	18005b850	"free"	1800f3ad0	CALLER
"FUN_18005d100"	18005d100	"free"	1800f3ad0	CALLER
"FUN_18005c470"	18005c470	"free"	1800f3ad0	CALLER
"FUN_18005c470"	18005c470	"free"	1800f3ad0	CALLER
"FUN_18005c9c0"	18005c9c0	"free"	1800f3ad0	CALLER
"FUN_18005cd60"	18005cd60	"free"	1800f3ad0	CALLER
"FUN_18005cd60"	18005cd60	"free"	1800f3ad0	CALLER
"FUN_18005ce40"	18005ce40	"free"	1800f3ad0	CALLER
"FUN_18005ce70"	18005ce70	"free"	1800f3ad0	CALLER
"FUN_18005d410"	18005d410	"free"	1800f3ad0	CALLER
"FUN_18005d410"	18005d410	"free"	1800f3ad0	CALLER
"FUN_18005d410"	18005d410	"free"	1800f3ad0	CALLER
"FUN_18005d410"	18005d410	"free"	1800f3ad0	CALLER
"FUN_18005dea0"	18005dea0	"free"	1800f3ad0	CALLER
"FUN_18005ef00"	18005ef00	"free"	1800f3ad0	CALLER
"FUN_18005f5d0"	18005f5d0	"free"	1800f3ad0	CALLER
"FUN_18005f460"	18005f460	"free"	1800f3ad0	CALLER
"FUN_18005f490"	18005f490	"free"	1800f3ad0	CALLER
"FUN_180061640"	180061640	"free"	1800f3ad0	CALLER
"FUN_180061af0"	180061af0	"free"	1800f3ad0	CALLER
"FUN_180061b20"	180061b20	"free"	1800f3ad0	CALLER
"FUN_180061b50"	180061b50	"free"	1800f3ad0	CALLER
"FUN_180061bb0"	180061bb0	"free"	1800f3ad0	CALLER
"FUN_180061cf0"	180061cf0	"free"	1800f3ad0	CALLER
"FUN_180061d40"	180061d40	"free"	1800f3ad0	CALLER
"FUN_180064000"	180064000	"free"	1800f3ad0	CALLER
"FUN_180064280"	180064280	"free"	1800f3ad0	CALLER
"FUN_1800642b0"	1800642b0	"free"	1800f3ad0	CALLER
"FUN_180064f10"	180064f10	"free"	1800f3ad0	CALLER
"FUN_180064f40"	180064f40	"free"	1800f3ad0	CALLER
"FUN_180064f70"	180064f70	"free"	1800f3ad0	CALLER
"FUN_180064fa0"	180064fa0	"free"	1800f3ad0	CALLER
"FUN_1800655a0"	1800655a0	"free"	1800f3ad0	CALLER
"FUN_180065d50"	180065d50	"free"	1800f3ad0	CALLER
"FUN_180067770"	180067770	"free"	1800f3ad0	CALLER
"FUN_180068f90"	180068f90	"free"	1800f3ad0	CALLER
"FUN_180069630"	180069630	"free"	1800f3ad0	CALLER
"FUN_18006b270"	18006b270	"free"	1800f3ad0	CALLER
"FUN_18006b720"	18006b720	"free"	1800f3ad0	CALLER
"FUN_18006b8f0"	18006b8f0	"free"	1800f3ad0	CALLER
"FUN_18006bdf0"	18006bdf0	"free"	1800f3ad0	CALLER
"FUN_1800799f0"	1800799f0	"free"	1800f3ad0	CALLER
"FUN_180079280"	180079280	"free"	1800f3ad0	CALLER
"FUN_180078f40"	180078f40	"free"	1800f3ad0	CALLER
"FUN_18006c070"	18006c070	"free"	1800f3ad0	CALLER
"FUN_18006c8a0"	18006c8a0	"free"	1800f3ad0	CALLER
"FUN_18006d410"	18006d410	"free"	1800f3ad0	CALLER
"FUN_18006d860"	18006d860	"free"	1800f3ad0	CALLER
"FUN_18006df00"	18006df00	"free"	1800f3ad0	CALLER
"FUN_18006e900"	18006e900	"free"	1800f3ad0	CALLER
"FUN_180071180"	180071180	"free"	1800f3ad0	CALLER
"FUN_1800711b0"	1800711b0	"free"	1800f3ad0	CALLER
"FUN_180071440"	180071440	"free"	1800f3ad0	CALLER
"FUN_180071a30"	180071a30	"free"	1800f3ad0	CALLER
"FUN_180071a60"	180071a60	"free"	1800f3ad0	CALLER
"FUN_180071ce0"	180071ce0	"free"	1800f3ad0	CALLER
"FUN_1800725e0"	1800725e0	"free"	1800f3ad0	CALLER
"FUN_180072810"	180072810	"free"	1800f3ad0	CALLER
"FUN_180072810"	180072810	"free"	1800f3ad0	CALLER
"FUN_180072a90"	180072a90	"free"	1800f3ad0	CALLER
"FUN_180072a90"	180072a90	"free"	1800f3ad0	CALLER
"FUN_180072d20"	180072d20	"free"	1800f3ad0	CALLER
"FUN_180073f40"	180073f40	"free"	1800f3ad0	CALLER
"FUN_180073960"	180073960	"free"	1800f3ad0	CALLER
"FUN_180073fc0"	180073fc0	"free"	1800f3ad0	CALLER
"FUN_180074300"	180074300	"free"	1800f3ad0	CALLER
"FUN_180074680"	180074680	"free"	1800f3ad0	CALLER
"FUN_180074800"	180074800	"free"	1800f3ad0	CALLER
"FUN_180074980"	180074980	"free"	1800f3ad0	CALLER
"FUN_180074c20"	180074c20	"free"	1800f3ad0	CALLER
"FUN_180074da0"	180074da0	"free"	1800f3ad0	CALLER
"FUN_180074f20"	180074f20	"free"	1800f3ad0	CALLER
"FUN_180075420"	180075420	"free"	1800f3ad0	CALLER
"FUN_180075d10"	180075d10	"free"	1800f3ad0	CALLER
"FUN_180075e20"	180075e20	"free"	1800f3ad0	CALLER
"FUN_180076020"	180076020	"free"	1800f3ad0	CALLER
"FUN_180076230"	180076230	"free"	1800f3ad0	CALLER
"FUN_180076430"	180076430	"free"	1800f3ad0	CALLER
"FUN_1800767b0"	1800767b0	"free"	1800f3ad0	CALLER
"FUN_180076b70"	180076b70	"free"	1800f3ad0	CALLER
"FUN_180076ba0"	180076ba0	"free"	1800f3ad0	CALLER
"FUN_180076bd0"	180076bd0	"free"	1800f3ad0	CALLER
"FUN_180076cc0"	180076cc0	"free"	1800f3ad0	CALLER
"FUN_180076e00"	180076e00	"free"	1800f3ad0	CALLER
"FUN_1800774c0"	1800774c0	"free"	1800f3ad0	CALLER
"FUN_180078180"	180078180	"free"	1800f3ad0	CALLER
"FUN_180079560"	180079560	"free"	1800f3ad0	CALLER
"FUN_180079560"	180079560	"free"	1800f3ad0	CALLER
"FUN_180079560"	180079560	"free"	1800f3ad0	CALLER
"FUN_1800795f0"	1800795f0	"free"	1800f3ad0	CALLER
"FUN_180079650"	180079650	"free"	1800f3ad0	CALLER
"FUN_180079650"	180079650	"free"	1800f3ad0	CALLER
"FUN_180079be0"	180079be0	"free"	1800f3ad0	CALLER
"FUN_180079be0"	180079be0	"free"	1800f3ad0	CALLER
"FUN_180079be0"	180079be0	"free"	1800f3ad0	CALLER
"FUN_180079be0"	180079be0	"free"	1800f3ad0	CALLER
"FUN_180079ee0"	180079ee0	"free"	1800f3ad0	CALLER
"FUN_180079ee0"	180079ee0	"free"	1800f3ad0	CALLER
"FUN_180079ee0"	180079ee0	"free"	1800f3ad0	CALLER
"FUN_180079ee0"	180079ee0	"free"	1800f3ad0	CALLER
"FUN_18007a390"	18007a390	"free"	1800f3ad0	CALLER
"FUN_18007b1c0"	18007b1c0	"free"	1800f3ad0	CALLER
"FUN_18007b1f0"	18007b1f0	"free"	1800f3ad0	CALLER
"FUN_18007c920"	18007c920	"free"	1800f3ad0	CALLER
"FUN_18007c920"	18007c920	"free"	1800f3ad0	CALLER
"FUN_18007c920"	18007c920	"free"	1800f3ad0	CALLER
"FUN_18007c920"	18007c920	"free"	1800f3ad0	CALLER
"FUN_18007c920"	18007c920	"free"	1800f3ad0	CALLER
"FUN_18007c920"	18007c920	"free"	1800f3ad0	CALLER
"FUN_18007c920"	18007c920	"free"	1800f3ad0	CALLER
"FUN_18007c920"	18007c920	"free"	1800f3ad0	CALLER
"FUN_18007d040"	18007d040	"free"	1800f3ad0	CALLER
"FUN_18007d070"	18007d070	"free"	1800f3ad0	CALLER
"FUN_18007d1e0"	18007d1e0	"free"	1800f3ad0	CALLER
"FUN_18007d400"	18007d400	"free"	1800f3ad0	CALLER
"FUN_18007d400"	18007d400	"free"	1800f3ad0	CALLER
"FUN_18007d6a0"	18007d6a0	"free"	1800f3ad0	CALLER
"FUN_18007d6a0"	18007d6a0	"free"	1800f3ad0	CALLER
"FUN_18007db50"	18007db50	"free"	1800f3ad0	CALLER
"FUN_18007dc90"	18007dc90	"free"	1800f3ad0	CALLER
"FUN_18007ddd0"	18007ddd0	"free"	1800f3ad0	CALLER
"FUN_18007e190"	18007e190	"free"	1800f3ad0	CALLER
"FUN_18007e1c0"	18007e1c0	"free"	1800f3ad0	CALLER
"FUN_18007e8a0"	18007e8a0	"free"	1800f3ad0	CALLER
"FUN_18007e8a0"	18007e8a0	"free"	1800f3ad0	CALLER
"FUN_18007ea30"	18007ea30	"free"	1800f3ad0	CALLER
"FUN_18007ef20"	18007ef20	"free"	1800f3ad0	CALLER
"FID_conflict:~vector<GSISymbolEntry,std::allocator<GSISymbolEntry>_>"	18007f1c0	"free"	1800f3ad0	CALLER
"FUN_18007f240"	18007f240	"free"	1800f3ad0	CALLER
"FUN_18007f270"	18007f270	"free"	1800f3ad0	CALLER
"FUN_18007f470"	18007f470	"free"	1800f3ad0	CALLER
"FUN_180080ac0"	180080ac0	"free"	1800f3ad0	CALLER
"FUN_180080af0"	180080af0	"free"	1800f3ad0	CALLER
"FUN_180080dc0"	180080dc0	"free"	1800f3ad0	CALLER
"FUN_180081040"	180081040	"free"	1800f3ad0	CALLER
"FUN_180081040"	180081040	"free"	1800f3ad0	CALLER
"FUN_180081040"	180081040	"free"	1800f3ad0	CALLER
"FUN_180081ba0"	180081ba0	"free"	1800f3ad0	CALLER
"FUN_180081bd0"	180081bd0	"free"	1800f3ad0	CALLER
"FUN_1800825e0"	1800825e0	"free"	1800f3ad0	CALLER
"FUN_1800825e0"	1800825e0	"free"	1800f3ad0	CALLER
"FUN_1800830f0"	1800830f0	"free"	1800f3ad0	CALLER
"FUN_1800830f0"	1800830f0	"free"	1800f3ad0	CALLER
"FUN_180083cc0"	180083cc0	"free"	1800f3ad0	CALLER
"FUN_180083e70"	180083e70	"free"	1800f3ad0	CALLER
"FUN_180084a90"	180084a90	"free"	1800f3ad0	CALLER
"FUN_180084a90"	180084a90	"free"	1800f3ad0	CALLER
"FUN_180085140"	180085140	"free"	1800f3ad0	CALLER
"FUN_180085450"	180085450	"free"	1800f3ad0	CALLER
"FUN_1800854b0"	1800854b0	"free"	1800f3ad0	CALLER
"FUN_1800854e0"	1800854e0	"free"	1800f3ad0	CALLER
"FUN_180085cf0"	180085cf0	"free"	1800f3ad0	CALLER
"FUN_180085f60"	180085f60	"free"	1800f3ad0	CALLER
"FUN_180086150"	180086150	"free"	1800f3ad0	CALLER
"FUN_180086610"	180086610	"free"	1800f3ad0	CALLER
"FUN_180086dc0"	180086dc0	"free"	1800f3ad0	CALLER
"FUN_180087120"	180087120	"free"	1800f3ad0	CALLER
"FUN_180087ef0"	180087ef0	"free"	1800f3ad0	CALLER
"FUN_180087ef0"	180087ef0	"free"	1800f3ad0	CALLER
"FUN_180087ef0"	180087ef0	"free"	1800f3ad0	CALLER
"FUN_180087ef0"	180087ef0	"free"	1800f3ad0	CALLER
"FUN_180088190"	180088190	"free"	1800f3ad0	CALLER
"FUN_180088560"	180088560	"free"	1800f3ad0	CALLER
"FUN_1800887f0"	1800887f0	"free"	1800f3ad0	CALLER
"FUN_180088a60"	180088a60	"free"	1800f3ad0	CALLER
"FUN_180088dc0"	180088dc0	"free"	1800f3ad0	CALLER
"FUN_180088dc0"	180088dc0	"free"	1800f3ad0	CALLER
"FUN_180089330"	180089330	"free"	1800f3ad0	CALLER
"FUN_180089820"	180089820	"free"	1800f3ad0	CALLER
"FUN_1800899a0"	1800899a0	"free"	1800f3ad0	CALLER
"FUN_180089d80"	180089d80	"free"	1800f3ad0	CALLER
"FUN_18008a4e0"	18008a4e0	"free"	1800f3ad0	CALLER
"FUN_18008b130"	18008b130	"free"	1800f3ad0	CALLER
"FUN_18008b2e0"	18008b2e0	"free"	1800f3ad0	CALLER
"FUN_18008b750"	18008b750	"free"	1800f3ad0	CALLER
"FUN_18008bbd0"	18008bbd0	"free"	1800f3ad0	CALLER
"FUN_18008c600"	18008c600	"free"	1800f3ad0	CALLER
"FUN_18008caa0"	18008caa0	"free"	1800f3ad0	CALLER
"FUN_18008cec0"	18008cec0	"free"	1800f3ad0	CALLER
"FUN_18008d640"	18008d640	"free"	1800f3ad0	CALLER
"FUN_18008dab0"	18008dab0	"free"	1800f3ad0	CALLER
"FUN_18008dab0"	18008dab0	"free"	1800f3ad0	CALLER
"FUN_18008ddc0"	18008ddc0	"free"	1800f3ad0	CALLER
"FUN_18008e3f0"	18008e3f0	"free"	1800f3ad0	CALLER
"FUN_18008e3f0"	18008e3f0	"free"	1800f3ad0	CALLER
"FUN_18008e670"	18008e670	"free"	1800f3ad0	CALLER
"FUN_18008ea10"	18008ea10	"free"	1800f3ad0	CALLER
"FUN_18008f190"	18008f190	"free"	1800f3ad0	CALLER
"FUN_18008f820"	18008f820	"free"	1800f3ad0	CALLER
"FUN_18008ff10"	18008ff10	"free"	1800f3ad0	CALLER
"FUN_18008ffb0"	18008ffb0	"free"	1800f3ad0	CALLER
"FUN_1800900f0"	1800900f0	"free"	1800f3ad0	CALLER
"FUN_180090230"	180090230	"free"	1800f3ad0	CALLER
"FUN_180090370"	180090370	"free"	1800f3ad0	CALLER
"FUN_180090530"	180090530	"free"	1800f3ad0	CALLER
"FUN_180090670"	180090670	"free"	1800f3ad0	CALLER
"FUN_1800907b0"	1800907b0	"free"	1800f3ad0	CALLER
"FUN_1800908f0"	1800908f0	"free"	1800f3ad0	CALLER
"FUN_180090a30"	180090a30	"free"	1800f3ad0	CALLER
"FUN_180090bb0"	180090bb0	"free"	1800f3ad0	CALLER
"FUN_180090ed0"	180090ed0	"free"	1800f3ad0	CALLER
"FUN_180091010"	180091010	"free"	1800f3ad0	CALLER
"FUN_180091a90"	180091a90	"free"	1800f3ad0	CALLER
"FUN_180091c10"	180091c10	"free"	1800f3ad0	CALLER
"FUN_180092a00"	180092a00	"free"	1800f3ad0	CALLER
"FUN_180093990"	180093990	"free"	1800f3ad0	CALLER
"FUN_180093b20"	180093b20	"free"	1800f3ad0	CALLER
"FUN_180093c60"	180093c60	"free"	1800f3ad0	CALLER
"FUN_180093df0"	180093df0	"free"	1800f3ad0	CALLER
"FUN_180093f30"	180093f30	"free"	1800f3ad0	CALLER
"FUN_180094100"	180094100	"free"	1800f3ad0	CALLER
"FUN_180094240"	180094240	"free"	1800f3ad0	CALLER
"FUN_180094390"	180094390	"free"	1800f3ad0	CALLER
"FUN_1800944d0"	1800944d0	"free"	1800f3ad0	CALLER
"FUN_180094650"	180094650	"free"	1800f3ad0	CALLER
"FUN_1800947d0"	1800947d0	"free"	1800f3ad0	CALLER
"FUN_180094870"	180094870	"free"	1800f3ad0	CALLER
"FUN_180094a50"	180094a50	"free"	1800f3ad0	CALLER
"FUN_180094c10"	180094c10	"free"	1800f3ad0	CALLER
"FUN_180094d50"	180094d50	"free"	1800f3ad0	CALLER
"FUN_180094f60"	180094f60	"free"	1800f3ad0	CALLER
"FUN_1800950e0"	1800950e0	"free"	1800f3ad0	CALLER
"FUN_1800953c0"	1800953c0	"free"	1800f3ad0	CALLER
"FUN_180095500"	180095500	"free"	1800f3ad0	CALLER
"FUN_180095650"	180095650	"free"	1800f3ad0	CALLER
"FUN_180095790"	180095790	"free"	1800f3ad0	CALLER
"FUN_180095910"	180095910	"free"	1800f3ad0	CALLER
"FUN_180095a50"	180095a50	"free"	1800f3ad0	CALLER
"FUN_180095b90"	180095b90	"free"	1800f3ad0	CALLER
"FUN_180095cd0"	180095cd0	"free"	1800f3ad0	CALLER
"FUN_180095fb0"	180095fb0	"free"	1800f3ad0	CALLER
"FUN_1800962f0"	1800962f0	"free"	1800f3ad0	CALLER
"FUN_180096430"	180096430	"free"	1800f3ad0	CALLER
"FUN_1800964e0"	1800964e0	"free"	1800f3ad0	CALLER
"FUN_180096710"	180096710	"free"	1800f3ad0	CALLER
"FUN_180096870"	180096870	"free"	1800f3ad0	CALLER
"FUN_1800969f0"	1800969f0	"free"	1800f3ad0	CALLER
"FUN_180096ce0"	180096ce0	"free"	1800f3ad0	CALLER
"FUN_180096f50"	180096f50	"free"	1800f3ad0	CALLER
"FUN_1800976a0"	1800976a0	"free"	1800f3ad0	CALLER
"FUN_180098460"	180098460	"free"	1800f3ad0	CALLER
"FUN_1800989b0"	1800989b0	"free"	1800f3ad0	CALLER
"FUN_180098b40"	180098b40	"free"	1800f3ad0	CALLER
"FUN_180098c80"	180098c80	"free"	1800f3ad0	CALLER
"FUN_180098e00"	180098e00	"free"	1800f3ad0	CALLER
"FUN_180098eb0"	180098eb0	"free"	1800f3ad0	CALLER
"FUN_180098eb0"	180098eb0	"free"	1800f3ad0	CALLER
"FUN_180098eb0"	180098eb0	"free"	1800f3ad0	CALLER
"FUN_180099010"	180099010	"free"	1800f3ad0	CALLER
"FUN_180099080"	180099080	"free"	1800f3ad0	CALLER
"FUN_180099270"	180099270	"free"	1800f3ad0	CALLER
"FUN_180099560"	180099560	"free"	1800f3ad0	CALLER
"FUN_1800997e0"	1800997e0	"free"	1800f3ad0	CALLER
"FUN_180099a60"	180099a60	"free"	1800f3ad0	CALLER
"FUN_180099d60"	180099d60	"free"	1800f3ad0	CALLER
"FUN_18009a930"	18009a930	"free"	1800f3ad0	CALLER
"FUN_18009aac0"	18009aac0	"free"	1800f3ad0	CALLER
"FUN_18009aee0"	18009aee0	"free"	1800f3ad0	CALLER
"FUN_18009b180"	18009b180	"free"	1800f3ad0	CALLER
"FUN_18009b3d0"	18009b3d0	"free"	1800f3ad0	CALLER
"FUN_18009b4d0"	18009b4d0	"free"	1800f3ad0	CALLER
"FUN_18009b600"	18009b600	"free"	1800f3ad0	CALLER
"FUN_18009b8b0"	18009b8b0	"free"	1800f3ad0	CALLER
"FUN_18009b9d0"	18009b9d0	"free"	1800f3ad0	CALLER
"FUN_18009bd70"	18009bd70	"free"	1800f3ad0	CALLER
"FUN_18009c2f0"	18009c2f0	"free"	1800f3ad0	CALLER
"FUN_18009ce80"	18009ce80	"free"	1800f3ad0	CALLER
"FUN_18009d350"	18009d350	"free"	1800f3ad0	CALLER
"FUN_18009d350"	18009d350	"free"	1800f3ad0	CALLER
"FUN_18009d350"	18009d350	"free"	1800f3ad0	CALLER
"FUN_18009d9f0"	18009d9f0	"free"	1800f3ad0	CALLER
"FUN_18009dea0"	18009dea0	"free"	1800f3ad0	CALLER
"FUN_18009e210"	18009e210	"free"	1800f3ad0	CALLER
"FUN_18009eb00"	18009eb00	"free"	1800f3ad0	CALLER
"FUN_18009f550"	18009f550	"free"	1800f3ad0	CALLER
"FUN_18009f6d0"	18009f6d0	"free"	1800f3ad0	CALLER
"FUN_18009fde0"	18009fde0	"free"	1800f3ad0	CALLER
"FUN_1800a1970"	1800a1970	"free"	1800f3ad0	CALLER
"FUN_1800a1b90"	1800a1b90	"free"	1800f3ad0	CALLER
"FUN_1800a2020"	1800a2020	"free"	1800f3ad0	CALLER
"FUN_1800a23e0"	1800a23e0	"free"	1800f3ad0	CALLER
"FUN_1800a25d0"	1800a25d0	"free"	1800f3ad0	CALLER
"FUN_1800a2750"	1800a2750	"free"	1800f3ad0	CALLER
"FUN_1800a2be0"	1800a2be0	"free"	1800f3ad0	CALLER
"FUN_1800a2f50"	1800a2f50	"free"	1800f3ad0	CALLER
"FUN_1800a2ff0"	1800a2ff0	"free"	1800f3ad0	CALLER
"FUN_1800a3210"	1800a3210	"free"	1800f3ad0	CALLER
"FUN_1800a4010"	1800a4010	"free"	1800f3ad0	CALLER
"FUN_1800a4090"	1800a4090	"free"	1800f3ad0	CALLER
"FUN_1800a41f0"	1800a41f0	"free"	1800f3ad0	CALLER
"FUN_1800a4400"	1800a4400	"free"	1800f3ad0	CALLER
"FUN_1800a4560"	1800a4560	"free"	1800f3ad0	CALLER
"FUN_1800a4690"	1800a4690	"free"	1800f3ad0	CALLER
"FUN_1800a4860"	1800a4860	"free"	1800f3ad0	CALLER
"FUN_1800a4ba0"	1800a4ba0	"free"	1800f3ad0	CALLER
"FUN_1800a4d90"	1800a4d90	"free"	1800f3ad0	CALLER
"FUN_1800a5210"	1800a5210	"free"	1800f3ad0	CALLER
"FUN_1800a5910"	1800a5910	"free"	1800f3ad0	CALLER
"FUN_1800a59b0"	1800a59b0	"free"	1800f3ad0	CALLER
"FUN_1800a5af0"	1800a5af0	"free"	1800f3ad0	CALLER
"FUN_1800a5c30"	1800a5c30	"free"	1800f3ad0	CALLER
"FUN_1800a5d70"	1800a5d70	"free"	1800f3ad0	CALLER
"FUN_1800a5ff0"	1800a5ff0	"free"	1800f3ad0	CALLER
"FUN_1800a6190"	1800a6190	"free"	1800f3ad0	CALLER
"FUN_1800a62d0"	1800a62d0	"free"	1800f3ad0	CALLER
"FUN_1800a6360"	1800a6360	"free"	1800f3ad0	CALLER
"FUN_1800a6570"	1800a6570	"free"	1800f3ad0	CALLER
"FUN_1800a6970"	1800a6970	"free"	1800f3ad0	CALLER
"FUN_1800a6af0"	1800a6af0	"free"	1800f3ad0	CALLER
"FUN_1800a6d70"	1800a6d70	"free"	1800f3ad0	CALLER
"FUN_1800a70f0"	1800a70f0	"free"	1800f3ad0	CALLER
"FUN_1800a74f0"	1800a74f0	"free"	1800f3ad0	CALLER
"FUN_1800a7ac0"	1800a7ac0	"free"	1800f3ad0	CALLER
"FUN_1800a7ec0"	1800a7ec0	"free"	1800f3ad0	CALLER
"FUN_1800a7fd0"	1800a7fd0	"free"	1800f3ad0	CALLER
"FUN_1800a8100"	1800a8100	"free"	1800f3ad0	CALLER
"FUN_1800a8230"	1800a8230	"free"	1800f3ad0	CALLER
"FUN_1800a8420"	1800a8420	"free"	1800f3ad0	CALLER
"FUN_1800a8600"	1800a8600	"free"	1800f3ad0	CALLER
"FUN_1800a88b0"	1800a88b0	"free"	1800f3ad0	CALLER
"FUN_1800a8a60"	1800a8a60	"free"	1800f3ad0	CALLER
"FUN_1800a91b0"	1800a91b0	"free"	1800f3ad0	CALLER
"FUN_1800a93a0"	1800a93a0	"free"	1800f3ad0	CALLER
"FUN_1800a94f0"	1800a94f0	"free"	1800f3ad0	CALLER
"FUN_1800aa510"	1800aa510	"free"	1800f3ad0	CALLER
"FUN_1800ab010"	1800ab010	"free"	1800f3ad0	CALLER
"FUN_1800ab150"	1800ab150	"free"	1800f3ad0	CALLER
"FUN_1800ab290"	1800ab290	"free"	1800f3ad0	CALLER
"FUN_1800ab3d0"	1800ab3d0	"free"	1800f3ad0	CALLER
"FUN_1800ab510"	1800ab510	"free"	1800f3ad0	CALLER
"FUN_1800ab5a0"	1800ab5a0	"free"	1800f3ad0	CALLER
"FUN_1800ab940"	1800ab940	"free"	1800f3ad0	CALLER
"FUN_1800ac0e0"	1800ac0e0	"free"	1800f3ad0	CALLER
"FUN_1800ac1e0"	1800ac1e0	"free"	1800f3ad0	CALLER
"FUN_1800ac3d0"	1800ac3d0	"free"	1800f3ad0	CALLER
"FUN_1800ac640"	1800ac640	"free"	1800f3ad0	CALLER
"FUN_1800ac6d0"	1800ac6d0	"free"	1800f3ad0	CALLER
"FUN_1800ac8e0"	1800ac8e0	"free"	1800f3ad0	CALLER
"FUN_1800acc10"	1800acc10	"free"	1800f3ad0	CALLER
"FUN_1800acd90"	1800acd90	"free"	1800f3ad0	CALLER
"FUN_1800ad0b0"	1800ad0b0	"free"	1800f3ad0	CALLER
"FUN_1800ad460"	1800ad460	"free"	1800f3ad0	CALLER
"FUN_1800adba0"	1800adba0	"free"	1800f3ad0	CALLER
"FUN_1800ae3b0"	1800ae3b0	"free"	1800f3ad0	CALLER
"FUN_1800f3ae0"	1800f3ae0	"free"	1800f3ad0	CALLER
"FUN_1800f539c"	1800f539c	"free"	1800f3ad0	CALLER
"FUN_1800f596c"	1800f596c	"free"	1800f3ad0	CALLER
"FUN_1800f599c"	1800f599c	"free"	1800f3ad0	CALLER
"FUN_1800f5a40"	1800f5a40	"free"	1800f3ad0	CALLER
"FUN_1800f5b00"	1800f5b00	"free"	1800f3ad0	CALLER
"FUN_1800f5bb4"	1800f5bb4	"free"	1800f3ad0	CALLER
"FUN_1800f5d5c"	1800f5d5c	"free"	1800f3ad0	CALLER
"FUN_1800f5dc4"	1800f5dc4	"free"	1800f3ad0	CALLER
"FUN_1800f62e8"	1800f62e8	"free"	1800f3ad0	CALLER
"FUN_1800f6f58"	1800f6f58	"free"	1800f3ad0	CALLER
"FUN_1800f6f80"	1800f6f80	"free"	1800f3ad0	CALLER
"FUN_1800f6f9d"	1800f6f9d	"free"	1800f3ad0	CALLER
"FUN_1800f7830"	1800f7830	"free"	1800f3ad0	CALLER
"FUN_1800f784d"	1800f784d	"free"	1800f3ad0	CALLER
"FUN_1800fbb8c"	1800fbb8c	"free"	1800f3ad0	CALLER
"FUN_1800fc440"	1800fc440	"free"	1800f3ad0	CALLER
"FUN_1800fc9b2"	1800fc9b2	"free"	1800f3ad0	CALLER
"FUN_1800fca40"	1800fca40	"free"	1800f3ad0	CALLER
"FUN_1800fcd60"	1800fcd60	"free"	1800f3ad0	CALLER
"FUN_1800fcdf0"	1800fcdf0	"free"	1800f3ad0	CALLER
"FUN_1800fce20"	1800fce20	"free"	1800f3ad0	CALLER
"FUN_1800fcea0"	1800fcea0	"free"	1800f3ad0	CALLER
"FUN_1800fcfc0"	1800fcfc0	"free"	1800f3ad0	CALLER
"FUN_1800fd110"	1800fd110	"free"	1800f3ad0	CALLER
"FUN_1800fd150"	1800fd150	"free"	1800f3ad0	CALLER
"FUN_1800fd170"	1800fd170	"free"	1800f3ad0	CALLER
"FUN_1800fd190"	1800fd190	"free"	1800f3ad0	CALLER
"FUN_1800fd220"	1800fd220	"free"	1800f3ad0	CALLER
"FUN_1800fd240"	1800fd240	"free"	1800f3ad0	CALLER
"FUN_1800fd260"	1800fd260	"free"	1800f3ad0	CALLER
"FUN_1800fd280"	1800fd280	"free"	1800f3ad0	CALLER
"FUN_1800fd2a0"	1800fd2a0	"free"	1800f3ad0	CALLER
"FUN_1800fd2c0"	1800fd2c0	"free"	1800f3ad0	CALLER
"FUN_1800fd2e0"	1800fd2e0	"free"	1800f3ad0	CALLER
"FUN_1800fd3a0"	1800fd3a0	"free"	1800f3ad0	CALLER
"FUN_1800fd6c0"	1800fd6c0	"free"	1800f3ad0	CALLER
"FUN_1800fd860"	1800fd860	"free"	1800f3ad0	CALLER
"FUN_1800fe2d0"	1800fe2d0	"free"	1800f3ad0	CALLER
"FUN_18000eb00"	18000eb00	"free"	1800f3ad0	CALLER
"FUN_18000eb00"	18000eb00	"free"	1800f3ad0	CALLER
"FUN_18000ecc0"	18000ecc0	"free"	1800f3ad0	CALLER
"FUN_180050ab0"	180050ab0	"free"	1800f3ad0	CALLER
"FUN_180058610"	180058610	"free"	1800f3ad0	CALLER
"FUN_18005e680"	18005e680	"free"	1800f3ad0	CALLER
"FUN_18000ede0"	18000ede0	"free"	1800f3ad0	CALLER
"FUN_18004d340"	18004d340	"free"	1800f3ad0	CALLER
"FUN_180010520"	180010520	"free"	1800f3ad0	CALLER
"FUN_180010600"	180010600	"free"	1800f3ad0	CALLER
"FUN_180010760"	180010760	"free"	1800f3ad0	CALLER
"FUN_18001a300"	18001a300	"free"	1800f3ad0	CALLER
"deallocate"	18004d200	"free"	1800f3ad0	CALLER
"FUN_18004fff0"	18004fff0	"free"	1800f3ad0	CALLER
"FUN_180050a80"	180050a80	"free"	1800f3ad0	CALLER
"FUN_180052ab0"	180052ab0	"free"	1800f3ad0	CALLER
"FUN_180056520"	180056520	"free"	1800f3ad0	CALLER
"FUN_1800586c0"	1800586c0	"free"	1800f3ad0	CALLER
"FUN_18005c3f0"	18005c3f0	"free"	1800f3ad0	CALLER
"FUN_18005b690"	18005b690	"free"	1800f3ad0	CALLER
"FUN_18005bc90"	18005bc90	"free"	1800f3ad0	CALLER
"FUN_18005c9c0"	18005c9c0	"free"	1800f3ad0	CALLER
"FUN_18005eea0"	18005eea0	"free"	1800f3ad0	CALLER
"FUN_18005f420"	18005f420	"free"	1800f3ad0	CALLER
"FUN_180063e90"	180063e90	"free"	1800f3ad0	CALLER
"deallocate"	180063ed0	"free"	1800f3ad0	CALLER
"FUN_180010100"	180010100	"free"	1800f3ad0	CALLER
"FUN_180009340"	180009340	"FUN_1800f3b0c"	1800f3b0c	CALL
"FUN_180009340"	180009340	"FUN_180050430"	180050430	CALL
"FUN_180009340"	180009340	"FUN_1800563e0"	1800563e0	CALL
"FUN_180009340"	180009340	"memchr"	1800f4cea	CALL
"FUN_180009340"	180009340	"memcmp"	1800f4cf6	CALL
"FUN_180009340"	180009340	"FUN_180054510"	180054510	CALL
"FUN_180009340"	180009340	"FUN_180050290"	180050290	CALL
"FUN_180009340"	180009340	"free"	1800f3ad0	CALL
"FUN_180009340"	180009340	"FUN_180011790"	180011790	CALL
"FUN_180009340"	180009340	"_guard_check_icall"	18000e9f0	CALL
"FUN_180009340"	180009340	"FUN_18000e980"	18000e980	CALL
"FUN_180009340"	180009340	"__security_check_cookie"	1800f3ab0	CALL
"FUN_1800069f0"	1800069f0	"FUN_180009340"	180009340	CALLER
"FUN_180009920"	180009920	"FUN_1800f3b0c"	1800f3b0c	CALL
"FUN_180009920"	180009920	"FUN_180050430"	180050430	CALL
"FUN_180009920"	180009920	"FUN_1800563e0"	1800563e0	CALL
"FUN_180009920"	180009920	"memchr"	1800f4cea	CALL
"FUN_180009920"	180009920	"memcmp"	1800f4cf6	CALL
"FUN_180009920"	180009920	"FUN_180054510"	180054510	CALL
"FUN_180009920"	180009920	"FUN_180050290"	180050290	CALL
"FUN_180009920"	180009920	"free"	1800f3ad0	CALL
"FUN_180009920"	180009920	"FUN_180011790"	180011790	CALL
"FUN_180009920"	180009920	"_guard_check_icall"	18000e9f0	CALL
"FUN_180009920"	180009920	"FUN_18000e980"	18000e980	CALL
"FUN_180009920"	180009920	"__security_check_cookie"	1800f3ab0	CALL
"FUN_1800069f0"	1800069f0	"FUN_180009920"	180009920	CALLER
"FUN_180009f00"	180009f00	"FUN_1800f3b0c"	1800f3b0c	CALL
"FUN_180009f00"	180009f00	"FUN_180050430"	180050430	CALL
"FUN_180009f00"	180009f00	"FUN_1800563e0"	1800563e0	CALL
"FUN_180009f00"	180009f00	"memchr"	1800f4cea	CALL
"FUN_180009f00"	180009f00	"memcmp"	1800f4cf6	CALL
"FUN_180009f00"	180009f00	"FUN_180054510"	180054510	CALL
"FUN_180009f00"	180009f00	"FUN_180050290"	180050290	CALL
"FUN_180009f00"	180009f00	"free"	1800f3ad0	CALL
"FUN_180009f00"	180009f00	"FUN_180011790"	180011790	CALL
"FUN_180009f00"	180009f00	"_guard_check_icall"	18000e9f0	CALL
"FUN_180009f00"	180009f00	"FUN_18000e980"	18000e980	CALL
"FUN_180009f00"	180009f00	"__security_check_cookie"	1800f3ab0	CALL
"FUN_1800069f0"	1800069f0	"FUN_180009f00"	180009f00	CALLER
"FUN_18000a4e0"	18000a4e0	"FUN_1800f3b0c"	1800f3b0c	CALL
"FUN_18000a4e0"	18000a4e0	"FUN_180050430"	180050430	CALL
"FUN_18000a4e0"	18000a4e0	"FUN_1800563e0"	1800563e0	CALL
"FUN_18000a4e0"	18000a4e0	"memchr"	1800f4cea	CALL
"FUN_18000a4e0"	18000a4e0	"memcmp"	1800f4cf6	CALL
"FUN_18000a4e0"	18000a4e0	"FUN_180054510"	180054510	CALL
"FUN_18000a4e0"	18000a4e0	"FUN_180050290"	180050290	CALL
"FUN_18000a4e0"	18000a4e0	"free"	1800f3ad0	CALL
"FUN_18000a4e0"	18000a4e0	"FUN_180011790"	180011790	CALL
"FUN_18000a4e0"	18000a4e0	"_guard_check_icall"	18000e9f0	CALL
"FUN_18000a4e0"	18000a4e0	"FUN_18000e980"	18000e980	CALL
"FUN_18000a4e0"	18000a4e0	"__security_check_cookie"	1800f3ab0	CALL
"FUN_1800069f0"	1800069f0	"FUN_18000a4e0"	18000a4e0	CALLER
"FUN_18000aac0"	18000aac0	"FUN_1800f3b0c"	1800f3b0c	CALL
"FUN_18000aac0"	18000aac0	"FUN_180050430"	180050430	CALL
"FUN_18000aac0"	18000aac0	"FUN_1800563e0"	1800563e0	CALL
"FUN_18000aac0"	18000aac0	"memchr"	1800f4cea	CALL
"FUN_18000aac0"	18000aac0	"memcmp"	1800f4cf6	CALL
"FUN_18000aac0"	18000aac0	"FUN_180054510"	180054510	CALL
"FUN_18000aac0"	18000aac0	"FUN_180050290"	180050290	CALL
"FUN_18000aac0"	18000aac0	"free"	1800f3ad0	CALL
"FUN_18000aac0"	18000aac0	"FUN_180011790"	180011790	CALL
"FUN_18000aac0"	18000aac0	"_guard_check_icall"	18000e9f0	CALL
"FUN_18000aac0"	18000aac0	"FUN_18000e980"	18000e980	CALL
"FUN_18000aac0"	18000aac0	"__security_check_cookie"	1800f3ab0	CALL
"FUN_1800069f0"	1800069f0	"FUN_18000aac0"	18000aac0	CALLER
"FUN_18000b0a0"	18000b0a0	"FUN_1800f3b0c"	1800f3b0c	CALL
"FUN_18000b0a0"	18000b0a0	"FUN_180050430"	180050430	CALL
"FUN_18000b0a0"	18000b0a0	"FUN_1800563e0"	1800563e0	CALL
"FUN_18000b0a0"	18000b0a0	"memchr"	1800f4cea	CALL
"FUN_18000b0a0"	18000b0a0	"memcmp"	1800f4cf6	CALL
"FUN_18000b0a0"	18000b0a0	"FUN_180054510"	180054510	CALL
"FUN_18000b0a0"	18000b0a0	"FUN_180050290"	180050290	CALL
"FUN_18000b0a0"	18000b0a0	"free"	1800f3ad0	CALL
"FUN_18000b0a0"	18000b0a0	"FUN_180011790"	180011790	CALL
"FUN_18000b0a0"	18000b0a0	"_guard_check_icall"	18000e9f0	CALL
"FUN_18000b0a0"	18000b0a0	"FUN_18000e980"	18000e980	CALL
"FUN_18000b0a0"	18000b0a0	"__security_check_cookie"	1800f3ab0	CALL
"FUN_1800069f0"	1800069f0	"FUN_18000b0a0"	18000b0a0	CALLER
"FUN_18000b680"	18000b680	"FUN_1800f3b0c"	1800f3b0c	CALL
"FUN_18000b680"	18000b680	"FUN_180050430"	180050430	CALL
"FUN_18000b680"	18000b680	"FUN_1800563e0"	1800563e0	CALL
"FUN_18000b680"	18000b680	"memchr"	1800f4cea	CALL
"FUN_18000b680"	18000b680	"memcmp"	1800f4cf6	CALL
"FUN_18000b680"	18000b680	"FUN_180054510"	180054510	CALL
"FUN_18000b680"	18000b680	"FUN_180050290"	180050290	CALL
"FUN_18000b680"	18000b680	"free"	1800f3ad0	CALL
"FUN_18000b680"	18000b680	"FUN_180011790"	180011790	CALL
"FUN_18000b680"	18000b680	"_guard_check_icall"	18000e9f0	CALL
"FUN_18000b680"	18000b680	"FUN_18000e980"	18000e980	CALL
"FUN_18000b680"	18000b680	"__security_check_cookie"	1800f3ab0	CALL
"FUN_1800069f0"	1800069f0	"FUN_18000b680"	18000b680	CALLER
"FUN_18000bc60"	18000bc60	"FUN_1800f3b0c"	1800f3b0c	CALL
"FUN_18000bc60"	18000bc60	"FUN_180050430"	180050430	CALL
"FUN_18000bc60"	18000bc60	"FUN_1800563e0"	1800563e0	CALL
"FUN_18000bc60"	18000bc60	"memchr"	1800f4cea	CALL
"FUN_18000bc60"	18000bc60	"memcmp"	1800f4cf6	CALL
"FUN_18000bc60"	18000bc60	"FUN_180054510"	180054510	CALL
"FUN_18000bc60"	18000bc60	"FUN_180050290"	180050290	CALL
"FUN_18000bc60"	18000bc60	"free"	1800f3ad0	CALL
"FUN_18000bc60"	18000bc60	"FUN_180011790"	180011790	CALL
"FUN_18000bc60"	18000bc60	"_guard_check_icall"	18000e9f0	CALL
"FUN_18000bc60"	18000bc60	"FUN_18000e980"	18000e980	CALL
"FUN_18000bc60"	18000bc60	"__security_check_cookie"	1800f3ab0	CALL
"FUN_1800069f0"	1800069f0	"FUN_18000bc60"	18000bc60	CALLER
"FUN_18000c240"	18000c240	"FUN_1800f3b0c"	1800f3b0c	CALL
"FUN_18000c240"	18000c240	"FUN_180050430"	180050430	CALL
"FUN_18000c240"	18000c240	"FUN_1800563e0"	1800563e0	CALL
"FUN_18000c240"	18000c240	"memchr"	1800f4cea	CALL
"FUN_18000c240"	18000c240	"memcmp"	1800f4cf6	CALL
"FUN_18000c240"	18000c240	"FUN_180054510"	180054510	CALL
"FUN_18000c240"	18000c240	"FUN_180050290"	180050290	CALL
"FUN_18000c240"	18000c240	"free"	1800f3ad0	CALL
"FUN_18000c240"	18000c240	"FUN_180011790"	180011790	CALL
"FUN_18000c240"	18000c240	"_guard_check_icall"	18000e9f0	CALL
"FUN_18000c240"	18000c240	"FUN_18000e980"	18000e980	CALL
"FUN_18000c240"	18000c240	"__security_check_cookie"	1800f3ab0	CALL
"FUN_1800069f0"	1800069f0	"FUN_18000c240"	18000c240	CALLER
"FUN_18000c820"	18000c820	"FUN_1800f3b0c"	1800f3b0c	CALL
"FUN_18000c820"	18000c820	"FUN_180050430"	180050430	CALL
"FUN_18000c820"	18000c820	"FUN_1800563e0"	1800563e0	CALL
"FUN_18000c820"	18000c820	"memchr"	1800f4cea	CALL
"FUN_18000c820"	18000c820	"memcmp"	1800f4cf6	CALL
"FUN_18000c820"	18000c820	"FUN_180054510"	180054510	CALL
"FUN_18000c820"	18000c820	"FUN_180050290"	180050290	CALL
"FUN_18000c820"	18000c820	"free"	1800f3ad0	CALL
"FUN_18000c820"	18000c820	"FUN_180011790"	180011790	CALL
"FUN_18000c820"	18000c820	"_guard_check_icall"	18000e9f0	CALL
"FUN_18000c820"	18000c820	"FUN_18000e980"	18000e980	CALL
"FUN_18000c820"	18000c820	"__security_check_cookie"	1800f3ab0	CALL
"FUN_1800069f0"	1800069f0	"FUN_18000c820"	18000c820	CALLER
"FUN_18000ce00"	18000ce00	"FUN_1800f3b0c"	1800f3b0c	CALL
"FUN_18000ce00"	18000ce00	"FUN_180050430"	180050430	CALL
"FUN_18000ce00"	18000ce00	"FUN_1800563e0"	1800563e0	CALL
"FUN_18000ce00"	18000ce00	"memchr"	1800f4cea	CALL
"FUN_18000ce00"	18000ce00	"memcmp"	1800f4cf6	CALL
"FUN_18000ce00"	18000ce00	"FUN_180054510"	180054510	CALL
"FUN_18000ce00"	18000ce00	"FUN_180050290"	180050290	CALL
"FUN_18000ce00"	18000ce00	"free"	1800f3ad0	CALL
"FUN_18000ce00"	18000ce00	"FUN_180011790"	180011790	CALL
"FUN_18000ce00"	18000ce00	"_guard_check_icall"	18000e9f0	CALL
"FUN_18000ce00"	18000ce00	"FUN_18000e980"	18000e980	CALL
"FUN_18000ce00"	18000ce00	"__security_check_cookie"	1800f3ab0	CALL
"FUN_1800069f0"	1800069f0	"FUN_18000ce00"	18000ce00	CALLER
"FUN_18000d3e0"	18000d3e0	"FUN_1800f3b0c"	1800f3b0c	CALL
"FUN_18000d3e0"	18000d3e0	"FUN_180050430"	180050430	CALL
"FUN_18000d3e0"	18000d3e0	"FUN_1800563e0"	1800563e0	CALL
"FUN_18000d3e0"	18000d3e0	"memchr"	1800f4cea	CALL
"FUN_18000d3e0"	18000d3e0	"memcmp"	1800f4cf6	CALL
"FUN_18000d3e0"	18000d3e0	"FUN_180054510"	180054510	CALL
"FUN_18000d3e0"	18000d3e0	"FUN_180050290"	180050290	CALL
"FUN_18000d3e0"	18000d3e0	"free"	1800f3ad0	CALL
"FUN_18000d3e0"	18000d3e0	"FUN_180011790"	180011790	CALL
"FUN_18000d3e0"	18000d3e0	"_guard_check_icall"	18000e9f0	CALL
"FUN_18000d3e0"	18000d3e0	"FUN_18000e980"	18000e980	CALL
"FUN_18000d3e0"	18000d3e0	"__security_check_cookie"	1800f3ab0	CALL
"FUN_1800069f0"	1800069f0	"FUN_18000d3e0"	18000d3e0	CALLER
"FUN_1800af124"	1800af124	"FUN_1800aec3c"	1800aec3c	CALL
"FUN_1800af124"	1800af124	"FUN_1800af5dc"	1800af5dc	CALL
"FUN_1800069f0"	1800069f0	"FUN_1800af124"	1800af124	CALLER
"FUN_1800069f0"	1800069f0	"FUN_1800af124"	1800af124	CALLER
"FUN_180058880"	180058880	"FUN_1800af124"	1800af124	CALLER
"FUN_180058880"	180058880	"FUN_1800af124"	1800af124	CALLER
"FUN_180058880"	180058880	"FUN_1800af124"	1800af124	CALLER
"FUN_1800aef70"	1800aef70	"FUN_1800aec3c"	1800aec3c	CALL
"FUN_1800aef70"	1800aef70	"FUN_1800af5e0"	1800af5e0	CALL
"FUN_1800aef70"	1800aef70	"FUN_1800af350"	1800af350	CALL
"FUN_1800aef70"	1800aef70	"FUN_1800af650"	1800af650	CALL
"FUN_1800aef70"	1800aef70	"FUN_1800ae840"	1800ae840	CALL
"FUN_1800aef70"	1800aef70	"FUN_1800af374"	1800af374	CALL
"FUN_1800aef70"	1800aef70	"__security_check_cookie"	1800f3ab0	CALL
"FUN_1800069f0"	1800069f0	"FUN_1800aef70"	1800aef70	CALLER
"FUN_1800069f0"	1800069f0	"FUN_1800aef70"	1800aef70	CALLER
"FUN_180058880"	180058880	"FUN_1800aef70"	1800aef70	CALLER
"FUN_180058880"	180058880	"FUN_1800aef70"	1800aef70	CALLER
"FUN_180058880"	180058880	"FUN_1800aef70"	1800aef70	CALLER
"FUN_1800af118"	1800af118	"FUN_1800aea48"	1800aea48	CALL
"FUN_1800069f0"	1800069f0	"FUN_1800af118"	1800af118	CALLER
"FUN_1800069f0"	1800069f0	"FUN_1800af118"	1800af118	CALLER
"FUN_180058880"	180058880	"FUN_1800af118"	1800af118	CALLER
"FUN_180058880"	180058880	"FUN_1800af118"	1800af118	CALLER
"FUN_180058880"	180058880	"FUN_1800af118"	1800af118	CALLER
"FUN_1800085d0"	1800085d0	"FUN_1800f3bf0"	1800f3bf0	CALL
"FUN_1800085d0"	1800085d0	"FUN_1800f3b0c"	1800f3b0c	CALL
"FUN_1800085d0"	1800085d0	"memset"	1800f4cd2	CALL
"FUN_1800085d0"	1800085d0	"FUN_18000fd90"	18000fd90	CALL
"FUN_1800085d0"	1800085d0	"atexit"	1800f3fc0	CALL
"FUN_1800085d0"	1800085d0	"_Init_thread_footer"	1800f3b84	CALL
"FUN_1800069f0"	1800069f0	"FUN_1800085d0"	1800085d0	CALLER
"FUN_1800069f0"	1800069f0	"FUN_1800085d0"	1800085d0	CALLER
"FUN_180059ac0"	180059ac0	"FUN_1800085d0"	1800085d0	CALLER
"FUN_180059b60"	180059b60	"FUN_1800085d0"	1800085d0	CALLER
"FUN_180059c00"	180059c00	"FUN_1800085d0"	1800085d0	CALLER
"FUN_180050430"	180050430	"memcpy"	1800f4cde	CALL
"FUN_180050430"	180050430	"FUN_1800f3b0c"	1800f3b0c	CALL
"FUN_180050430"	180050430	"FUN_180057c40"	180057c40	CALL
"FUN_180050430"	180050430	"FUN_180057d10"	180057d10	CALL
"FUN_18005f2d0"	18005f2d0	"FUN_180050430"	180050430	CALLER
"FUN_18005f2d0"	18005f2d0	"FUN_180050430"	180050430	CALLER
"FUN_1800022d0"	1800022d0	"FUN_180050430"	180050430	CALLER
"FUN_1800022d0"	1800022d0	"FUN_180050430"	180050430	CALLER
"FUN_1800022d0"	1800022d0	"FUN_180050430"	180050430	CALLER
"FUN_1800022d0"	1800022d0	"FUN_180050430"	180050430	CALLER
"FUN_1800022d0"	1800022d0	"FUN_180050430"	180050430	CALLER
"FUN_180057d30"	180057d30	"FUN_180050430"	180050430	CALLER
"FUN_180002a70"	180002a70	"FUN_180050430"	180050430	CALLER
"FUN_180055d90"	180055d90	"FUN_180050430"	180050430	CALLER
"FUN_180002ca0"	180002ca0	"FUN_180050430"	180050430	CALLER
"FUN_180002ca0"	180002ca0	"FUN_180050430"	180050430	CALLER
"FUN_1800125a0"	1800125a0	"FUN_180050430"	180050430	CALLER
"FUN_1800125a0"	1800125a0	"FUN_180050430"	180050430	CALLER
"FUN_180014520"	180014520	"FUN_180050430"	180050430	CALLER
"FUN_180014520"	180014520	"FUN_180050430"	180050430	CALLER
"FUN_180015190"	180015190	"FUN_180050430"	180050430	CALLER
"FUN_180015190"	180015190	"FUN_180050430"	180050430	CALLER
"FUN_180015190"	180015190	"FUN_180050430"	180050430	CALLER
"FUN_180015190"	180015190	"FUN_180050430"	180050430	CALLER
"FUN_180015190"	180015190	"FUN_180050430"	180050430	CALLER
"FUN_1800181a0"	1800181a0	"FUN_180050430"	180050430	CALLER
"FUN_1800181a0"	1800181a0	"FUN_180050430"	180050430	CALLER
"FUN_1800181a0"	1800181a0	"FUN_180050430"	180050430	CALLER
"FUN_1800181a0"	1800181a0	"FUN_180050430"	180050430	CALLER
"FUN_1800181a0"	1800181a0	"FUN_180050430"	180050430	CALLER
"FUN_1800181a0"	1800181a0	"FUN_180050430"	180050430	CALLER
"FUN_1800181a0"	1800181a0	"FUN_180050430"	180050430	CALLER
"FUN_1800181a0"	1800181a0	"FUN_180050430"	180050430	CALLER
"FUN_1800195d0"	1800195d0	"FUN_180050430"	180050430	CALLER
"FUN_1800195d0"	1800195d0	"FUN_180050430"	180050430	CALLER
"FUN_1800195d0"	1800195d0	"FUN_180050430"	180050430	CALLER
"FUN_1800195d0"	1800195d0	"FUN_180050430"	180050430	CALLER
"FUN_18001a560"	18001a560	"FUN_180050430"	180050430	CALLER
"FUN_18001a560"	18001a560	"FUN_180050430"	180050430	CALLER
"FUN_18001a560"	18001a560	"FUN_180050430"	180050430	CALLER
"FUN_18001a560"	18001a560	"FUN_180050430"	180050430	CALLER
"FUN_18001b520"	18001b520	"FUN_180050430"	180050430	CALLER
"FUN_18001b520"	18001b520	"FUN_180050430"	180050430	CALLER
"FUN_180036480"	180036480	"FUN_180050430"	180050430	CALLER
"FUN_180036480"	180036480	"FUN_180050430"	180050430	CALLER
"FUN_180036480"	180036480	"FUN_180050430"	180050430	CALLER
"FUN_180036480"	180036480	"FUN_180050430"	180050430	CALLER
"FUN_180036480"	180036480	"FUN_180050430"	180050430	CALLER
"FUN_180036480"	180036480	"FUN_180050430"	180050430	CALLER
"FUN_180036480"	180036480	"FUN_180050430"	180050430	CALLER
"FUN_180036480"	180036480	"FUN_180050430"	180050430	CALLER
"FUN_180036480"	180036480	"FUN_180050430"	180050430	CALLER
"FUN_180036480"	180036480	"FUN_180050430"	180050430	CALLER
"FUN_1800301b0"	1800301b0	"FUN_180050430"	180050430	CALLER
"FUN_1800363d0"	1800363d0	"FUN_180050430"	180050430	CALLER
"FUN_180038530"	180038530	"FUN_180050430"	180050430	CALLER
"FUN_180039c20"	180039c20	"FUN_180050430"	180050430	CALLER
"FUN_18003a1e0"	18003a1e0	"FUN_180050430"	180050430	CALLER
"FUN_18003a6e0"	18003a6e0	"FUN_180050430"	180050430	CALLER
"FUN_18003ac80"	18003ac80	"FUN_180050430"	180050430	CALLER
"FUN_18003b780"	18003b780	"FUN_180050430"	180050430	CALLER
"FUN_18003b780"	18003b780	"FUN_180050430"	180050430	CALLER
"FUN_18003b780"	18003b780	"FUN_180050430"	180050430	CALLER
"FUN_180045600"	180045600	"FUN_180050430"	180050430	CALLER
"FUN_180045600"	180045600	"FUN_180050430"	180050430	CALLER
"FUN_180045600"	180045600	"FUN_180050430"	180050430	CALLER
"FUN_180045600"	180045600	"FUN_180050430"	180050430	CALLER
"FUN_180045600"	180045600	"FUN_180050430"	180050430	CALLER
"FUN_180045600"	180045600	"FUN_180050430"	180050430	CALLER
"FUN_180044a80"	180044a80	"FUN_180050430"	180050430	CALLER
"FUN_180044a80"	180044a80	"FUN_180050430"	180050430	CALLER
"FUN_180044a80"	180044a80	"FUN_180050430"	180050430	CALLER
"FUN_180041550"	180041550	"FUN_180050430"	180050430	CALLER
"FUN_180041550"	180041550	"FUN_180050430"	180050430	CALLER
"FUN_180041550"	180041550	"FUN_180050430"	180050430	CALLER
"FUN_180041550"	180041550	"FUN_180050430"	180050430	CALLER
"FUN_1800406b0"	1800406b0	"FUN_180050430"	180050430	CALLER
"FUN_1800406b0"	1800406b0	"FUN_180050430"	180050430	CALLER
"FUN_1800406b0"	1800406b0	"FUN_180050430"	180050430	CALLER
"FUN_1800406b0"	1800406b0	"FUN_180050430"	180050430	CALLER
"FUN_1800406b0"	1800406b0	"FUN_180050430"	180050430	CALLER
"FUN_180041340"	180041340	"FUN_180050430"	180050430	CALLER
"FUN_180043340"	180043340	"FUN_180050430"	180050430	CALLER
"FUN_1800434a0"	1800434a0	"FUN_180050430"	180050430	CALLER
"FUN_1800434a0"	1800434a0	"FUN_180050430"	180050430	CALLER
"FUN_1800434a0"	1800434a0	"FUN_180050430"	180050430	CALLER
"FUN_1800434a0"	1800434a0	"FUN_180050430"	180050430	CALLER
"FUN_180046f40"	180046f40	"FUN_180050430"	180050430	CALLER
"FUN_180047070"	180047070	"FUN_180050430"	180050430	CALLER
"FUN_180047070"	180047070	"FUN_180050430"	180050430	CALLER
"FUN_180047070"	180047070	"FUN_180050430"	180050430	CALLER
"FUN_180046360"	180046360	"FUN_180050430"	180050430	CALLER
"FUN_18004c4e0"	18004c4e0	"FUN_180050430"	180050430	CALLER
"FUN_18004c4e0"	18004c4e0	"FUN_180050430"	180050430	CALLER
"FUN_18004c9c0"	18004c9c0	"FUN_180050430"	180050430	CALLER
"FUN_18004dd40"	18004dd40	"FUN_180050430"	180050430	CALLER
"FUN_18004dd40"	18004dd40	"FUN_180050430"	180050430	CALLER
"FUN_18004dd40"	18004dd40	"FUN_180050430"	180050430	CALLER
"FUN_18004dd40"	18004dd40	"FUN_180050430"	180050430	CALLER
"FUN_18004dd40"	18004dd40	"FUN_180050430"	180050430	CALLER
"FUN_18004d610"	18004d610	"FUN_180050430"	180050430	CALLER
"FUN_18004d610"	18004d610	"FUN_180050430"	180050430	CALLER
"FUN_18004d610"	18004d610	"FUN_180050430"	180050430	CALLER
"FUN_18004ee00"	18004ee00	"FUN_180050430"	180050430	CALLER
"FUN_18004ee00"	18004ee00	"FUN_180050430"	180050430	CALLER
"FUN_18004ed40"	18004ed40	"FUN_180050430"	180050430	CALLER
"FUN_180050530"	180050530	"FUN_180050430"	180050430	CALLER
"FUN_180002f50"	180002f50	"FUN_180050430"	180050430	CALLER
"FUN_180002f50"	180002f50	"FUN_180050430"	180050430	CALLER
"FUN_180002f50"	180002f50	"FUN_180050430"	180050430	CALLER
"FUN_180002f50"	180002f50	"FUN_180050430"	180050430	CALLER
"FUN_180002f50"	180002f50	"FUN_180050430"	180050430	CALLER
"FUN_180002f50"	180002f50	"FUN_180050430"	180050430	CALLER
"FUN_180002f50"	180002f50	"FUN_180050430"	180050430	CALLER
"FUN_180002f50"	180002f50	"FUN_180050430"	180050430	CALLER
"FUN_180002f50"	180002f50	"FUN_180050430"	180050430	CALLER
"FUN_180004f50"	180004f50	"FUN_180050430"	180050430	CALLER
"FUN_1800050d0"	1800050d0	"FUN_180050430"	180050430	CALLER
"FUN_1800050d0"	1800050d0	"FUN_180050430"	180050430	CALLER
"FUN_180005820"	180005820	"FUN_180050430"	180050430	CALLER
"FUN_180005820"	180005820	"FUN_180050430"	180050430	CALLER
"FUN_180005ad0"	180005ad0	"FUN_180050430"	180050430	CALLER
"FUN_180005ad0"	180005ad0	"FUN_180050430"	180050430	CALLER
"FUN_180005ad0"	180005ad0	"FUN_180050430"	180050430	CALLER
"FUN_1800062e0"	1800062e0	"FUN_180050430"	180050430	CALLER
"FUN_1800062e0"	1800062e0	"FUN_180050430"	180050430	CALLER
"FUN_1800069f0"	1800069f0	"FUN_180050430"	180050430	CALLER
"FUN_1800069f0"	1800069f0	"FUN_180050430"	180050430	CALLER
"FUN_1800069f0"	1800069f0	"FUN_180050430"	180050430	CALLER
"FUN_1800069f0"	1800069f0	"FUN_180050430"	180050430	CALLER
"FUN_1800069f0"	1800069f0	"FUN_180050430"	180050430	CALLER
"FUN_1800069f0"	1800069f0	"FUN_180050430"	180050430	CALLER
"FUN_1800069f0"	1800069f0	"FUN_180050430"	180050430	CALLER
"FUN_1800069f0"	1800069f0	"FUN_180050430"	180050430	CALLER
"FUN_1800069f0"	1800069f0	"FUN_180050430"	180050430	CALLER
"FUN_180009340"	180009340	"FUN_180050430"	180050430	CALLER
"FUN_180009340"	180009340	"FUN_180050430"	180050430	CALLER
"FUN_180009340"	180009340	"FUN_180050430"	180050430	CALLER
"FUN_180009920"	180009920	"FUN_180050430"	180050430	CALLER
"FUN_180009920"	180009920	"FUN_180050430"	180050430	CALLER
"FUN_180009920"	180009920	"FUN_180050430"	180050430	CALLER
"FUN_180009f00"	180009f00	"FUN_180050430"	180050430	CALLER
"FUN_180009f00"	180009f00	"FUN_180050430"	180050430	CALLER
"FUN_180009f00"	180009f00	"FUN_180050430"	180050430	CALLER
"FUN_18000a4e0"	18000a4e0	"FUN_180050430"	180050430	CALLER
"FUN_18000a4e0"	18000a4e0	"FUN_180050430"	180050430	CALLER
"FUN_18000a4e0"	18000a4e0	"FUN_180050430"	180050430	CALLER
"FUN_18000aac0"	18000aac0	"FUN_180050430"	180050430	CALLER
"FUN_18000aac0"	18000aac0	"FUN_180050430"	180050430	CALLER
"FUN_18000aac0"	18000aac0	"FUN_180050430"	180050430	CALLER
"FUN_18000b0a0"	18000b0a0	"FUN_180050430"	180050430	CALLER
"FUN_18000b0a0"	18000b0a0	"FUN_180050430"	180050430	CALLER
"FUN_18000b0a0"	18000b0a0	"FUN_180050430"	180050430	CALLER
"FUN_18000b680"	18000b680	"FUN_180050430"	180050430	CALLER
"FUN_18000b680"	18000b680	"FUN_180050430"	180050430	CALLER
"FUN_18000b680"	18000b680	"FUN_180050430"	180050430	CALLER
"FUN_18000bc60"	18000bc60	"FUN_180050430"	180050430	CALLER
"FUN_18000bc60"	18000bc60	"FUN_180050430"	180050430	CALLER
"FUN_18000bc60"	18000bc60	"FUN_180050430"	180050430	CALLER
"FUN_18000c240"	18000c240	"FUN_180050430"	180050430	CALLER
"FUN_18000c240"	18000c240	"FUN_180050430"	180050430	CALLER
"FUN_18000c240"	18000c240	"FUN_180050430"	180050430	CALLER
"FUN_18000c820"	18000c820	"FUN_180050430"	180050430	CALLER
"FUN_18000c820"	18000c820	"FUN_180050430"	180050430	CALLER
"FUN_18000c820"	18000c820	"FUN_180050430"	180050430	CALLER
"FUN_18000ce00"	18000ce00	"FUN_180050430"	180050430	CALLER
"FUN_18000ce00"	18000ce00	"FUN_180050430"	180050430	CALLER
"FUN_18000ce00"	18000ce00	"FUN_180050430"	180050430	CALLER
"FUN_18000d3e0"	18000d3e0	"FUN_180050430"	180050430	CALLER
"FUN_18000d3e0"	18000d3e0	"FUN_180050430"	180050430	CALLER
"FUN_18000d3e0"	18000d3e0	"FUN_180050430"	180050430	CALLER
"FUN_18000d9c0"	18000d9c0	"FUN_180050430"	180050430	CALLER
"FUN_18000d9c0"	18000d9c0	"FUN_180050430"	180050430	CALLER
"FUN_18000d9c0"	18000d9c0	"FUN_180050430"	180050430	CALLER
"FUN_18000df00"	18000df00	"FUN_180050430"	180050430	CALLER
"FUN_18000df00"	18000df00	"FUN_180050430"	180050430	CALLER
"FUN_18000df00"	18000df00	"FUN_180050430"	180050430	CALLER
"FUN_18000e440"	18000e440	"FUN_180050430"	180050430	CALLER
"FUN_18000e440"	18000e440	"FUN_180050430"	180050430	CALLER
"FUN_18000e440"	18000e440	"FUN_180050430"	180050430	CALLER
"FUN_180059810"	180059810	"FUN_180050430"	180050430	CALLER
"FUN_18005eb70"	18005eb70	"FUN_180050430"	180050430	CALLER
"FUN_18001de80"	18001de80	"FUN_180050430"	180050430	CALLER
"FUN_180020300"	180020300	"FUN_180050430"	180050430	CALLER
"FUN_180020880"	180020880	"FUN_180050430"	180050430	CALLER
"FUN_180020880"	180020880	"FUN_180050430"	180050430	CALLER
"FUN_180020880"	180020880	"FUN_180050430"	180050430	CALLER
"FUN_180020880"	180020880	"FUN_180050430"	180050430	CALLER
"FUN_180020880"	180020880	"FUN_180050430"	180050430	CALLER
"FUN_180020880"	180020880	"FUN_180050430"	180050430	CALLER
"FUN_180023840"	180023840	"FUN_180050430"	180050430	CALLER
"FUN_180021650"	180021650	"FUN_180050430"	180050430	CALLER
"FUN_180021870"	180021870	"FUN_180050430"	180050430	CALLER
"FUN_180021870"	180021870	"FUN_180050430"	180050430	CALLER
"FUN_180021870"	180021870	"FUN_180050430"	180050430	CALLER
"FUN_180021870"	180021870	"FUN_180050430"	180050430	CALLER
"FUN_180021870"	180021870	"FUN_180050430"	180050430	CALLER
"FUN_180021870"	180021870	"FUN_180050430"	180050430	CALLER
"FUN_180021870"	180021870	"FUN_180050430"	180050430	CALLER
"FUN_180021870"	180021870	"FUN_180050430"	180050430	CALLER
"FUN_180021870"	180021870	"FUN_180050430"	180050430	CALLER
"FUN_180021870"	180021870	"FUN_180050430"	180050430	CALLER
"FUN_180021870"	180021870	"FUN_180050430"	180050430	CALLER
"FUN_180021870"	180021870	"FUN_180050430"	180050430	CALLER
"FUN_180022c50"	180022c50	"FUN_180050430"	180050430	CALLER
"FUN_180022c50"	180022c50	"FUN_180050430"	180050430	CALLER
"FUN_180022c50"	180022c50	"FUN_180050430"	180050430	CALLER
"FUN_1800238f0"	1800238f0	"FUN_180050430"	180050430	CALLER
"FUN_1800238f0"	1800238f0	"FUN_180050430"	180050430	CALLER
"FUN_1800238f0"	1800238f0	"FUN_180050430"	180050430	CALLER
"FUN_1800238f0"	1800238f0	"FUN_180050430"	180050430	CALLER
"FUN_1800238f0"	1800238f0	"FUN_180050430"	180050430	CALLER
"FUN_1800238f0"	1800238f0	"FUN_180050430"	180050430	CALLER
"FUN_180025b70"	180025b70	"FUN_180050430"	180050430	CALLER
"FUN_180025b70"	180025b70	"FUN_180050430"	180050430	CALLER
"FUN_180025b70"	180025b70	"FUN_180050430"	180050430	CALLER
"FUN_180025b70"	180025b70	"FUN_180050430"	180050430	CALLER
"FUN_180027980"	180027980	"FUN_180050430"	180050430	CALLER
"FUN_180027980"	180027980	"FUN_180050430"	180050430	CALLER
"FUN_180027980"	180027980	"FUN_180050430"	180050430	CALLER
"FUN_180027980"	180027980	"FUN_180050430"	180050430	CALLER
"FUN_180028870"	180028870	"FUN_180050430"	180050430	CALLER
"FUN_180028870"	180028870	"FUN_180050430"	180050430	CALLER
"FUN_180028e50"	180028e50	"FUN_180050430"	180050430	CALLER
"FUN_180028e50"	180028e50	"FUN_180050430"	180050430	CALLER
"FUN_180028e50"	180028e50	"FUN_180050430"	180050430	CALLER
"FUN_180028e50"	180028e50	"FUN_180050430"	180050430	CALLER
"FUN_180028e50"	180028e50	"FUN_180050430"	180050430	CALLER
"FUN_180029cc0"	180029cc0	"FUN_180050430"	180050430	CALLER
"FUN_180029cc0"	180029cc0	"FUN_180050430"	180050430	CALLER
"FUN_180029cc0"	180029cc0	"FUN_180050430"	180050430	CALLER
"FUN_180029cc0"	180029cc0	"FUN_180050430"	180050430	CALLER
"FUN_180029cc0"	180029cc0	"FUN_180050430"	180050430	CALLER
"FUN_18002dcc0"	18002dcc0	"FUN_180050430"	180050430	CALLER
"FUN_18004bec0"	18004bec0	"FUN_180050430"	180050430	CALLER
"FUN_18002a7f0"	18002a7f0	"FUN_180050430"	180050430	CALLER
"FUN_18002a7f0"	18002a7f0	"FUN_180050430"	180050430	CALLER
"FUN_18002a7f0"	18002a7f0	"FUN_180050430"	180050430	CALLER
"FUN_18002a7f0"	18002a7f0	"FUN_180050430"	180050430	CALLER
"FUN_18002a7f0"	18002a7f0	"FUN_180050430"	180050430	CALLER
"FUN_18002b430"	18002b430	"FUN_180050430"	180050430	CALLER
"FUN_18002b430"	18002b430	"FUN_180050430"	180050430	CALLER
"FUN_18002b430"	18002b430	"FUN_180050430"	180050430	CALLER
"FUN_18002b430"	18002b430	"FUN_180050430"	180050430	CALLER
"FUN_18002b430"	18002b430	"FUN_180050430"	180050430	CALLER
"FUN_18002c070"	18002c070	"FUN_180050430"	180050430	CALLER
"FUN_18002c070"	18002c070	"FUN_180050430"	180050430	CALLER
"FUN_18002c070"	18002c070	"FUN_180050430"	180050430	CALLER
"FUN_18002c070"	18002c070	"FUN_180050430"	180050430	CALLER
"FUN_18002c070"	18002c070	"FUN_180050430"	180050430	CALLER
"FUN_18002c070"	18002c070	"FUN_180050430"	180050430	CALLER
"FUN_18002dea0"	18002dea0	"FUN_180050430"	180050430	CALLER
"FUN_18002dea0"	18002dea0	"FUN_180050430"	180050430	CALLER
"FUN_18002dea0"	18002dea0	"FUN_180050430"	180050430	CALLER
"FUN_18002dea0"	18002dea0	"FUN_180050430"	180050430	CALLER
"FUN_180040090"	180040090	"FUN_180050430"	180050430	CALLER
"FUN_180040090"	180040090	"FUN_180050430"	180050430	CALLER
"FUN_18004be40"	18004be40	"FUN_180050430"	180050430	CALLER
"FUN_18004be40"	18004be40	"FUN_180050430"	180050430	CALLER
"FUN_18004bfe0"	18004bfe0	"FUN_180050430"	180050430	CALLER
"FUN_18004cd30"	18004cd30	"FUN_180050430"	180050430	CALLER
"FUN_18004ec30"	18004ec30	"FUN_180050430"	180050430	CALLER
"FUN_18004ed80"	18004ed80	"FUN_180050430"	180050430	CALLER
"FUN_18004edc0"	18004edc0	"FUN_180050430"	180050430	CALLER
"FUN_180055c20"	180055c20	"FUN_180050430"	180050430	CALLER
"FUN_180057b90"	180057b90	"FUN_180050430"	180050430	CALLER
"FUN_180057d70"	180057d70	"FUN_180050430"	180050430	CALLER
"FUN_180059490"	180059490	"FUN_180050430"	180050430	CALLER
"FUN_180059490"	180059490	"FUN_180050430"	180050430	CALLER
"FUN_1800596e0"	1800596e0	"FUN_180050430"	180050430	CALLER
"FUN_180059fd0"	180059fd0	"FUN_180050430"	180050430	CALLER
"FUN_180059fd0"	180059fd0	"FUN_180050430"	180050430	CALLER
"FUN_180059fd0"	180059fd0	"FUN_180050430"	180050430	CALLER
"FUN_180059fd0"	180059fd0	"FUN_180050430"	180050430	CALLER
"FUN_180059fd0"	180059fd0	"FUN_180050430"	180050430	CALLER
"FUN_180059fd0"	180059fd0	"FUN_180050430"	180050430	CALLER
"FUN_180059fd0"	180059fd0	"FUN_180050430"	180050430	CALLER
"FUN_180059fd0"	180059fd0	"FUN_180050430"	180050430	CALLER
"FUN_180059fd0"	180059fd0	"FUN_180050430"	180050430	CALLER
"FUN_180059fd0"	180059fd0	"FUN_180050430"	180050430	CALLER
"FUN_180059fd0"	180059fd0	"FUN_180050430"	180050430	CALLER
"FUN_180059fd0"	180059fd0	"FUN_180050430"	180050430	CALLER
"FUN_180059fd0"	180059fd0	"FUN_180050430"	180050430	CALLER
"FUN_180059fd0"	180059fd0	"FUN_180050430"	180050430	CALLER
"FUN_180059fd0"	180059fd0	"FUN_180050430"	180050430	CALLER
"FUN_180059fd0"	180059fd0	"FUN_180050430"	180050430	CALLER
"FUN_180059fd0"	180059fd0	"FUN_180050430"	180050430	CALLER
"FUN_180059fd0"	180059fd0	"FUN_180050430"	180050430	CALLER
"FUN_180059fd0"	180059fd0	"FUN_180050430"	180050430	CALLER
"FUN_180059fd0"	180059fd0	"FUN_180050430"	180050430	CALLER
"FUN_180059fd0"	180059fd0	"FUN_180050430"	180050430	CALLER
"FUN_180059fd0"	180059fd0	"FUN_180050430"	180050430	CALLER
"FUN_180059fd0"	180059fd0	"FUN_180050430"	180050430	CALLER
"FUN_180059fd0"	180059fd0	"FUN_180050430"	180050430	CALLER
"FUN_18005b2e0"	18005b2e0	"FUN_180050430"	180050430	CALLER
"FUN_18005b850"	18005b850	"FUN_180050430"	180050430	CALLER
"FUN_18005b850"	18005b850	"FUN_180050430"	180050430	CALLER
"FUN_18005d410"	18005d410	"FUN_180050430"	180050430	CALLER
"FUN_1800406b0"	1800406b0	"FUN_180050430"	180050430	CALLER
"FUN_1800406b0"	1800406b0	"FUN_180050430"	180050430	CALLER
"FUN_1800069f0"	1800069f0	"FUN_1800106a0"	1800106a0	CALLER
"FUN_1800f3b0c"	1800f3b0c	"_callnewh"	1800f4d50	CALL
"FUN_1800f3b0c"	1800f3b0c	"malloc"	1800f4d20	CALL
"FUN_1800f3b0c"	1800f3b0c	"FUN_1800f49cc"	1800f49cc	CALL
"FUN_1800f3b0c"	1800f3b0c	"FUN_180057d10"	180057d10	CALL
"FUN_1800083d0"	1800083d0	"FUN_1800f3b0c"	1800f3b0c	CALLER
"FUN_180001000"	180001000	"FUN_1800f3b0c"	1800f3b0c	CALLER
"FUN_180001000"	180001000	"FUN_1800f3b0c"	1800f3b0c	CALLER
"FUN_180001180"	180001180	"FUN_1800f3b0c"	1800f3b0c	CALLER
"FUN_180001180"	180001180	"FUN_1800f3b0c"	1800f3b0c	CALLER
"FUN_1800012d0"	1800012d0	"FUN_1800f3b0c"	1800f3b0c	CALLER
"FUN_1800012d0"	1800012d0	"FUN_1800f3b0c"	1800f3b0c	CALLER
"FUN_180001390"	180001390	"FUN_1800f3b0c"	1800f3b0c	CALLER
"FUN_180001390"	180001390	"FUN_1800f3b0c"	1800f3b0c	CALLER
"FUN_180001450"	180001450	"FUN_1800f3b0c"	1800f3b0c	CALLER
"FUN_180001450"	180001450	"FUN_1800f3b0c"	1800f3b0c	CALLER
"FUN_180056c20"	180056c20	"FUN_1800f3b0c"	1800f3b0c	CALLER
"FUN_180056c20"	180056c20	"FUN_1800f3b0c"	1800f3b0c	CALLER
"FUN_180056d90"	180056d90	"FUN_1800f3b0c"	1800f3b0c	CALLER
"FUN_180056d90"	180056d90	"FUN_1800f3b0c"	1800f3b0c	CALLER
"FUN_180056ec0"	180056ec0	"FUN_1800f3b0c"	1800f3b0c	CALLER
"FUN_180056ec0"	180056ec0	"FUN_1800f3b0c"	1800f3b0c	CALLER
"FUN_180057020"	180057020	"FUN_1800f3b0c"	1800f3b0c	CALLER
"FUN_180057020"	180057020	"FUN_1800f3b0c"	1800f3b0c	CALLER
"FUN_1800571b0"	1800571b0	"FUN_1800f3b0c"	1800f3b0c	CALLER
"FUN_1800571b0"	1800571b0	"FUN_1800f3b0c"	1800f3b0c	CALLER
"FUN_180057850"	180057850	"FUN_1800f3b0c"	1800f3b0c	CALLER
"FUN_180057850"	180057850	"FUN_1800f3b0c"	1800f3b0c	CALLER
"FUN_1800500b0"	1800500b0	"FUN_1800f3b0c"	1800f3b0c	CALLER
"FUN_1800500b0"	1800500b0	"FUN_1800f3b0c"	1800f3b0c	CALLER
"FUN_180050430"	180050430	"FUN_1800f3b0c"	1800f3b0c	CALLER
"FUN_180050430"	180050430	"FUN_1800f3b0c"	1800f3b0c	CALLER
"FUN_18000ee20"	18000ee20	"FUN_1800f3b0c"	1800f3b0c	CALLER
"FUN_18000ee20"	18000ee20	"FUN_1800f3b0c"	1800f3b0c	CALLER
"FUN_1800111b0"	1800111b0	"FUN_1800f3b0c"	1800f3b0c	CALLER
"FUN_180011b20"	180011b20	"FUN_1800f3b0c"	1800f3b0c	CALLER
"FUN_180011b20"	180011b20	"FUN_1800f3b0c"	1800f3b0c	CALLER
"FUN_180051dd0"	180051dd0	"FUN_1800f3b0c"	1800f3b0c	CALLER
"FUN_180051dd0"	180051dd0	"FUN_1800f3b0c"	1800f3b0c	CALLER
"FUN_1800520c0"	1800520c0	"FUN_1800f3b0c"	1800f3b0c	CALLER
"FUN_1800520c0"	1800520c0	"FUN_1800f3b0c"	1800f3b0c	CALLER
"FUN_1800539a0"	1800539a0	"FUN_1800f3b0c"	1800f3b0c	CALLER
"FUN_1800554d0"	1800554d0	"FUN_1800f3b0c"	1800f3b0c	CALLER
"FUN_1800554d0"	1800554d0	"FUN_1800f3b0c"	1800f3b0c	CALLER
"FUN_1800557b0"	1800557b0	"FUN_1800f3b0c"	1800f3b0c	CALLER
"FUN_1800557b0"	1800557b0	"FUN_1800f3b0c"	1800f3b0c	CALLER
"FUN_1800563e0"	1800563e0	"FUN_1800f3b0c"	1800f3b0c	CALLER
"FUN_1800563e0"	1800563e0	"FUN_1800f3b0c"	1800f3b0c	CALLER
"FUN_180013e90"	180013e90	"FUN_1800f3b0c"	1800f3b0c	CALLER
"FUN_180013e90"	180013e90	"FUN_1800f3b0c"	1800f3b0c	CALLER
"FUN_180054510"	180054510	"FUN_1800f3b0c"	1800f3b0c	CALLER
"FUN_180054510"	180054510	"FUN_1800f3b0c"	1800f3b0c	CALLER
"FUN_180064d80"	180064d80	"FUN_1800f3b0c"	1800f3b0c	CALLER
"FUN_18006ae00"	18006ae00	"FUN_1800f3b0c"	1800f3b0c	CALLER
"FUN_180055d90"	180055d90	"FUN_1800f3b0c"	1800f3b0c	CALLER
"FUN_18004d080"	18004d080	"FUN_1800f3b0c"	1800f3b0c	CALLER
"FUN_18004d080"	18004d080	"FUN_1800f3b0c"	1800f3b0c	CALLER
"FUN_180054870"	180054870	"FUN_1800f3b0c"	1800f3b0c	CALLER
"FUN_180054870"	180054870	"FUN_1800f3b0c"	1800f3b0c	CALLER
"FUN_1800125a0"	1800125a0	"FUN_1800f3b0c"	1800f3b0c	CALLER
"FUN_1800125a0"	1800125a0	"FUN_1800f3b0c"	1800f3b0c	CALLER
"FUN_180013c60"	180013c60	"FUN_1800f3b0c"	1800f3b0c	CALLER
"FUN_180013c60"	180013c60	"FUN_1800f3b0c"	1800f3b0c	CALLER
"FUN_180014520"	180014520	"FUN_1800f3b0c"	1800f3b0c	CALLER
"FUN_180014520"	180014520	"FUN_1800f3b0c"	1800f3b0c	CALLER
"FUN_180015190"	180015190	"FUN_1800f3b0c"	1800f3b0c	CALLER
"FUN_180015190"	180015190	"FUN_1800f3b0c"	1800f3b0c	CALLER
"FUN_1800174c0"	1800174c0	"FUN_1800f3b0c"	1800f3b0c	CALLER
"FUN_1800174c0"	1800174c0	"FUN_1800f3b0c"	1800f3b0c	CALLER
"FUN_180017a80"	180017a80	"FUN_1800f3b0c"	1800f3b0c	CALLER
"FUN_180017a80"	180017a80	"FUN_1800f3b0c"	1800f3b0c	CALLER
"FUN_180018030"	180018030	"FUN_1800f3b0c"	1800f3b0c	CALLER
"FUN_180019dc0"	180019dc0	"FUN_1800f3b0c"	1800f3b0c	CALLER
"FUN_180019dc0"	180019dc0	"FUN_1800f3b0c"	1800f3b0c	CALLER
"FUN_18001a3e0"	18001a3e0	"FUN_1800f3b0c"	1800f3b0c	CALLER
"FUN_18001b260"	18001b260	"FUN_1800f3b0c"	1800f3b0c	CALLER
"FUN_18001b520"	18001b520	"FUN_1800f3b0c"	1800f3b0c	CALLER
"FUN_18001c4e0"	18001c4e0	"FUN_1800f3b0c"	1800f3b0c	CALLER
"FUN_18001c4e0"	18001c4e0	"FUN_1800f3b0c"	1800f3b0c	CALLER
"FUN_18001c890"	18001c890	"FUN_1800f3b0c"	1800f3b0c	CALLER
"FUN_18001c890"	18001c890	"FUN_1800f3b0c"	1800f3b0c	CALLER
"FUN_18001fa20"	18001fa20	"FUN_1800f3b0c"	1800f3b0c	CALLER
"FUN_180045600"	180045600	"FUN_1800f3b0c"	1800f3b0c	CALLER
"FUN_18003d8d0"	18003d8d0	"FUN_1800f3b0c"	1800f3b0c	CALLER
"FUN_18003d8d0"	18003d8d0	"FUN_1800f3b0c"	1800f3b0c	CALLER
"FUN_180046dc0"	180046dc0	"FUN_1800f3b0c"	1800f3b0c	CALLER
"FUN_180046dc0"	180046dc0	"FUN_1800f3b0c"	1800f3b0c	CALLER
"FUN_180047ba0"	180047ba0	"FUN_1800f3b0c"	1800f3b0c	CALLER
"FUN_18004c290"	18004c290	"FUN_1800f3b0c"	1800f3b0c	CALLER
"FUN_18004c290"	18004c290	"FUN_1800f3b0c"	1800f3b0c	CALLER
"FUN_18004cef0"	18004cef0	"FUN_1800f3b0c"	1800f3b0c	CALLER
"FUN_18004d2b0"	18004d2b0	"FUN_1800f3b0c"	1800f3b0c	CALLER
"FUN_18004d2b0"	18004d2b0	"FUN_1800f3b0c"	1800f3b0c	CALLER
"FUN_18004e790"	18004e790	"FUN_1800f3b0c"	1800f3b0c	CALLER
"FUN_18004e790"	18004e790	"FUN_1800f3b0c"	1800f3b0c	CALLER
"FUN_1800505f0"	1800505f0	"FUN_1800f3b0c"	1800f3b0c	CALLER
"FUN_1800505f0"	1800505f0	"FUN_1800f3b0c"	1800f3b0c	CALLER
"FUN_180052ef0"	180052ef0	"FUN_1800f3b0c"	1800f3b0c	CALLER
"FUN_180052ef0"	180052ef0	"FUN_1800f3b0c"	1800f3b0c	CALLER
"FUN_1800553c0"	1800553c0	"FUN_1800f3b0c"	1800f3b0c	CALLER
"FUN_1800553c0"	1800553c0	"FUN_1800f3b0c"	1800f3b0c	CALLER
"FUN_180002f50"	180002f50	"FUN_1800f3b0c"	1800f3b0c	CALLER
"FUN_180002f50"	180002f50	"FUN_1800f3b0c"	1800f3b0c	CALLER
"FUN_18000f9e0"	18000f9e0	"FUN_1800f3b0c"	1800f3b0c	CALLER
"FUN_18000f9e0"	18000f9e0	"FUN_1800f3b0c"	1800f3b0c	CALLER
"FUN_1800050d0"	1800050d0	"FUN_1800f3b0c"	1800f3b0c	CALLER
"FUN_180005820"	180005820	"FUN_1800f3b0c"	1800f3b0c	CALLER
"FUN_180066ef0"	180066ef0	"FUN_1800f3b0c"	1800f3b0c	CALLER
"FUN_180005ad0"	180005ad0	"FUN_1800f3b0c"	1800f3b0c	CALLER
"FUN_180009030"	180009030	"FUN_1800f3b0c"	1800f3b0c	CALLER
"FUN_1800062e0"	1800062e0	"FUN_1800f3b0c"	1800f3b0c	CALLER
"FUN_1800062e0"	1800062e0	"FUN_1800f3b0c"	1800f3b0c	CALLER
"FUN_1800069f0"	1800069f0	"FUN_1800f3b0c"	1800f3b0c	CALLER
"FUN_1800069f0"	1800069f0	"FUN_1800f3b0c"	1800f3b0c	CALLER
"FUN_1800069f0"	1800069f0	"FUN_1800f3b0c"	1800f3b0c	CALLER
"FUN_1800069f0"	1800069f0	"FUN_1800f3b0c"	1800f3b0c	CALLER
"FUN_1800085d0"	1800085d0	"FUN_1800f3b0c"	1800f3b0c	CALLER
"FUN_180009340"	180009340	"FUN_1800f3b0c"	1800f3b0c	CALLER
"FUN_180009920"	180009920	"FUN_1800f3b0c"	1800f3b0c	CALLER
"FUN_180009f00"	180009f00	"FUN_1800f3b0c"	1800f3b0c	CALLER
"FUN_18000a4e0"	18000a4e0	"FUN_1800f3b0c"	1800f3b0c	CALLER
"FUN_18000aac0"	18000aac0	"FUN_1800f3b0c"	1800f3b0c	CALLER
"FUN_18000b0a0"	18000b0a0	"FUN_1800f3b0c"	1800f3b0c	CALLER
"FUN_18000b680"	18000b680	"FUN_1800f3b0c"	1800f3b0c	CALLER
"FUN_18000bc60"	18000bc60	"FUN_1800f3b0c"	1800f3b0c	CALLER
"FUN_18000c240"	18000c240	"FUN_1800f3b0c"	1800f3b0c	CALLER
"FUN_18000c820"	18000c820	"FUN_1800f3b0c"	1800f3b0c	CALLER
"FUN_18000ce00"	18000ce00	"FUN_1800f3b0c"	1800f3b0c	CALLER
"FUN_18000d3e0"	18000d3e0	"FUN_1800f3b0c"	1800f3b0c	CALLER
"FUN_18000d9c0"	18000d9c0	"FUN_1800f3b0c"	1800f3b0c	CALLER
"FUN_18000df00"	18000df00	"FUN_1800f3b0c"	1800f3b0c	CALLER
"FUN_18000e440"	18000e440	"FUN_1800f3b0c"	1800f3b0c	CALLER
"FUN_18000fd90"	18000fd90	"FUN_1800f3b0c"	1800f3b0c	CALLER
"FUN_180011790"	180011790	"FUN_1800f3b0c"	1800f3b0c	CALLER
"FUN_180011790"	180011790	"FUN_1800f3b0c"	1800f3b0c	CALLER
"FUN_180059ca0"	180059ca0	"FUN_1800f3b0c"	1800f3b0c	CALLER
"FUN_1800084c0"	1800084c0	"FUN_1800f3b0c"	1800f3b0c	CALLER
"FUN_18005df10"	18005df10	"FUN_1800f3b0c"	1800f3b0c	CALLER
"FUN_18005df10"	18005df10	"FUN_1800f3b0c"	1800f3b0c	CALLER
"FUN_18005df10"	18005df10	"FUN_1800f3b0c"	1800f3b0c	CALLER
"FUN_18005e8f0"	18005e8f0	"FUN_1800f3b0c"	1800f3b0c	CALLER
"FUN_18005eb70"	18005eb70	"FUN_1800f3b0c"	1800f3b0c	CALLER
"FUN_180016ef0"	180016ef0	"FUN_1800f3b0c"	1800f3b0c	CALLER
"FUN_18001ed20"	18001ed20	"FUN_1800f3b0c"	1800f3b0c	CALLER
"FUN_18001eef0"	18001eef0	"FUN_1800f3b0c"	1800f3b0c	CALLER
"FUN_18001f0d0"	18001f0d0	"FUN_1800f3b0c"	1800f3b0c	CALLER
"FUN_18001fcd0"	18001fcd0	"FUN_1800f3b0c"	1800f3b0c	CALLER
"FUN_18001f2c0"	18001f2c0	"FUN_1800f3b0c"	1800f3b0c	CALLER
"FUN_18001f490"	18001f490	"FUN_1800f3b0c"	1800f3b0c	CALLER
"FUN_18001f670"	18001f670	"FUN_1800f3b0c"	1800f3b0c	CALLER
"FUN_18001f840"	18001f840	"FUN_1800f3b0c"	1800f3b0c	CALLER
"FUN_18001fe40"	18001fe40	"FUN_1800f3b0c"	1800f3b0c	CALLER
"FUN_18001fe40"	18001fe40	"FUN_1800f3b0c"	1800f3b0c	CALLER
"FUN_1800538a0"	1800538a0	"FUN_1800f3b0c"	1800f3b0c	CALLER
"FUN_180054b50"	180054b50	"FUN_1800f3b0c"	1800f3b0c	CALLER
"FUN_180054b50"	180054b50	"FUN_1800f3b0c"	1800f3b0c	CALLER
"FUN_180058db0"	180058db0	"FUN_1800f3b0c"	1800f3b0c	CALLER
"FUN_180058db0"	180058db0	"FUN_1800f3b0c"	1800f3b0c	CALLER
"FUN_180058db0"	180058db0	"FUN_1800f3b0c"	1800f3b0c	CALLER
"FUN_180058db0"	180058db0	"FUN_1800f3b0c"	1800f3b0c	CALLER
"FUN_180058db0"	180058db0	"FUN_1800f3b0c"	1800f3b0c	CALLER
"FUN_180058db0"	180058db0	"FUN_1800f3b0c"	1800f3b0c	CALLER
"FUN_180058db0"	180058db0	"FUN_1800f3b0c"	1800f3b0c	CALLER
"FUN_180062100"	180062100	"FUN_1800f3b0c"	1800f3b0c	CALLER
"FUN_180062100"	180062100	"FUN_1800f3b0c"	1800f3b0c	CALLER
"FUN_180062410"	180062410	"FUN_1800f3b0c"	1800f3b0c	CALLER
"FUN_180062410"	180062410	"FUN_1800f3b0c"	1800f3b0c	CALLER
"FUN_180063e20"	180063e20	"FUN_1800f3b0c"	1800f3b0c	CALLER
"FUN_1800645d0"	1800645d0	"FUN_1800f3b0c"	1800f3b0c	CALLER
"FUN_1800645d0"	1800645d0	"FUN_1800f3b0c"	1800f3b0c	CALLER
"FUN_180060170"	180060170	"FUN_1800f3b0c"	1800f3b0c	CALLER
"FUN_180060170"	180060170	"FUN_1800f3b0c"	1800f3b0c	CALLER
"FUN_180059fd0"	180059fd0	"FUN_1800f3b0c"	1800f3b0c	CALLER
"FUN_18005c060"	18005c060	"FUN_1800f3b0c"	1800f3b0c	CALLER
"FUN_18005b2e0"	18005b2e0	"FUN_1800f3b0c"	1800f3b0c	CALLER
"FUN_18005c700"	18005c700	"FUN_1800f3b0c"	1800f3b0c	CALLER
"FUN_18005d410"	18005d410	"FUN_1800f3b0c"	1800f3b0c	CALLER
"FUN_180066ba0"	180066ba0	"FUN_1800f3b0c"	1800f3b0c	CALLER
"FUN_180066d40"	180066d40	"FUN_1800f3b0c"	1800f3b0c	CALLER
"FUN_1800655a0"	1800655a0	"FUN_1800f3b0c"	1800f3b0c	CALLER
"FUN_1800655a0"	1800655a0	"FUN_1800f3b0c"	1800f3b0c	CALLER
"FUN_1800670a0"	1800670a0	"FUN_1800f3b0c"	1800f3b0c	CALLER
"FUN_18006aab0"	18006aab0	"FUN_1800f3b0c"	1800f3b0c	CALLER
"FUN_18006ae90"	18006ae90	"FUN_1800f3b0c"	1800f3b0c	CALLER
"FUN_18006af20"	18006af20	"FUN_1800f3b0c"	1800f3b0c	CALLER
"FUN_18006a760"	18006a760	"FUN_1800f3b0c"	1800f3b0c	CALLER
"FUN_18006afb0"	18006afb0	"FUN_1800f3b0c"	1800f3b0c	CALLER
"FUN_18006ac50"	18006ac50	"FUN_1800f3b0c"	1800f3b0c	CALLER
"FUN_18006a910"	18006a910	"FUN_1800f3b0c"	1800f3b0c	CALLER
"FUN_18006b040"	18006b040	"FUN_1800f3b0c"	1800f3b0c	CALLER
"FUN_18006b0d0"	18006b0d0	"FUN_1800f3b0c"	1800f3b0c	CALLER
"FUN_1800799f0"	1800799f0	"FUN_1800f3b0c"	1800f3b0c	CALLER
"FUN_1800799f0"	1800799f0	"FUN_1800f3b0c"	1800f3b0c	CALLER
"FUN_180079280"	180079280	"FUN_1800f3b0c"	1800f3b0c	CALLER
"FUN_180079280"	180079280	"FUN_1800f3b0c"	1800f3b0c	CALLER
"FUN_1800794d0"	1800794d0	"FUN_1800f3b0c"	1800f3b0c	CALLER
"FUN_18006c070"	18006c070	"FUN_1800f3b0c"	1800f3b0c	CALLER
"FUN_18006c070"	18006c070	"FUN_1800f3b0c"	1800f3b0c	CALLER
"FUN_18006d860"	18006d860	"FUN_1800f3b0c"	1800f3b0c	CALLER
"FUN_18006d860"	18006d860	"FUN_1800f3b0c"	1800f3b0c	CALLER
"FUN_18006eaa0"	18006eaa0	"FUN_1800f3b0c"	1800f3b0c	CALLER
"FUN_18006ec50"	18006ec50	"FUN_1800f3b0c"	1800f3b0c	CALLER
"FUN_18006edf0"	18006edf0	"FUN_1800f3b0c"	1800f3b0c	CALLER
"FUN_18006ee80"	18006ee80	"FUN_1800f3b0c"	1800f3b0c	CALLER
"FUN_18006ef10"	18006ef10	"FUN_1800f3b0c"	1800f3b0c	CALLER
"FUN_18006efa0"	18006efa0	"FUN_1800f3b0c"	1800f3b0c	CALLER
"FUN_18006f030"	18006f030	"FUN_1800f3b0c"	1800f3b0c	CALLER
"FUN_18006f0c0"	18006f0c0	"FUN_1800f3b0c"	1800f3b0c	CALLER
"FUN_18006f150"	18006f150	"FUN_1800f3b0c"	1800f3b0c	CALLER
"FUN_18006f1e0"	18006f1e0	"FUN_1800f3b0c"	1800f3b0c	CALLER
"FUN_18006f270"	18006f270	"FUN_1800f3b0c"	1800f3b0c	CALLER
"FUN_18006f300"	18006f300	"FUN_1800f3b0c"	1800f3b0c	CALLER
"FUN_18006f390"	18006f390	"FUN_1800f3b0c"	1800f3b0c	CALLER
"FUN_18006f420"	18006f420	"FUN_1800f3b0c"	1800f3b0c	CALLER
"FUN_18006f4b0"	18006f4b0	"FUN_1800f3b0c"	1800f3b0c	CALLER
"FUN_18006f540"	18006f540	"FUN_1800f3b0c"	1800f3b0c	CALLER
"FUN_18006f5d0"	18006f5d0	"FUN_1800f3b0c"	1800f3b0c	CALLER
"FUN_18006f660"	18006f660	"FUN_1800f3b0c"	1800f3b0c	CALLER
"FUN_18006f6f0"	18006f6f0	"FUN_1800f3b0c"	1800f3b0c	CALLER
"FUN_18006f780"	18006f780	"FUN_1800f3b0c"	1800f3b0c	CALLER
"FUN_180071b30"	180071b30	"FUN_1800f3b0c"	1800f3b0c	CALLER
"FUN_180072420"	180072420	"FUN_1800f3b0c"	1800f3b0c	CALLER
"FUN_1800728d0"	1800728d0	"FUN_1800f3b0c"	1800f3b0c	CALLER
"FUN_180073d90"	180073d90	"FUN_1800f3b0c"	1800f3b0c	CALLER
"FUN_180075ad0"	180075ad0	"FUN_1800f3b0c"	1800f3b0c	CALLER
"FUN_180074300"	180074300	"FUN_1800f3b0c"	1800f3b0c	CALLER
"FUN_180074300"	180074300	"FUN_1800f3b0c"	1800f3b0c	CALLER
"FUN_180074680"	180074680	"FUN_1800f3b0c"	1800f3b0c	CALLER
"FUN_180074680"	180074680	"FUN_1800f3b0c"	1800f3b0c	CALLER
"FUN_180074800"	180074800	"FUN_1800f3b0c"	1800f3b0c	CALLER
"FUN_180074800"	180074800	"FUN_1800f3b0c"	1800f3b0c	CALLER
"FUN_180074980"	180074980	"FUN_1800f3b0c"	1800f3b0c	CALLER
"FUN_180074980"	180074980	"FUN_1800f3b0c"	1800f3b0c	CALLER
"FUN_180074c20"	180074c20	"FUN_1800f3b0c"	1800f3b0c	CALLER
"FUN_180074c20"	180074c20	"FUN_1800f3b0c"	1800f3b0c	CALLER
"FUN_180074da0"	180074da0	"FUN_1800f3b0c"	1800f3b0c	CALLER
"FUN_180074da0"	180074da0	"FUN_1800f3b0c"	1800f3b0c	CALLER
"FUN_180074f20"	180074f20	"FUN_1800f3b0c"	1800f3b0c	CALLER
"FUN_180074f20"	180074f20	"FUN_1800f3b0c"	1800f3b0c	CALLER
"FUN_180075e20"	180075e20	"FUN_1800f3b0c"	1800f3b0c	CALLER
"FUN_180075e20"	180075e20	"FUN_1800f3b0c"	1800f3b0c	CALLER
"FUN_180076020"	180076020	"FUN_1800f3b0c"	1800f3b0c	CALLER
"FUN_180076020"	180076020	"FUN_1800f3b0c"	1800f3b0c	CALLER
"FUN_180076970"	180076970	"FUN_1800f3b0c"	1800f3b0c	CALLER
"FUN_180076230"	180076230	"FUN_1800f3b0c"	1800f3b0c	CALLER
"FUN_180076230"	180076230	"FUN_1800f3b0c"	1800f3b0c	CALLER
"FUN_180076430"	180076430	"FUN_1800f3b0c"	1800f3b0c	CALLER
"FUN_180076430"	180076430	"FUN_1800f3b0c"	1800f3b0c	CALLER
"FUN_180078d00"	180078d00	"FUN_1800f3b0c"	1800f3b0c	CALLER
"FUN_180078eb0"	180078eb0	"FUN_1800f3b0c"	1800f3b0c	CALLER
"FUN_180078c70"	180078c70	"FUN_1800f3b0c"	1800f3b0c	CALLER
"FUN_1800774c0"	1800774c0	"FUN_1800f3b0c"	1800f3b0c	CALLER
"FUN_1800774c0"	1800774c0	"FUN_1800f3b0c"	1800f3b0c	CALLER
"FUN_180078930"	180078930	"FUN_1800f3b0c"	1800f3b0c	CALLER
"FUN_180078ad0"	180078ad0	"FUN_1800f3b0c"	1800f3b0c	CALLER
"FUN_180078e20"	180078e20	"FUN_1800f3b0c"	1800f3b0c	CALLER
"FUN_180078d90"	180078d90	"FUN_1800f3b0c"	1800f3b0c	CALLER
"FUN_1800784a0"	1800784a0	"FUN_1800f3b0c"	1800f3b0c	CALLER
"FUN_180078fa0"	180078fa0	"FUN_1800f3b0c"	1800f3b0c	CALLER
"FUN_180079100"	180079100	"FUN_1800f3b0c"	1800f3b0c	CALLER
"FUN_180079be0"	180079be0	"FUN_1800f3b0c"	1800f3b0c	CALLER
"FUN_180079be0"	180079be0	"FUN_1800f3b0c"	1800f3b0c	CALLER
"FUN_180079be0"	180079be0	"FUN_1800f3b0c"	1800f3b0c	CALLER
"FUN_180079be0"	180079be0	"FUN_1800f3b0c"	1800f3b0c	CALLER
"FUN_180079ee0"	180079ee0	"FUN_1800f3b0c"	1800f3b0c	CALLER
"FUN_180079ee0"	180079ee0	"FUN_1800f3b0c"	1800f3b0c	CALLER
"FUN_180079ee0"	180079ee0	"FUN_1800f3b0c"	1800f3b0c	CALLER
"FUN_180079ee0"	180079ee0	"FUN_1800f3b0c"	1800f3b0c	CALLER
"FUN_18007b480"	18007b480	"FUN_1800f3b0c"	1800f3b0c	CALLER
"FUN_18007b630"	18007b630	"FUN_1800f3b0c"	1800f3b0c	CALLER
"FUN_18007b7e0"	18007b7e0	"FUN_1800f3b0c"	1800f3b0c	CALLER
"FUN_18007b980"	18007b980	"FUN_1800f3b0c"	1800f3b0c	CALLER
"FUN_18007c780"	18007c780	"FUN_1800f3b0c"	1800f3b0c	CALLER
"FUN_18007e3b0"	18007e3b0	"FUN_1800f3b0c"	1800f3b0c	CALLER
"FUN_18007e550"	18007e550	"FUN_1800f3b0c"	1800f3b0c	CALLER
"FUN_18007e700"	18007e700	"FUN_1800f3b0c"	1800f3b0c	CALLER
"FUN_18007ef20"	18007ef20	"FUN_1800f3b0c"	1800f3b0c	CALLER
"FUN_18007ef20"	18007ef20	"FUN_1800f3b0c"	1800f3b0c	CALLER
"FUN_180080c20"	180080c20	"FUN_1800f3b0c"	1800f3b0c	CALLER
"FUN_180083880"	180083880	"FUN_1800f3b0c"	1800f3b0c	CALLER
"FUN_180083a20"	180083a20	"FUN_1800f3b0c"	1800f3b0c	CALLER
"FUN_180084370"	180084370	"FUN_1800f3b0c"	1800f3b0c	CALLER
"FUN_180084510"	180084510	"FUN_1800f3b0c"	1800f3b0c	CALLER
"FUN_1800846b0"	1800846b0	"FUN_1800f3b0c"	1800f3b0c	CALLER
"FUN_180085140"	180085140	"FUN_1800f3b0c"	1800f3b0c	CALLER
"FUN_180085140"	180085140	"FUN_1800f3b0c"	1800f3b0c	CALLER
"FUN_180085650"	180085650	"FUN_1800f3b0c"	1800f3b0c	CALLER
"FUN_180086dc0"	180086dc0	"FUN_1800f3b0c"	1800f3b0c	CALLER
"FUN_180086dc0"	180086dc0	"FUN_1800f3b0c"	1800f3b0c	CALLER
"FUN_1800872f0"	1800872f0	"FUN_1800f3b0c"	1800f3b0c	CALLER
"FUN_180087490"	180087490	"FUN_1800f3b0c"	1800f3b0c	CALLER
"FUN_180087630"	180087630	"FUN_1800f3b0c"	1800f3b0c	CALLER
"FUN_1800877e0"	1800877e0	"FUN_1800f3b0c"	1800f3b0c	CALLER
"FUN_180087980"	180087980	"FUN_1800f3b0c"	1800f3b0c	CALLER
"FUN_180087b20"	180087b20	"FUN_1800f3b0c"	1800f3b0c	CALLER
"FUN_180087cc0"	180087cc0	"FUN_1800f3b0c"	1800f3b0c	CALLER
"FUN_180087e60"	180087e60	"FUN_1800f3b0c"	1800f3b0c	CALLER
"FUN_18008abb0"	18008abb0	"FUN_1800f3b0c"	1800f3b0c	CALLER
"FUN_18008b010"	18008b010	"FUN_1800f3b0c"	1800f3b0c	CALLER
"FUN_180089820"	180089820	"FUN_1800f3b0c"	1800f3b0c	CALLER
"FUN_180089820"	180089820	"FUN_1800f3b0c"	1800f3b0c	CALLER
"FUN_1800899a0"	1800899a0	"FUN_1800f3b0c"	1800f3b0c	CALLER
"FUN_1800899a0"	1800899a0	"FUN_1800f3b0c"	1800f3b0c	CALLER
"FUN_18008af80"	18008af80	"FUN_1800f3b0c"	1800f3b0c	CALLER
"FUN_180089d80"	180089d80	"FUN_1800f3b0c"	1800f3b0c	CALLER
"FUN_180089d80"	180089d80	"FUN_1800f3b0c"	1800f3b0c	CALLER
"FUN_18008ad50"	18008ad50	"FUN_1800f3b0c"	1800f3b0c	CALLER
"FUN_18008aef0"	18008aef0	"FUN_1800f3b0c"	1800f3b0c	CALLER
"FUN_18008b2e0"	18008b2e0	"FUN_1800f3b0c"	1800f3b0c	CALLER
"FUN_18008b2e0"	18008b2e0	"FUN_1800f3b0c"	1800f3b0c	CALLER
"FUN_18008b9a0"	18008b9a0	"FUN_1800f3b0c"	1800f3b0c	CALLER
"FUN_18008d100"	18008d100	"FUN_1800f3b0c"	1800f3b0c	CALLER
"FUN_18008d480"	18008d480	"FUN_1800f3b0c"	1800f3b0c	CALLER
"FUN_18008d8f0"	18008d8f0	"FUN_1800f3b0c"	1800f3b0c	CALLER
"FUN_18008dd30"	18008dd30	"FUN_1800f3b0c"	1800f3b0c	CALLER
"FUN_18008e230"	18008e230	"FUN_1800f3b0c"	1800f3b0c	CALLER
"FUN_18008efe0"	18008efe0	"FUN_1800f3b0c"	1800f3b0c	CALLER
"FUN_18008f070"	18008f070	"FUN_1800f3b0c"	1800f3b0c	CALLER
"FUN_18008ef50"	18008ef50	"FUN_1800f3b0c"	1800f3b0c	CALLER
"FUN_18008fd60"	18008fd60	"FUN_1800f3b0c"	1800f3b0c	CALLER
"FUN_18008fdf0"	18008fdf0	"FUN_1800f3b0c"	1800f3b0c	CALLER
"FUN_18008fbc0"	18008fbc0	"FUN_1800f3b0c"	1800f3b0c	CALLER
"FUN_1800900f0"	1800900f0	"FUN_1800f3b0c"	1800f3b0c	CALLER
"FUN_1800900f0"	1800900f0	"FUN_1800f3b0c"	1800f3b0c	CALLER
"FUN_180090230"	180090230	"FUN_1800f3b0c"	1800f3b0c	CALLER
"FUN_180090230"	180090230	"FUN_1800f3b0c"	1800f3b0c	CALLER
"FUN_180090370"	180090370	"FUN_1800f3b0c"	1800f3b0c	CALLER
"FUN_180090370"	180090370	"FUN_1800f3b0c"	1800f3b0c	CALLER
"FUN_180090530"	180090530	"FUN_1800f3b0c"	1800f3b0c	CALLER
"FUN_180090530"	180090530	"FUN_1800f3b0c"	1800f3b0c	CALLER
"FUN_180090670"	180090670	"FUN_1800f3b0c"	1800f3b0c	CALLER
"FUN_180090670"	180090670	"FUN_1800f3b0c"	1800f3b0c	CALLER
"FUN_1800907b0"	1800907b0	"FUN_1800f3b0c"	1800f3b0c	CALLER
"FUN_1800907b0"	1800907b0	"FUN_1800f3b0c"	1800f3b0c	CALLER
"FUN_1800908f0"	1800908f0	"FUN_1800f3b0c"	1800f3b0c	CALLER
"FUN_1800908f0"	1800908f0	"FUN_1800f3b0c"	1800f3b0c	CALLER
"FUN_180090a30"	180090a30	"FUN_1800f3b0c"	1800f3b0c	CALLER
"FUN_180090a30"	180090a30	"FUN_1800f3b0c"	1800f3b0c	CALLER
"FUN_180090bb0"	180090bb0	"FUN_1800f3b0c"	1800f3b0c	CALLER
"FUN_180090bb0"	180090bb0	"FUN_1800f3b0c"	1800f3b0c	CALLER
"FUN_180091a90"	180091a90	"FUN_1800f3b0c"	1800f3b0c	CALLER
"FUN_180091a90"	180091a90	"FUN_1800f3b0c"	1800f3b0c	CALLER
"FUN_180091c10"	180091c10	"FUN_1800f3b0c"	1800f3b0c	CALLER
"FUN_180091c10"	180091c10	"FUN_1800f3b0c"	1800f3b0c	CALLER
"FUN_180094870"	180094870	"FUN_1800f3b0c"	1800f3b0c	CALLER
"FUN_180094870"	180094870	"FUN_1800f3b0c"	1800f3b0c	CALLER
"FUN_180094a50"	180094a50	"FUN_1800f3b0c"	1800f3b0c	CALLER
"FUN_180094a50"	180094a50	"FUN_1800f3b0c"	1800f3b0c	CALLER
"FUN_180094c10"	180094c10	"FUN_1800f3b0c"	1800f3b0c	CALLER
"FUN_180094c10"	180094c10	"FUN_1800f3b0c"	1800f3b0c	CALLER
"FUN_180094d50"	180094d50	"FUN_1800f3b0c"	1800f3b0c	CALLER
"FUN_180094d50"	180094d50	"FUN_1800f3b0c"	1800f3b0c	CALLER
"FUN_180094f60"	180094f60	"FUN_1800f3b0c"	1800f3b0c	CALLER
"FUN_180094f60"	180094f60	"FUN_1800f3b0c"	1800f3b0c	CALLER
"FUN_1800950e0"	1800950e0	"FUN_1800f3b0c"	1800f3b0c	CALLER
"FUN_1800950e0"	1800950e0	"FUN_1800f3b0c"	1800f3b0c	CALLER
"FUN_1800964e0"	1800964e0	"FUN_1800f3b0c"	1800f3b0c	CALLER
"FUN_1800964e0"	1800964e0	"FUN_1800f3b0c"	1800f3b0c	CALLER
"FUN_180096870"	180096870	"FUN_1800f3b0c"	1800f3b0c	CALLER
"FUN_180096870"	180096870	"FUN_1800f3b0c"	1800f3b0c	CALLER
"FUN_180097850"	180097850	"FUN_1800f3b0c"	1800f3b0c	CALLER
"FUN_180097a00"	180097a00	"FUN_1800f3b0c"	1800f3b0c	CALLER
"FUN_180097a90"	180097a90	"FUN_1800f3b0c"	1800f3b0c	CALLER
"FUN_180099080"	180099080	"FUN_1800f3b0c"	1800f3b0c	CALLER
"FUN_180099080"	180099080	"FUN_1800f3b0c"	1800f3b0c	CALLER
"FUN_180099270"	180099270	"FUN_1800f3b0c"	1800f3b0c	CALLER
"FUN_180099270"	180099270	"FUN_1800f3b0c"	1800f3b0c	CALLER
"FUN_180099560"	180099560	"FUN_1800f3b0c"	1800f3b0c	CALLER
"FUN_180099560"	180099560	"FUN_1800f3b0c"	1800f3b0c	CALLER
"FUN_18009a700"	18009a700	"FUN_1800f3b0c"	1800f3b0c	CALLER
"FUN_1800997e0"	1800997e0	"FUN_1800f3b0c"	1800f3b0c	CALLER
"FUN_1800997e0"	1800997e0	"FUN_1800f3b0c"	1800f3b0c	CALLER
"FUN_180099a60"	180099a60	"FUN_1800f3b0c"	1800f3b0c	CALLER
"FUN_180099a60"	180099a60	"FUN_1800f3b0c"	1800f3b0c	CALLER
"FUN_18009b600"	18009b600	"FUN_1800f3b0c"	1800f3b0c	CALLER
"FUN_18009b600"	18009b600	"FUN_1800f3b0c"	1800f3b0c	CALLER
"FUN_18009c540"	18009c540	"FUN_1800f3b0c"	1800f3b0c	CALLER
"FUN_18009c7c0"	18009c7c0	"FUN_1800f3b0c"	1800f3b0c	CALLER
"FUN_18009ccc0"	18009ccc0	"FUN_1800f3b0c"	1800f3b0c	CALLER
"FUN_18009f170"	18009f170	"FUN_1800f3b0c"	1800f3b0c	CALLER
"FUN_18009f310"	18009f310	"FUN_1800f3b0c"	1800f3b0c	CALLER
"FUN_18009efd0"	18009efd0	"FUN_1800f3b0c"	1800f3b0c	CALLER
"FUN_18009f9e0"	18009f9e0	"FUN_1800f3b0c"	1800f3b0c	CALLER
"FUN_18009fb80"	18009fb80	"FUN_1800f3b0c"	1800f3b0c	CALLER
"FUN_1800a07f0"	1800a07f0	"FUN_1800f3b0c"	1800f3b0c	CALLER
"FUN_1800a0ce0"	1800a0ce0	"FUN_1800f3b0c"	1800f3b0c	CALLER
"FUN_1800a1070"	1800a1070	"FUN_1800f3b0c"	1800f3b0c	CALLER
"FUN_1800a1420"	1800a1420	"FUN_1800f3b0c"	1800f3b0c	CALLER
"FUN_1800a15c0"	1800a15c0	"FUN_1800f3b0c"	1800f3b0c	CALLER
"FUN_1800a2e30"	1800a2e30	"FUN_1800f3b0c"	1800f3b0c	CALLER
"FUN_1800a25d0"	1800a25d0	"FUN_1800f3b0c"	1800f3b0c	CALLER
"FUN_1800a25d0"	1800a25d0	"FUN_1800f3b0c"	1800f3b0c	CALLER
"FUN_1800a2750"	1800a2750	"FUN_1800f3b0c"	1800f3b0c	CALLER
"FUN_1800a2750"	1800a2750	"FUN_1800f3b0c"	1800f3b0c	CALLER
"FUN_1800a2ff0"	1800a2ff0	"FUN_1800f3b0c"	1800f3b0c	CALLER
"FUN_1800a2ff0"	1800a2ff0	"FUN_1800f3b0c"	1800f3b0c	CALLER
"FUN_1800a3b30"	1800a3b30	"FUN_1800f3b0c"	1800f3b0c	CALLER
"FUN_1800a4090"	1800a4090	"FUN_1800f3b0c"	1800f3b0c	CALLER
"FUN_1800a4090"	1800a4090	"FUN_1800f3b0c"	1800f3b0c	CALLER
"FUN_1800a41f0"	1800a41f0	"FUN_1800f3b0c"	1800f3b0c	CALLER
"FUN_1800a41f0"	1800a41f0	"FUN_1800f3b0c"	1800f3b0c	CALLER
"FUN_1800a4400"	1800a4400	"FUN_1800f3b0c"	1800f3b0c	CALLER
"FUN_1800a4400"	1800a4400	"FUN_1800f3b0c"	1800f3b0c	CALLER
"FUN_1800a4560"	1800a4560	"FUN_1800f3b0c"	1800f3b0c	CALLER
"FUN_1800a4560"	1800a4560	"FUN_1800f3b0c"	1800f3b0c	CALLER
"FUN_1800a4690"	1800a4690	"FUN_1800f3b0c"	1800f3b0c	CALLER
"FUN_1800a4690"	1800a4690	"FUN_1800f3b0c"	1800f3b0c	CALLER
"FUN_1800a56e0"	1800a56e0	"FUN_1800f3b0c"	1800f3b0c	CALLER
"FUN_1800a59b0"	1800a59b0	"FUN_1800f3b0c"	1800f3b0c	CALLER
"FUN_1800a59b0"	1800a59b0	"FUN_1800f3b0c"	1800f3b0c	CALLER
"FUN_1800a5af0"	1800a5af0	"FUN_1800f3b0c"	1800f3b0c	CALLER
"FUN_1800a5af0"	1800a5af0	"FUN_1800f3b0c"	1800f3b0c	CALLER
"FUN_1800a5c30"	1800a5c30	"FUN_1800f3b0c"	1800f3b0c	CALLER
"FUN_1800a5c30"	1800a5c30	"FUN_1800f3b0c"	1800f3b0c	CALLER
"FUN_1800a5d70"	1800a5d70	"FUN_1800f3b0c"	1800f3b0c	CALLER
"FUN_1800a5d70"	1800a5d70	"FUN_1800f3b0c"	1800f3b0c	CALLER
"FUN_1800a5ff0"	1800a5ff0	"FUN_1800f3b0c"	1800f3b0c	CALLER
"FUN_1800a5ff0"	1800a5ff0	"FUN_1800f3b0c"	1800f3b0c	CALLER
"FUN_1800a6360"	1800a6360	"FUN_1800f3b0c"	1800f3b0c	CALLER
"FUN_1800a6360"	1800a6360	"FUN_1800f3b0c"	1800f3b0c	CALLER
"FUN_1800a72b0"	1800a72b0	"FUN_1800f3b0c"	1800f3b0c	CALLER
"FUN_1800a6570"	1800a6570	"FUN_1800f3b0c"	1800f3b0c	CALLER
"FUN_1800a6570"	1800a6570	"FUN_1800f3b0c"	1800f3b0c	CALLER
"FUN_1800a6970"	1800a6970	"FUN_1800f3b0c"	1800f3b0c	CALLER
"FUN_1800a6970"	1800a6970	"FUN_1800f3b0c"	1800f3b0c	CALLER
"FUN_1800a6af0"	1800a6af0	"FUN_1800f3b0c"	1800f3b0c	CALLER
"FUN_1800a6af0"	1800a6af0	"FUN_1800f3b0c"	1800f3b0c	CALLER
"FUN_1800a6d70"	1800a6d70	"FUN_1800f3b0c"	1800f3b0c	CALLER
"FUN_1800a6d70"	1800a6d70	"FUN_1800f3b0c"	1800f3b0c	CALLER
"FUN_1800a7da0"	1800a7da0	"FUN_1800f3b0c"	1800f3b0c	CALLER
"FUN_1800a7fd0"	1800a7fd0	"FUN_1800f3b0c"	1800f3b0c	CALLER
"FUN_1800a7fd0"	1800a7fd0	"FUN_1800f3b0c"	1800f3b0c	CALLER
"FUN_1800a8100"	1800a8100	"FUN_1800f3b0c"	1800f3b0c	CALLER
"FUN_1800a8100"	1800a8100	"FUN_1800f3b0c"	1800f3b0c	CALLER
"FUN_1800a8230"	1800a8230	"FUN_1800f3b0c"	1800f3b0c	CALLER
"FUN_1800a8230"	1800a8230	"FUN_1800f3b0c"	1800f3b0c	CALLER
"FUN_1800a91b0"	1800a91b0	"FUN_1800f3b0c"	1800f3b0c	CALLER
"FUN_1800a91b0"	1800a91b0	"FUN_1800f3b0c"	1800f3b0c	CALLER
"FUN_1800a94f0"	1800a94f0	"FUN_1800f3b0c"	1800f3b0c	CALLER
"FUN_1800a94f0"	1800a94f0	"FUN_1800f3b0c"	1800f3b0c	CALLER
"FUN_1800aaf00"	1800aaf00	"FUN_1800f3b0c"	1800f3b0c	CALLER
"FUN_1800ab5a0"	1800ab5a0	"FUN_1800f3b0c"	1800f3b0c	CALLER
"FUN_1800ab5a0"	1800ab5a0	"FUN_1800f3b0c"	1800f3b0c	CALLER
"FUN_1800abcb0"	1800abcb0	"FUN_1800f3b0c"	1800f3b0c	CALLER
"FUN_1800ac1e0"	1800ac1e0	"FUN_1800f3b0c"	1800f3b0c	CALLER
"FUN_1800ac1e0"	1800ac1e0	"FUN_1800f3b0c"	1800f3b0c	CALLER
"FUN_1800ac6d0"	1800ac6d0	"FUN_1800f3b0c"	1800f3b0c	CALLER
"FUN_1800ac6d0"	1800ac6d0	"FUN_1800f3b0c"	1800f3b0c	CALLER
"FUN_1800ac8e0"	1800ac8e0	"FUN_1800f3b0c"	1800f3b0c	CALLER
"FUN_1800ac8e0"	1800ac8e0	"FUN_1800f3b0c"	1800f3b0c	CALLER
"FUN_1800acc10"	1800acc10	"FUN_1800f3b0c"	1800f3b0c	CALLER
"FUN_1800acc10"	1800acc10	"FUN_1800f3b0c"	1800f3b0c	CALLER
"FUN_1800acd90"	1800acd90	"FUN_1800f3b0c"	1800f3b0c	CALLER
"FUN_1800acd90"	1800acd90	"FUN_1800f3b0c"	1800f3b0c	CALLER
"FUN_1800ad0b0"	1800ad0b0	"FUN_1800f3b0c"	1800f3b0c	CALLER
"FUN_1800ad0b0"	1800ad0b0	"FUN_1800f3b0c"	1800f3b0c	CALLER
"FUN_1800ad460"	1800ad460	"FUN_1800f3b0c"	1800f3b0c	CALLER
"FUN_1800ad460"	1800ad460	"FUN_1800f3b0c"	1800f3b0c	CALLER
"FUN_1800ae050"	1800ae050	"FUN_1800f3b0c"	1800f3b0c	CALLER
"FUN_1800ae400"	1800ae400	"FUN_1800f3b0c"	1800f3b0c	CALLER
"FUN_180063e20"	180063e20	"FUN_1800f3b0c"	1800f3b0c	CALLER
"FUN_180017de0"	180017de0	"FUN_1800f3b0c"	1800f3b0c	CALLER
"FUN_180017de0"	180017de0	"FUN_1800f3b0c"	1800f3b0c	CALLER
"FUN_18000f5b0"	18000f5b0	"FUN_1800f3b0c"	1800f3b0c	CALLER
"FUN_18000f5b0"	18000f5b0	"FUN_1800f3b0c"	1800f3b0c	CALLER
"FUN_18000f5b0"	18000f5b0	"FUN_1800f3b0c"	1800f3b0c	CALLER
"FUN_18000f5b0"	18000f5b0	"FUN_1800f3b0c"	1800f3b0c	CALLER
"FUN_18000f5b0"	18000f5b0	"FUN_1800f3b0c"	1800f3b0c	CALLER
"FUN_18000f5b0"	18000f5b0	"FUN_1800f3b0c"	1800f3b0c	CALLER
"FUN_18001c9f0"	18001c9f0	"FUN_1800f3b0c"	1800f3b0c	CALLER
"FUN_18001c9f0"	18001c9f0	"FUN_1800f3b0c"	1800f3b0c	CALLER
"FUN_1800539a0"	1800539a0	"FUN_18000ffc0"	18000ffc0	CALL
"FUN_1800539a0"	1800539a0	"FUN_1800f3b0c"	1800f3b0c	CALL
"FUN_1800539a0"	1800539a0	"FUN_1800563e0"	1800563e0	CALL
"FUN_1800539a0"	1800539a0	"FUN_180056b70"	180056b70	CALL
"FUN_1800539a0"	1800539a0	"memcmp"	1800f4cf6	CALL
"FUN_1800022d0"	1800022d0	"FUN_1800539a0"	1800539a0	CALLER
"FUN_180002f50"	180002f50	"FUN_1800539a0"	1800539a0	CALLER
"FUN_180002f50"	180002f50	"FUN_1800539a0"	1800539a0	CALLER
"FUN_1800062e0"	1800062e0	"FUN_1800539a0"	1800539a0	CALLER
"FUN_1800062e0"	1800062e0	"FUN_1800539a0"	1800539a0	CALLER
"FUN_1800069f0"	1800069f0	"FUN_1800539a0"	1800539a0	CALLER
"FUN_1800069f0"	1800069f0	"FUN_1800539a0"	1800539a0	CALLER
"FUN_1800069f0"	1800069f0	"FUN_1800539a0"	1800539a0	CALLER
"FUN_1800069f0"	1800069f0	"FUN_1800539a0"	1800539a0	CALLER
"FUN_180053940"	180053940	"free"	1800f3ad0	CALL
"FUN_1800069f0"	1800069f0	"FUN_180053940"	180053940	CALLER
"FUN_1800069f0"	1800069f0	"FUN_180053940"	180053940	CALLER
"FUN_1800069f0"	1800069f0	"FUN_180053940"	180053940	CALLER
"FUN_1800069f0"	1800069f0	"FUN_180053940"	180053940	CALLER
"FUN_180002f50"	180002f50	"FUN_180053940"	180053940	CALLER
"FUN_180002f50"	180002f50	"FUN_180053940"	180053940	CALLER
"FUN_1800062e0"	1800062e0	"FUN_180053940"	180053940	CALLER
"FUN_1800062e0"	1800062e0	"FUN_180053940"	180053940	CALLER
"FUN_180010600"	180010600	"free"	1800f3ad0	CALL
"FUN_1800069f0"	1800069f0	"FUN_180010600"	180010600	CALLER
"FUN_1800069f0"	1800069f0	"FUN_1800105c0"	1800105c0	CALLER
"FUN_180010520"	180010520	"free"	1800f3ad0	CALL
"FUN_1800069f0"	1800069f0	"FUN_180010520"	180010520	CALLER
"FUN_1800069f0"	1800069f0	"FUN_180010510"	180010510	CALLER
"FUN_180010100"	180010100	"free"	1800f3ad0	CALL
"FUN_180005ad0"	180005ad0	"FUN_180010100"	180010100	CALLER
"FUN_180005ad0"	180005ad0	"FUN_180010100"	180010100	CALLER
"FUN_180059fd0"	180059fd0	"FUN_180010100"	180010100	CALLER
"FUN_180059fd0"	180059fd0	"FUN_180010100"	180010100	CALLER
"FUN_180059fd0"	180059fd0	"FUN_180010100"	180010100	CALLER
"FUN_180059fd0"	180059fd0	"FUN_180010100"	180010100	CALLER
"FUN_180059fd0"	180059fd0	"FUN_180010100"	180010100	CALLER
"FUN_180059fd0"	180059fd0	"FUN_180010100"	180010100	CALLER
"FUN_180059fd0"	180059fd0	"FUN_180010100"	180010100	CALLER
"FUN_180059fd0"	180059fd0	"FUN_180010100"	180010100	CALLER
"FUN_18005d350"	18005d350	"FUN_180010100"	180010100	CALLER
"FUN_18005c840"	18005c840	"FUN_180010100"	180010100	CALLER
"FUN_1800069f0"	1800069f0	"FUN_180010100"	180010100	CALLER
"FUN_1800069f0"	1800069f0	"FUN_180010100"	180010100	CALLER
"FUN_1800069f0"	1800069f0	"FUN_180010100"	180010100	CALLER
"FUN_1800069f0"	1800069f0	"FUN_180010100"	180010100	CALLER
"FUN_1800069f0"	1800069f0	"FUN_180010100"	180010100	CALLER
"FUN_1800069f0"	1800069f0	"FUN_180010100"	180010100	CALLER
"FUN_1800069f0"	1800069f0	"FUN_180010100"	180010100	CALLER
"FUN_1800069f0"	1800069f0	"FUN_180010100"	180010100	CALLER
"FUN_18005ca50"	18005ca50	"FUN_180010100"	180010100	CALLER
"FUN_180002f50"	180002f50	"FUN_180010100"	180010100	CALLER
"FUN_180002f50"	180002f50	"FUN_180010100"	180010100	CALLER
"FUN_180002f50"	180002f50	"FUN_180010100"	180010100	CALLER
"FUN_1800022d0"	1800022d0	"FUN_180010100"	180010100	CALLER
"FUN_1800022d0"	1800022d0	"FUN_180010100"	180010100	CALLER
"FUN_1800062e0"	1800062e0	"FUN_180010100"	180010100	CALLER
"FUN_1800062e0"	1800062e0	"FUN_180010100"	180010100	CALLER
"FUN_1800062e0"	1800062e0	"FUN_180010100"	180010100	CALLER
"FUN_18005c630"	18005c630	"FUN_180010100"	180010100	CALLER
"FUN_1800069f0"	1800069f0	"FUN_180010410"	180010410	CALLER
"FUN_180058880"	180058880	"FUN_1800af124"	1800af124	CALL
"FUN_180058880"	180058880	"FUN_1800aef70"	1800aef70	CALL
"FUN_180058880"	180058880	"FUN_1800af118"	1800af118	CALL
"FUN_180058880"	180058880	"__security_check_cookie"	1800f3ab0	CALL
"FUN_1800069f0"	1800069f0	"FUN_180058880"	180058880	CALLER
"FUN_180009030"	180009030	"FUN_1800f3b0c"	1800f3b0c	CALL
"FUN_180009030"	180009030	"FUN_180050530"	180050530	CALL
"FUN_180009030"	180009030	"memmove"	1800f4ccc	CALL
"FUN_180009030"	180009030	"memcpy"	1800f4cde	CALL
"FUN_180009030"	180009030	"FUN_1800505f0"	1800505f0	CALL
"FUN_180009030"	180009030	"free"	1800f3ad0	CALL
"FUN_180009030"	180009030	"FUN_180010340"	180010340	CALL
"FUN_180009030"	180009030	"FUN_18000e980"	18000e980	CALL
"FUN_180009030"	180009030	"__security_check_cookie"	1800f3ab0	CALL
"FUN_180005ad0"	180005ad0	"FUN_180009030"	180009030	CALLER
"FUN_180005ad0"	180005ad0	"FUN_180009030"	180009030	CALLER
"FUN_1800069f0"	1800069f0	"FUN_180009030"	180009030	CALLER
"FUN_18005c630"	18005c630	"FUN_180009030"	180009030	CALLER
"FUN_18005c840"	18005c840	"FUN_180009030"	180009030	CALLER
"FUN_18005ca50"	18005ca50	"FUN_180009030"	180009030	CALLER
"FUN_18000d9c0"	18000d9c0	"FUN_1800f3b0c"	1800f3b0c	CALL
"FUN_18000d9c0"	18000d9c0	"FUN_180050430"	180050430	CALL
"FUN_18000d9c0"	18000d9c0	"FUN_1800563e0"	1800563e0	CALL
"FUN_18000d9c0"	18000d9c0	"memchr"	1800f4cea	CALL
"FUN_18000d9c0"	18000d9c0	"memcmp"	1800f4cf6	CALL
"FUN_18000d9c0"	18000d9c0	"FUN_180054510"	180054510	CALL
"FUN_18000d9c0"	18000d9c0	"FUN_180050290"	180050290	CALL
"FUN_18000d9c0"	18000d9c0	"free"	1800f3ad0	CALL
"FUN_18000d9c0"	18000d9c0	"FUN_180010340"	180010340	CALL
"FUN_18000d9c0"	18000d9c0	"FUN_18000e980"	18000e980	CALL
"FUN_18000d9c0"	18000d9c0	"__security_check_cookie"	1800f3ab0	CALL
"FUN_1800069f0"	1800069f0	"FUN_18000d9c0"	18000d9c0	CALLER
"FUN_18000df00"	18000df00	"FUN_1800f3b0c"	1800f3b0c	CALL
"FUN_18000df00"	18000df00	"FUN_180050430"	180050430	CALL
"FUN_18000df00"	18000df00	"FUN_1800563e0"	1800563e0	CALL
"FUN_18000df00"	18000df00	"memchr"	1800f4cea	CALL
"FUN_18000df00"	18000df00	"memcmp"	1800f4cf6	CALL
"FUN_18000df00"	18000df00	"FUN_180054510"	180054510	CALL
"FUN_18000df00"	18000df00	"FUN_180050290"	180050290	CALL
"FUN_18000df00"	18000df00	"free"	1800f3ad0	CALL
"FUN_18000df00"	18000df00	"FUN_180010340"	180010340	CALL
"FUN_18000df00"	18000df00	"FUN_18000e980"	18000e980	CALL
"FUN_18000df00"	18000df00	"__security_check_cookie"	1800f3ab0	CALL
"FUN_1800069f0"	1800069f0	"FUN_18000df00"	18000df00	CALLER
"FUN_18000e440"	18000e440	"FUN_1800f3b0c"	1800f3b0c	CALL
"FUN_18000e440"	18000e440	"FUN_180050430"	180050430	CALL
"FUN_18000e440"	18000e440	"FUN_1800563e0"	1800563e0	CALL
"FUN_18000e440"	18000e440	"memchr"	1800f4cea	CALL
"FUN_18000e440"	18000e440	"memcmp"	1800f4cf6	CALL
"FUN_18000e440"	18000e440	"FUN_180054510"	180054510	CALL
"FUN_18000e440"	18000e440	"FUN_180050290"	180050290	CALL
"FUN_18000e440"	18000e440	"free"	1800f3ad0	CALL
"FUN_18000e440"	18000e440	"FUN_180010340"	180010340	CALL
"FUN_18000e440"	18000e440	"FUN_18000e980"	18000e980	CALL
"FUN_18000e440"	18000e440	"__security_check_cookie"	1800f3ab0	CALL
"FUN_1800069f0"	1800069f0	"FUN_18000e440"	18000e440	CALLER
"FUN_180005ad0"	180005ad0	"FUN_1800531b0"	1800531b0	CALLER
"FUN_1800530e0"	1800530e0	"FUN_1800531b0"	1800531b0	CALLER
"FUN_1800069f0"	1800069f0	"FUN_1800531b0"	1800531b0	CALLER
"FUN_1800530e0"	1800530e0	"FUN_1800531b0"	1800531b0	CALL
"FUN_1800530e0"	1800530e0	"Sleep"	1800f3a78	CALL
"FUN_180005ad0"	180005ad0	"FUN_1800530e0"	1800530e0	CALLER
"FUN_1800069f0"	1800069f0	"FUN_1800530e0"	1800530e0	CALLER
"FUN_180052de0"	180052de0	"free"	1800f3ad0	CALL
"FUN_1800069f0"	1800069f0	"FUN_180052de0"	180052de0	CALLER
"FUN_180011790"	180011790	"FUN_180052de0"	180052de0	CALLER
"FUN_180052e90"	180052e90	"FUN_180052de0"	180052de0	CALLER
"FUN_1800fe2d0"	1800fe2d0	"FUN_180052de0"	180052de0	CALLER
"FUN_1800af258"	1800af258	"FUN_1800aec3c"	1800aec3c	CALL
"FUN_1800af258"	1800af258	"FUN_1800ae988"	1800ae988	CALL
"FUN_1800af258"	1800af258	"FUN_1800af614"	1800af614	CALL
"FUN_1800069f0"	1800069f0	"FUN_1800af258"	1800af258	CALLER
"__security_check_cookie"	1800f3ab0	"FUN_1800f4884"	1800f4884	CALL
"FUN_180001120"	180001120	"__security_check_cookie"	1800f3ab0	CALLER
"FUN_180001520"	180001520	"__security_check_cookie"	1800f3ab0	CALLER
"FUN_180058350"	180058350	"__security_check_cookie"	1800f3ab0	CALLER
"FUN_180057a80"	180057a80	"__security_check_cookie"	1800f3ab0	CALLER
"FUN_180001740"	180001740	"__security_check_cookie"	1800f3ab0	CALLER
"FUN_1800019b0"	1800019b0	"__security_check_cookie"	1800f3ab0	CALLER
"FUN_180001a80"	180001a80	"__security_check_cookie"	1800f3ab0	CALLER
"FUN_1800022d0"	1800022d0	"__security_check_cookie"	1800f3ab0	CALLER
"FUN_18000ee20"	18000ee20	"__security_check_cookie"	1800f3ab0	CALLER
"FUN_1800529a0"	1800529a0	"__security_check_cookie"	1800f3ab0	CALLER
"FUN_180051cd0"	180051cd0	"__security_check_cookie"	1800f3ab0	CALLER
"FUN_1800522a0"	1800522a0	"__security_check_cookie"	1800f3ab0	CALLER
"FUN_180055a60"	180055a60	"__security_check_cookie"	1800f3ab0	CALLER
"FUN_1800674a0"	1800674a0	"__security_check_cookie"	1800f3ab0	CALLER
"FUN_1800f32f8"	1800f32f8	"__security_check_cookie"	1800f3ab0	CALLER
"FUN_180002a70"	180002a70	"__security_check_cookie"	1800f3ab0	CALLER
"FUN_180054300"	180054300	"__security_check_cookie"	1800f3ab0	CALLER
"FUN_180055d90"	180055d90	"__security_check_cookie"	1800f3ab0	CALLER
"FUN_1800552b0"	1800552b0	"__security_check_cookie"	1800f3ab0	CALLER
"FUN_180002ca0"	180002ca0	"__security_check_cookie"	1800f3ab0	CALLER
"FUN_1800088c0"	1800088c0	"__security_check_cookie"	1800f3ab0	CALLER
"FUN_18000f310"	18000f310	"__security_check_cookie"	1800f3ab0	CALLER
"FUN_18000f5b0"	18000f5b0	"__security_check_cookie"	1800f3ab0	CALLER
"FUN_180011070"	180011070	"__security_check_cookie"	1800f3ab0	CALLER
"FUN_1800114b0"	1800114b0	"__security_check_cookie"	1800f3ab0	CALLER
"FUN_180011ed0"	180011ed0	"__security_check_cookie"	1800f3ab0	CALLER
"FUN_1800125a0"	1800125a0	"__security_check_cookie"	1800f3ab0	CALLER
"FUN_180013c60"	180013c60	"__security_check_cookie"	1800f3ab0	CALLER
"FUN_180014520"	180014520	"__security_check_cookie"	1800f3ab0	CALLER
"FUN_180015190"	180015190	"__security_check_cookie"	1800f3ab0	CALLER
"FUN_1800172e0"	1800172e0	"__security_check_cookie"	1800f3ab0	CALLER
"FUN_180017a80"	180017a80	"__security_check_cookie"	1800f3ab0	CALLER
"FUN_1800181a0"	1800181a0	"__security_check_cookie"	1800f3ab0	CALLER
"FUN_1800195d0"	1800195d0	"__security_check_cookie"	1800f3ab0	CALLER
"FUN_18001a560"	18001a560	"__security_check_cookie"	1800f3ab0	CALLER
"FUN_18001b520"	18001b520	"__security_check_cookie"	1800f3ab0	CALLER
"FUN_18001c4e0"	18001c4e0	"__security_check_cookie"	1800f3ab0	CALLER
"FUN_18001c920"	18001c920	"__security_check_cookie"	1800f3ab0	CALLER
"FUN_180020610"	180020610	"__security_check_cookie"	1800f3ab0	CALLER
"FUN_180036480"	180036480	"__security_check_cookie"	1800f3ab0	CALLER
"FUN_18002f360"	18002f360	"__security_check_cookie"	1800f3ab0	CALLER
"FUN_18002f120"	18002f120	"__security_check_cookie"	1800f3ab0	CALLER
"FUN_18002eef0"	18002eef0	"__security_check_cookie"	1800f3ab0	CALLER
"FUN_18002ed50"	18002ed50	"__security_check_cookie"	1800f3ab0	CALLER
"FUN_18002ebb0"	18002ebb0	"__security_check_cookie"	1800f3ab0	CALLER
"FUN_18002e990"	18002e990	"__security_check_cookie"	1800f3ab0	CALLER
"FUN_18002e760"	18002e760	"__security_check_cookie"	1800f3ab0	CALLER
"FUN_18002f490"	18002f490	"__security_check_cookie"	1800f3ab0	CALLER
"FUN_18002f8a0"	18002f8a0	"__security_check_cookie"	1800f3ab0	CALLER
"FUN_18002f660"	18002f660	"__security_check_cookie"	1800f3ab0	CALLER
"FUN_18002fbe0"	18002fbe0	"__security_check_cookie"	1800f3ab0	CALLER
"FUN_18002ff90"	18002ff90	"__security_check_cookie"	1800f3ab0	CALLER
"FUN_18002f9d0"	18002f9d0	"__security_check_cookie"	1800f3ab0	CALLER
"FUN_18002fd50"	18002fd50	"__security_check_cookie"	1800f3ab0	CALLER
"FUN_1800303c0"	1800303c0	"__security_check_cookie"	1800f3ab0	CALLER
"FUN_180031140"	180031140	"__security_check_cookie"	1800f3ab0	CALLER
"FUN_180030f00"	180030f00	"__security_check_cookie"	1800f3ab0	CALLER
"FUN_180030cc0"	180030cc0	"__security_check_cookie"	1800f3ab0	CALLER
"FUN_180030a70"	180030a70	"__security_check_cookie"	1800f3ab0	CALLER
"FUN_180030840"	180030840	"__security_check_cookie"	1800f3ab0	CALLER
"FUN_1800305d0"	1800305d0	"__security_check_cookie"	1800f3ab0	CALLER
"FUN_180032e60"	180032e60	"__security_check_cookie"	1800f3ab0	CALLER
"FUN_180031bf0"	180031bf0	"__security_check_cookie"	1800f3ab0	CALLER
"FUN_180031a80"	180031a80	"__security_check_cookie"	1800f3ab0	CALLER
"FUN_1800314b0"	1800314b0	"__security_check_cookie"	1800f3ab0	CALLER
"FUN_180031270"	180031270	"__security_check_cookie"	1800f3ab0	CALLER
"FUN_180031840"	180031840	"__security_check_cookie"	1800f3ab0	CALLER
"FUN_180032cd0"	180032cd0	"__security_check_cookie"	1800f3ab0	CALLER
"FUN_180032650"	180032650	"__security_check_cookie"	1800f3ab0	CALLER
"FUN_180031f80"	180031f80	"__security_check_cookie"	1800f3ab0	CALLER
"FUN_1800324e0"	1800324e0	"__security_check_cookie"	1800f3ab0	CALLER
"FUN_1800322b0"	1800322b0	"__security_check_cookie"	1800f3ab0	CALLER
"FUN_180032120"	180032120	"__security_check_cookie"	1800f3ab0	CALLER
"FUN_180032ad0"	180032ad0	"__security_check_cookie"	1800f3ab0	CALLER
"FUN_180032880"	180032880	"__security_check_cookie"	1800f3ab0	CALLER
"FUN_180033940"	180033940	"__security_check_cookie"	1800f3ab0	CALLER
"FUN_180032fd0"	180032fd0	"__security_check_cookie"	1800f3ab0	CALLER
"FUN_180033710"	180033710	"__security_check_cookie"	1800f3ab0	CALLER
"FUN_180033580"	180033580	"__security_check_cookie"	1800f3ab0	CALLER
"FUN_180033360"	180033360	"__security_check_cookie"	1800f3ab0	CALLER
"FUN_180034520"	180034520	"__security_check_cookie"	1800f3ab0	CALLER
"FUN_180033b70"	180033b70	"__security_check_cookie"	1800f3ab0	CALLER
"FUN_1800342f0"	1800342f0	"__security_check_cookie"	1800f3ab0	CALLER
"FUN_180034160"	180034160	"__security_check_cookie"	1800f3ab0	CALLER
"FUN_180033f40"	180033f40	"__security_check_cookie"	1800f3ab0	CALLER
"FUN_180035300"	180035300	"__security_check_cookie"	1800f3ab0	CALLER
"FUN_180034980"	180034980	"__security_check_cookie"	1800f3ab0	CALLER
"FUN_1800350a0"	1800350a0	"__security_check_cookie"	1800f3ab0	CALLER
"FUN_180034f20"	180034f20	"__security_check_cookie"	1800f3ab0	CALLER
"FUN_180034d80"	180034d80	"__security_check_cookie"	1800f3ab0	CALLER
"FUN_180034bf0"	180034bf0	"__security_check_cookie"	1800f3ab0	CALLER
"FUN_180035600"	180035600	"__security_check_cookie"	1800f3ab0	CALLER
"FUN_1800357a0"	1800357a0	"__security_check_cookie"	1800f3ab0	CALLER
"FUN_1800358e0"	1800358e0	"__security_check_cookie"	1800f3ab0	CALLER
"FUN_180036270"	180036270	"__security_check_cookie"	1800f3ab0	CALLER
"FUN_1800360e0"	1800360e0	"__security_check_cookie"	1800f3ab0	CALLER
"FUN_180035dc0"	180035dc0	"__security_check_cookie"	1800f3ab0	CALLER
"FUN_180035b00"	180035b00	"__security_check_cookie"	1800f3ab0	CALLER
"FUN_180038850"	180038850	"__security_check_cookie"	1800f3ab0	CALLER
"FUN_1800385f0"	1800385f0	"__security_check_cookie"	1800f3ab0	CALLER
"FUN_180038980"	180038980	"__security_check_cookie"	1800f3ab0	CALLER
"FUN_180038f20"	180038f20	"__security_check_cookie"	1800f3ab0	CALLER
"FUN_180039150"	180039150	"__security_check_cookie"	1800f3ab0	CALLER
"FUN_180039380"	180039380	"__security_check_cookie"	1800f3ab0	CALLER
"FUN_1800395b0"	1800395b0	"__security_check_cookie"	1800f3ab0	CALLER
"FUN_1800397c0"	1800397c0	"__security_check_cookie"	1800f3ab0	CALLER
"FUN_1800399f0"	1800399f0	"__security_check_cookie"	1800f3ab0	CALLER
"FUN_180039cd0"	180039cd0	"__security_check_cookie"	1800f3ab0	CALLER
"FUN_180039fb0"	180039fb0	"__security_check_cookie"	1800f3ab0	CALLER
"FUN_18003a290"	18003a290	"__security_check_cookie"	1800f3ab0	CALLER
"FUN_18003a4b0"	18003a4b0	"__security_check_cookie"	1800f3ab0	CALLER
"FUN_18003a790"	18003a790	"__security_check_cookie"	1800f3ab0	CALLER
"FUN_18003aa50"	18003aa50	"__security_check_cookie"	1800f3ab0	CALLER
"FUN_18003ada0"	18003ada0	"__security_check_cookie"	1800f3ab0	CALLER
"FUN_18003afd0"	18003afd0	"__security_check_cookie"	1800f3ab0	CALLER
"FUN_18003b780"	18003b780	"__security_check_cookie"	1800f3ab0	CALLER
"FUN_18003b550"	18003b550	"__security_check_cookie"	1800f3ab0	CALLER
"FUN_18003b2e0"	18003b2e0	"__security_check_cookie"	1800f3ab0	CALLER
"FUN_18003cd80"	18003cd80	"__security_check_cookie"	1800f3ab0	CALLER
"FUN_18003d120"	18003d120	"__security_check_cookie"	1800f3ab0	CALLER
"FUN_18003d6a0"	18003d6a0	"__security_check_cookie"	1800f3ab0	CALLER
"FUN_18003d430"	18003d430	"__security_check_cookie"	1800f3ab0	CALLER
"FUN_18003d200"	18003d200	"__security_check_cookie"	1800f3ab0	CALLER
"FUN_18003cef0"	18003cef0	"__security_check_cookie"	1800f3ab0	CALLER
"FUN_18003eb70"	18003eb70	"__security_check_cookie"	1800f3ab0	CALLER
"FUN_18003e930"	18003e930	"__security_check_cookie"	1800f3ab0	CALLER
"FUN_18003e7a0"	18003e7a0	"__security_check_cookie"	1800f3ab0	CALLER
"FUN_18003e670"	18003e670	"__security_check_cookie"	1800f3ab0	CALLER
"FUN_18003e460"	18003e460	"__security_check_cookie"	1800f3ab0	CALLER
"FUN_18003e2e0"	18003e2e0	"__security_check_cookie"	1800f3ab0	CALLER
"FUN_18003ee00"	18003ee00	"__security_check_cookie"	1800f3ab0	CALLER
"FUN_18003f600"	18003f600	"__security_check_cookie"	1800f3ab0	CALLER
"FUN_18003f3b0"	18003f3b0	"__security_check_cookie"	1800f3ab0	CALLER
"FUN_18003f830"	18003f830	"__security_check_cookie"	1800f3ab0	CALLER
"FUN_18003fd00"	18003fd00	"__security_check_cookie"	1800f3ab0	CALLER
"FUN_18003fab0"	18003fab0	"__security_check_cookie"	1800f3ab0	CALLER
"FUN_180042500"	180042500	"__security_check_cookie"	1800f3ab0	CALLER
"FUN_1800422c0"	1800422c0	"__security_check_cookie"	1800f3ab0	CALLER
"FUN_180042d50"	180042d50	"__security_check_cookie"	1800f3ab0	CALLER
"FUN_180042ad0"	180042ad0	"__security_check_cookie"	1800f3ab0	CALLER
"FUN_180044810"	180044810	"__security_check_cookie"	1800f3ab0	CALLER
"FUN_1800446e0"	1800446e0	"__security_check_cookie"	1800f3ab0	CALLER
"FUN_180044050"	180044050	"__security_check_cookie"	1800f3ab0	CALLER
"FUN_180045520"	180045520	"__security_check_cookie"	1800f3ab0	CALLER
"FUN_180045600"	180045600	"__security_check_cookie"	1800f3ab0	CALLER
"FUN_180044a80"	180044a80	"__security_check_cookie"	1800f3ab0	CALLER
"FUN_180041550"	180041550	"__security_check_cookie"	1800f3ab0	CALLER
"FUN_18003f0d0"	18003f0d0	"__security_check_cookie"	1800f3ab0	CALLER
"FUN_1800406b0"	1800406b0	"__security_check_cookie"	1800f3ab0	CALLER
"FUN_180043340"	180043340	"__security_check_cookie"	1800f3ab0	CALLER
"FUN_1800431c0"	1800431c0	"__security_check_cookie"	1800f3ab0	CALLER
"FUN_180043030"	180043030	"__security_check_cookie"	1800f3ab0	CALLER
"FUN_1800434a0"	1800434a0	"__security_check_cookie"	1800f3ab0	CALLER
"FUN_180046570"	180046570	"__security_check_cookie"	1800f3ab0	CALLER
"FUN_180046c90"	180046c90	"__security_check_cookie"	1800f3ab0	CALLER
"FUN_180046a40"	180046a40	"__security_check_cookie"	1800f3ab0	CALLER
"FUN_180046e60"	180046e60	"__security_check_cookie"	1800f3ab0	CALLER
"FUN_180047070"	180047070	"__security_check_cookie"	1800f3ab0	CALLER
"FUN_18003c660"	18003c660	"__security_check_cookie"	1800f3ab0	CALLER
"FUN_18003c4d0"	18003c4d0	"__security_check_cookie"	1800f3ab0	CALLER
"FUN_18003c290"	18003c290	"__security_check_cookie"	1800f3ab0	CALLER
"FUN_18003c9f0"	18003c9f0	"__security_check_cookie"	1800f3ab0	CALLER
"FUN_1800466e0"	1800466e0	"__security_check_cookie"	1800f3ab0	CALLER
"FUN_180047ba0"	180047ba0	"__security_check_cookie"	1800f3ab0	CALLER
"FUN_18004a0f0"	18004a0f0	"__security_check_cookie"	1800f3ab0	CALLER
"FUN_180047ec0"	180047ec0	"__security_check_cookie"	1800f3ab0	CALLER
"FUN_180048e50"	180048e50	"__security_check_cookie"	1800f3ab0	CALLER
"FUN_180048340"	180048340	"__security_check_cookie"	1800f3ab0	CALLER
"FUN_1800480e0"	1800480e0	"__security_check_cookie"	1800f3ab0	CALLER
"FUN_180048570"	180048570	"__security_check_cookie"	1800f3ab0	CALLER
"FUN_1800489f0"	1800489f0	"__security_check_cookie"	1800f3ab0	CALLER
"FUN_180048790"	180048790	"__security_check_cookie"	1800f3ab0	CALLER
"FUN_180048c20"	180048c20	"__security_check_cookie"	1800f3ab0	CALLER
"FUN_180049ce0"	180049ce0	"__security_check_cookie"	1800f3ab0	CALLER
"FUN_180049e50"	180049e50	"__security_check_cookie"	1800f3ab0	CALLER
"FUN_1800492a0"	1800492a0	"__security_check_cookie"	1800f3ab0	CALLER
"FUN_180049040"	180049040	"__security_check_cookie"	1800f3ab0	CALLER
"FUN_1800494d0"	1800494d0	"__security_check_cookie"	1800f3ab0	CALLER
"FUN_180049950"	180049950	"__security_check_cookie"	1800f3ab0	CALLER
"FUN_1800496f0"	1800496f0	"__security_check_cookie"	1800f3ab0	CALLER
"FUN_18004a360"	18004a360	"__security_check_cookie"	1800f3ab0	CALLER
"FUN_18004a1d0"	18004a1d0	"__security_check_cookie"	1800f3ab0	CALLER
"FUN_180047d30"	180047d30	"__security_check_cookie"	1800f3ab0	CALLER
"FUN_18004a8b0"	18004a8b0	"__security_check_cookie"	1800f3ab0	CALLER
"FUN_18004a680"	18004a680	"__security_check_cookie"	1800f3ab0	CALLER
"FUN_18004ade0"	18004ade0	"__security_check_cookie"	1800f3ab0	CALLER
"FUN_18004b0b0"	18004b0b0	"__security_check_cookie"	1800f3ab0	CALLER
"FUN_18004b350"	18004b350	"__security_check_cookie"	1800f3ab0	CALLER
"FUN_18004b670"	18004b670	"__security_check_cookie"	1800f3ab0	CALLER
"FUN_18004b800"	18004b800	"__security_check_cookie"	1800f3ab0	CALLER
"FUN_18004b950"	18004b950	"__security_check_cookie"	1800f3ab0	CALLER
"FUN_18004bb90"	18004bb90	"__security_check_cookie"	1800f3ab0	CALLER
"FUN_18004c4e0"	18004c4e0	"__security_check_cookie"	1800f3ab0	CALLER
"FUN_18004c8f0"	18004c8f0	"__security_check_cookie"	1800f3ab0	CALLER
"FUN_18004cef0"	18004cef0	"__security_check_cookie"	1800f3ab0	CALLER
"FUN_18004dd40"	18004dd40	"__security_check_cookie"	1800f3ab0	CALLER
"FUN_18004e790"	18004e790	"__security_check_cookie"	1800f3ab0	CALLER
"FUN_18004ea10"	18004ea10	"__security_check_cookie"	1800f3ab0	CALLER
"FUN_18004ecb0"	18004ecb0	"__security_check_cookie"	1800f3ab0	CALLER
"FUN_18004f7f0"	18004f7f0	"__security_check_cookie"	1800f3ab0	CALLER
"FUN_180050530"	180050530	"__security_check_cookie"	1800f3ab0	CALLER
"FUN_180051710"	180051710	"__security_check_cookie"	1800f3ab0	CALLER
"FUN_180051a30"	180051a30	"__security_check_cookie"	1800f3ab0	CALLER
"FUN_180051a30"	180051a30	"__security_check_cookie"	1800f3ab0	CALLER
"FUN_180053c20"	180053c20	"__security_check_cookie"	1800f3ab0	CALLER
"FUN_180053da0"	180053da0	"__security_check_cookie"	1800f3ab0	CALLER
"FUN_180053f00"	180053f00	"__security_check_cookie"	1800f3ab0	CALLER
"FUN_180054060"	180054060	"__security_check_cookie"	1800f3ab0	CALLER
"FUN_1800541b0"	1800541b0	"__security_check_cookie"	1800f3ab0	CALLER
"FUN_180057a10"	180057a10	"__security_check_cookie"	1800f3ab0	CALLER
"FUN_180002f50"	180002f50	"__security_check_cookie"	1800f3ab0	CALLER
"FUN_180008dd0"	180008dd0	"__security_check_cookie"	1800f3ab0	CALLER
"FUN_18000f9e0"	18000f9e0	"__security_check_cookie"	1800f3ab0	CALLER
"FUN_180053290"	180053290	"__security_check_cookie"	1800f3ab0	CALLER
"FUN_180053400"	180053400	"__security_check_cookie"	1800f3ab0	CALLER
"FUN_1800535c0"	1800535c0	"__security_check_cookie"	1800f3ab0	CALLER
"FUN_180053720"	180053720	"__security_check_cookie"	1800f3ab0	CALLER
"FUN_180004ae0"	180004ae0	"__security_check_cookie"	1800f3ab0	CALLER
"FUN_180004de0"	180004de0	"__security_check_cookie"	1800f3ab0	CALLER
"FUN_1800050d0"	1800050d0	"__security_check_cookie"	1800f3ab0	CALLER
"FUN_180005820"	180005820	"__security_check_cookie"	1800f3ab0	CALLER
"FUN_180005ad0"	180005ad0	"__security_check_cookie"	1800f3ab0	CALLER
"FUN_180009030"	180009030	"__security_check_cookie"	1800f3ab0	CALLER
"FUN_1800069f0"	1800069f0	"__security_check_cookie"	1800f3ab0	CALLER
"FUN_180009340"	180009340	"__security_check_cookie"	1800f3ab0	CALLER
"FUN_180009920"	180009920	"__security_check_cookie"	1800f3ab0	CALLER
"FUN_180009f00"	180009f00	"__security_check_cookie"	1800f3ab0	CALLER
"FUN_18000a4e0"	18000a4e0	"__security_check_cookie"	1800f3ab0	CALLER
"FUN_18000aac0"	18000aac0	"__security_check_cookie"	1800f3ab0	CALLER
"FUN_18000b0a0"	18000b0a0	"__security_check_cookie"	1800f3ab0	CALLER
"FUN_18000b680"	18000b680	"__security_check_cookie"	1800f3ab0	CALLER
"FUN_18000bc60"	18000bc60	"__security_check_cookie"	1800f3ab0	CALLER
"FUN_18000c240"	18000c240	"__security_check_cookie"	1800f3ab0	CALLER
"FUN_18000c820"	18000c820	"__security_check_cookie"	1800f3ab0	CALLER
"FUN_18000ce00"	18000ce00	"__security_check_cookie"	1800f3ab0	CALLER
"FUN_18000d3e0"	18000d3e0	"__security_check_cookie"	1800f3ab0	CALLER
"FUN_18000d9c0"	18000d9c0	"__security_check_cookie"	1800f3ab0	CALLER
"FUN_18000df00"	18000df00	"__security_check_cookie"	1800f3ab0	CALLER
"FUN_18000e440"	18000e440	"__security_check_cookie"	1800f3ab0	CALLER
"FUN_180058880"	180058880	"__security_check_cookie"	1800f3ab0	CALLER
"FUN_180059810"	180059810	"__security_check_cookie"	1800f3ab0	CALLER
"FUN_1800aef70"	1800aef70	"__security_check_cookie"	1800f3ab0	CALLER
"FUN_1800aec7c"	1800aec7c	"__security_check_cookie"	1800f3ab0	CALLER
"FUN_1800af650"	1800af650	"__security_check_cookie"	1800f3ab0	CALLER
"FUN_18005df10"	18005df10	"__security_check_cookie"	1800f3ab0	CALLER
"FUN_18005e4e0"	18005e4e0	"__security_check_cookie"	1800f3ab0	CALLER
"FUN_1800bc420"	1800bc420	"__security_check_cookie"	1800f3ab0	CALLER
"FUN_1800ea9f0"	1800ea9f0	"__security_check_cookie"	1800f3ab0	CALLER
"FUN_1800eca10"	1800eca10	"__security_check_cookie"	1800f3ab0	CALLER
"FUN_1800f09b0"	1800f09b0	"__security_check_cookie"	1800f3ab0	CALLER
"FUN_1800b2f90"	1800b2f90	"__security_check_cookie"	1800f3ab0	CALLER
"FUN_1800b6a00"	1800b6a00	"__security_check_cookie"	1800f3ab0	CALLER
"FUN_1800b78e0"	1800b78e0	"__security_check_cookie"	1800f3ab0	CALLER
"FUN_1800b7e50"	1800b7e50	"__security_check_cookie"	1800f3ab0	CALLER
"FUN_1800bb9f0"	1800bb9f0	"__security_check_cookie"	1800f3ab0	CALLER
"FUN_1800be730"	1800be730	"__security_check_cookie"	1800f3ab0	CALLER
"FUN_1800bfc90"	1800bfc90	"__security_check_cookie"	1800f3ab0	CALLER
"FUN_1800beb90"	1800beb90	"__security_check_cookie"	1800f3ab0	CALLER
"FUN_1800c1860"	1800c1860	"__security_check_cookie"	1800f3ab0	CALLER
"FUN_1800b8880"	1800b8880	"__security_check_cookie"	1800f3ab0	CALLER
"FUN_1800b9050"	1800b9050	"__security_check_cookie"	1800f3ab0	CALLER
"FUN_1800c50c0"	1800c50c0	"__security_check_cookie"	1800f3ab0	CALLER
"FUN_1800c4e70"	1800c4e70	"__security_check_cookie"	1800f3ab0	CALLER
"FUN_1800c5760"	1800c5760	"__security_check_cookie"	1800f3ab0	CALLER
"FUN_1800c5b80"	1800c5b80	"__security_check_cookie"	1800f3ab0	CALLER
"FUN_1800c7900"	1800c7900	"__security_check_cookie"	1800f3ab0	CALLER
"FUN_1800c6340"	1800c6340	"__security_check_cookie"	1800f3ab0	CALLER
"FUN_1800c80e0"	1800c80e0	"__security_check_cookie"	1800f3ab0	CALLER
"FUN_1800b5d00"	1800b5d00	"__security_check_cookie"	1800f3ab0	CALLER
"FUN_1800ba410"	1800ba410	"__security_check_cookie"	1800f3ab0	CALLER
"FUN_1800ca9b0"	1800ca9b0	"__security_check_cookie"	1800f3ab0	CALLER
"FUN_1800cc9d0"	1800cc9d0	"__security_check_cookie"	1800f3ab0	CALLER
"FUN_1800cfc80"	1800cfc80	"__security_check_cookie"	1800f3ab0	CALLER
"FUN_1800b6420"	1800b6420	"__security_check_cookie"	1800f3ab0	CALLER
"FUN_1800d08d0"	1800d08d0	"__security_check_cookie"	1800f3ab0	CALLER
"FUN_1800d0be0"	1800d0be0	"__security_check_cookie"	1800f3ab0	CALLER
"FUN_1800d0fd0"	1800d0fd0	"__security_check_cookie"	1800f3ab0	CALLER
"FUN_1800d5d10"	1800d5d10	"__security_check_cookie"	1800f3ab0	CALLER
"FUN_1800d5ef0"	1800d5ef0	"__security_check_cookie"	1800f3ab0	CALLER
"FUN_1800d6500"	1800d6500	"__security_check_cookie"	1800f3ab0	CALLER
"FUN_1800d6c50"	1800d6c50	"__security_check_cookie"	1800f3ab0	CALLER
"FUN_1800d6f50"	1800d6f50	"__security_check_cookie"	1800f3ab0	CALLER
"FUN_1800c65d0"	1800c65d0	"__security_check_cookie"	1800f3ab0	CALLER
"FUN_1800d0520"	1800d0520	"__security_check_cookie"	1800f3ab0	CALLER
"FUN_1800d7770"	1800d7770	"__security_check_cookie"	1800f3ab0	CALLER
"FUN_1800cf160"	1800cf160	"__security_check_cookie"	1800f3ab0	CALLER
"FUN_1800c37d0"	1800c37d0	"__security_check_cookie"	1800f3ab0	CALLER
"FUN_1800cf6c0"	1800cf6c0	"__security_check_cookie"	1800f3ab0	CALLER
"FUN_1800d88e0"	1800d88e0	"__security_check_cookie"	1800f3ab0	CALLER
"FUN_1800cef30"	1800cef30	"__security_check_cookie"	1800f3ab0	CALLER
"FUN_1800d8bd0"	1800d8bd0	"__security_check_cookie"	1800f3ab0	CALLER
"FUN_1800d9200"	1800d9200	"__security_check_cookie"	1800f3ab0	CALLER
"FUN_1800d8d80"	1800d8d80	"__security_check_cookie"	1800f3ab0	CALLER
"FUN_1800de570"	1800de570	"__security_check_cookie"	1800f3ab0	CALLER
"FUN_1800de7f0"	1800de7f0	"__security_check_cookie"	1800f3ab0	CALLER
"FUN_1800e20d0"	1800e20d0	"__security_check_cookie"	1800f3ab0	CALLER
"FUN_1800eb1a0"	1800eb1a0	"__security_check_cookie"	1800f3ab0	CALLER
"FUN_1800eb520"	1800eb520	"__security_check_cookie"	1800f3ab0	CALLER
"FUN_1800ec490"	1800ec490	"__security_check_cookie"	1800f3ab0	CALLER
"FUN_1800dc290"	1800dc290	"__security_check_cookie"	1800f3ab0	CALLER
"FUN_1800ecd10"	1800ecd10	"__security_check_cookie"	1800f3ab0	CALLER
"FUN_1800ed7b0"	1800ed7b0	"__security_check_cookie"	1800f3ab0	CALLER
"FUN_1800eda40"	1800eda40	"__security_check_cookie"	1800f3ab0	CALLER
"FUN_1800eea10"	1800eea10	"__security_check_cookie"	1800f3ab0	CALLER
"FUN_1800ef2b0"	1800ef2b0	"__security_check_cookie"	1800f3ab0	CALLER
"FUN_1800efc40"	1800efc40	"__security_check_cookie"	1800f3ab0	CALLER
"FUN_1800f1e60"	1800f1e60	"__security_check_cookie"	1800f3ab0	CALLER
"FUN_1800b5c30"	1800b5c30	"__security_check_cookie"	1800f3ab0	CALLER
"FUN_1800b5c30"	1800b5c30	"__security_check_cookie"	1800f3ab0	CALLER
"FUN_1800d4a20"	1800d4a20	"__security_check_cookie"	1800f3ab0	CALLER
"FUN_1800f1b00"	1800f1b00	"__security_check_cookie"	1800f3ab0	CALLER
"FUN_180010bf0"	180010bf0	"__security_check_cookie"	1800f3ab0	CALLER
"FUN_18001cc40"	18001cc40	"__security_check_cookie"	1800f3ab0	CALLER
"FUN_18001ed20"	18001ed20	"__security_check_cookie"	1800f3ab0	CALLER
"FUN_18001ce50"	18001ce50	"__security_check_cookie"	1800f3ab0	CALLER
"FUN_18001eef0"	18001eef0	"__security_check_cookie"	1800f3ab0	CALLER
"FUN_18001d060"	18001d060	"__security_check_cookie"	1800f3ab0	CALLER
"FUN_18001f0d0"	18001f0d0	"__security_check_cookie"	1800f3ab0	CALLER
"FUN_18001d270"	18001d270	"__security_check_cookie"	1800f3ab0	CALLER
"FUN_18001fcd0"	18001fcd0	"__security_check_cookie"	1800f3ab0	CALLER
"FUN_18001d640"	18001d640	"__security_check_cookie"	1800f3ab0	CALLER
"FUN_18001f2c0"	18001f2c0	"__security_check_cookie"	1800f3ab0	CALLER
"FUN_18001d850"	18001d850	"__security_check_cookie"	1800f3ab0	CALLER
"FUN_18001f490"	18001f490	"__security_check_cookie"	1800f3ab0	CALLER
"FUN_18001da70"	18001da70	"__security_check_cookie"	1800f3ab0	CALLER
"FUN_18001f670"	18001f670	"__security_check_cookie"	1800f3ab0	CALLER
"FUN_18001dc70"	18001dc70	"__security_check_cookie"	1800f3ab0	CALLER
"FUN_18001f840"	18001f840	"__security_check_cookie"	1800f3ab0	CALLER
"FUN_18001de80"	18001de80	"__security_check_cookie"	1800f3ab0	CALLER
"FUN_18001fe40"	18001fe40	"__security_check_cookie"	1800f3ab0	CALLER
"FUN_1800200f0"	1800200f0	"__security_check_cookie"	1800f3ab0	CALLER
"FUN_1800203b0"	1800203b0	"__security_check_cookie"	1800f3ab0	CALLER
"FUN_18001e750"	18001e750	"__security_check_cookie"	1800f3ab0	CALLER
"FUN_18001ea40"	18001ea40	"__security_check_cookie"	1800f3ab0	CALLER
"FUN_180020880"	180020880	"__security_check_cookie"	1800f3ab0	CALLER
"FUN_1800236e0"	1800236e0	"__security_check_cookie"	1800f3ab0	CALLER
"FUN_180021700"	180021700	"__security_check_cookie"	1800f3ab0	CALLER
"FUN_180021870"	180021870	"__security_check_cookie"	1800f3ab0	CALLER
"FUN_180022c50"	180022c50	"__security_check_cookie"	1800f3ab0	CALLER
"FUN_1800238f0"	1800238f0	"__security_check_cookie"	1800f3ab0	CALLER
"FUN_180024500"	180024500	"__security_check_cookie"	1800f3ab0	CALLER
"FUN_1800249b0"	1800249b0	"__security_check_cookie"	1800f3ab0	CALLER
"FUN_180025290"	180025290	"__security_check_cookie"	1800f3ab0	CALLER
"FUN_180025020"	180025020	"__security_check_cookie"	1800f3ab0	CALLER
"FUN_180024e50"	180024e50	"__security_check_cookie"	1800f3ab0	CALLER
"FUN_1800254b0"	1800254b0	"__security_check_cookie"	1800f3ab0	CALLER
"FUN_180024770"	180024770	"__security_check_cookie"	1800f3ab0	CALLER
"FUN_180025a40"	180025a40	"__security_check_cookie"	1800f3ab0	CALLER
"FUN_180025800"	180025800	"__security_check_cookie"	1800f3ab0	CALLER
"FUN_1800256c0"	1800256c0	"__security_check_cookie"	1800f3ab0	CALLER
"FUN_180024c80"	180024c80	"__security_check_cookie"	1800f3ab0	CALLER
"FUN_180025b70"	180025b70	"__security_check_cookie"	1800f3ab0	CALLER
"FUN_180026c30"	180026c30	"__security_check_cookie"	1800f3ab0	CALLER
"FUN_1800270f0"	1800270f0	"__security_check_cookie"	1800f3ab0	CALLER
"FUN_180026e70"	180026e70	"__security_check_cookie"	1800f3ab0	CALLER
"FUN_1800272c0"	1800272c0	"__security_check_cookie"	1800f3ab0	CALLER
"FUN_180027850"	180027850	"__security_check_cookie"	1800f3ab0	CALLER
"FUN_180027610"	180027610	"__security_check_cookie"	1800f3ab0	CALLER
"FUN_1800274d0"	1800274d0	"__security_check_cookie"	1800f3ab0	CALLER
"FUN_180027980"	180027980	"__security_check_cookie"	1800f3ab0	CALLER
"FUN_180028c30"	180028c30	"__security_check_cookie"	1800f3ab0	CALLER
"FUN_180028e50"	180028e50	"__security_check_cookie"	1800f3ab0	CALLER
"FUN_180029cc0"	180029cc0	"__security_check_cookie"	1800f3ab0	CALLER
"FUN_18002dcc0"	18002dcc0	"__security_check_cookie"	1800f3ab0	CALLER
"FUN_18002a7f0"	18002a7f0	"__security_check_cookie"	1800f3ab0	CALLER
"FUN_18002b430"	18002b430	"__security_check_cookie"	1800f3ab0	CALLER
"FUN_18002c070"	18002c070	"__security_check_cookie"	1800f3ab0	CALLER
"FUN_18002d0c0"	18002d0c0	"__security_check_cookie"	1800f3ab0	CALLER
"FUN_18002d300"	18002d300	"__security_check_cookie"	1800f3ab0	CALLER
"FUN_18002d470"	18002d470	"__security_check_cookie"	1800f3ab0	CALLER
"FUN_18002d6d0"	18002d6d0	"__security_check_cookie"	1800f3ab0	CALLER
"FUN_18002d930"	18002d930	"__security_check_cookie"	1800f3ab0	CALLER
"FUN_18002db50"	18002db50	"__security_check_cookie"	1800f3ab0	CALLER
"FUN_18002dea0"	18002dea0	"__security_check_cookie"	1800f3ab0	CALLER
"FUN_180040090"	180040090	"__security_check_cookie"	1800f3ab0	CALLER
"FUN_18004bfe0"	18004bfe0	"__security_check_cookie"	1800f3ab0	CALLER
"FUN_18004c110"	18004c110	"__security_check_cookie"	1800f3ab0	CALLER
"FUN_18004c140"	18004c140	"__security_check_cookie"	1800f3ab0	CALLER
"FUN_18004c190"	18004c190	"__security_check_cookie"	1800f3ab0	CALLER
"FUN_18004ce00"	18004ce00	"__security_check_cookie"	1800f3ab0	CALLER
"FUN_180050ed0"	180050ed0	"__security_check_cookie"	1800f3ab0	CALLER
"FUN_1800513d0"	1800513d0	"__security_check_cookie"	1800f3ab0	CALLER
"FUN_1800514e0"	1800514e0	"__security_check_cookie"	1800f3ab0	CALLER
"FUN_1800515c0"	1800515c0	"__security_check_cookie"	1800f3ab0	CALLER
"FUN_180051870"	180051870	"__security_check_cookie"	1800f3ab0	CALLER
"FUN_180057b90"	180057b90	"__security_check_cookie"	1800f3ab0	CALLER
"FUN_180058db0"	180058db0	"__security_check_cookie"	1800f3ab0	CALLER
"FUN_1800613f0"	1800613f0	"__security_check_cookie"	1800f3ab0	CALLER
"FUN_180062100"	180062100	"__security_check_cookie"	1800f3ab0	CALLER
"FUN_1800611a0"	1800611a0	"__security_check_cookie"	1800f3ab0	CALLER
"FUN_180062410"	180062410	"__security_check_cookie"	1800f3ab0	CALLER
"FUN_180061020"	180061020	"__security_check_cookie"	1800f3ab0	CALLER
"FUN_180063f50"	180063f50	"__security_check_cookie"	1800f3ab0	CALLER
"FUN_1800645d0"	1800645d0	"__security_check_cookie"	1800f3ab0	CALLER
"FUN_180059f00"	180059f00	"__security_check_cookie"	1800f3ab0	CALLER
"FUN_180061960"	180061960	"__security_check_cookie"	1800f3ab0	CALLER
"FUN_180062b50"	180062b50	"__security_check_cookie"	1800f3ab0	CALLER
"FUN_1800629c0"	1800629c0	"__security_check_cookie"	1800f3ab0	CALLER
"FUN_180062f90"	180062f90	"__security_check_cookie"	1800f3ab0	CALLER
"FUN_180063230"	180063230	"__security_check_cookie"	1800f3ab0	CALLER
"FUN_180064340"	180064340	"__security_check_cookie"	1800f3ab0	CALLER
"FUN_1800644a0"	1800644a0	"__security_check_cookie"	1800f3ab0	CALLER
"FUN_180064970"	180064970	"__security_check_cookie"	1800f3ab0	CALLER
"FUN_180064ac0"	180064ac0	"__security_check_cookie"	1800f3ab0	CALLER
"FUN_180059fd0"	180059fd0	"__security_check_cookie"	1800f3ab0	CALLER
"FUN_18005bcc0"	18005bcc0	"__security_check_cookie"	1800f3ab0	CALLER
"FUN_18005b2e0"	18005b2e0	"__security_check_cookie"	1800f3ab0	CALLER
"FUN_18005b510"	18005b510	"__security_check_cookie"	1800f3ab0	CALLER
"FUN_18005b850"	18005b850	"__security_check_cookie"	1800f3ab0	CALLER
"FUN_18005d100"	18005d100	"__security_check_cookie"	1800f3ab0	CALLER
"FUN_18005c700"	18005c700	"__security_check_cookie"	1800f3ab0	CALLER
"FUN_18005cb20"	18005cb20	"__security_check_cookie"	1800f3ab0	CALLER
"FUN_18005d410"	18005d410	"__security_check_cookie"	1800f3ab0	CALLER
"FUN_1800b5440"	1800b5440	"__security_check_cookie"	1800f3ab0	CALLER
"FUN_1800d1a00"	1800d1a00	"__security_check_cookie"	1800f3ab0	CALLER
"FUN_1800d17e0"	1800d17e0	"__security_check_cookie"	1800f3ab0	CALLER
"FUN_1800d4600"	1800d4600	"__security_check_cookie"	1800f3ab0	CALLER
"FUN_1800d4600"	1800d4600	"__security_check_cookie"	1800f3ab0	CALLER
"FUN_1800d4600"	1800d4600	"__security_check_cookie"	1800f3ab0	CALLER
"FUN_1800d5700"	1800d5700	"__security_check_cookie"	1800f3ab0	CALLER
"FUN_1800d5b40"	1800d5b40	"__security_check_cookie"	1800f3ab0	CALLER
"FUN_1800d9760"	1800d9760	"__security_check_cookie"	1800f3ab0	CALLER
"FUN_1800d1720"	1800d1720	"__security_check_cookie"	1800f3ab0	CALLER
"FUN_1800d1720"	1800d1720	"__security_check_cookie"	1800f3ab0	CALLER
"FUN_1800d5860"	1800d5860	"__security_check_cookie"	1800f3ab0	CALLER
"FUN_1800d5860"	1800d5860	"__security_check_cookie"	1800f3ab0	CALLER
"FUN_1800da330"	1800da330	"__security_check_cookie"	1800f3ab0	CALLER
"FUN_1800ebc00"	1800ebc00	"__security_check_cookie"	1800f3ab0	CALLER
"FUN_18007a280"	18007a280	"__security_check_cookie"	1800f3ab0	CALLER
"FUN_18007a5e0"	18007a5e0	"__security_check_cookie"	1800f3ab0	CALLER
"FUN_18007f470"	18007f470	"__security_check_cookie"	1800f3ab0	CALLER
"FUN_18007f900"	18007f900	"__security_check_cookie"	1800f3ab0	CALLER
"FUN_1800816a0"	1800816a0	"__security_check_cookie"	1800f3ab0	CALLER
"FUN_1800817b0"	1800817b0	"__security_check_cookie"	1800f3ab0	CALLER
"FUN_180082100"	180082100	"__security_check_cookie"	1800f3ab0	CALLER
"FUN_1800825e0"	1800825e0	"__security_check_cookie"	1800f3ab0	CALLER
"FUN_180085810"	180085810	"__security_check_cookie"	1800f3ab0	CALLER
"FUN_1800858d0"	1800858d0	"__security_check_cookie"	1800f3ab0	CALLER
"FUN_180085c30"	180085c30	"__security_check_cookie"	1800f3ab0	CALLER
"FUN_180085cf0"	180085cf0	"__security_check_cookie"	1800f3ab0	CALLER
"FUN_180085f60"	180085f60	"__security_check_cookie"	1800f3ab0	CALLER
"FUN_180086150"	180086150	"__security_check_cookie"	1800f3ab0	CALLER
"FUN_180086450"	180086450	"__security_check_cookie"	1800f3ab0	CALLER
"FUN_180086780"	180086780	"__security_check_cookie"	1800f3ab0	CALLER
"FUN_1800c3ca0"	1800c3ca0	"__security_check_cookie"	1800f3ab0	CALLER
"FUN_1800cdb00"	1800cdb00	"__security_check_cookie"	1800f3ab0	CALLER
"FUN_1800d9410"	1800d9410	"__security_check_cookie"	1800f3ab0	CALLER
"FUN_1800d9410"	1800d9410	"__security_check_cookie"	1800f3ab0	CALLER
"FUN_1800d5a70"	1800d5a70	"__security_check_cookie"	1800f3ab0	CALLER
"FUN_1800da100"	1800da100	"__security_check_cookie"	1800f3ab0	CALLER
"FUN_1800df5c0"	1800df5c0	"__security_check_cookie"	1800f3ab0	CALLER
"FUN_1800e4910"	1800e4910	"__security_check_cookie"	1800f3ab0	CALLER
"FUN_1800e6ee0"	1800e6ee0	"__security_check_cookie"	1800f3ab0	CALLER
"FUN_1800e7050"	1800e7050	"__security_check_cookie"	1800f3ab0	CALLER
"FUN_1800e91d0"	1800e91d0	"__security_check_cookie"	1800f3ab0	CALLER
"FUN_1800e4fd0"	1800e4fd0	"__security_check_cookie"	1800f3ab0	CALLER
"FUN_1800e4570"	1800e4570	"__security_check_cookie"	1800f3ab0	CALLER
"FUN_1800e7830"	1800e7830	"__security_check_cookie"	1800f3ab0	CALLER
"FUN_1800f0ce0"	1800f0ce0	"__security_check_cookie"	1800f3ab0	CALLER
"FUN_1800f0f40"	1800f0f40	"__security_check_cookie"	1800f3ab0	CALLER
"FUN_1800f0f40"	1800f0f40	"__security_check_cookie"	1800f3ab0	CALLER
"__GSHandlerCheckCommon"	1800f4434	"__security_check_cookie"	1800f3ab0	CALLER
"FUN_1800529a0"	1800529a0	"FUN_1800f32f8"	1800f32f8	CALL
"FUN_1800529a0"	1800529a0	"__security_check_cookie"	1800f3ab0	CALL
"FUN_1800529a0"	1800529a0	"FUN_180052940"	180052940	CALL
"FUN_1800022d0"	1800022d0	"FUN_1800529a0"	1800529a0	CALLER
"FUN_180002f50"	180002f50	"FUN_1800529a0"	1800529a0	CALLER
"FUN_180058350"	180058350	"FUN_1800f3098"	1800f3098	CALLER
"FUN_180058350"	180058350	"FUN_1800f3098"	1800f3098	CALLER
"FUN_1800022d0"	1800022d0	"FUN_1800f3098"	1800f3098	CALLER
"FUN_18000ee20"	18000ee20	"FUN_1800f3098"	1800f3098	CALLER
"FUN_1800522a0"	1800522a0	"FUN_1800f3098"	1800f3098	CALLER
"FUN_18000f310"	18000f310	"FUN_1800f3098"	1800f3098	CALLER
"FUN_18004ff10"	18004ff10	"FUN_1800f3098"	1800f3098	CALLER
"FUN_180002f50"	180002f50	"FUN_1800f3098"	1800f3098	CALLER
"FUN_18000f9e0"	18000f9e0	"FUN_1800f3098"	1800f3098	CALLER
"FUN_180058060"	180058060	"__std_fs_convert_narrow_to_wide"	1800f30c0	CALL
"FUN_180058060"	180058060	"FUN_180057850"	180057850	CALL
"FUN_180058060"	180058060	"FUN_180058020"	180058020	CALL
"FUN_180058060"	180058060	"FUN_180057810"	180057810	CALL
"FUN_180058350"	180058350	"FUN_180058060"	180058060	CALLER
"FUN_180058350"	180058350	"FUN_180058060"	180058060	CALLER
"FUN_1800022d0"	1800022d0	"FUN_180058060"	180058060	CALLER
"FUN_180002f50"	180002f50	"FUN_180058060"	180058060	CALLER
"FUN_180057660"	180057660	"FUN_180056c20"	180056c20	CALL
"FUN_180057660"	180057660	"memcpy"	1800f4cde	CALL
"FUN_180057660"	180057660	"FUN_180056d90"	180056d90	CALL
"FUN_180057660"	180057660	"FUN_180057380"	180057380	CALL
"FUN_180058350"	180058350	"FUN_180057660"	180057660	CALLER
"FUN_1800022d0"	1800022d0	"FUN_180057660"	180057660	CALLER
"FUN_180002f50"	180002f50	"FUN_180057660"	180057660	CALLER
"FUN_18000f9e0"	18000f9e0	"memset"	1800f4cd2	CALL
"FUN_18000f9e0"	18000f9e0	"FUN_1800f3b0c"	1800f3b0c	CALL
"FUN_18000f9e0"	18000f9e0	"FUN_1800f3098"	1800f3098	CALL
"FUN_18000f9e0"	18000f9e0	"FUN_18004fdb0"	18004fdb0	CALL
"FUN_18000f9e0"	18000f9e0	"FUN_180067bc0"	180067bc0	CALL
"FUN_18000f9e0"	18000f9e0	"free"	1800f3ad0	CALL
"FUN_18000f9e0"	18000f9e0	"FUN_1800111b0"	1800111b0	CALL
"FUN_18000f9e0"	18000f9e0	"__security_check_cookie"	1800f3ab0	CALL
"FUN_180002f50"	180002f50	"FUN_18000f9e0"	18000f9e0	CALLER
"FUN_180008c40"	180008c40	"FUN_18000ffc0"	18000ffc0	CALL
"FUN_180008c40"	180008c40	"__RTDynamicCast"	1800f4e27	CALL
"FUN_180002f50"	180002f50	"FUN_180008c40"	180008c40	CALLER
"FUN_180002f50"	180002f50	"FUN_180008c40"	180008c40	CALLER
"FUN_1800674a0"	1800674a0	"FUN_1800675c0"	1800675c0	CALL
"FUN_1800674a0"	1800674a0	"cef_log"	1800f4daa	CALL
"FUN_1800674a0"	1800674a0	"free"	1800f3ad0	CALL
"FUN_1800674a0"	1800674a0	"FUN_1800550f0"	1800550f0	CALL
"FUN_1800674a0"	1800674a0	"__security_check_cookie"	1800f3ab0	CALL
"FUN_1800022d0"	1800022d0	"FUN_1800674a0"	1800674a0	CALLER
"FUN_1800022d0"	1800022d0	"FUN_1800674a0"	1800674a0	CALLER
"FUN_1800668a0"	1800668a0	"FUN_1800674a0"	1800674a0	CALLER
"FUN_18006a4e0"	18006a4e0	"FUN_1800674a0"	1800674a0	CALLER
"FUN_18006d2f0"	18006d2f0	"FUN_1800674a0"	1800674a0	CALLER
"FUN_1800788a0"	1800788a0	"FUN_1800674a0"	1800674a0	CALLER
"FUN_180002f50"	180002f50	"FUN_1800674a0"	1800674a0	CALLER
"FUN_180002f50"	180002f50	"FUN_1800674a0"	1800674a0	CALLER
"FUN_180002f50"	180002f50	"FUN_1800674a0"	1800674a0	CALLER
"FUN_180066ef0"	180066ef0	"FUN_1800674a0"	1800674a0	CALLER
"FUN_180066730"	180066730	"FUN_1800674a0"	1800674a0	CALLER
"FUN_1800666c0"	1800666c0	"FUN_1800674a0"	1800674a0	CALLER
"FUN_180065030"	180065030	"FUN_1800674a0"	1800674a0	CALLER
"FUN_1800650b0"	1800650b0	"FUN_1800674a0"	1800674a0	CALLER
"FUN_180065170"	180065170	"FUN_1800674a0"	1800674a0	CALLER
"FUN_180066ba0"	180066ba0	"FUN_1800674a0"	1800674a0	CALLER
"FUN_180066ba0"	180066ba0	"FUN_1800674a0"	1800674a0	CALLER
"FUN_180065210"	180065210	"FUN_1800674a0"	1800674a0	CALLER
"FUN_1800652b0"	1800652b0	"FUN_1800674a0"	1800674a0	CALLER
"FUN_180066d40"	180066d40	"FUN_1800674a0"	1800674a0	CALLER
"FUN_180066d40"	180066d40	"FUN_1800674a0"	1800674a0	CALLER
"FUN_180065350"	180065350	"FUN_1800674a0"	1800674a0	CALLER
"FUN_1800653f0"	1800653f0	"FUN_1800674a0"	1800674a0	CALLER
"FUN_180065480"	180065480	"FUN_1800674a0"	1800674a0	CALLER
"FUN_180065520"	180065520	"FUN_1800674a0"	1800674a0	CALLER
"FUN_1800655a0"	1800655a0	"FUN_1800674a0"	1800674a0	CALLER
"FUN_180065720"	180065720	"FUN_1800674a0"	1800674a0	CALLER
"FUN_1800657b0"	1800657b0	"FUN_1800674a0"	1800674a0	CALLER
"FUN_1800670a0"	1800670a0	"FUN_1800674a0"	1800674a0	CALLER
"FUN_1800670a0"	1800670a0	"FUN_1800674a0"	1800674a0	CALLER
"FUN_180065850"	180065850	"FUN_1800674a0"	1800674a0	CALLER
"FUN_1800658b0"	1800658b0	"FUN_1800674a0"	1800674a0	CALLER
"FUN_180065930"	180065930	"FUN_1800674a0"	1800674a0	CALLER
"FUN_1800659b0"	1800659b0	"FUN_1800674a0"	1800674a0	CALLER
"FUN_180066990"	180066990	"FUN_1800674a0"	1800674a0	CALLER
"FUN_180065ac0"	180065ac0	"FUN_1800674a0"	1800674a0	CALLER
"FUN_180065b40"	180065b40	"FUN_1800674a0"	1800674a0	CALLER
"FUN_180065bc0"	180065bc0	"FUN_1800674a0"	1800674a0	CALLER
"FUN_180065cd0"	180065cd0	"FUN_1800674a0"	1800674a0	CALLER
"FUN_180065d50"	180065d50	"FUN_1800674a0"	1800674a0	CALLER
"FUN_180065e20"	180065e20	"FUN_1800674a0"	1800674a0	CALLER
"FUN_180065ec0"	180065ec0	"FUN_1800674a0"	1800674a0	CALLER
"FUN_1800667b0"	1800667b0	"FUN_1800674a0"	1800674a0	CALLER
"FUN_18006b7d0"	18006b7d0	"FUN_1800674a0"	1800674a0	CALLER
"FUN_180065fd0"	180065fd0	"FUN_1800674a0"	1800674a0	CALLER
"FUN_180066070"	180066070	"FUN_1800674a0"	1800674a0	CALLER
"FUN_180066180"	180066180	"FUN_1800674a0"	1800674a0	CALLER
"FUN_180066220"	180066220	"FUN_1800674a0"	1800674a0	CALLER
"FUN_1800662c0"	1800662c0	"FUN_1800674a0"	1800674a0	CALLER
"FUN_1800663d0"	1800663d0	"FUN_1800674a0"	1800674a0	CALLER
"FUN_180066470"	180066470	"FUN_1800674a0"	1800674a0	CALLER
"FUN_180066510"	180066510	"FUN_1800674a0"	1800674a0	CALLER
"FUN_1800665b0"	1800665b0	"FUN_1800674a0"	1800674a0	CALLER
"FUN_180066ab0"	180066ab0	"FUN_1800674a0"	1800674a0	CALLER
"FUN_18006e6f0"	18006e6f0	"FUN_1800674a0"	1800674a0	CALLER
"FUN_1800677e0"	1800677e0	"FUN_1800674a0"	1800674a0	CALLER
"FUN_18006aab0"	18006aab0	"FUN_1800674a0"	1800674a0	CALLER
"FUN_18006aab0"	18006aab0	"FUN_1800674a0"	1800674a0	CALLER
"FUN_18006a300"	18006a300	"FUN_1800674a0"	1800674a0	CALLER
"FUN_180067900"	180067900	"FUN_1800674a0"	1800674a0	CALLER
"FUN_180067990"	180067990	"FUN_1800674a0"	1800674a0	CALLER
"FUN_180067a30"	180067a30	"FUN_1800674a0"	1800674a0	CALLER
"FUN_180067ad0"	180067ad0	"FUN_1800674a0"	1800674a0	CALLER
"FUN_180067b50"	180067b50	"FUN_1800674a0"	1800674a0	CALLER
"FUN_180067d20"	180067d20	"FUN_1800674a0"	1800674a0	CALLER
"FUN_180067e60"	180067e60	"FUN_1800674a0"	1800674a0	CALLER
"FUN_180067f00"	180067f00	"FUN_1800674a0"	1800674a0	CALLER
"FUN_180067f70"	180067f70	"FUN_1800674a0"	1800674a0	CALLER
"FUN_18006a3f0"	18006a3f0	"FUN_1800674a0"	1800674a0	CALLER
"FUN_180075a40"	180075a40	"FUN_1800674a0"	1800674a0	CALLER
"FUN_180068070"	180068070	"FUN_1800674a0"	1800674a0	CALLER
"FUN_1800680e0"	1800680e0	"FUN_1800674a0"	1800674a0	CALLER
"FUN_180068170"	180068170	"FUN_1800674a0"	1800674a0	CALLER
"FUN_1800681f0"	1800681f0	"FUN_1800674a0"	1800674a0	CALLER
"FUN_180068280"	180068280	"FUN_1800674a0"	1800674a0	CALLER
"FUN_1800683b0"	1800683b0	"FUN_1800674a0"	1800674a0	CALLER
"FUN_180068430"	180068430	"FUN_1800674a0"	1800674a0	CALLER
"FUN_1800684f0"	1800684f0	"FUN_1800674a0"	1800674a0	CALLER
"FUN_18006a760"	18006a760	"FUN_1800674a0"	1800674a0	CALLER
"FUN_18006a760"	18006a760	"FUN_1800674a0"	1800674a0	CALLER
"FUN_180068580"	180068580	"FUN_1800674a0"	1800674a0	CALLER
"FUN_18006ea00"	18006ea00	"FUN_1800674a0"	1800674a0	CALLER
"FUN_180068610"	180068610	"FUN_1800674a0"	1800674a0	CALLER
"FUN_180068690"	180068690	"FUN_1800674a0"	1800674a0	CALLER
"FUN_180068780"	180068780	"FUN_1800674a0"	1800674a0	CALLER
"FUN_180068800"	180068800	"FUN_1800674a0"	1800674a0	CALLER
"FUN_180068880"	180068880	"FUN_1800674a0"	1800674a0	CALLER
"FUN_18006ac50"	18006ac50	"FUN_1800674a0"	1800674a0	CALLER
"FUN_18006ac50"	18006ac50	"FUN_1800674a0"	1800674a0	CALLER
"FUN_180068910"	180068910	"FUN_1800674a0"	1800674a0	CALLER
"FUN_180068990"	180068990	"FUN_1800674a0"	1800674a0	CALLER
"FUN_18006a910"	18006a910	"FUN_1800674a0"	1800674a0	CALLER
"FUN_18006a910"	18006a910	"FUN_1800674a0"	1800674a0	CALLER
"FUN_180068a20"	180068a20	"FUN_1800674a0"	1800674a0	CALLER
"FUN_180068aa0"	180068aa0	"FUN_1800674a0"	1800674a0	CALLER
"FUN_180068b20"	180068b20	"FUN_1800674a0"	1800674a0	CALLER
"FUN_180068b80"	180068b80	"FUN_1800674a0"	1800674a0	CALLER
"FUN_180068c00"	180068c00	"FUN_1800674a0"	1800674a0	CALLER
"FUN_180068c80"	180068c80	"FUN_1800674a0"	1800674a0	CALLER
"FUN_180068d00"	180068d00	"FUN_1800674a0"	1800674a0	CALLER
"FUN_180068d80"	180068d80	"FUN_1800674a0"	1800674a0	CALLER
"FUN_180068e00"	180068e00	"FUN_1800674a0"	1800674a0	CALLER
"FUN_180068e70"	180068e70	"FUN_1800674a0"	1800674a0	CALLER
"FUN_180068f10"	180068f10	"FUN_1800674a0"	1800674a0	CALLER
"FUN_180068f90"	180068f90	"FUN_1800674a0"	1800674a0	CALLER
"FUN_1800690d0"	1800690d0	"FUN_1800674a0"	1800674a0	CALLER
"FUN_180069150"	180069150	"FUN_1800674a0"	1800674a0	CALLER
"FUN_1800691d0"	1800691d0	"FUN_1800674a0"	1800674a0	CALLER
"FUN_180069250"	180069250	"FUN_1800674a0"	1800674a0	CALLER
"FUN_1800692d0"	1800692d0	"FUN_1800674a0"	1800674a0	CALLER
"FUN_180069350"	180069350	"FUN_1800674a0"	1800674a0	CALLER
"FUN_1800693d0"	1800693d0	"FUN_1800674a0"	1800674a0	CALLER
"FUN_180069440"	180069440	"FUN_1800674a0"	1800674a0	CALLER
"FUN_1800694b0"	1800694b0	"FUN_1800674a0"	1800674a0	CALLER
"FUN_180069520"	180069520	"FUN_1800674a0"	1800674a0	CALLER
"FUN_180069630"	180069630	"FUN_1800674a0"	1800674a0	CALLER
"FUN_18006a370"	18006a370	"FUN_1800674a0"	1800674a0	CALLER
"FUN_180069700"	180069700	"FUN_1800674a0"	1800674a0	CALLER
"FUN_180069790"	180069790	"FUN_1800674a0"	1800674a0	CALLER
"FUN_1800698e0"	1800698e0	"FUN_1800674a0"	1800674a0	CALLER
"FUN_180069950"	180069950	"FUN_1800674a0"	1800674a0	CALLER
"FUN_1800699f0"	1800699f0	"FUN_1800674a0"	1800674a0	CALLER
"FUN_180069a60"	180069a60	"FUN_1800674a0"	1800674a0	CALLER
"FUN_180069ae0"	180069ae0	"FUN_1800674a0"	1800674a0	CALLER
"FUN_180069b90"	180069b90	"FUN_1800674a0"	1800674a0	CALLER
"FUN_180069c20"	180069c20	"FUN_1800674a0"	1800674a0	CALLER
"FUN_180069cc0"	180069cc0	"FUN_1800674a0"	1800674a0	CALLER
"FUN_180069d40"	180069d40	"FUN_1800674a0"	1800674a0	CALLER
"FUN_180069dc0"	180069dc0	"FUN_1800674a0"	1800674a0	CALLER
"FUN_180069e40"	180069e40	"FUN_1800674a0"	1800674a0	CALLER
"FUN_180069ee0"	180069ee0	"FUN_1800674a0"	1800674a0	CALLER
"FUN_180069f60"	180069f60	"FUN_1800674a0"	1800674a0	CALLER
"FUN_180069fe0"	180069fe0	"FUN_1800674a0"	1800674a0	CALLER
"FUN_18006a070"	18006a070	"FUN_1800674a0"	1800674a0	CALLER
"FUN_18006a170"	18006a170	"FUN_1800674a0"	1800674a0	CALLER
"FUN_18006a200"	18006a200	"FUN_1800674a0"	1800674a0	CALLER
"FUN_18006a280"	18006a280	"FUN_1800674a0"	1800674a0	CALLER
"FUN_18006a670"	18006a670	"FUN_1800674a0"	1800674a0	CALLER
"FUN_18006a6f0"	18006a6f0	"FUN_1800674a0"	1800674a0	CALLER
"FUN_18006b160"	18006b160	"FUN_1800674a0"	1800674a0	CALLER
"FUN_18006d200"	18006d200	"FUN_1800674a0"	1800674a0	CALLER
"FUN_18006b980"	18006b980	"FUN_1800674a0"	1800674a0	CALLER
"FUN_18006ba00"	18006ba00	"FUN_1800674a0"	1800674a0	CALLER
"FUN_18006baa0"	18006baa0	"FUN_1800674a0"	1800674a0	CALLER
"FUN_18006bb50"	18006bb50	"FUN_1800674a0"	1800674a0	CALLER
"FUN_18006bc00"	18006bc00	"FUN_1800674a0"	1800674a0	CALLER
"FUN_18006bcb0"	18006bcb0	"FUN_1800674a0"	1800674a0	CALLER
"FUN_18006bd50"	18006bd50	"FUN_1800674a0"	1800674a0	CALLER
"FUN_18006bdf0"	18006bdf0	"FUN_1800674a0"	1800674a0	CALLER
"FUN_18006bf40"	18006bf40	"FUN_1800674a0"	1800674a0	CALLER
"FUN_18006bff0"	18006bff0	"FUN_1800674a0"	1800674a0	CALLER
"FUN_18006c070"	18006c070	"FUN_1800674a0"	1800674a0	CALLER
"FUN_18006c210"	18006c210	"FUN_1800674a0"	1800674a0	CALLER
"FUN_18006c2b0"	18006c2b0	"FUN_1800674a0"	1800674a0	CALLER
"FUN_18006c360"	18006c360	"FUN_1800674a0"	1800674a0	CALLER
"FUN_18006c3e0"	18006c3e0	"FUN_1800674a0"	1800674a0	CALLER
"FUN_18006c480"	18006c480	"FUN_1800674a0"	1800674a0	CALLER
"FUN_18006c500"	18006c500	"FUN_1800674a0"	1800674a0	CALLER
"FUN_18006c610"	18006c610	"FUN_1800674a0"	1800674a0	CALLER
"FUN_18006c690"	18006c690	"FUN_1800674a0"	1800674a0	CALLER
"FUN_18006c710"	18006c710	"FUN_1800674a0"	1800674a0	CALLER
"FUN_18006c820"	18006c820	"FUN_1800674a0"	1800674a0	CALLER
"FUN_18006c8a0"	18006c8a0	"FUN_1800674a0"	1800674a0	CALLER
"FUN_18006d270"	18006d270	"FUN_1800674a0"	1800674a0	CALLER
"FUN_18006c970"	18006c970	"FUN_1800674a0"	1800674a0	CALLER
"FUN_18006ca10"	18006ca10	"FUN_1800674a0"	1800674a0	CALLER
"FUN_18006cb30"	18006cb30	"FUN_1800674a0"	1800674a0	CALLER
"FUN_18006cbe0"	18006cbe0	"FUN_1800674a0"	1800674a0	CALLER
"FUN_18006cd00"	18006cd00	"FUN_1800674a0"	1800674a0	CALLER
"FUN_18006cdb0"	18006cdb0	"FUN_1800674a0"	1800674a0	CALLER
"FUN_18006ce60"	18006ce60	"FUN_1800674a0"	1800674a0	CALLER
"FUN_18006cf80"	18006cf80	"FUN_1800674a0"	1800674a0	CALLER
"FUN_18006d030"	18006d030	"FUN_1800674a0"	1800674a0	CALLER
"FUN_18006d0e0"	18006d0e0	"FUN_1800674a0"	1800674a0	CALLER
"FUN_18006e600"	18006e600	"FUN_1800674a0"	1800674a0	CALLER
"FUN_18006d4a0"	18006d4a0	"FUN_1800674a0"	1800674a0	CALLER
"FUN_18006d530"	18006d530	"FUN_1800674a0"	1800674a0	CALLER
"FUN_18006d5c0"	18006d5c0	"FUN_1800674a0"	1800674a0	CALLER
"FUN_18006d640"	18006d640	"FUN_1800674a0"	1800674a0	CALLER
"FUN_18006d6d0"	18006d6d0	"FUN_1800674a0"	1800674a0	CALLER
"FUN_18006d750"	18006d750	"FUN_1800674a0"	1800674a0	CALLER
"FUN_18006d7d0"	18006d7d0	"FUN_1800674a0"	1800674a0	CALLER
"FUN_18006d860"	18006d860	"FUN_1800674a0"	1800674a0	CALLER
"FUN_18006d9e0"	18006d9e0	"FUN_1800674a0"	1800674a0	CALLER
"FUN_18006da60"	18006da60	"FUN_1800674a0"	1800674a0	CALLER
"FUN_18006dae0"	18006dae0	"FUN_1800674a0"	1800674a0	CALLER
"FUN_18006db60"	18006db60	"FUN_1800674a0"	1800674a0	CALLER
"FUN_18006dc70"	18006dc70	"FUN_1800674a0"	1800674a0	CALLER
"FUN_18006dcf0"	18006dcf0	"FUN_1800674a0"	1800674a0	CALLER
"FUN_18006dd70"	18006dd70	"FUN_1800674a0"	1800674a0	CALLER
"FUN_18006de80"	18006de80	"FUN_1800674a0"	1800674a0	CALLER
"FUN_18006df00"	18006df00	"FUN_1800674a0"	1800674a0	CALLER
"FUN_18006e670"	18006e670	"FUN_1800674a0"	1800674a0	CALLER
"FUN_18006dfd0"	18006dfd0	"FUN_1800674a0"	1800674a0	CALLER
"FUN_18006e0e0"	18006e0e0	"FUN_1800674a0"	1800674a0	CALLER
"FUN_18006e180"	18006e180	"FUN_1800674a0"	1800674a0	CALLER
"FUN_18006e290"	18006e290	"FUN_1800674a0"	1800674a0	CALLER
"FUN_18006e330"	18006e330	"FUN_1800674a0"	1800674a0	CALLER
"FUN_18006e3d0"	18006e3d0	"FUN_1800674a0"	1800674a0	CALLER
"FUN_18006e4e0"	18006e4e0	"FUN_1800674a0"	1800674a0	CALLER
"FUN_18006e560"	18006e560	"FUN_1800674a0"	1800674a0	CALLER
"FUN_18006eaa0"	18006eaa0	"FUN_1800674a0"	1800674a0	CALLER
"FUN_18006eaa0"	18006eaa0	"FUN_1800674a0"	1800674a0	CALLER
"FUN_18006ec50"	18006ec50	"FUN_1800674a0"	1800674a0	CALLER
"FUN_18006ec50"	18006ec50	"FUN_1800674a0"	1800674a0	CALLER
"FUN_18006f810"	18006f810	"FUN_1800674a0"	1800674a0	CALLER
"FUN_18006f940"	18006f940	"FUN_1800674a0"	1800674a0	CALLER
"FUN_18006fa70"	18006fa70	"FUN_1800674a0"	1800674a0	CALLER
"FUN_18006fba0"	18006fba0	"FUN_1800674a0"	1800674a0	CALLER
"FUN_18006fcd0"	18006fcd0	"FUN_1800674a0"	1800674a0	CALLER
"FUN_18006fe00"	18006fe00	"FUN_1800674a0"	1800674a0	CALLER
"FUN_18006ff30"	18006ff30	"FUN_1800674a0"	1800674a0	CALLER
"FUN_180070060"	180070060	"FUN_1800674a0"	1800674a0	CALLER
"FUN_180070190"	180070190	"FUN_1800674a0"	1800674a0	CALLER
"FUN_1800702c0"	1800702c0	"FUN_1800674a0"	1800674a0	CALLER
"FUN_1800703f0"	1800703f0	"FUN_1800674a0"	1800674a0	CALLER
"FUN_180070520"	180070520	"FUN_1800674a0"	1800674a0	CALLER
"FUN_180070650"	180070650	"FUN_1800674a0"	1800674a0	CALLER
"FUN_180070780"	180070780	"FUN_1800674a0"	1800674a0	CALLER
"FUN_1800708b0"	1800708b0	"FUN_1800674a0"	1800674a0	CALLER
"FUN_1800709e0"	1800709e0	"FUN_1800674a0"	1800674a0	CALLER
"FUN_180070b10"	180070b10	"FUN_1800674a0"	1800674a0	CALLER
"FUN_180070c40"	180070c40	"FUN_1800674a0"	1800674a0	CALLER
"FUN_180070d70"	180070d70	"FUN_1800674a0"	1800674a0	CALLER
"FUN_180070ee0"	180070ee0	"FUN_1800674a0"	1800674a0	CALLER
"FUN_180070f50"	180070f50	"FUN_1800674a0"	1800674a0	CALLER
"FUN_180070fd0"	180070fd0	"FUN_1800674a0"	1800674a0	CALLER
"FUN_180071050"	180071050	"FUN_1800674a0"	1800674a0	CALLER
"FUN_180071280"	180071280	"FUN_1800674a0"	1800674a0	CALLER
"FUN_180071360"	180071360	"FUN_1800674a0"	1800674a0	CALLER
"FUN_180071440"	180071440	"FUN_1800674a0"	1800674a0	CALLER
"FUN_180071590"	180071590	"FUN_1800674a0"	1800674a0	CALLER
"FUN_1800716a0"	1800716a0	"FUN_1800674a0"	1800674a0	CALLER
"FUN_1800717c0"	1800717c0	"FUN_1800674a0"	1800674a0	CALLER
"FUN_180071830"	180071830	"FUN_1800674a0"	1800674a0	CALLER
"FUN_1800718b0"	1800718b0	"FUN_1800674a0"	1800674a0	CALLER
"FUN_180071930"	180071930	"FUN_1800674a0"	1800674a0	CALLER
"FUN_180071b30"	180071b30	"FUN_1800674a0"	1800674a0	CALLER
"FUN_180071b30"	180071b30	"FUN_1800674a0"	1800674a0	CALLER
"FUN_180071ce0"	180071ce0	"FUN_1800674a0"	1800674a0	CALLER
"FUN_180071e20"	180071e20	"FUN_1800674a0"	1800674a0	CALLER
"FUN_180071e90"	180071e90	"FUN_1800674a0"	1800674a0	CALLER
"FUN_180071f10"	180071f10	"FUN_1800674a0"	1800674a0	CALLER
"FUN_180071f90"	180071f90	"FUN_1800674a0"	1800674a0	CALLER
"FUN_180072090"	180072090	"FUN_1800674a0"	1800674a0	CALLER
"FUN_1800721b0"	1800721b0	"FUN_1800674a0"	1800674a0	CALLER
"FUN_180072220"	180072220	"FUN_1800674a0"	1800674a0	CALLER
"FUN_1800722a0"	1800722a0	"FUN_1800674a0"	1800674a0	CALLER
"FUN_180072320"	180072320	"FUN_1800674a0"	1800674a0	CALLER
"FUN_180072420"	180072420	"FUN_1800674a0"	1800674a0	CALLER
"FUN_1800728d0"	1800728d0	"FUN_1800674a0"	1800674a0	CALLER
"FUN_180073b80"	180073b80	"FUN_1800674a0"	1800674a0	CALLER
"FUN_180072db0"	180072db0	"FUN_1800674a0"	1800674a0	CALLER
"FUN_180072e30"	180072e30	"FUN_1800674a0"	1800674a0	CALLER
"FUN_180072eb0"	180072eb0	"FUN_1800674a0"	1800674a0	CALLER
"FUN_180072f40"	180072f40	"FUN_1800674a0"	1800674a0	CALLER
"FUN_180072ff0"	180072ff0	"FUN_1800674a0"	1800674a0	CALLER
"FUN_180073090"	180073090	"FUN_1800674a0"	1800674a0	CALLER
"FUN_180073110"	180073110	"FUN_1800674a0"	1800674a0	CALLER
"FUN_1800731f0"	1800731f0	"FUN_1800674a0"	1800674a0	CALLER
"FUN_1800732d0"	1800732d0	"FUN_1800674a0"	1800674a0	CALLER
"FUN_180073d90"	180073d90	"FUN_1800674a0"	1800674a0	CALLER
"FUN_180073d90"	180073d90	"FUN_1800674a0"	1800674a0	CALLER
"FUN_180073360"	180073360	"FUN_1800674a0"	1800674a0	CALLER
"FUN_1800733e0"	1800733e0	"FUN_1800674a0"	1800674a0	CALLER
"FUN_180073470"	180073470	"FUN_1800674a0"	1800674a0	CALLER
"FUN_1800734e0"	1800734e0	"FUN_1800674a0"	1800674a0	CALLER
"FUN_180073550"	180073550	"FUN_1800674a0"	1800674a0	CALLER
"FUN_1800735d0"	1800735d0	"FUN_1800674a0"	1800674a0	CALLER
"FUN_180073650"	180073650	"FUN_1800674a0"	1800674a0	CALLER
"FUN_1800736d0"	1800736d0	"FUN_1800674a0"	1800674a0	CALLER
"FUN_180073750"	180073750	"FUN_1800674a0"	1800674a0	CALLER
"FUN_1800737d0"	1800737d0	"FUN_1800674a0"	1800674a0	CALLER
"FUN_180073c70"	180073c70	"FUN_1800674a0"	1800674a0	CALLER
"FUN_1800738e0"	1800738e0	"FUN_1800674a0"	1800674a0	CALLER
"FUN_180073960"	180073960	"FUN_1800674a0"	1800674a0	CALLER
"FUN_180073bf0"	180073bf0	"FUN_1800674a0"	1800674a0	CALLER
"FUN_180073a30"	180073a30	"FUN_1800674a0"	1800674a0	CALLER
"FUN_180073aa0"	180073aa0	"FUN_1800674a0"	1800674a0	CALLER
"FUN_180073b10"	180073b10	"FUN_1800674a0"	1800674a0	CALLER
"FUN_180074030"	180074030	"FUN_1800674a0"	1800674a0	CALLER
"FUN_180075860"	180075860	"FUN_1800674a0"	1800674a0	CALLER
"FUN_1800740f0"	1800740f0	"FUN_1800674a0"	1800674a0	CALLER
"FUN_180074160"	180074160	"FUN_1800674a0"	1800674a0	CALLER
"FUN_180075ad0"	180075ad0	"FUN_1800674a0"	1800674a0	CALLER
"FUN_1800758d0"	1800758d0	"FUN_1800674a0"	1800674a0	CALLER
"FUN_1800741f0"	1800741f0	"FUN_1800674a0"	1800674a0	CALLER
"FUN_180075950"	180075950	"FUN_1800674a0"	1800674a0	CALLER
"FUN_18008c980"	18008c980	"FUN_1800674a0"	1800674a0	CALLER
"FUN_180074300"	180074300	"FUN_1800674a0"	1800674a0	CALLER
"FUN_180074480"	180074480	"FUN_1800674a0"	1800674a0	CALLER
"FUN_180074580"	180074580	"FUN_1800674a0"	1800674a0	CALLER
"FUN_180074680"	180074680	"FUN_1800674a0"	1800674a0	CALLER
"FUN_180074800"	180074800	"FUN_1800674a0"	1800674a0	CALLER
"FUN_180074980"	180074980	"FUN_1800674a0"	1800674a0	CALLER
"FUN_180074b00"	180074b00	"FUN_1800674a0"	1800674a0	CALLER
"FUN_180074b90"	180074b90	"FUN_1800674a0"	1800674a0	CALLER
"FUN_180074c20"	180074c20	"FUN_1800674a0"	1800674a0	CALLER
"FUN_180074da0"	180074da0	"FUN_1800674a0"	1800674a0	CALLER
"FUN_180074f20"	180074f20	"FUN_1800674a0"	1800674a0	CALLER
"FUN_1800750a0"	1800750a0	"FUN_1800674a0"	1800674a0	CALLER
"FUN_180075120"	180075120	"FUN_1800674a0"	1800674a0	CALLER
"FUN_1800751a0"	1800751a0	"FUN_1800674a0"	1800674a0	CALLER
"FUN_180075220"	180075220	"FUN_1800674a0"	1800674a0	CALLER
"FUN_1800752a0"	1800752a0	"FUN_1800674a0"	1800674a0	CALLER
"FUN_180075320"	180075320	"FUN_1800674a0"	1800674a0	CALLER
"FUN_1800753a0"	1800753a0	"FUN_1800674a0"	1800674a0	CALLER
"FUN_180075420"	180075420	"FUN_1800674a0"	1800674a0	CALLER
"FUN_1800754f0"	1800754f0	"FUN_1800674a0"	1800674a0	CALLER
"FUN_180075560"	180075560	"FUN_1800674a0"	1800674a0	CALLER
"FUN_1800755e0"	1800755e0	"FUN_1800674a0"	1800674a0	CALLER
"FUN_180075660"	180075660	"FUN_1800674a0"	1800674a0	CALLER
"FUN_1800756e0"	1800756e0	"FUN_1800674a0"	1800674a0	CALLER
"FUN_180075760"	180075760	"FUN_1800674a0"	1800674a0	CALLER
"FUN_1800757e0"	1800757e0	"FUN_1800674a0"	1800674a0	CALLER
"FUN_180076880"	180076880	"FUN_1800674a0"	1800674a0	CALLER
"FUN_180075da0"	180075da0	"FUN_1800674a0"	1800674a0	CALLER
"FUN_180075e20"	180075e20	"FUN_1800674a0"	1800674a0	CALLER
"FUN_180075fa0"	180075fa0	"FUN_1800674a0"	1800674a0	CALLER
"FUN_180076020"	180076020	"FUN_1800674a0"	1800674a0	CALLER
"FUN_1800761a0"	1800761a0	"FUN_1800674a0"	1800674a0	CALLER
"FUN_180076970"	180076970	"FUN_1800674a0"	1800674a0	CALLER
"FUN_180076970"	180076970	"FUN_1800674a0"	1800674a0	CALLER
"FUN_180076230"	180076230	"FUN_1800674a0"	1800674a0	CALLER
"FUN_1800763b0"	1800763b0	"FUN_1800674a0"	1800674a0	CALLER
"FUN_180076430"	180076430	"FUN_1800674a0"	1800674a0	CALLER
"FUN_1800765b0"	1800765b0	"FUN_1800674a0"	1800674a0	CALLER
"FUN_180076630"	180076630	"FUN_1800674a0"	1800674a0	CALLER
"FUN_1800766b0"	1800766b0	"FUN_1800674a0"	1800674a0	CALLER
"FUN_180076730"	180076730	"FUN_1800674a0"	1800674a0	CALLER
"FUN_1800767b0"	1800767b0	"FUN_1800674a0"	1800674a0	CALLER
"FUN_1800768f0"	1800768f0	"FUN_1800674a0"	1800674a0	CALLER
"FUN_180076e50"	180076e50	"FUN_1800674a0"	1800674a0	CALLER
"FUN_180078710"	180078710	"FUN_1800674a0"	1800674a0	CALLER
"FUN_180076f70"	180076f70	"FUN_1800674a0"	1800674a0	CALLER
"FUN_180077060"	180077060	"FUN_1800674a0"	1800674a0	CALLER
"FUN_180077100"	180077100	"FUN_1800674a0"	1800674a0	CALLER
"FUN_1800771e0"	1800771e0	"FUN_1800674a0"	1800674a0	CALLER
"FUN_1800772c0"	1800772c0	"FUN_1800674a0"	1800674a0	CALLER
"FUN_180077340"	180077340	"FUN_1800674a0"	1800674a0	CALLER
"FUN_180077420"	180077420	"FUN_1800674a0"	1800674a0	CALLER
"FUN_1800774c0"	1800774c0	"FUN_1800674a0"	1800674a0	CALLER
"FUN_180077640"	180077640	"FUN_1800674a0"	1800674a0	CALLER
"FUN_1800776b0"	1800776b0	"FUN_1800674a0"	1800674a0	CALLER
"FUN_180077720"	180077720	"FUN_1800674a0"	1800674a0	CALLER
"FUN_180077790"	180077790	"FUN_1800674a0"	1800674a0	CALLER
"FUN_180077830"	180077830	"FUN_1800674a0"	1800674a0	CALLER
"FUN_180078930"	180078930	"FUN_1800674a0"	1800674a0	CALLER
"FUN_180078930"	180078930	"FUN_1800674a0"	1800674a0	CALLER
"FUN_180077920"	180077920	"FUN_1800674a0"	1800674a0	CALLER
"FUN_18008d7d0"	18008d7d0	"FUN_1800674a0"	1800674a0	CALLER
"FUN_1800779b0"	1800779b0	"FUN_1800674a0"	1800674a0	CALLER
"FUN_180078ad0"	180078ad0	"FUN_1800674a0"	1800674a0	CALLER
"FUN_180078ad0"	180078ad0	"FUN_1800674a0"	1800674a0	CALLER
"FUN_180077aa0"	180077aa0	"FUN_1800674a0"	1800674a0	CALLER
"FUN_180077b50"	180077b50	"FUN_1800674a0"	1800674a0	CALLER
"FUN_180077c10"	180077c10	"FUN_1800674a0"	1800674a0	CALLER
"FUN_180077c90"	180077c90	"FUN_1800674a0"	1800674a0	CALLER
"FUN_180077d10"	180077d10	"FUN_1800674a0"	1800674a0	CALLER
"FUN_180077db0"	180077db0	"FUN_1800674a0"	1800674a0	CALLER
"FUN_180077e30"	180077e30	"FUN_1800674a0"	1800674a0	CALLER
"FUN_180077f40"	180077f40	"FUN_1800674a0"	1800674a0	CALLER
"FUN_180078050"	180078050	"FUN_1800674a0"	1800674a0	CALLER
"FUN_180078180"	180078180	"FUN_1800674a0"	1800674a0	CALLER
"FUN_180078780"	180078780	"FUN_1800674a0"	1800674a0	CALLER
"FUN_180078260"	180078260	"FUN_1800674a0"	1800674a0	CALLER
"FUN_180078360"	180078360	"FUN_1800674a0"	1800674a0	CALLER
"FUN_1800783f0"	1800783f0	"FUN_1800674a0"	1800674a0	CALLER
"FUN_1800784a0"	1800784a0	"FUN_1800674a0"	1800674a0	CALLER
"FUN_180078600"	180078600	"FUN_1800674a0"	1800674a0	CALLER
"FUN_18007a1f0"	18007a1f0	"FUN_1800674a0"	1800674a0	CALLER
"FUN_18007a390"	18007a390	"FUN_1800674a0"	1800674a0	CALLER
"FUN_18007a4c0"	18007a4c0	"FUN_1800674a0"	1800674a0	CALLER
"FUN_18007a6d0"	18007a6d0	"FUN_1800674a0"	1800674a0	CALLER
"FUN_18007a7b0"	18007a7b0	"FUN_1800674a0"	1800674a0	CALLER
"FUN_18007a820"	18007a820	"FUN_1800674a0"	1800674a0	CALLER
"FUN_18007a8a0"	18007a8a0	"FUN_1800674a0"	1800674a0	CALLER
"FUN_18007a920"	18007a920	"FUN_1800674a0"	1800674a0	CALLER
"FUN_18007aa50"	18007aa50	"FUN_1800674a0"	1800674a0	CALLER
"FUN_18007ab50"	18007ab50	"FUN_1800674a0"	1800674a0	CALLER
"FUN_18007ac50"	18007ac50	"FUN_1800674a0"	1800674a0	CALLER
"FUN_18007ad20"	18007ad20	"FUN_1800674a0"	1800674a0	CALLER
"FUN_18007adf0"	18007adf0	"FUN_1800674a0"	1800674a0	CALLER
"FUN_18007af00"	18007af00	"FUN_1800674a0"	1800674a0	CALLER
"FUN_18007af70"	18007af70	"FUN_1800674a0"	1800674a0	CALLER
"FUN_18007aff0"	18007aff0	"FUN_1800674a0"	1800674a0	CALLER
"FUN_18007b070"	18007b070	"FUN_1800674a0"	1800674a0	CALLER
"FUN_18007b270"	18007b270	"FUN_1800674a0"	1800674a0	CALLER
"FUN_18007b300"	18007b300	"FUN_1800674a0"	1800674a0	CALLER
"FUN_18007b360"	18007b360	"FUN_1800674a0"	1800674a0	CALLER
"FUN_18007b3c0"	18007b3c0	"FUN_1800674a0"	1800674a0	CALLER
"FUN_18007b480"	18007b480	"FUN_1800674a0"	1800674a0	CALLER
"FUN_18007b480"	18007b480	"FUN_1800674a0"	1800674a0	CALLER
"FUN_18007b630"	18007b630	"FUN_1800674a0"	1800674a0	CALLER
"FUN_18007b630"	18007b630	"FUN_1800674a0"	1800674a0	CALLER
"FUN_18007b7e0"	18007b7e0	"FUN_1800674a0"	1800674a0	CALLER
"FUN_18007b7e0"	18007b7e0	"FUN_1800674a0"	1800674a0	CALLER
"FUN_18007b980"	18007b980	"FUN_1800674a0"	1800674a0	CALLER
"FUN_18007b980"	18007b980	"FUN_1800674a0"	1800674a0	CALLER
"FUN_18007bb20"	18007bb20	"FUN_1800674a0"	1800674a0	CALLER
"FUN_18007bca0"	18007bca0	"FUN_1800674a0"	1800674a0	CALLER
"FUN_18007be10"	18007be10	"FUN_1800674a0"	1800674a0	CALLER
"FUN_18007bf30"	18007bf30	"FUN_1800674a0"	1800674a0	CALLER
"FUN_18007c070"	18007c070	"FUN_1800674a0"	1800674a0	CALLER
"FUN_18007c190"	18007c190	"FUN_1800674a0"	1800674a0	CALLER
"FUN_18007c4b0"	18007c4b0	"FUN_1800674a0"	1800674a0	CALLER
"FUN_18007c520"	18007c520	"FUN_1800674a0"	1800674a0	CALLER
"FUN_18007c5a0"	18007c5a0	"FUN_1800674a0"	1800674a0	CALLER
"FUN_18007c620"	18007c620	"FUN_1800674a0"	1800674a0	CALLER
"FUN_18007c720"	18007c720	"FUN_1800674a0"	1800674a0	CALLER
"FUN_18007c780"	18007c780	"FUN_1800674a0"	1800674a0	CALLER
"FUN_18007c780"	18007c780	"FUN_1800674a0"	1800674a0	CALLER
"FUN_18007c920"	18007c920	"FUN_1800674a0"	1800674a0	CALLER
"FUN_18007cd30"	18007cd30	"FUN_1800674a0"	1800674a0	CALLER
"FUN_18007cda0"	18007cda0	"FUN_1800674a0"	1800674a0	CALLER
"FUN_18007ce20"	18007ce20	"FUN_1800674a0"	1800674a0	CALLER
"FUN_18007cea0"	18007cea0	"FUN_1800674a0"	1800674a0	CALLER
"FUN_18007d0f0"	18007d0f0	"FUN_1800674a0"	1800674a0	CALLER
"FUN_18007d1e0"	18007d1e0	"FUN_1800674a0"	1800674a0	CALLER
"FUN_18007d400"	18007d400	"FUN_1800674a0"	1800674a0	CALLER
"FUN_18007d6a0"	18007d6a0	"FUN_1800674a0"	1800674a0	CALLER
"FUN_18007d840"	18007d840	"FUN_1800674a0"	1800674a0	CALLER
"FUN_18007d940"	18007d940	"FUN_1800674a0"	1800674a0	CALLER
"FUN_18007da40"	18007da40	"FUN_1800674a0"	1800674a0	CALLER
"FUN_18007db50"	18007db50	"FUN_1800674a0"	1800674a0	CALLER
"FUN_18007dc90"	18007dc90	"FUN_1800674a0"	1800674a0	CALLER
"FUN_18007ddd0"	18007ddd0	"FUN_1800674a0"	1800674a0	CALLER
"FUN_18007df00"	18007df00	"FUN_1800674a0"	1800674a0	CALLER
"FUN_18007df70"	18007df70	"FUN_1800674a0"	1800674a0	CALLER
"FUN_18007dff0"	18007dff0	"FUN_1800674a0"	1800674a0	CALLER
"FUN_18007e070"	18007e070	"FUN_1800674a0"	1800674a0	CALLER
"FUN_18007e240"	18007e240	"FUN_1800674a0"	1800674a0	CALLER
"FUN_18007e2a0"	18007e2a0	"FUN_1800674a0"	1800674a0	CALLER
"FUN_18007e300"	18007e300	"FUN_1800674a0"	1800674a0	CALLER
"FUN_18007e3b0"	18007e3b0	"FUN_1800674a0"	1800674a0	CALLER
"FUN_18007e3b0"	18007e3b0	"FUN_1800674a0"	1800674a0	CALLER
"FUN_18007e550"	18007e550	"FUN_1800674a0"	1800674a0	CALLER
"FUN_18007e550"	18007e550	"FUN_1800674a0"	1800674a0	CALLER
"FUN_18007e700"	18007e700	"FUN_1800674a0"	1800674a0	CALLER
"FUN_18007e700"	18007e700	"FUN_1800674a0"	1800674a0	CALLER
"FUN_18007e8a0"	18007e8a0	"FUN_1800674a0"	1800674a0	CALLER
"FUN_18007ea30"	18007ea30	"FUN_1800674a0"	1800674a0	CALLER
"FUN_18007ebe0"	18007ebe0	"FUN_1800674a0"	1800674a0	CALLER
"FUN_18007ed30"	18007ed30	"FUN_1800674a0"	1800674a0	CALLER
"FUN_18007eda0"	18007eda0	"FUN_1800674a0"	1800674a0	CALLER
"FUN_18007ee20"	18007ee20	"FUN_1800674a0"	1800674a0	CALLER
"FUN_18007eea0"	18007eea0	"FUN_1800674a0"	1800674a0	CALLER
"FUN_18007f340"	18007f340	"FUN_1800674a0"	1800674a0	CALLER
"FUN_18007f470"	18007f470	"FUN_1800674a0"	1800674a0	CALLER
"FUN_18007f690"	18007f690	"FUN_1800674a0"	1800674a0	CALLER
"FUN_18007f700"	18007f700	"FUN_1800674a0"	1800674a0	CALLER
"FUN_18007f780"	18007f780	"FUN_1800674a0"	1800674a0	CALLER
"FUN_18007f800"	18007f800	"FUN_1800674a0"	1800674a0	CALLER
"FUN_18007f900"	18007f900	"FUN_1800674a0"	1800674a0	CALLER
"FUN_18007fa50"	18007fa50	"FUN_1800674a0"	1800674a0	CALLER
"FUN_18007fac0"	18007fac0	"FUN_1800674a0"	1800674a0	CALLER
"FUN_18007fb40"	18007fb40	"FUN_1800674a0"	1800674a0	CALLER
"FUN_18007fbc0"	18007fbc0	"FUN_1800674a0"	1800674a0	CALLER
"FUN_18007fce0"	18007fce0	"FUN_1800674a0"	1800674a0	CALLER
"FUN_18007fdc0"	18007fdc0	"FUN_1800674a0"	1800674a0	CALLER
"FUN_18007fec0"	18007fec0	"FUN_1800674a0"	1800674a0	CALLER
"FUN_18007ffc0"	18007ffc0	"FUN_1800674a0"	1800674a0	CALLER
"FUN_180080030"	180080030	"FUN_1800674a0"	1800674a0	CALLER
"FUN_1800800b0"	1800800b0	"FUN_1800674a0"	1800674a0	CALLER
"FUN_180080130"	180080130	"FUN_1800674a0"	1800674a0	CALLER
"FUN_180080260"	180080260	"FUN_1800674a0"	1800674a0	CALLER
"FUN_180080390"	180080390	"FUN_1800674a0"	1800674a0	CALLER
"FUN_1800804b0"	1800804b0	"FUN_1800674a0"	1800674a0	CALLER
"FUN_1800805d0"	1800805d0	"FUN_1800674a0"	1800674a0	CALLER
"FUN_1800806f0"	1800806f0	"FUN_1800674a0"	1800674a0	CALLER
"FUN_180080830"	180080830	"FUN_1800674a0"	1800674a0	CALLER
"FUN_1800808a0"	1800808a0	"FUN_1800674a0"	1800674a0	CALLER
"FUN_180080920"	180080920	"FUN_1800674a0"	1800674a0	CALLER
"FUN_1800809a0"	1800809a0	"FUN_1800674a0"	1800674a0	CALLER
"FUN_180080b70"	180080b70	"FUN_1800674a0"	1800674a0	CALLER
"FUN_180080c20"	180080c20	"FUN_1800674a0"	1800674a0	CALLER
"FUN_180080c20"	180080c20	"FUN_1800674a0"	1800674a0	CALLER
"FUN_180080dc0"	180080dc0	"FUN_1800674a0"	1800674a0	CALLER
"FUN_180080f60"	180080f60	"FUN_1800674a0"	1800674a0	CALLER
"FUN_180081040"	180081040	"FUN_1800674a0"	1800674a0	CALLER
"FUN_1800812b0"	1800812b0	"FUN_1800674a0"	1800674a0	CALLER
"FUN_180081390"	180081390	"FUN_1800674a0"	1800674a0	CALLER
"FUN_180081400"	180081400	"FUN_1800674a0"	1800674a0	CALLER
"FUN_180081480"	180081480	"FUN_1800674a0"	1800674a0	CALLER
"FUN_180081500"	180081500	"FUN_1800674a0"	1800674a0	CALLER
"FUN_180081610"	180081610	"FUN_1800674a0"	1800674a0	CALLER
"FUN_1800818f0"	1800818f0	"FUN_1800674a0"	1800674a0	CALLER
"FUN_180081960"	180081960	"FUN_1800674a0"	1800674a0	CALLER
"FUN_1800819e0"	1800819e0	"FUN_1800674a0"	1800674a0	CALLER
"FUN_180081a60"	180081a60	"FUN_1800674a0"	1800674a0	CALLER
"FUN_180081d70"	180081d70	"FUN_1800674a0"	1800674a0	CALLER
"FUN_180081e50"	180081e50	"FUN_1800674a0"	1800674a0	CALLER
"FUN_180081f40"	180081f40	"FUN_1800674a0"	1800674a0	CALLER
"FUN_180082020"	180082020	"FUN_1800674a0"	1800674a0	CALLER
"FUN_180082c30"	180082c30	"FUN_1800674a0"	1800674a0	CALLER
"FUN_180082d30"	180082d30	"FUN_1800674a0"	1800674a0	CALLER
"FUN_180082da0"	180082da0	"FUN_1800674a0"	1800674a0	CALLER
"FUN_180082e20"	180082e20	"FUN_1800674a0"	1800674a0	CALLER
"FUN_180082ea0"	180082ea0	"FUN_1800674a0"	1800674a0	CALLER
"FUN_180082fc0"	180082fc0	"FUN_1800674a0"	1800674a0	CALLER
"FUN_1800830f0"	1800830f0	"FUN_1800674a0"	1800674a0	CALLER
"FUN_1800832e0"	1800832e0	"FUN_1800674a0"	1800674a0	CALLER
"FUN_180083410"	180083410	"FUN_1800674a0"	1800674a0	CALLER
"FUN_180083530"	180083530	"FUN_1800674a0"	1800674a0	CALLER
"FUN_1800835a0"	1800835a0	"FUN_1800674a0"	1800674a0	CALLER
"FUN_180083620"	180083620	"FUN_1800674a0"	1800674a0	CALLER
"FUN_1800836a0"	1800836a0	"FUN_1800674a0"	1800674a0	CALLER
"FUN_1800837c0"	1800837c0	"FUN_1800674a0"	1800674a0	CALLER
"FUN_180083820"	180083820	"FUN_1800674a0"	1800674a0	CALLER
"FUN_180083880"	180083880	"FUN_1800674a0"	1800674a0	CALLER
"FUN_180083880"	180083880	"FUN_1800674a0"	1800674a0	CALLER
"FUN_180083a20"	180083a20	"FUN_1800674a0"	1800674a0	CALLER
"FUN_180083a20"	180083a20	"FUN_1800674a0"	1800674a0	CALLER
"FUN_180083bc0"	180083bc0	"FUN_1800674a0"	1800674a0	CALLER
"FUN_180083cc0"	180083cc0	"FUN_1800674a0"	1800674a0	CALLER
"FUN_180083e70"	180083e70	"FUN_1800674a0"	1800674a0	CALLER
"FUN_180084000"	180084000	"FUN_1800674a0"	1800674a0	CALLER
"FUN_180084070"	180084070	"FUN_1800674a0"	1800674a0	CALLER
"FUN_1800840f0"	1800840f0	"FUN_1800674a0"	1800674a0	CALLER
"FUN_180084170"	180084170	"FUN_1800674a0"	1800674a0	CALLER
"FUN_1800842b0"	1800842b0	"FUN_1800674a0"	1800674a0	CALLER
"FUN_180084310"	180084310	"FUN_1800674a0"	1800674a0	CALLER
"FUN_180084370"	180084370	"FUN_1800674a0"	1800674a0	CALLER
"FUN_180084370"	180084370	"FUN_1800674a0"	1800674a0	CALLER
"FUN_180084510"	180084510	"FUN_1800674a0"	1800674a0	CALLER
"FUN_180084510"	180084510	"FUN_1800674a0"	1800674a0	CALLER
"FUN_1800846b0"	1800846b0	"FUN_1800674a0"	1800674a0	CALLER
"FUN_1800846b0"	1800846b0	"FUN_1800674a0"	1800674a0	CALLER
"FUN_180084860"	180084860	"FUN_1800674a0"	1800674a0	CALLER
"FUN_180084960"	180084960	"FUN_1800674a0"	1800674a0	CALLER
"FUN_180084a90"	180084a90	"FUN_1800674a0"	1800674a0	CALLER
"FUN_180084c60"	180084c60	"FUN_1800674a0"	1800674a0	CALLER
"FUN_180084d40"	180084d40	"FUN_1800674a0"	1800674a0	CALLER
"FUN_180084e70"	180084e70	"FUN_1800674a0"	1800674a0	CALLER
"FUN_180084f50"	180084f50	"FUN_1800674a0"	1800674a0	CALLER
"FUN_180084fc0"	180084fc0	"FUN_1800674a0"	1800674a0	CALLER
"FUN_180085040"	180085040	"FUN_1800674a0"	1800674a0	CALLER
"FUN_1800850c0"	1800850c0	"FUN_1800674a0"	1800674a0	CALLER
"FUN_180085560"	180085560	"FUN_1800674a0"	1800674a0	CALLER
"FUN_1800856e0"	1800856e0	"FUN_1800674a0"	1800674a0	CALLER
"FUN_180085a10"	180085a10	"FUN_1800674a0"	1800674a0	CALLER
"FUN_180085cf0"	180085cf0	"FUN_1800674a0"	1800674a0	CALLER
"FUN_180085f60"	180085f60	"FUN_1800674a0"	1800674a0	CALLER
"FUN_180086150"	180086150	"FUN_1800674a0"	1800674a0	CALLER
"FUN_180086350"	180086350	"FUN_1800674a0"	1800674a0	CALLER
"FUN_180086500"	180086500	"FUN_1800674a0"	1800674a0	CALLER
"FUN_180086610"	180086610	"FUN_1800674a0"	1800674a0	CALLER
"FUN_180086880"	180086880	"FUN_1800674a0"	1800674a0	CALLER
"FUN_180086980"	180086980	"FUN_1800674a0"	1800674a0	CALLER
"FUN_180086ad0"	180086ad0	"FUN_1800674a0"	1800674a0	CALLER
"FUN_180086bd0"	180086bd0	"FUN_1800674a0"	1800674a0	CALLER
"FUN_180086c40"	180086c40	"FUN_1800674a0"	1800674a0	CALLER
"FUN_180086cc0"	180086cc0	"FUN_1800674a0"	1800674a0	CALLER
"FUN_180086d40"	180086d40	"FUN_1800674a0"	1800674a0	CALLER
"FUN_1800871d0"	1800871d0	"FUN_1800674a0"	1800674a0	CALLER
"FUN_180087230"	180087230	"FUN_1800674a0"	1800674a0	CALLER
"FUN_180087290"	180087290	"FUN_1800674a0"	1800674a0	CALLER
"FUN_1800872f0"	1800872f0	"FUN_1800674a0"	1800674a0	CALLER
"FUN_1800872f0"	1800872f0	"FUN_1800674a0"	1800674a0	CALLER
"FUN_180087490"	180087490	"FUN_1800674a0"	1800674a0	CALLER
"FUN_180087490"	180087490	"FUN_1800674a0"	1800674a0	CALLER
"FUN_180087630"	180087630	"FUN_1800674a0"	1800674a0	CALLER
"FUN_180087630"	180087630	"FUN_1800674a0"	1800674a0	CALLER
"FUN_1800877e0"	1800877e0	"FUN_1800674a0"	1800674a0	CALLER
"FUN_1800877e0"	1800877e0	"FUN_1800674a0"	1800674a0	CALLER
"FUN_180087980"	180087980	"FUN_1800674a0"	1800674a0	CALLER
"FUN_180087980"	180087980	"FUN_1800674a0"	1800674a0	CALLER
"FUN_180087b20"	180087b20	"FUN_1800674a0"	1800674a0	CALLER
"FUN_180087b20"	180087b20	"FUN_1800674a0"	1800674a0	CALLER
"FUN_180087cc0"	180087cc0	"FUN_1800674a0"	1800674a0	CALLER
"FUN_180087cc0"	180087cc0	"FUN_1800674a0"	1800674a0	CALLER
"FUN_180087ef0"	180087ef0	"FUN_1800674a0"	1800674a0	CALLER
"FUN_180088190"	180088190	"FUN_1800674a0"	1800674a0	CALLER
"FUN_1800883f0"	1800883f0	"FUN_1800674a0"	1800674a0	CALLER
"FUN_180088560"	180088560	"FUN_1800674a0"	1800674a0	CALLER
"FUN_180088710"	180088710	"FUN_1800674a0"	1800674a0	CALLER
"FUN_1800887f0"	1800887f0	"FUN_1800674a0"	1800674a0	CALLER
"FUN_180088980"	180088980	"FUN_1800674a0"	1800674a0	CALLER
"FUN_180088a60"	180088a60	"FUN_1800674a0"	1800674a0	CALLER
"FUN_180088bc0"	180088bc0	"FUN_1800674a0"	1800674a0	CALLER
"FUN_180088ce0"	180088ce0	"FUN_1800674a0"	1800674a0	CALLER
"FUN_180088dc0"	180088dc0	"FUN_1800674a0"	1800674a0	CALLER
"FUN_1800890b0"	1800890b0	"FUN_1800674a0"	1800674a0	CALLER
"FUN_180089120"	180089120	"FUN_1800674a0"	1800674a0	CALLER
"FUN_1800891a0"	1800891a0	"FUN_1800674a0"	1800674a0	CALLER
"FUN_180089220"	180089220	"FUN_1800674a0"	1800674a0	CALLER
"FUN_18008a710"	18008a710	"FUN_1800674a0"	1800674a0	CALLER
"FUN_1800893c0"	1800893c0	"FUN_1800674a0"	1800674a0	CALLER
"FUN_180089430"	180089430	"FUN_1800674a0"	1800674a0	CALLER
"FUN_18008a960"	18008a960	"FUN_1800674a0"	1800674a0	CALLER
"FUN_18008abb0"	18008abb0	"FUN_1800674a0"	1800674a0	CALLER
"FUN_18008abb0"	18008abb0	"FUN_1800674a0"	1800674a0	CALLER
"FUN_18009a670"	18009a670	"FUN_1800674a0"	1800674a0	CALLER
"FUN_180089600"	180089600	"FUN_1800674a0"	1800674a0	CALLER
"FUN_180089670"	180089670	"FUN_1800674a0"	1800674a0	CALLER
"FUN_1800896e0"	1800896e0	"FUN_1800674a0"	1800674a0	CALLER
"FUN_180089790"	180089790	"FUN_1800674a0"	1800674a0	CALLER
"FUN_180089820"	180089820	"FUN_1800674a0"	1800674a0	CALLER
"FUN_1800899a0"	1800899a0	"FUN_1800674a0"	1800674a0	CALLER
"FUN_180089b20"	180089b20	"FUN_1800674a0"	1800674a0	CALLER
"FUN_180089bb0"	180089bb0	"FUN_1800674a0"	1800674a0	CALLER
"FUN_180089c90"	180089c90	"FUN_1800674a0"	1800674a0	CALLER
"FUN_180089d80"	180089d80	"FUN_1800674a0"	1800674a0	CALLER
"FUN_180089f00"	180089f00	"FUN_1800674a0"	1800674a0	CALLER
"FUN_18008ad50"	18008ad50	"FUN_1800674a0"	1800674a0	CALLER
"FUN_18008ad50"	18008ad50	"FUN_1800674a0"	1800674a0	CALLER
"FUN_180089f90"	180089f90	"FUN_1800674a0"	1800674a0	CALLER
"FUN_18008a010"	18008a010	"FUN_1800674a0"	1800674a0	CALLER
"FUN_18008a090"	18008a090	"FUN_1800674a0"	1800674a0	CALLER
"FUN_18008a110"	18008a110	"FUN_1800674a0"	1800674a0	CALLER
"FUN_18008a190"	18008a190	"FUN_1800674a0"	1800674a0	CALLER
"FUN_18008a210"	18008a210	"FUN_1800674a0"	1800674a0	CALLER
"FUN_18008a300"	18008a300	"FUN_1800674a0"	1800674a0	CALLER
"FUN_18008a390"	18008a390	"FUN_1800674a0"	1800674a0	CALLER
"FUN_18008a400"	18008a400	"FUN_1800674a0"	1800674a0	CALLER
"FUN_18008a470"	18008a470	"FUN_1800674a0"	1800674a0	CALLER
"FUN_18008a4e0"	18008a4e0	"FUN_1800674a0"	1800674a0	CALLER
"FUN_18008a780"	18008a780	"FUN_1800674a0"	1800674a0	CALLER
"FUN_18008a5b0"	18008a5b0	"FUN_1800674a0"	1800674a0	CALLER
"FUN_18008a620"	18008a620	"FUN_1800674a0"	1800674a0	CALLER
"FUN_18008a870"	18008a870	"FUN_1800674a0"	1800674a0	CALLER
"FUN_18008b910"	18008b910	"FUN_1800674a0"	1800674a0	CALLER
"FUN_18008a800"	18008a800	"FUN_1800674a0"	1800674a0	CALLER
"FUN_18008aa50"	18008aa50	"FUN_1800674a0"	1800674a0	CALLER
"FUN_18008aac0"	18008aac0	"FUN_1800674a0"	1800674a0	CALLER
"FUN_18008b820"	18008b820	"FUN_1800674a0"	1800674a0	CALLER
"FUN_18008b1c0"	18008b1c0	"FUN_1800674a0"	1800674a0	CALLER
"FUN_18008b250"	18008b250	"FUN_1800674a0"	1800674a0	CALLER
"FUN_18008b2e0"	18008b2e0	"FUN_1800674a0"	1800674a0	CALLER
"FUN_18008b460"	18008b460	"FUN_1800674a0"	1800674a0	CALLER
"FUN_18008b9a0"	18008b9a0	"FUN_1800674a0"	1800674a0	CALLER
"FUN_18008b9a0"	18008b9a0	"FUN_1800674a0"	1800674a0	CALLER
"FUN_18008b4f0"	18008b4f0	"FUN_1800674a0"	1800674a0	CALLER
"FUN_18008b550"	18008b550	"FUN_1800674a0"	1800674a0	CALLER
"FUN_18008b5d0"	18008b5d0	"FUN_1800674a0"	1800674a0	CALLER
"FUN_18008b650"	18008b650	"FUN_1800674a0"	1800674a0	CALLER
"FUN_18008b6d0"	18008b6d0	"FUN_1800674a0"	1800674a0	CALLER
"FUN_18008b750"	18008b750	"FUN_1800674a0"	1800674a0	CALLER
"FUN_18008b890"	18008b890	"FUN_1800674a0"	1800674a0	CALLER
"FUN_18008bc40"	18008bc40	"FUN_1800674a0"	1800674a0	CALLER
"FUN_18008bd20"	18008bd20	"FUN_1800674a0"	1800674a0	CALLER
"FUN_18008bdd0"	18008bdd0	"FUN_1800674a0"	1800674a0	CALLER
"FUN_18008c770"	18008c770	"FUN_1800674a0"	1800674a0	CALLER
"FUN_18008bea0"	18008bea0	"FUN_1800674a0"	1800674a0	CALLER
"FUN_18008bf70"	18008bf70	"FUN_1800674a0"	1800674a0	CALLER
"FUN_18008c040"	18008c040	"FUN_1800674a0"	1800674a0	CALLER
"FUN_18008c110"	18008c110	"FUN_1800674a0"	1800674a0	CALLER
"FUN_18008c190"	18008c190	"FUN_1800674a0"	1800674a0	CALLER
"FUN_18008c250"	18008c250	"FUN_1800674a0"	1800674a0	CALLER
"FUN_18008c2d0"	18008c2d0	"FUN_1800674a0"	1800674a0	CALLER
"FUN_18008c350"	18008c350	"FUN_1800674a0"	1800674a0	CALLER
"FUN_18008c3d0"	18008c3d0	"FUN_1800674a0"	1800674a0	CALLER
"FUN_18008c470"	18008c470	"FUN_1800674a0"	1800674a0	CALLER
"FUN_18008c4f0"	18008c4f0	"FUN_1800674a0"	1800674a0	CALLER
"FUN_18008c860"	18008c860	"FUN_1800674a0"	1800674a0	CALLER
"FUN_18008c600"	18008c600	"FUN_1800674a0"	1800674a0	CALLER
"FUN_18008c7e0"	18008c7e0	"FUN_1800674a0"	1800674a0	CALLER
"FUN_18008c6d0"	18008c6d0	"FUN_1800674a0"	1800674a0	CALLER
"FUN_18008cf90"	18008cf90	"FUN_1800674a0"	1800674a0	CALLER
"FUN_18008cb30"	18008cb30	"FUN_1800674a0"	1800674a0	CALLER
"FUN_18008cbb0"	18008cbb0	"FUN_1800674a0"	1800674a0	CALLER
"FUN_18008cc30"	18008cc30	"FUN_1800674a0"	1800674a0	CALLER
"FUN_18008ccb0"	18008ccb0	"FUN_1800674a0"	1800674a0	CALLER
"FUN_18008cd40"	18008cd40	"FUN_1800674a0"	1800674a0	CALLER
"FUN_18008cdc0"	18008cdc0	"FUN_1800674a0"	1800674a0	CALLER
"FUN_18008ce40"	18008ce40	"FUN_1800674a0"	1800674a0	CALLER
"FUN_18008cec0"	18008cec0	"FUN_1800674a0"	1800674a0	CALLER
"FUN_18008d000"	18008d000	"FUN_1800674a0"	1800674a0	CALLER
"FUN_18008d100"	18008d100	"FUN_1800674a0"	1800674a0	CALLER
"FUN_18008d480"	18008d480	"FUN_1800674a0"	1800674a0	CALLER
"FUN_18008d8f0"	18008d8f0	"FUN_1800674a0"	1800674a0	CALLER
"FUN_18008ddc0"	18008ddc0	"FUN_1800674a0"	1800674a0	CALLER
"FUN_18008dfc0"	18008dfc0	"FUN_1800674a0"	1800674a0	CALLER
"FUN_18008e030"	18008e030	"FUN_1800674a0"	1800674a0	CALLER
"FUN_18008e0b0"	18008e0b0	"FUN_1800674a0"	1800674a0	CALLER
"FUN_18008e130"	18008e130	"FUN_1800674a0"	1800674a0	CALLER
"FUN_18008e230"	18008e230	"FUN_1800674a0"	1800674a0	CALLER
"FUN_18008ec20"	18008ec20	"FUN_1800674a0"	1800674a0	CALLER
"FUN_18008e6e0"	18008e6e0	"FUN_1800674a0"	1800674a0	CALLER
"FUN_18008e800"	18008e800	"FUN_1800674a0"	1800674a0	CALLER
"FUN_18008e910"	18008e910	"FUN_1800674a0"	1800674a0	CALLER
"FUN_18008e990"	18008e990	"FUN_1800674a0"	1800674a0	CALLER
"FUN_18008ea10"	18008ea10	"FUN_1800674a0"	1800674a0	CALLER
"FUN_18008ec90"	18008ec90	"FUN_1800674a0"	1800674a0	CALLER
"FUN_18008eaf0"	18008eaf0	"FUN_1800674a0"	1800674a0	CALLER
"FUN_18008ed10"	18008ed10	"FUN_1800674a0"	1800674a0	CALLER
"FUN_18008ee20"	18008ee20	"FUN_1800674a0"	1800674a0	CALLER
"FUN_18008f200"	18008f200	"FUN_1800674a0"	1800674a0	CALLER
"FUN_18008f8f0"	18008f8f0	"FUN_1800674a0"	1800674a0	CALLER
"FUN_18008f320"	18008f320	"FUN_1800674a0"	1800674a0	CALLER
"FUN_18008f9e0"	18008f9e0	"FUN_1800674a0"	1800674a0	CALLER
"FUN_18008fad0"	18008fad0	"FUN_1800674a0"	1800674a0	CALLER
"FUN_1800a2da0"	1800a2da0	"FUN_1800674a0"	1800674a0	CALLER
"FUN_1800a32c0"	1800a32c0	"FUN_1800674a0"	1800674a0	CALLER
"FUN_18008f530"	18008f530	"FUN_1800674a0"	1800674a0	CALLER
"FUN_18008fbc0"	18008fbc0	"FUN_1800674a0"	1800674a0	CALLER
"FUN_18008fbc0"	18008fbc0	"FUN_1800674a0"	1800674a0	CALLER
"FUN_18008f5e0"	18008f5e0	"FUN_1800674a0"	1800674a0	CALLER
"FUN_18008f640"	18008f640	"FUN_1800674a0"	1800674a0	CALLER
"FUN_18008f6c0"	18008f6c0	"FUN_1800674a0"	1800674a0	CALLER
"FUN_18008f740"	18008f740	"FUN_1800674a0"	1800674a0	CALLER
"FUN_18008f7b0"	18008f7b0	"FUN_1800674a0"	1800674a0	CALLER
"FUN_18008f820"	18008f820	"FUN_1800674a0"	1800674a0	CALLER
"FUN_18008f960"	18008f960	"FUN_1800674a0"	1800674a0	CALLER
"FUN_180091080"	180091080	"FUN_1800674a0"	1800674a0	CALLER
"FUN_180091120"	180091120	"FUN_1800674a0"	1800674a0	CALLER
"FUN_1800911c0"	1800911c0	"FUN_1800674a0"	1800674a0	CALLER
"FUN_180093810"	180093810	"FUN_1800674a0"	1800674a0	CALLER
"FUN_180091290"	180091290	"FUN_1800674a0"	1800674a0	CALLER
"FUN_180091310"	180091310	"FUN_1800674a0"	1800674a0	CALLER
"FUN_1800913d0"	1800913d0	"FUN_1800674a0"	1800674a0	CALLER
"FUN_180091450"	180091450	"FUN_1800674a0"	1800674a0	CALLER
"FUN_180091570"	180091570	"FUN_1800674a0"	1800674a0	CALLER
"FUN_180091690"	180091690	"FUN_1800674a0"	1800674a0	CALLER
"FUN_180091730"	180091730	"FUN_1800674a0"	1800674a0	CALLER
"FUN_1800917d0"	1800917d0	"FUN_1800674a0"	1800674a0	CALLER
"FUN_180091860"	180091860	"FUN_1800674a0"	1800674a0	CALLER
"FUN_1800918e0"	1800918e0	"FUN_1800674a0"	1800674a0	CALLER
"FUN_180091970"	180091970	"FUN_1800674a0"	1800674a0	CALLER
"FUN_180091a00"	180091a00	"FUN_1800674a0"	1800674a0	CALLER
"FUN_180091a90"	180091a90	"FUN_1800674a0"	1800674a0	CALLER
"FUN_180091c10"	180091c10	"FUN_1800674a0"	1800674a0	CALLER
"FUN_180091d90"	180091d90	"FUN_1800674a0"	1800674a0	CALLER
"FUN_180091e30"	180091e30	"FUN_1800674a0"	1800674a0	CALLER
"FUN_180091ed0"	180091ed0	"FUN_1800674a0"	1800674a0	CALLER
"FUN_180091f60"	180091f60	"FUN_1800674a0"	1800674a0	CALLER
"FUN_180091ff0"	180091ff0	"FUN_1800674a0"	1800674a0	CALLER
"FUN_180092090"	180092090	"FUN_1800674a0"	1800674a0	CALLER
"FUN_180092130"	180092130	"FUN_1800674a0"	1800674a0	CALLER
"FUN_1800921b0"	1800921b0	"FUN_1800674a0"	1800674a0	CALLER
"FUN_180092230"	180092230	"FUN_1800674a0"	1800674a0	CALLER
"FUN_1800922e0"	1800922e0	"FUN_1800674a0"	1800674a0	CALLER
"FUN_180092390"	180092390	"FUN_1800674a0"	1800674a0	CALLER
"FUN_180092450"	180092450	"FUN_1800674a0"	1800674a0	CALLER
"FUN_1800924f0"	1800924f0	"FUN_1800674a0"	1800674a0	CALLER
"FUN_1800925c0"	1800925c0	"FUN_1800674a0"	1800674a0	CALLER
"FUN_180092660"	180092660	"FUN_1800674a0"	1800674a0	CALLER
"FUN_180092700"	180092700	"FUN_1800674a0"	1800674a0	CALLER
"FUN_1800927a0"	1800927a0	"FUN_1800674a0"	1800674a0	CALLER
"FUN_180092840"	180092840	"FUN_1800674a0"	1800674a0	CALLER
"FUN_1800928c0"	1800928c0	"FUN_1800674a0"	1800674a0	CALLER
"FUN_180092960"	180092960	"FUN_1800674a0"	1800674a0	CALLER
"FUN_180092a00"	180092a00	"FUN_1800674a0"	1800674a0	CALLER
"FUN_180093880"	180093880	"FUN_1800674a0"	1800674a0	CALLER
"FUN_180092ad0"	180092ad0	"FUN_1800674a0"	1800674a0	CALLER
"FUN_180092b70"	180092b70	"FUN_1800674a0"	1800674a0	CALLER
"FUN_180092c10"	180092c10	"FUN_1800674a0"	1800674a0	CALLER
"FUN_180092cb0"	180092cb0	"FUN_1800674a0"	1800674a0	CALLER
"FUN_180092d50"	180092d50	"FUN_1800674a0"	1800674a0	CALLER
"FUN_180092e10"	180092e10	"FUN_1800674a0"	1800674a0	CALLER
"FUN_180092ed0"	180092ed0	"FUN_1800674a0"	1800674a0	CALLER
"FUN_180092f70"	180092f70	"FUN_1800674a0"	1800674a0	CALLER
"FUN_180093010"	180093010	"FUN_1800674a0"	1800674a0	CALLER
"FUN_1800930b0"	1800930b0	"FUN_1800674a0"	1800674a0	CALLER
"FUN_180093150"	180093150	"FUN_1800674a0"	1800674a0	CALLER
"FUN_1800931f0"	1800931f0	"FUN_1800674a0"	1800674a0	CALLER
"FUN_180093290"	180093290	"FUN_1800674a0"	1800674a0	CALLER
"FUN_180093330"	180093330	"FUN_1800674a0"	1800674a0	CALLER
"FUN_1800933c0"	1800933c0	"FUN_1800674a0"	1800674a0	CALLER
"FUN_180093450"	180093450	"FUN_1800674a0"	1800674a0	CALLER
"FUN_1800934e0"	1800934e0	"FUN_1800674a0"	1800674a0	CALLER
"FUN_180093580"	180093580	"FUN_1800674a0"	1800674a0	CALLER
"FUN_180093620"	180093620	"FUN_1800674a0"	1800674a0	CALLER
"FUN_1800936d0"	1800936d0	"FUN_1800674a0"	1800674a0	CALLER
"FUN_180093770"	180093770	"FUN_1800674a0"	1800674a0	CALLER
"FUN_180096080"	180096080	"FUN_1800674a0"	1800674a0	CALLER
"FUN_180095d60"	180095d60	"FUN_1800674a0"	1800674a0	CALLER
"FUN_180095dd0"	180095dd0	"FUN_1800674a0"	1800674a0	CALLER
"FUN_180096170"	180096170	"FUN_1800674a0"	1800674a0	CALLER
"FUN_1800970b0"	1800970b0	"FUN_1800674a0"	1800674a0	CALLER
"FUN_180095eb0"	180095eb0	"FUN_1800674a0"	1800674a0	CALLER
"FUN_180095f30"	180095f30	"FUN_1800674a0"	1800674a0	CALLER
"FUN_180095fb0"	180095fb0	"FUN_1800674a0"	1800674a0	CALLER
"FUN_1800960f0"	1800960f0	"FUN_1800674a0"	1800674a0	CALLER
"FUN_180097210"	180097210	"FUN_1800674a0"	1800674a0	CALLER
"FUN_1800972f0"	1800972f0	"FUN_1800674a0"	1800674a0	CALLER
"FUN_1800973d0"	1800973d0	"FUN_1800674a0"	1800674a0	CALLER
"FUN_180097440"	180097440	"FUN_1800674a0"	1800674a0	CALLER
"FUN_1800974c0"	1800974c0	"FUN_1800674a0"	1800674a0	CALLER
"FUN_180097540"	180097540	"FUN_1800674a0"	1800674a0	CALLER
"FUN_180097700"	180097700	"FUN_1800674a0"	1800674a0	CALLER
"FUN_180097790"	180097790	"FUN_1800674a0"	1800674a0	CALLER
"FUN_180097850"	180097850	"FUN_1800674a0"	1800674a0	CALLER
"FUN_180097850"	180097850	"FUN_1800674a0"	1800674a0	CALLER
"FUN_180097b20"	180097b20	"FUN_1800674a0"	1800674a0	CALLER
"FUN_180097cb0"	180097cb0	"FUN_1800674a0"	1800674a0	CALLER
"FUN_180097e40"	180097e40	"FUN_1800674a0"	1800674a0	CALLER
"FUN_180098000"	180098000	"FUN_1800674a0"	1800674a0	CALLER
"FUN_180098170"	180098170	"FUN_1800674a0"	1800674a0	CALLER
"FUN_1800982e0"	1800982e0	"FUN_1800674a0"	1800674a0	CALLER
"FUN_1800985c0"	1800985c0	"FUN_1800674a0"	1800674a0	CALLER
"FUN_180098730"	180098730	"FUN_1800674a0"	1800674a0	CALLER
"FUN_1800987a0"	1800987a0	"FUN_1800674a0"	1800674a0	CALLER
"FUN_180098820"	180098820	"FUN_1800674a0"	1800674a0	CALLER
"FUN_1800988a0"	1800988a0	"FUN_1800674a0"	1800674a0	CALLER
"FUN_18009a490"	18009a490	"FUN_1800674a0"	1800674a0	CALLER
"FUN_180099080"	180099080	"FUN_1800674a0"	1800674a0	CALLER
"FUN_180099200"	180099200	"FUN_1800674a0"	1800674a0	CALLER
"FUN_180099270"	180099270	"FUN_1800674a0"	1800674a0	CALLER
"FUN_180099400"	180099400	"FUN_1800674a0"	1800674a0	CALLER
"FUN_1800994f0"	1800994f0	"FUN_1800674a0"	1800674a0	CALLER
"FUN_180099560"	180099560	"FUN_1800674a0"	1800674a0	CALLER
"FUN_1800996e0"	1800996e0	"FUN_1800674a0"	1800674a0	CALLER
"FUN_18009a700"	18009a700	"FUN_1800674a0"	1800674a0	CALLER
"FUN_18009a700"	18009a700	"FUN_1800674a0"	1800674a0	CALLER
"FUN_180099770"	180099770	"FUN_1800674a0"	1800674a0	CALLER
"FUN_1800997e0"	1800997e0	"FUN_1800674a0"	1800674a0	CALLER
"FUN_180099960"	180099960	"FUN_1800674a0"	1800674a0	CALLER
"FUN_1800999e0"	1800999e0	"FUN_1800674a0"	1800674a0	CALLER
"FUN_180099a60"	180099a60	"FUN_1800674a0"	1800674a0	CALLER
"FUN_180099be0"	180099be0	"FUN_1800674a0"	1800674a0	CALLER
"FUN_180099c60"	180099c60	"FUN_1800674a0"	1800674a0	CALLER
"FUN_180099ce0"	180099ce0	"FUN_1800674a0"	1800674a0	CALLER
"FUN_180099d60"	180099d60	"FUN_1800674a0"	1800674a0	CALLER
"FUN_18009a500"	18009a500	"FUN_1800674a0"	1800674a0	CALLER
"FUN_180099e40"	180099e40	"FUN_1800674a0"	1800674a0	CALLER
"FUN_18009a580"	18009a580	"FUN_1800674a0"	1800674a0	CALLER
"FUN_1800a5650"	1800a5650	"FUN_1800674a0"	1800674a0	CALLER
"FUN_180099f90"	180099f90	"FUN_1800674a0"	1800674a0	CALLER
"FUN_18009a010"	18009a010	"FUN_1800674a0"	1800674a0	CALLER
"FUN_18009a090"	18009a090	"FUN_1800674a0"	1800674a0	CALLER
"FUN_18009a140"	18009a140	"FUN_1800674a0"	1800674a0	CALLER
"FUN_18009a200"	18009a200	"FUN_1800674a0"	1800674a0	CALLER
"FUN_18009a290"	18009a290	"FUN_1800674a0"	1800674a0	CALLER
"FUN_18009a370"	18009a370	"FUN_1800674a0"	1800674a0	CALLER
"FUN_18009a400"	18009a400	"FUN_1800674a0"	1800674a0	CALLER
"FUN_18009ac70"	18009ac70	"FUN_1800674a0"	1800674a0	CALLER
"FUN_18009a9c0"	18009a9c0	"FUN_1800674a0"	1800674a0	CALLER
"FUN_18009aa40"	18009aa40	"FUN_1800674a0"	1800674a0	CALLER
"FUN_18009aac0"	18009aac0	"FUN_1800674a0"	1800674a0	CALLER
"FUN_18009ace0"	18009ace0	"FUN_1800674a0"	1800674a0	CALLER
"FUN_18009ab90"	18009ab90	"FUN_1800674a0"	1800674a0	CALLER
"FUN_18009ad60"	18009ad60	"FUN_1800674a0"	1800674a0	CALLER
"FUN_18009c4b0"	18009c4b0	"FUN_1800674a0"	1800674a0	CALLER
"FUN_18009b250"	18009b250	"FUN_1800674a0"	1800674a0	CALLER
"FUN_18009af70"	18009af70	"FUN_1800674a0"	1800674a0	CALLER
"FUN_18009aff0"	18009aff0	"FUN_1800674a0"	1800674a0	CALLER
"FUN_18009b080"	18009b080	"FUN_1800674a0"	1800674a0	CALLER
"FUN_18009b100"	18009b100	"FUN_1800674a0"	1800674a0	CALLER
"FUN_18009b180"	18009b180	"FUN_1800674a0"	1800674a0	CALLER
"FUN_18009b2c0"	18009b2c0	"FUN_1800674a0"	1800674a0	CALLER
"FUN_18009c3c0"	18009c3c0	"FUN_1800674a0"	1800674a0	CALLER
"FUN_18009b940"	18009b940	"FUN_1800674a0"	1800674a0	CALLER
"FUN_18009b9d0"	18009b9d0	"FUN_1800674a0"	1800674a0	CALLER
"FUN_18009bbd0"	18009bbd0	"FUN_1800674a0"	1800674a0	CALLER
"FUN_18009c540"	18009c540	"FUN_1800674a0"	1800674a0	CALLER
"FUN_18009c540"	18009c540	"FUN_1800674a0"	1800674a0	CALLER
"FUN_18009bc60"	18009bc60	"FUN_1800674a0"	1800674a0	CALLER
"FUN_18009bce0"	18009bce0	"FUN_1800674a0"	1800674a0	CALLER
"FUN_18009bd70"	18009bd70	"FUN_1800674a0"	1800674a0	CALLER
"FUN_18009bf70"	18009bf70	"FUN_1800674a0"	1800674a0	CALLER
"FUN_18009c000"	18009c000	"FUN_1800674a0"	1800674a0	CALLER
"FUN_18009c090"	18009c090	"FUN_1800674a0"	1800674a0	CALLER
"FUN_18009c110"	18009c110	"FUN_1800674a0"	1800674a0	CALLER
"FUN_18009c190"	18009c190	"FUN_1800674a0"	1800674a0	CALLER
"FUN_18009c1f0"	18009c1f0	"FUN_1800674a0"	1800674a0	CALLER
"FUN_18009c270"	18009c270	"FUN_1800674a0"	1800674a0	CALLER
"FUN_18009c2f0"	18009c2f0	"FUN_1800674a0"	1800674a0	CALLER
"FUN_18009c430"	18009c430	"FUN_1800674a0"	1800674a0	CALLER
"FUN_18009c7c0"	18009c7c0	"FUN_1800674a0"	1800674a0	CALLER
"FUN_18009c7c0"	18009c7c0	"FUN_1800674a0"	1800674a0	CALLER
"FUN_18009c970"	18009c970	"FUN_1800674a0"	1800674a0	CALLER
"FUN_18009ca50"	18009ca50	"FUN_1800674a0"	1800674a0	CALLER
"FUN_18009cac0"	18009cac0	"FUN_1800674a0"	1800674a0	CALLER
"FUN_18009cb40"	18009cb40	"FUN_1800674a0"	1800674a0	CALLER
"FUN_18009cbc0"	18009cbc0	"FUN_1800674a0"	1800674a0	CALLER
"FUN_18009ccc0"	18009ccc0	"FUN_1800674a0"	1800674a0	CALLER
"FUN_18009d0c0"	18009d0c0	"FUN_1800674a0"	1800674a0	CALLER
"FUN_18009d160"	18009d160	"FUN_1800674a0"	1800674a0	CALLER
"FUN_18009d1d0"	18009d1d0	"FUN_1800674a0"	1800674a0	CALLER
"FUN_18009d250"	18009d250	"FUN_1800674a0"	1800674a0	CALLER
"FUN_18009d2d0"	18009d2d0	"FUN_1800674a0"	1800674a0	CALLER
"FUN_18009d350"	18009d350	"FUN_1800674a0"	1800674a0	CALLER
"FUN_18009d570"	18009d570	"FUN_1800674a0"	1800674a0	CALLER
"FUN_18009d680"	18009d680	"FUN_1800674a0"	1800674a0	CALLER
"FUN_18009d780"	18009d780	"FUN_1800674a0"	1800674a0	CALLER
"FUN_18009d860"	18009d860	"FUN_1800674a0"	1800674a0	CALLER
"FUN_18009dff0"	18009dff0	"FUN_1800674a0"	1800674a0	CALLER
"FUN_18009da80"	18009da80	"FUN_1800674a0"	1800674a0	CALLER
"FUN_18009daf0"	18009daf0	"FUN_1800674a0"	1800674a0	CALLER
"FUN_18009db80"	18009db80	"FUN_1800674a0"	1800674a0	CALLER
"FUN_18009dc10"	18009dc10	"FUN_1800674a0"	1800674a0	CALLER
"FUN_18009dc90"	18009dc90	"FUN_1800674a0"	1800674a0	CALLER
"FUN_18009dd10"	18009dd10	"FUN_1800674a0"	1800674a0	CALLER
"FUN_18009dda0"	18009dda0	"FUN_1800674a0"	1800674a0	CALLER
"FUN_18009de20"	18009de20	"FUN_1800674a0"	1800674a0	CALLER
"FUN_18009dea0"	18009dea0	"FUN_1800674a0"	1800674a0	CALLER
"FUN_18009e060"	18009e060	"FUN_1800674a0"	1800674a0	CALLER
"FUN_18009df70"	18009df70	"FUN_1800674a0"	1800674a0	CALLER
"FUN_18009ebe0"	18009ebe0	"FUN_1800674a0"	1800674a0	CALLER
"FUN_18009e280"	18009e280	"FUN_1800674a0"	1800674a0	CALLER
"FUN_18009e300"	18009e300	"FUN_1800674a0"	1800674a0	CALLER
"FUN_18009edf0"	18009edf0	"FUN_1800674a0"	1800674a0	CALLER
"FUN_18009eee0"	18009eee0	"FUN_1800674a0"	1800674a0	CALLER
"FUN_18009f170"	18009f170	"FUN_1800674a0"	1800674a0	CALLER
"FUN_18009f170"	18009f170	"FUN_1800674a0"	1800674a0	CALLER
"FUN_18009f310"	18009f310	"FUN_1800674a0"	1800674a0	CALLER
"FUN_18009f310"	18009f310	"FUN_1800674a0"	1800674a0	CALLER
"FUN_1800a84c0"	1800a84c0	"FUN_1800674a0"	1800674a0	CALLER
"FUN_1800aadf0"	1800aadf0	"FUN_1800674a0"	1800674a0	CALLER
"FUN_18009e550"	18009e550	"FUN_1800674a0"	1800674a0	CALLER
"FUN_18009e5d0"	18009e5d0	"FUN_1800674a0"	1800674a0	CALLER
"FUN_18009e660"	18009e660	"FUN_1800674a0"	1800674a0	CALLER
"FUN_18009e6f0"	18009e6f0	"FUN_1800674a0"	1800674a0	CALLER
"FUN_18009e780"	18009e780	"FUN_1800674a0"	1800674a0	CALLER
"FUN_18009efd0"	18009efd0	"FUN_1800674a0"	1800674a0	CALLER
"FUN_18009efd0"	18009efd0	"FUN_1800674a0"	1800674a0	CALLER
"FUN_18009e810"	18009e810	"FUN_1800674a0"	1800674a0	CALLER
"FUN_18009e870"	18009e870	"FUN_1800674a0"	1800674a0	CALLER
"FUN_18009e8f0"	18009e8f0	"FUN_1800674a0"	1800674a0	CALLER
"FUN_18009e970"	18009e970	"FUN_1800674a0"	1800674a0	CALLER
"FUN_18009ecd0"	18009ecd0	"FUN_1800674a0"	1800674a0	CALLER
"FUN_18009ea80"	18009ea80	"FUN_1800674a0"	1800674a0	CALLER
"FUN_18009eb00"	18009eb00	"FUN_1800674a0"	1800674a0	CALLER
"FUN_18009ec50"	18009ec50	"FUN_1800674a0"	1800674a0	CALLER
"FUN_18009f890"	18009f890	"FUN_1800674a0"	1800674a0	CALLER
"FUN_18009f920"	18009f920	"FUN_1800674a0"	1800674a0	CALLER
"FUN_18009f980"	18009f980	"FUN_1800674a0"	1800674a0	CALLER
"FUN_18009f9e0"	18009f9e0	"FUN_1800674a0"	1800674a0	CALLER
"FUN_18009f9e0"	18009f9e0	"FUN_1800674a0"	1800674a0	CALLER
"FUN_18009fb80"	18009fb80	"FUN_1800674a0"	1800674a0	CALLER
"FUN_18009fb80"	18009fb80	"FUN_1800674a0"	1800674a0	CALLER
"FUN_18009fd20"	18009fd20	"FUN_1800674a0"	1800674a0	CALLER
"FUN_18009fee0"	18009fee0	"FUN_1800674a0"	1800674a0	CALLER
"FUN_1800a0040"	1800a0040	"FUN_1800674a0"	1800674a0	CALLER
"FUN_1800a0160"	1800a0160	"FUN_1800674a0"	1800674a0	CALLER
"FUN_1800a02b0"	1800a02b0	"FUN_1800674a0"	1800674a0	CALLER
"FUN_1800a0400"	1800a0400	"FUN_1800674a0"	1800674a0	CALLER
"FUN_1800a0530"	1800a0530	"FUN_1800674a0"	1800674a0	CALLER
"FUN_1800a05a0"	1800a05a0	"FUN_1800674a0"	1800674a0	CALLER
"FUN_1800a0620"	1800a0620	"FUN_1800674a0"	1800674a0	CALLER
"FUN_1800a06a0"	1800a06a0	"FUN_1800674a0"	1800674a0	CALLER
"FUN_1800a07f0"	1800a07f0	"FUN_1800674a0"	1800674a0	CALLER
"FUN_1800a0ce0"	1800a0ce0	"FUN_1800674a0"	1800674a0	CALLER
"FUN_1800a1070"	1800a1070	"FUN_1800674a0"	1800674a0	CALLER
"FUN_1800a1420"	1800a1420	"FUN_1800674a0"	1800674a0	CALLER
"FUN_1800a1420"	1800a1420	"FUN_1800674a0"	1800674a0	CALLER
"FUN_1800a15c0"	1800a15c0	"FUN_1800674a0"	1800674a0	CALLER
"FUN_1800a15c0"	1800a15c0	"FUN_1800674a0"	1800674a0	CALLER
"FUN_1800a1760"	1800a1760	"FUN_1800674a0"	1800674a0	CALLER
"FUN_1800a1870"	1800a1870	"FUN_1800674a0"	1800674a0	CALLER
"FUN_1800a1970"	1800a1970	"FUN_1800674a0"	1800674a0	CALLER
"FUN_1800a1b90"	1800a1b90	"FUN_1800674a0"	1800674a0	CALLER
"FUN_1800a1db0"	1800a1db0	"FUN_1800674a0"	1800674a0	CALLER
"FUN_1800a1e20"	1800a1e20	"FUN_1800674a0"	1800674a0	CALLER
"FUN_1800a1ea0"	1800a1ea0	"FUN_1800674a0"	1800674a0	CALLER
"FUN_1800a1f20"	1800a1f20	"FUN_1800674a0"	1800674a0	CALLER
"FUN_1800a2020"	1800a2020	"FUN_1800674a0"	1800674a0	CALLER
"FUN_1800a2160"	1800a2160	"FUN_1800674a0"	1800674a0	CALLER
"FUN_1800a21d0"	1800a21d0	"FUN_1800674a0"	1800674a0	CALLER
"FUN_1800a2250"	1800a2250	"FUN_1800674a0"	1800674a0	CALLER
"FUN_1800a22d0"	1800a22d0	"FUN_1800674a0"	1800674a0	CALLER
"FUN_1800a2cb0"	1800a2cb0	"FUN_1800674a0"	1800674a0	CALLER
"FUN_1800a2470"	1800a2470	"FUN_1800674a0"	1800674a0	CALLER
"FUN_1800a2550"	1800a2550	"FUN_1800674a0"	1800674a0	CALLER
"FUN_1800a25d0"	1800a25d0	"FUN_1800674a0"	1800674a0	CALLER
"FUN_1800a2750"	1800a2750	"FUN_1800674a0"	1800674a0	CALLER
"FUN_1800a28d0"	1800a28d0	"FUN_1800674a0"	1800674a0	CALLER
"FUN_1800a2950"	1800a2950	"FUN_1800674a0"	1800674a0	CALLER
"FUN_1800a29d0"	1800a29d0	"FUN_1800674a0"	1800674a0	CALLER
"FUN_1800a2a50"	1800a2a50	"FUN_1800674a0"	1800674a0	CALLER
"FUN_1800a2b60"	1800a2b60	"FUN_1800674a0"	1800674a0	CALLER
"FUN_1800a2be0"	1800a2be0	"FUN_1800674a0"	1800674a0	CALLER
"FUN_1800a2d20"	1800a2d20	"FUN_1800674a0"	1800674a0	CALLER
"FUN_1800a33e0"	1800a33e0	"FUN_1800674a0"	1800674a0	CALLER
"FUN_1800a38b0"	1800a38b0	"FUN_1800674a0"	1800674a0	CALLER
"FUN_1800a3920"	1800a3920	"FUN_1800674a0"	1800674a0	CALLER
"FUN_1800a39a0"	1800a39a0	"FUN_1800674a0"	1800674a0	CALLER
"FUN_1800a3a20"	1800a3a20	"FUN_1800674a0"	1800674a0	CALLER
"FUN_1800a3b30"	1800a3b30	"FUN_1800674a0"	1800674a0	CALLER
"FUN_1800a4bf0"	1800a4bf0	"FUN_1800674a0"	1800674a0	CALLER
"FUN_1800a5560"	1800a5560	"FUN_1800674a0"	1800674a0	CALLER
"FUN_1800ac520"	1800ac520	"FUN_1800674a0"	1800674a0	CALLER
"FUN_1800a5470"	1800a5470	"FUN_1800674a0"	1800674a0	CALLER
"FUN_1800a4d20"	1800a4d20	"FUN_1800674a0"	1800674a0	CALLER
"FUN_1800a4d90"	1800a4d90	"FUN_1800674a0"	1800674a0	CALLER
"FUN_1800a56e0"	1800a56e0	"FUN_1800674a0"	1800674a0	CALLER
"FUN_1800a56e0"	1800a56e0	"FUN_1800674a0"	1800674a0	CALLER
"FUN_1800a4fb0"	1800a4fb0	"FUN_1800674a0"	1800674a0	CALLER
"FUN_1800a5010"	1800a5010	"FUN_1800674a0"	1800674a0	CALLER
"FUN_1800a5090"	1800a5090	"FUN_1800674a0"	1800674a0	CALLER
"FUN_1800a5110"	1800a5110	"FUN_1800674a0"	1800674a0	CALLER
"FUN_1800a5190"	1800a5190	"FUN_1800674a0"	1800674a0	CALLER
"FUN_1800a5210"	1800a5210	"FUN_1800674a0"	1800674a0	CALLER
"FUN_1800a54e0"	1800a54e0	"FUN_1800674a0"	1800674a0	CALLER
"FUN_1800a52f0"	1800a52f0	"FUN_1800674a0"	1800674a0	CALLER
"FUN_1800a5400"	1800a5400	"FUN_1800674a0"	1800674a0	CALLER
"FUN_1800a71c0"	1800a71c0	"FUN_1800674a0"	1800674a0	CALLER
"FUN_1800a6360"	1800a6360	"FUN_1800674a0"	1800674a0	CALLER
"FUN_1800a64e0"	1800a64e0	"FUN_1800674a0"	1800674a0	CALLER
"FUN_1800a72b0"	1800a72b0	"FUN_1800674a0"	1800674a0	CALLER
"FUN_1800a72b0"	1800a72b0	"FUN_1800674a0"	1800674a0	CALLER
"FUN_1800a6570"	1800a6570	"FUN_1800674a0"	1800674a0	CALLER
"FUN_1800a6710"	1800a6710	"FUN_1800674a0"	1800674a0	CALLER
"FUN_1800a67a0"	1800a67a0	"FUN_1800674a0"	1800674a0	CALLER
"FUN_1800a6850"	1800a6850	"FUN_1800674a0"	1800674a0	CALLER
"FUN_1800a68e0"	1800a68e0	"FUN_1800674a0"	1800674a0	CALLER
"FUN_1800a6970"	1800a6970	"FUN_1800674a0"	1800674a0	CALLER
"FUN_1800a6af0"	1800a6af0	"FUN_1800674a0"	1800674a0	CALLER
"FUN_1800a6c70"	1800a6c70	"FUN_1800674a0"	1800674a0	CALLER
"FUN_1800a6cf0"	1800a6cf0	"FUN_1800674a0"	1800674a0	CALLER
"FUN_1800a6d70"	1800a6d70	"FUN_1800674a0"	1800674a0	CALLER
"FUN_1800a6ef0"	1800a6ef0	"FUN_1800674a0"	1800674a0	CALLER
"FUN_1800a6f70"	1800a6f70	"FUN_1800674a0"	1800674a0	CALLER
"FUN_1800a6ff0"	1800a6ff0	"FUN_1800674a0"	1800674a0	CALLER
"FUN_1800a7070"	1800a7070	"FUN_1800674a0"	1800674a0	CALLER
"FUN_1800a70f0"	1800a70f0	"FUN_1800674a0"	1800674a0	CALLER
"FUN_1800a7230"	1800a7230	"FUN_1800674a0"	1800674a0	CALLER
"FUN_1800a7b90"	1800a7b90	"FUN_1800674a0"	1800674a0	CALLER
"FUN_1800a7580"	1800a7580	"FUN_1800674a0"	1800674a0	CALLER
"FUN_1800a7600"	1800a7600	"FUN_1800674a0"	1800674a0	CALLER
"FUN_1800a7690"	1800a7690	"FUN_1800674a0"	1800674a0	CALLER
"FUN_1800a7710"	1800a7710	"FUN_1800674a0"	1800674a0	CALLER
"FUN_1800a7790"	1800a7790	"FUN_1800674a0"	1800674a0	CALLER
"FUN_1800a7c80"	1800a7c80	"FUN_1800674a0"	1800674a0	CALLER
"FUN_1800a78a0"	1800a78a0	"FUN_1800674a0"	1800674a0	CALLER
"FUN_1800a79b0"	1800a79b0	"FUN_1800674a0"	1800674a0	CALLER
"FUN_1800a7ac0"	1800a7ac0	"FUN_1800674a0"	1800674a0	CALLER
"FUN_1800a7c00"	1800a7c00	"FUN_1800674a0"	1800674a0	CALLER
"FUN_1800aab30"	1800aab30	"FUN_1800674a0"	1800674a0	CALLER
"FUN_1800a8670"	1800a8670	"FUN_1800674a0"	1800674a0	CALLER
"FUN_1800a8700"	1800a8700	"FUN_1800674a0"	1800674a0	CALLER
"FUN_1800a8780"	1800a8780	"FUN_1800674a0"	1800674a0	CALLER
"FUN_1800a8810"	1800a8810	"FUN_1800674a0"	1800674a0	CALLER
"FUN_1800a88b0"	1800a88b0	"FUN_1800674a0"	1800674a0	CALLER
"FUN_1800a8a60"	1800a8a60	"FUN_1800674a0"	1800674a0	CALLER
"FUN_1800a8cc0"	1800a8cc0	"FUN_1800674a0"	1800674a0	CALLER
"FUN_1800a8d30"	1800a8d30	"FUN_1800674a0"	1800674a0	CALLER
"FUN_1800a8da0"	1800a8da0	"FUN_1800674a0"	1800674a0	CALLER
"FUN_1800ae700"	1800ae700	"FUN_1800674a0"	1800674a0	CALLER
"FUN_1800a8e30"	1800a8e30	"FUN_1800674a0"	1800674a0	CALLER
"FUN_1800a8ea0"	1800a8ea0	"FUN_1800674a0"	1800674a0	CALLER
"FUN_1800a8f20"	1800a8f20	"FUN_1800674a0"	1800674a0	CALLER
"FUN_1800a8fa0"	1800a8fa0	"FUN_1800674a0"	1800674a0	CALLER
"FUN_1800a9020"	1800a9020	"FUN_1800674a0"	1800674a0	CALLER
"FUN_1800a90b0"	1800a90b0	"FUN_1800674a0"	1800674a0	CALLER
"FUN_1800a9120"	1800a9120	"FUN_1800674a0"	1800674a0	CALLER
"FUN_1800ae7a0"	1800ae7a0	"FUN_1800674a0"	1800674a0	CALLER
"FUN_1800a91b0"	1800a91b0	"FUN_1800674a0"	1800674a0	CALLER
"FUN_1800a9330"	1800a9330	"FUN_1800674a0"	1800674a0	CALLER
"FUN_1800a93a0"	1800a93a0	"FUN_1800674a0"	1800674a0	CALLER
"FUN_1800a94f0"	1800a94f0	"FUN_1800674a0"	1800674a0	CALLER
"FUN_1800a9670"	1800a9670	"FUN_1800674a0"	1800674a0	CALLER
"FUN_1800a96e0"	1800a96e0	"FUN_1800674a0"	1800674a0	CALLER
"FUN_1800a9770"	1800a9770	"FUN_1800674a0"	1800674a0	CALLER
"FUN_1800a9810"	1800a9810	"FUN_1800674a0"	1800674a0	CALLER
"FUN_1800a98b0"	1800a98b0	"FUN_1800674a0"	1800674a0	CALLER
"FUN_1800a9930"	1800a9930	"FUN_1800674a0"	1800674a0	CALLER
"FUN_1800a99b0"	1800a99b0	"FUN_1800674a0"	1800674a0	CALLER
"FUN_1800a9a30"	1800a9a30	"FUN_1800674a0"	1800674a0	CALLER
"FUN_1800a9ac0"	1800a9ac0	"FUN_1800674a0"	1800674a0	CALLER
"FUN_1800a9b60"	1800a9b60	"FUN_1800674a0"	1800674a0	CALLER
"FUN_1800a9be0"	1800a9be0	"FUN_1800674a0"	1800674a0	CALLER
"FUN_1800a9c60"	1800a9c60	"FUN_1800674a0"	1800674a0	CALLER
"FUN_1800a9ce0"	1800a9ce0	"FUN_1800674a0"	1800674a0	CALLER
"FUN_1800a9d60"	1800a9d60	"FUN_1800674a0"	1800674a0	CALLER
"FUN_1800a9de0"	1800a9de0	"FUN_1800674a0"	1800674a0	CALLER
"FUN_1800a9e60"	1800a9e60	"FUN_1800674a0"	1800674a0	CALLER
"FUN_1800a9ee0"	1800a9ee0	"FUN_1800674a0"	1800674a0	CALLER
"FUN_1800a9f60"	1800a9f60	"FUN_1800674a0"	1800674a0	CALLER
"FUN_1800a9fe0"	1800a9fe0	"FUN_1800674a0"	1800674a0	CALLER
"FUN_1800aa060"	1800aa060	"FUN_1800674a0"	1800674a0	CALLER
"FUN_1800aa170"	1800aa170	"FUN_1800674a0"	1800674a0	CALLER
"FUN_1800aa1f0"	1800aa1f0	"FUN_1800674a0"	1800674a0	CALLER
"FUN_1800aa270"	1800aa270	"FUN_1800674a0"	1800674a0	CALLER
"FUN_1800aa2f0"	1800aa2f0	"FUN_1800674a0"	1800674a0	CALLER
"FUN_1800aa370"	1800aa370	"FUN_1800674a0"	1800674a0	CALLER
"FUN_1800aa3f0"	1800aa3f0	"FUN_1800674a0"	1800674a0	CALLER
"FUN_1800aa470"	1800aa470	"FUN_1800674a0"	1800674a0	CALLER
"FUN_1800aa510"	1800aa510	"FUN_1800674a0"	1800674a0	CALLER
"FUN_1800aaba0"	1800aaba0	"FUN_1800674a0"	1800674a0	CALLER
"FUN_1800aa5f0"	1800aa5f0	"FUN_1800674a0"	1800674a0	CALLER
"FUN_1800aa700"	1800aa700	"FUN_1800674a0"	1800674a0	CALLER
"FUN_1800aa790"	1800aa790	"FUN_1800674a0"	1800674a0	CALLER
"FUN_1800aa870"	1800aa870	"FUN_1800674a0"	1800674a0	CALLER
"FUN_1800aa990"	1800aa990	"FUN_1800674a0"	1800674a0	CALLER
"FUN_1800aaa20"	1800aaa20	"FUN_1800674a0"	1800674a0	CALLER
"FUN_1800aae80"	1800aae80	"FUN_1800674a0"	1800674a0	CALLER
"FUN_1800abb10"	1800abb10	"FUN_1800674a0"	1800674a0	CALLER
"FUN_1800ab5a0"	1800ab5a0	"FUN_1800674a0"	1800674a0	CALLER
"FUN_1800ab720"	1800ab720	"FUN_1800674a0"	1800674a0	CALLER
"FUN_1800ab7b0"	1800ab7b0	"FUN_1800674a0"	1800674a0	CALLER
"FUN_1800ab840"	1800ab840	"FUN_1800674a0"	1800674a0	CALLER
"FUN_1800ab8c0"	1800ab8c0	"FUN_1800674a0"	1800674a0	CALLER
"FUN_1800ab940"	1800ab940	"FUN_1800674a0"	1800674a0	CALLER
"FUN_1800abb80"	1800abb80	"FUN_1800674a0"	1800674a0	CALLER
"FUN_1800aba10"	1800aba10	"FUN_1800674a0"	1800674a0	CALLER
"FUN_1800abaa0"	1800abaa0	"FUN_1800674a0"	1800674a0	CALLER
"FUN_1800abcb0"	1800abcb0	"FUN_1800674a0"	1800674a0	CALLER
"FUN_1800addc0"	1800addc0	"FUN_1800674a0"	1800674a0	CALLER
"FUN_1800ac6d0"	1800ac6d0	"FUN_1800674a0"	1800674a0	CALLER
"FUN_1800ac850"	1800ac850	"FUN_1800674a0"	1800674a0	CALLER
"FUN_1800ac8e0"	1800ac8e0	"FUN_1800674a0"	1800674a0	CALLER
"FUN_1800aca80"	1800aca80	"FUN_1800674a0"	1800674a0	CALLER
"FUN_1800acb80"	1800acb80	"FUN_1800674a0"	1800674a0	CALLER
"FUN_1800acc10"	1800acc10	"FUN_1800674a0"	1800674a0	CALLER
"FUN_1800acd90"	1800acd90	"FUN_1800674a0"	1800674a0	CALLER
"FUN_1800acf10"	1800acf10	"FUN_1800674a0"	1800674a0	CALLER
"FUN_1800acfa0"	1800acfa0	"FUN_1800674a0"	1800674a0	CALLER
"FUN_1800ad020"	1800ad020	"FUN_1800674a0"	1800674a0	CALLER
"FUN_1800ad0b0"	1800ad0b0	"FUN_1800674a0"	1800674a0	CALLER
"FUN_1800ad230"	1800ad230	"FUN_1800674a0"	1800674a0	CALLER
"FUN_1800ad2c0"	1800ad2c0	"FUN_1800674a0"	1800674a0	CALLER
"FUN_1800ad350"	1800ad350	"FUN_1800674a0"	1800674a0	CALLER
"FUN_1800ad3e0"	1800ad3e0	"FUN_1800674a0"	1800674a0	CALLER
"FUN_1800ad460"	1800ad460	"FUN_1800674a0"	1800674a0	CALLER
"FUN_1800ad5e0"	1800ad5e0	"FUN_1800674a0"	1800674a0	CALLER
"FUN_1800ad660"	1800ad660	"FUN_1800674a0"	1800674a0	CALLER
"FUN_1800ad6e0"	1800ad6e0	"FUN_1800674a0"	1800674a0	CALLER
"FUN_1800ad790"	1800ad790	"FUN_1800674a0"	1800674a0	CALLER
"FUN_1800ad810"	1800ad810	"FUN_1800674a0"	1800674a0	CALLER
"FUN_1800ad890"	1800ad890	"FUN_1800674a0"	1800674a0	CALLER
"FUN_1800ad910"	1800ad910	"FUN_1800674a0"	1800674a0	CALLER
"FUN_1800ad990"	1800ad990	"FUN_1800674a0"	1800674a0	CALLER
"FUN_1800ada10"	1800ada10	"FUN_1800674a0"	1800674a0	CALLER
"FUN_1800adeb0"	1800adeb0	"FUN_1800674a0"	1800674a0	CALLER
"FUN_1800adb20"	1800adb20	"FUN_1800674a0"	1800674a0	CALLER
"FUN_1800adba0"	1800adba0	"FUN_1800674a0"	1800674a0	CALLER
"FUN_1800ade30"	1800ade30	"FUN_1800674a0"	1800674a0	CALLER
"FUN_1800adc70"	1800adc70	"FUN_1800674a0"	1800674a0	CALLER
"FUN_1800add20"	1800add20	"FUN_1800674a0"	1800674a0	CALLER
"FUN_1800ae050"	1800ae050	"FUN_1800674a0"	1800674a0	CALLER
"FUN_1800ae400"	1800ae400	"FUN_1800674a0"	1800674a0	CALLER
"dtor$1"	1800fcf60	"FUN_1800674a0"	1800674a0	CALLER
"FUN_1800fcf90"	1800fcf90	"FUN_1800674a0"	1800674a0	CALLER
"dtor$1"	1800fd1c0	"FUN_1800674a0"	1800674a0	CALLER
"FUN_1800fd1f0"	1800fd1f0	"FUN_1800674a0"	1800674a0	CALLER
"FUN_180002f50"	180002f50	"FUN_180010a70"	180010a70	CALLER
"FUN_1800f4a00"	1800f4a00	"memset"	1800f4cd2	CALLER
"FUN_1800f4a00"	1800f4a00	"memset"	1800f4cd2	CALLER
"FUN_180001a80"	180001a80	"memset"	1800f4cd2	CALLER
"FUN_180001a80"	180001a80	"memset"	1800f4cd2	CALLER
"FUN_180001a80"	180001a80	"memset"	1800f4cd2	CALLER
"FUN_180001a80"	180001a80	"memset"	1800f4cd2	CALLER
"FUN_180001a80"	180001a80	"memset"	1800f4cd2	CALLER
"FUN_180001a80"	180001a80	"memset"	1800f4cd2	CALLER
"FUN_180001a80"	180001a80	"memset"	1800f4cd2	CALLER
"FUN_180001a80"	180001a80	"memset"	1800f4cd2	CALLER
"FUN_180001a80"	180001a80	"memset"	1800f4cd2	CALLER
"FUN_180001a80"	180001a80	"memset"	1800f4cd2	CALLER
"FUN_180001a80"	180001a80	"memset"	1800f4cd2	CALLER
"FUN_180001a80"	180001a80	"memset"	1800f4cd2	CALLER
"FUN_1800022d0"	1800022d0	"memset"	1800f4cd2	CALLER
"FUN_1800022d0"	1800022d0	"memset"	1800f4cd2	CALLER
"FUN_18000ee20"	18000ee20	"memset"	1800f4cd2	CALLER
"FUN_18000ee20"	18000ee20	"memset"	1800f4cd2	CALLER
"FUN_18004fdb0"	18004fdb0	"memset"	1800f4cd2	CALLER
"FUN_180051dd0"	180051dd0	"memset"	1800f4cd2	CALLER
"FUN_180051dd0"	180051dd0	"memset"	1800f4cd2	CALLER
"FUN_180051f60"	180051f60	"memset"	1800f4cd2	CALLER
"FUN_18006e780"	18006e780	"memset"	1800f4cd2	CALLER
"FUN_180054300"	180054300	"memset"	1800f4cd2	CALLER
"FUN_180054300"	180054300	"memset"	1800f4cd2	CALLER
"FUN_180055d90"	180055d90	"memset"	1800f4cd2	CALLER
"FUN_180055d90"	180055d90	"memset"	1800f4cd2	CALLER
"FUN_180002ca0"	180002ca0	"memset"	1800f4cd2	CALLER
"FUN_180002ca0"	180002ca0	"memset"	1800f4cd2	CALLER
"FUN_1800088c0"	1800088c0	"memset"	1800f4cd2	CALLER
"FUN_18000f310"	18000f310	"memset"	1800f4cd2	CALLER
"FUN_1800114b0"	1800114b0	"memset"	1800f4cd2	CALLER
"FUN_1800172e0"	1800172e0	"memset"	1800f4cd2	CALLER
"FUN_180038f20"	180038f20	"memset"	1800f4cd2	CALLER
"FUN_180039150"	180039150	"memset"	1800f4cd2	CALLER
"FUN_180039380"	180039380	"memset"	1800f4cd2	CALLER
"FUN_1800395b0"	1800395b0	"memset"	1800f4cd2	CALLER
"FUN_1800397c0"	1800397c0	"memset"	1800f4cd2	CALLER
"FUN_1800399f0"	1800399f0	"memset"	1800f4cd2	CALLER
"FUN_180039cd0"	180039cd0	"memset"	1800f4cd2	CALLER
"FUN_180039fb0"	180039fb0	"memset"	1800f4cd2	CALLER
"FUN_18003a290"	18003a290	"memset"	1800f4cd2	CALLER
"FUN_18003a4b0"	18003a4b0	"memset"	1800f4cd2	CALLER
"FUN_18003a790"	18003a790	"memset"	1800f4cd2	CALLER
"FUN_18003aa50"	18003aa50	"memset"	1800f4cd2	CALLER
"FUN_18003ada0"	18003ada0	"memset"	1800f4cd2	CALLER
"FUN_18004bb90"	18004bb90	"memset"	1800f4cd2	CALLER
"FUN_18004dd40"	18004dd40	"memset"	1800f4cd2	CALLER
"FUN_18004ea10"	18004ea10	"memset"	1800f4cd2	CALLER
"FUN_18004f7f0"	18004f7f0	"memset"	1800f4cd2	CALLER
"FUN_180053c20"	180053c20	"memset"	1800f4cd2	CALLER
"FUN_180053c20"	180053c20	"memset"	1800f4cd2	CALLER
"FUN_180053da0"	180053da0	"memset"	1800f4cd2	CALLER
"FUN_180053da0"	180053da0	"memset"	1800f4cd2	CALLER
"FUN_180053f00"	180053f00	"memset"	1800f4cd2	CALLER
"FUN_180053f00"	180053f00	"memset"	1800f4cd2	CALLER
"FUN_180054060"	180054060	"memset"	1800f4cd2	CALLER
"FUN_180054060"	180054060	"memset"	1800f4cd2	CALLER
"FUN_1800541b0"	1800541b0	"memset"	1800f4cd2	CALLER
"FUN_1800541b0"	1800541b0	"memset"	1800f4cd2	CALLER
"FUN_1800553c0"	1800553c0	"memset"	1800f4cd2	CALLER
"FUN_1800553c0"	1800553c0	"memset"	1800f4cd2	CALLER
"FUN_180002f50"	180002f50	"memset"	1800f4cd2	CALLER
"FUN_180002f50"	180002f50	"memset"	1800f4cd2	CALLER
"FUN_180002f50"	180002f50	"memset"	1800f4cd2	CALLER
"FUN_180002f50"	180002f50	"memset"	1800f4cd2	CALLER
"FUN_180002f50"	180002f50	"memset"	1800f4cd2	CALLER
"FUN_180002f50"	180002f50	"memset"	1800f4cd2	CALLER
"FUN_180002f50"	180002f50	"memset"	1800f4cd2	CALLER
"FUN_180002f50"	180002f50	"memset"	1800f4cd2	CALLER
"FUN_180002f50"	180002f50	"memset"	1800f4cd2	CALLER
"FUN_180002f50"	180002f50	"memset"	1800f4cd2	CALLER
"FUN_180002f50"	180002f50	"memset"	1800f4cd2	CALLER
"FUN_180002f50"	180002f50	"memset"	1800f4cd2	CALLER
"FUN_180002f50"	180002f50	"memset"	1800f4cd2	CALLER
"FUN_180002f50"	180002f50	"memset"	1800f4cd2	CALLER
"FUN_180002f50"	180002f50	"memset"	1800f4cd2	CALLER
"FUN_180002f50"	180002f50	"memset"	1800f4cd2	CALLER
"FUN_180002f50"	180002f50	"memset"	1800f4cd2	CALLER
"FUN_180002f50"	180002f50	"memset"	1800f4cd2	CALLER
"FUN_180002f50"	180002f50	"memset"	1800f4cd2	CALLER
"FUN_180002f50"	180002f50	"memset"	1800f4cd2	CALLER
"FUN_180002f50"	180002f50	"memset"	1800f4cd2	CALLER
"FUN_180002f50"	180002f50	"memset"	1800f4cd2	CALLER
"FUN_180008dd0"	180008dd0	"memset"	1800f4cd2	CALLER
"FUN_18000f9e0"	18000f9e0	"memset"	1800f4cd2	CALLER
"FUN_18000f9e0"	18000f9e0	"memset"	1800f4cd2	CALLER
"FUN_180053290"	180053290	"memset"	1800f4cd2	CALLER
"FUN_180053290"	180053290	"memset"	1800f4cd2	CALLER
"FUN_180053400"	180053400	"memset"	1800f4cd2	CALLER
"FUN_180053400"	180053400	"memset"	1800f4cd2	CALLER
"FUN_1800535c0"	1800535c0	"memset"	1800f4cd2	CALLER
"FUN_1800535c0"	1800535c0	"memset"	1800f4cd2	CALLER
"FUN_180053720"	180053720	"memset"	1800f4cd2	CALLER
"FUN_180053720"	180053720	"memset"	1800f4cd2	CALLER
"FUN_180004ae0"	180004ae0	"memset"	1800f4cd2	CALLER
"FUN_180004ae0"	180004ae0	"memset"	1800f4cd2	CALLER
"FUN_1800050d0"	1800050d0	"memset"	1800f4cd2	CALLER
"FUN_1800050d0"	1800050d0	"memset"	1800f4cd2	CALLER
"FUN_1800085d0"	1800085d0	"memset"	1800f4cd2	CALLER
"FUN_18005d350"	18005d350	"memset"	1800f4cd2	CALLER
"FUN_1800b0150"	1800b0150	"memset"	1800f4cd2	CALLER
"FUN_1800b0e30"	1800b0e30	"memset"	1800f4cd2	CALLER
"FUN_1800b0e30"	1800b0e30	"memset"	1800f4cd2	CALLER
"FUN_1800cee80"	1800cee80	"memset"	1800f4cd2	CALLER
"FUN_1800db0e0"	1800db0e0	"memset"	1800f4cd2	CALLER
"FUN_1800db350"	1800db350	"memset"	1800f4cd2	CALLER
"FUN_1800b1560"	1800b1560	"memset"	1800f4cd2	CALLER
"FUN_1800b1560"	1800b1560	"memset"	1800f4cd2	CALLER
"FUN_1800b00b0"	1800b00b0	"memset"	1800f4cd2	CALLER
"FUN_1800b7020"	1800b7020	"memset"	1800f4cd2	CALLER
"FUN_1800ec490"	1800ec490	"memset"	1800f4cd2	CALLER
"FUN_1800ecd10"	1800ecd10	"memset"	1800f4cd2	CALLER
"FUN_1800efc40"	1800efc40	"memset"	1800f4cd2	CALLER
"FUN_1800f1e60"	1800f1e60	"memset"	1800f4cd2	CALLER
"FUN_1800f1e60"	1800f1e60	"memset"	1800f4cd2	CALLER
"FUN_1800f1e60"	1800f1e60	"memset"	1800f4cd2	CALLER
"FUN_1800236e0"	1800236e0	"memset"	1800f4cd2	CALLER
"FUN_180021700"	180021700	"memset"	1800f4cd2	CALLER
"FUN_180028e50"	180028e50	"memset"	1800f4cd2	CALLER
"FUN_18002a7f0"	18002a7f0	"memset"	1800f4cd2	CALLER
"FUN_18002b430"	18002b430	"memset"	1800f4cd2	CALLER
"FUN_18002c070"	18002c070	"memset"	1800f4cd2	CALLER
"FUN_180040090"	180040090	"memset"	1800f4cd2	CALLER
"FUN_180058db0"	180058db0	"memset"	1800f4cd2	CALLER
"FUN_180058db0"	180058db0	"memset"	1800f4cd2	CALLER
"FUN_180058db0"	180058db0	"memset"	1800f4cd2	CALLER
"FUN_1800627e0"	1800627e0	"memset"	1800f4cd2	CALLER
"FUN_180060170"	180060170	"memset"	1800f4cd2	CALLER
"FUN_180064340"	180064340	"memset"	1800f4cd2	CALLER
"FUN_18005d100"	18005d100	"memset"	1800f4cd2	CALLER
"FUN_18005cb20"	18005cb20	"memset"	1800f4cd2	CALLER
"FUN_18005cb20"	18005cb20	"memset"	1800f4cd2	CALLER
"FUN_1800852e0"	1800852e0	"memset"	1800f4cd2	CALLER
"FUN_180081c50"	180081c50	"memset"	1800f4cd2	CALLER
"FUN_180081c50"	180081c50	"memset"	1800f4cd2	CALLER
"FUN_180082100"	180082100	"memset"	1800f4cd2	CALLER
"FUN_180082100"	180082100	"memset"	1800f4cd2	CALLER
"FUN_1800825e0"	1800825e0	"memset"	1800f4cd2	CALLER
"FUN_1800825e0"	1800825e0	"memset"	1800f4cd2	CALLER
"FUN_1800969f0"	1800969f0	"memset"	1800f4cd2	CALLER
"FUN_18009b9d0"	18009b9d0	"memset"	1800f4cd2	CALLER
"FUN_18009bd70"	18009bd70	"memset"	1800f4cd2	CALLER
"FUN_1800a4d90"	1800a4d90	"memset"	1800f4cd2	CALLER
"FUN_1800df3a0"	1800df3a0	"memset"	1800f4cd2	CALLER
"FUN_1800df3a0"	1800df3a0	"memset"	1800f4cd2	CALLER
"FUN_1800df3a0"	1800df3a0	"memset"	1800f4cd2	CALLER
"FUN_1800df3a0"	1800df3a0	"memset"	1800f4cd2	CALLER
"FUN_1800df5c0"	1800df5c0	"memset"	1800f4cd2	CALLER
"FUN_1800df5c0"	1800df5c0	"memset"	1800f4cd2	CALLER
"FUN_1800df5c0"	1800df5c0	"memset"	1800f4cd2	CALLER
"FUN_1800df5c0"	1800df5c0	"memset"	1800f4cd2	CALLER
"FUN_1800df5c0"	1800df5c0	"memset"	1800f4cd2	CALLER
"FUN_1800df5c0"	1800df5c0	"memset"	1800f4cd2	CALLER
"FUN_1800df5c0"	1800df5c0	"memset"	1800f4cd2	CALLER
"FUN_1800df5c0"	1800df5c0	"memset"	1800f4cd2	CALLER
"FUN_1800e7050"	1800e7050	"memset"	1800f4cd2	CALLER
"FUN_1800e91d0"	1800e91d0	"memset"	1800f4cd2	CALLER
"FUN_1800e7830"	1800e7830	"memset"	1800f4cd2	CALLER
"FUN_1800e7830"	1800e7830	"memset"	1800f4cd2	CALLER
"FUN_1800083d0"	1800083d0	"FUN_1800f3bf0"	1800f3bf0	CALLER
"FUN_180001a80"	180001a80	"FUN_1800f3bf0"	1800f3bf0	CALLER
"FUN_180001a80"	180001a80	"FUN_1800f3bf0"	1800f3bf0	CALLER
"FUN_180001a80"	180001a80	"FUN_1800f3bf0"	1800f3bf0	CALLER
"FUN_180001a80"	180001a80	"FUN_1800f3bf0"	1800f3bf0	CALLER
"FUN_180001a80"	180001a80	"FUN_1800f3bf0"	1800f3bf0	CALLER
"FUN_180001a80"	180001a80	"FUN_1800f3bf0"	1800f3bf0	CALLER
"FUN_1800022d0"	1800022d0	"FUN_1800f3bf0"	1800f3bf0	CALLER
"FUN_180054300"	180054300	"FUN_1800f3bf0"	1800f3bf0	CALLER
"FUN_180053c20"	180053c20	"FUN_1800f3bf0"	1800f3bf0	CALLER
"FUN_180053da0"	180053da0	"FUN_1800f3bf0"	1800f3bf0	CALLER
"FUN_180053f00"	180053f00	"FUN_1800f3bf0"	1800f3bf0	CALLER
"FUN_180054060"	180054060	"FUN_1800f3bf0"	1800f3bf0	CALLER
"FUN_1800541b0"	1800541b0	"FUN_1800f3bf0"	1800f3bf0	CALLER
"FUN_180002f50"	180002f50	"FUN_1800f3bf0"	1800f3bf0	CALLER
"FUN_180002f50"	180002f50	"FUN_1800f3bf0"	1800f3bf0	CALLER
"FUN_180002f50"	180002f50	"FUN_1800f3bf0"	1800f3bf0	CALLER
"FUN_180002f50"	180002f50	"FUN_1800f3bf0"	1800f3bf0	CALLER
"FUN_180002f50"	180002f50	"FUN_1800f3bf0"	1800f3bf0	CALLER
"FUN_180002f50"	180002f50	"FUN_1800f3bf0"	1800f3bf0	CALLER
"FUN_180002f50"	180002f50	"FUN_1800f3bf0"	1800f3bf0	CALLER
"FUN_180002f50"	180002f50	"FUN_1800f3bf0"	1800f3bf0	CALLER
"FUN_180002f50"	180002f50	"FUN_1800f3bf0"	1800f3bf0	CALLER
"FUN_180002f50"	180002f50	"FUN_1800f3bf0"	1800f3bf0	CALLER
"FUN_180002f50"	180002f50	"FUN_1800f3bf0"	1800f3bf0	CALLER
"FUN_180053290"	180053290	"FUN_1800f3bf0"	1800f3bf0	CALLER
"FUN_180053400"	180053400	"FUN_1800f3bf0"	1800f3bf0	CALLER
"FUN_1800535c0"	1800535c0	"FUN_1800f3bf0"	1800f3bf0	CALLER
"FUN_180053720"	180053720	"FUN_1800f3bf0"	1800f3bf0	CALLER
"FUN_180004ae0"	180004ae0	"FUN_1800f3bf0"	1800f3bf0	CALLER
"FUN_1800050d0"	1800050d0	"FUN_1800f3bf0"	1800f3bf0	CALLER
"FUN_1800085d0"	1800085d0	"FUN_1800f3bf0"	1800f3bf0	CALLER
"FUN_1800084c0"	1800084c0	"FUN_1800f3bf0"	1800f3bf0	CALLER
"FUN_18005e4e0"	18005e4e0	"FUN_1800f3bf0"	1800f3bf0	CALLER
"FUN_18004d4b0"	18004d4b0	"FUN_1800f3bf0"	1800f3bf0	CALLER
"FUN_18004d570"	18004d570	"FUN_1800f3bf0"	1800f3bf0	CALLER
"FUN_18004db60"	18004db60	"FUN_1800f3bf0"	1800f3bf0	CALLER
"FUN_18004dc00"	18004dc00	"FUN_1800f3bf0"	1800f3bf0	CALLER
"FUN_18004dca0"	18004dca0	"FUN_1800f3bf0"	1800f3bf0	CALLER
"FUN_18005d410"	18005d410	"FUN_1800f3bf0"	1800f3bf0	CALLER
"FUN_1800083d0"	1800083d0	"_Init_thread_footer"	1800f3b84	CALLER
"FUN_180001a80"	180001a80	"_Init_thread_footer"	1800f3b84	CALLER
"FUN_180001a80"	180001a80	"_Init_thread_footer"	1800f3b84	CALLER
"FUN_180001a80"	180001a80	"_Init_thread_footer"	1800f3b84	CALLER
"FUN_180001a80"	180001a80	"_Init_thread_footer"	1800f3b84	CALLER
"FUN_180001a80"	180001a80	"_Init_thread_footer"	1800f3b84	CALLER
"FUN_180001a80"	180001a80	"_Init_thread_footer"	1800f3b84	CALLER
"FUN_1800022d0"	1800022d0	"_Init_thread_footer"	1800f3b84	CALLER
"FUN_180054300"	180054300	"_Init_thread_footer"	1800f3b84	CALLER
"FUN_180053c20"	180053c20	"_Init_thread_footer"	1800f3b84	CALLER
"FUN_180053da0"	180053da0	"_Init_thread_footer"	1800f3b84	CALLER
"FUN_180053f00"	180053f00	"_Init_thread_footer"	1800f3b84	CALLER
"FUN_180054060"	180054060	"_Init_thread_footer"	1800f3b84	CALLER
"FUN_1800541b0"	1800541b0	"_Init_thread_footer"	1800f3b84	CALLER
"FUN_180002f50"	180002f50	"_Init_thread_footer"	1800f3b84	CALLER
"FUN_180002f50"	180002f50	"_Init_thread_footer"	1800f3b84	CALLER
"FUN_180002f50"	180002f50	"_Init_thread_footer"	1800f3b84	CALLER
"FUN_180002f50"	180002f50	"_Init_thread_footer"	1800f3b84	CALLER
"FUN_180002f50"	180002f50	"_Init_thread_footer"	1800f3b84	CALLER
"FUN_180002f50"	180002f50	"_Init_thread_footer"	1800f3b84	CALLER
"FUN_180002f50"	180002f50	"_Init_thread_footer"	1800f3b84	CALLER
"FUN_180002f50"	180002f50	"_Init_thread_footer"	1800f3b84	CALLER
"FUN_180002f50"	180002f50	"_Init_thread_footer"	1800f3b84	CALLER
"FUN_180002f50"	180002f50	"_Init_thread_footer"	1800f3b84	CALLER
"FUN_180002f50"	180002f50	"_Init_thread_footer"	1800f3b84	CALLER
"FUN_180053290"	180053290	"_Init_thread_footer"	1800f3b84	CALLER
"FUN_180053400"	180053400	"_Init_thread_footer"	1800f3b84	CALLER
"FUN_1800535c0"	1800535c0	"_Init_thread_footer"	1800f3b84	CALLER
"FUN_180053720"	180053720	"_Init_thread_footer"	1800f3b84	CALLER
"FUN_180004ae0"	180004ae0	"_Init_thread_footer"	1800f3b84	CALLER
"FUN_1800050d0"	1800050d0	"_Init_thread_footer"	1800f3b84	CALLER
"FUN_1800085d0"	1800085d0	"_Init_thread_footer"	1800f3b84	CALLER
"FUN_1800084c0"	1800084c0	"_Init_thread_footer"	1800f3b84	CALLER
"FUN_18005e4e0"	18005e4e0	"_Init_thread_footer"	1800f3b84	CALLER
"FUN_18004d4b0"	18004d4b0	"_Init_thread_footer"	1800f3b84	CALLER
"FUN_18004d570"	18004d570	"_Init_thread_footer"	1800f3b84	CALLER
"FUN_18004db60"	18004db60	"_Init_thread_footer"	1800f3b84	CALLER
"FUN_18004dc00"	18004dc00	"_Init_thread_footer"	1800f3b84	CALLER
"FUN_18004dca0"	18004dca0	"_Init_thread_footer"	1800f3b84	CALLER
"FUN_18005d410"	18005d410	"_Init_thread_footer"	1800f3b84	CALLER
"FUN_180053720"	180053720	"memset"	1800f4cd2	CALL
"FUN_180053720"	180053720	"FUN_1800f3bf0"	1800f3bf0	CALL
"FUN_180053720"	180053720	"_Init_thread_footer"	1800f3b84	CALL
"FUN_180053720"	180053720	"__security_check_cookie"	1800f3ab0	CALL
"FUN_180002f50"	180002f50	"FUN_180053720"	180053720	CALLER
"FUN_180002f50"	180002f50	"FUN_180053720"	180053720	CALLER
"FUN_1800535c0"	1800535c0	"memset"	1800f4cd2	CALL
"FUN_1800535c0"	1800535c0	"FUN_1800f3bf0"	1800f3bf0	CALL
"FUN_1800535c0"	1800535c0	"_Init_thread_footer"	1800f3b84	CALL
"FUN_1800535c0"	1800535c0	"__security_check_cookie"	1800f3ab0	CALL
"FUN_180002f50"	180002f50	"FUN_1800535c0"	1800535c0	CALLER
"FUN_180002f50"	180002f50	"FUN_1800535c0"	1800535c0	CALLER
"FUN_180002f50"	180002f50	"FUN_1800535c0"	1800535c0	CALLER
"FUN_180053400"	180053400	"memset"	1800f4cd2	CALL
"FUN_180053400"	180053400	"FUN_1800f3bf0"	1800f3bf0	CALL
"FUN_180053400"	180053400	"_Init_thread_footer"	1800f3b84	CALL
"FUN_180053400"	180053400	"__security_check_cookie"	1800f3ab0	CALL
"FUN_180002f50"	180002f50	"FUN_180053400"	180053400	CALLER
"FUN_180002f50"	180002f50	"FUN_180053400"	180053400	CALLER
"FUN_180002f50"	180002f50	"FUN_180053400"	180053400	CALLER
"FUN_180001a80"	180001a80	"memset"	1800f4cd2	CALL
"FUN_180001a80"	180001a80	"FUN_1800f3bf0"	1800f3bf0	CALL
"FUN_180001a80"	180001a80	"_Init_thread_footer"	1800f3b84	CALL
"FUN_180001a80"	180001a80	"__security_check_cookie"	1800f3ab0	CALL
"FUN_180002f50"	180002f50	"FUN_180001a80"	180001a80	CALLER
"FUN_180054300"	180054300	"memset"	1800f4cd2	CALL
"FUN_180054300"	180054300	"FUN_1800f3bf0"	1800f3bf0	CALL
"FUN_180054300"	180054300	"_Init_thread_footer"	1800f3b84	CALL
"FUN_180054300"	180054300	"__security_check_cookie"	1800f3ab0	CALL
"FUN_180002a70"	180002a70	"FUN_180054300"	180054300	CALLER
"FUN_180002f50"	180002f50	"FUN_180054300"	180054300	CALLER
"FUN_180002f50"	180002f50	"FUN_1800109a0"	1800109a0	CALLER
"FUN_180008dd0"	180008dd0	"memset"	1800f4cd2	CALL
"FUN_180008dd0"	180008dd0	"FUN_18000f1d0"	18000f1d0	CALL
"FUN_180008dd0"	180008dd0	"FUN_18000f310"	18000f310	CALL
"FUN_180008dd0"	180008dd0	"FUN_18000f5b0"	18000f5b0	CALL
"FUN_180008dd0"	180008dd0	"FUN_18000eb00"	18000eb00	CALL
"FUN_180008dd0"	180008dd0	"FUN_180050040"	180050040	CALL
"FUN_180008dd0"	180008dd0	"FUN_18000ffc0"	18000ffc0	CALL
"FUN_180008dd0"	180008dd0	"FUN_1800116b0"	1800116b0	CALL
"FUN_180008dd0"	180008dd0	"FUN_180051b20"	180051b20	CALL
"FUN_180008dd0"	180008dd0	"FUN_180050b40"	180050b40	CALL
"FUN_180008dd0"	180008dd0	"FUN_180051be0"	180051be0	CALL
"FUN_180008dd0"	180008dd0	"__security_check_cookie"	1800f3ab0	CALL
"FUN_180002f50"	180002f50	"FUN_180008dd0"	180008dd0	CALLER
"FUN_180055d90"	180055d90	"memset"	1800f4cd2	CALL
"FUN_180055d90"	180055d90	"FUN_180050430"	180050430	CALL
"FUN_180055d90"	180055d90	"FUN_1800f3b0c"	1800f3b0c	CALL
"FUN_180055d90"	180055d90	"FUN_180054690"	180054690	CALL
"FUN_180055d90"	180055d90	"FUN_18004d080"	18004d080	CALL
"FUN_180055d90"	180055d90	"FUN_1800549b0"	1800549b0	CALL
"FUN_180055d90"	180055d90	"FUN_1800550f0"	1800550f0	CALL
"FUN_180055d90"	180055d90	"free"	1800f3ad0	CALL
"FUN_180055d90"	180055d90	"__security_check_cookie"	1800f3ab0	CALL
"FUN_180002a70"	180002a70	"FUN_180055d90"	180055d90	CALLER
"FUN_180002a70"	180002a70	"FUN_180055d90"	180055d90	CALLER
"FUN_180002ca0"	180002ca0	"FUN_180055d90"	180055d90	CALLER
"FUN_18005cb20"	18005cb20	"FUN_180055d90"	180055d90	CALLER
"FUN_1800088c0"	1800088c0	"memset"	1800f4cd2	CALL
"FUN_1800088c0"	1800088c0	"FUN_18000f1d0"	18000f1d0	CALL
"FUN_1800088c0"	1800088c0	"FUN_18000f310"	18000f310	CALL
"FUN_1800088c0"	1800088c0	"FUN_18000f5b0"	18000f5b0	CALL
"FUN_1800088c0"	1800088c0	"FUN_18000eb00"	18000eb00	CALL
"FUN_1800088c0"	1800088c0	"FUN_180050040"	180050040	CALL
"FUN_1800088c0"	1800088c0	"FUN_18000ffc0"	18000ffc0	CALL
"FUN_1800088c0"	1800088c0	"FUN_180011650"	180011650	CALL
"FUN_1800088c0"	1800088c0	"FUN_1800563e0"	1800563e0	CALL
"FUN_1800088c0"	1800088c0	"FUN_180051b20"	180051b20	CALL
"FUN_1800088c0"	1800088c0	"FUN_180050b40"	180050b40	CALL
"FUN_1800088c0"	1800088c0	"FUN_180051be0"	180051be0	CALL
"FUN_1800088c0"	1800088c0	"free"	1800f3ad0	CALL
"FUN_1800088c0"	1800088c0	"__security_check_cookie"	1800f3ab0	CALL
"FUN_180002ca0"	180002ca0	"FUN_1800088c0"	1800088c0	CALLER
"FUN_180002a70"	180002a70	"FUN_180055d90"	180055d90	CALL
"FUN_180002a70"	180002a70	"FUN_1800563e0"	1800563e0	CALL
"FUN_180002a70"	180002a70	"FUN_180054510"	180054510	CALL
"FUN_180002a70"	180002a70	"FUN_180050430"	180050430	CALL
"FUN_180002a70"	180002a70	"free"	1800f3ad0	CALL
"FUN_180002a70"	180002a70	"FUN_180054300"	180054300	CALL
"FUN_180002a70"	180002a70	"__security_check_cookie"	1800f3ab0	CALL
"FUN_180002ca0"	180002ca0	"FUN_180002a70"	180002a70	CALLER
"FUN_180004ae0"	180004ae0	"FUN_180053290"	180053290	CALL
"FUN_180004ae0"	180004ae0	"memset"	1800f4cd2	CALL
"FUN_180004ae0"	180004ae0	"FUN_1800f3bf0"	1800f3bf0	CALL
"FUN_180004ae0"	180004ae0	"_Init_thread_footer"	1800f3b84	CALL
"FUN_180004ae0"	180004ae0	"__security_check_cookie"	1800f3ab0	CALL
"FUN_180059b60"	180059b60	"FUN_1800085d0"	1800085d0	CALL
"FUN_180059b60"	180059b60	"FUN_180059490"	180059490	CALL
"FUN_180058db0"	180058db0	"FUN_1800f3b0c"	1800f3b0c	CALL
"FUN_180058db0"	180058db0	"FUN_1800613f0"	1800613f0	CALL
"FUN_180058db0"	180058db0	"memset"	1800f4cd2	CALL
"FUN_180058db0"	180058db0	"free"	1800f3ad0	CALL
"FUN_180058db0"	180058db0	"__security_check_cookie"	1800f3ab0	CALL
"FUN_180058db0"	180058db0	"FUN_180057d10"	180057d10	CALL
"FUN_180059490"	180059490	"FUN_180058db0"	180058db0	CALLER
"FUN_180059f00"	180059f00	"FUN_18000ffc0"	18000ffc0	CALL
"FUN_180059f00"	180059f00	"FUN_180059ca0"	180059ca0	CALL
"FUN_180059f00"	180059f00	"__security_check_cookie"	1800f3ab0	CALL
"FUN_180059490"	180059490	"FUN_180059f00"	180059f00	CALLER
"FUN_180059490"	180059490	"FUN_180059f00"	180059f00	CALLER
"FUN_1800596e0"	1800596e0	"FUN_180059f00"	180059f00	CALLER
"FUN_180061f60"	180061f60	"FUN_180061d90"	180061d90	CALL
"FUN_180059490"	180059490	"FUN_180061f60"	180061f60	CALLER
"FUN_180062720"	180062720	"FUN_180062b50"	180062b50	CALL
"FUN_180062720"	180062720	"FUN_1800627e0"	1800627e0	CALL
"FUN_180062720"	180062720	"FUN_180028c30"	180028c30	CALL
"FUN_180062720"	180062720	"_CxxThrowException"	1800f4cc6	CALL
"FUN_180059490"	180059490	"FUN_180062720"	180062720	CALLER
"FUN_180011710"	180011710	"FUN_180005ad0"	180005ad0	CALL
"FUN_180011710"	180011710	"FUN_1800061d0"	1800061d0	CALL
"FUN_180011710"	180011710	"free"	1800f3ad0	CALL
"FUN_180065140"	180065140	"_guard_check_icall"	18000e9f0	CALL
"FUN_180065140"	180065140	"cef_list_value_create"	1800f4d9e	CALL
"FUN_180065140"	180065140	"FUN_180066ef0"	180066ef0	CALL
"FUN_180005820"	180005820	"FUN_180065140"	180065140	CALLER
"FUN_180005ad0"	180005ad0	"FUN_180065140"	180065140	CALLER
"FUN_180052ef0"	180052ef0	"FUN_1800f3b0c"	1800f3b0c	CALL
"FUN_180052ef0"	180052ef0	"memcpy"	1800f4cde	CALL
"FUN_180052ef0"	180052ef0	"FUN_180057d10"	180057d10	CALL
"FUN_180053010"	180053010	"FUN_180052ef0"	180052ef0	CALLER
"FUN_180005ad0"	180005ad0	"FUN_180052ef0"	180052ef0	CALLER
"FUN_180057380"	180057380	"memmove"	1800f4ccc	CALLER
"FUN_180057380"	180057380	"memmove"	1800f4ccc	CALLER
"FUN_180050290"	180050290	"memmove"	1800f4ccc	CALLER
"FUN_180050290"	180050290	"memmove"	1800f4ccc	CALLER
"FUN_180050290"	180050290	"memmove"	1800f4ccc	CALLER
"FUN_180050290"	180050290	"memmove"	1800f4ccc	CALLER
"FUN_180050290"	180050290	"memmove"	1800f4ccc	CALLER
"FUN_180052210"	180052210	"memmove"	1800f4ccc	CALLER
"FUN_180055940"	180055940	"memmove"	1800f4ccc	CALLER
"FUN_1800559c0"	1800559c0	"memmove"	1800f4ccc	CALLER
"FUN_180054510"	180054510	"memmove"	1800f4ccc	CALLER
"FUN_18004d080"	18004d080	"memmove"	1800f4ccc	CALLER
"FUN_18004d080"	18004d080	"memmove"	1800f4ccc	CALLER
"FUN_1800125a0"	1800125a0	"memmove"	1800f4ccc	CALLER
"FUN_180047ba0"	180047ba0	"memmove"	1800f4ccc	CALLER
"FUN_180050770"	180050770	"memmove"	1800f4ccc	CALLER
"FUN_180055720"	180055720	"memmove"	1800f4ccc	CALLER
"FUN_180005ad0"	180005ad0	"memmove"	1800f4ccc	CALLER
"FUN_180009030"	180009030	"memmove"	1800f4ccc	CALLER
"FUN_1800c25b0"	1800c25b0	"memmove"	1800f4ccc	CALLER
"FUN_1800b78e0"	1800b78e0	"memmove"	1800f4ccc	CALLER
"FUN_1800baad0"	1800baad0	"memmove"	1800f4ccc	CALLER
"FUN_1800baad0"	1800baad0	"memmove"	1800f4ccc	CALLER
"FUN_1800b5ef0"	1800b5ef0	"memmove"	1800f4ccc	CALLER
"FUN_1800c4e70"	1800c4e70	"memmove"	1800f4ccc	CALLER
"FUN_1800ca9b0"	1800ca9b0	"memmove"	1800f4ccc	CALLER
"FUN_1800cc830"	1800cc830	"memmove"	1800f4ccc	CALLER
"FUN_1800ce2a0"	1800ce2a0	"memmove"	1800f4ccc	CALLER
"FUN_1800d7770"	1800d7770	"memmove"	1800f4ccc	CALLER
"FUN_1800e0a10"	1800e0a10	"memmove"	1800f4ccc	CALLER
"FUN_180021870"	180021870	"memmove"	1800f4ccc	CALLER
"FUN_180028e50"	180028e50	"memmove"	1800f4ccc	CALLER
"FUN_180029cc0"	180029cc0	"memmove"	1800f4ccc	CALLER
"FUN_18002a7f0"	18002a7f0	"memmove"	1800f4ccc	CALLER
"FUN_18002a7f0"	18002a7f0	"memmove"	1800f4ccc	CALLER
"FUN_18002a7f0"	18002a7f0	"memmove"	1800f4ccc	CALLER
"FUN_18002b430"	18002b430	"memmove"	1800f4ccc	CALLER
"FUN_18002b430"	18002b430	"memmove"	1800f4ccc	CALLER
"FUN_18002b430"	18002b430	"memmove"	1800f4ccc	CALLER
"FUN_18002c070"	18002c070	"memmove"	1800f4ccc	CALLER
"FUN_180040090"	180040090	"memmove"	1800f4ccc	CALLER
"FUN_180050ed0"	180050ed0	"memmove"	1800f4ccc	CALLER
"FUN_18005f4c0"	18005f4c0	"memmove"	1800f4ccc	CALLER
"FUN_18005f4c0"	18005f4c0	"memmove"	1800f4ccc	CALLER
"FUN_180063d10"	180063d10	"memmove"	1800f4ccc	CALLER
"FUN_180060170"	180060170	"memmove"	1800f4ccc	CALLER
"FUN_1800602f0"	1800602f0	"memmove"	1800f4ccc	CALLER
"FUN_180060600"	180060600	"memmove"	1800f4ccc	CALLER
"FUN_180060a90"	180060a90	"memmove"	1800f4ccc	CALLER
"FUN_1800d5900"	1800d5900	"memmove"	1800f4ccc	CALLER
"FUN_1800d95c0"	1800d95c0	"memmove"	1800f4ccc	CALLER
"FUN_1800d95c0"	1800d95c0	"memmove"	1800f4ccc	CALLER
"FUN_1800d9fc0"	1800d9fc0	"memmove"	1800f4ccc	CALLER
"FUN_1800d9fc0"	1800d9fc0	"memmove"	1800f4ccc	CALLER
"FUN_1800d4850"	1800d4850	"memmove"	1800f4ccc	CALLER
"FUN_18007ef20"	18007ef20	"memmove"	1800f4ccc	CALLER
"FUN_18007ef20"	18007ef20	"memmove"	1800f4ccc	CALLER
"FUN_180085140"	180085140	"memmove"	1800f4ccc	CALLER
"FUN_180085140"	180085140	"memmove"	1800f4ccc	CALLER
"FUN_1800964e0"	1800964e0	"memmove"	1800f4ccc	CALLER
"FUN_1800964e0"	1800964e0	"memmove"	1800f4ccc	CALLER
"FUN_1800d9b40"	1800d9b40	"memmove"	1800f4ccc	CALLER
"FUN_1800d9b40"	1800d9b40	"memmove"	1800f4ccc	CALLER
"FUN_1800557b0"	1800557b0	"FUN_1800f3b0c"	1800f3b0c	CALL
"FUN_1800557b0"	1800557b0	"memcpy"	1800f4cde	CALL
"FUN_1800557b0"	1800557b0	"free"	1800f3ad0	CALL
"FUN_1800557b0"	1800557b0	"FUN_180057c40"	180057c40	CALL
"FUN_1800557b0"	1800557b0	"FUN_180057d10"	180057d10	CALL
"FUN_180052210"	180052210	"FUN_1800557b0"	1800557b0	CALLER
"FUN_180055940"	180055940	"FUN_1800557b0"	1800557b0	CALLER
"FUN_1800559c0"	1800559c0	"FUN_1800557b0"	1800557b0	CALLER
"FUN_180055a60"	180055a60	"FUN_1800557b0"	1800557b0	CALLER
"FUN_180055720"	180055720	"FUN_1800557b0"	1800557b0	CALLER
"FUN_180005ad0"	180005ad0	"FUN_1800557b0"	1800557b0	CALLER
"FUN_180021870"	180021870	"FUN_1800557b0"	1800557b0	CALLER
"FUN_180025b70"	180025b70	"FUN_1800557b0"	1800557b0	CALLER
"FUN_180027980"	180027980	"FUN_1800557b0"	1800557b0	CALLER
"FUN_180005820"	180005820	"FUN_180065140"	180065140	CALL
"FUN_180005820"	180005820	"FUN_1800f3b0c"	1800f3b0c	CALL
"FUN_180005820"	180005820	"free"	1800f3ad0	CALL
"FUN_180005820"	180005820	"FUN_180050430"	180050430	CALL
"FUN_180005820"	180005820	"__security_check_cookie"	1800f3ab0	CALL
"FUN_1800050d0"	1800050d0	"FUN_180005820"	180005820	CALLER
"FUN_180005ad0"	180005ad0	"FUN_180005820"	180005820	CALLER
"FUN_180056c20"	180056c20	"FUN_180057c40"	180057c40	CALLER
"FUN_180056d90"	180056d90	"FUN_180057c40"	180057c40	CALLER
"FUN_180056ec0"	180056ec0	"FUN_180057c40"	180057c40	CALLER
"FUN_180057020"	180057020	"FUN_180057c40"	180057c40	CALLER
"FUN_1800571b0"	1800571b0	"FUN_180057c40"	180057c40	CALLER
"FUN_180057850"	180057850	"FUN_180057c40"	180057c40	CALLER
"FUN_1800500b0"	1800500b0	"FUN_180057c40"	180057c40	CALLER
"FUN_180050430"	180050430	"FUN_180057c40"	180057c40	CALLER
"FUN_180051dd0"	180051dd0	"FUN_180057c40"	180057c40	CALLER
"FUN_1800520c0"	1800520c0	"FUN_180057c40"	180057c40	CALLER
"FUN_1800554d0"	1800554d0	"FUN_180057c40"	180057c40	CALLER
"FUN_1800557b0"	1800557b0	"FUN_180057c40"	180057c40	CALLER
"FUN_1800563e0"	1800563e0	"FUN_180057c40"	180057c40	CALLER
"FUN_180054510"	180054510	"FUN_180057c40"	180057c40	CALLER
"FUN_1800505f0"	1800505f0	"FUN_180057c40"	180057c40	CALLER
"FUN_180053010"	180053010	"FUN_180057c40"	180057c40	CALLER
"FUN_1800553c0"	1800553c0	"FUN_180057c40"	180057c40	CALLER
"FUN_180005ad0"	180005ad0	"FUN_180057c40"	180057c40	CALLER
"FUN_180059ac0"	180059ac0	"FUN_1800085d0"	1800085d0	CALL
"FUN_180059ac0"	180059ac0	"FUN_1800596e0"	1800596e0	CALL
"FUN_180059c00"	180059c00	"FUN_1800085d0"	1800085d0	CALL
"FUN_180059c00"	180059c00	"FUN_1800596e0"	1800596e0	CALL
"FUN_1800af110"	1800af110	"FUN_1800aea48"	1800aea48	CALL
"FUN_180059810"	180059810	"FUN_1800af110"	1800af110	CALLER
"FUN_180059810"	180059810	"FUN_1800af110"	1800af110	CALLER
"FUN_180059810"	180059810	"FUN_1800af110"	1800af110	CALLER
"FUN_1800af180"	1800af180	"FUN_1800aec3c"	1800aec3c	CALL
"FUN_1800af180"	1800af180	"FUN_1800aec7c"	1800aec7c	CALL
"FUN_1800af180"	1800af180	"FUN_1800aeb28"	1800aeb28	CALL
"FUN_1800af180"	1800af180	"FUN_1800af2d8"	1800af2d8	CALL
"FUN_1800af180"	1800af180	"FUN_1800af374"	1800af374	CALL
"FUN_1800af180"	1800af180	"FUN_1800ae8e4"	1800ae8e4	CALL
"FUN_180059810"	180059810	"FUN_1800af180"	1800af180	CALLER
"FUN_180059810"	180059810	"FUN_1800af180"	1800af180	CALLER
"FUN_180059810"	180059810	"FUN_1800af180"	1800af180	CALLER
"FUN_18000ffc0"	18000ffc0	"memcmp"	1800f4cf6	CALL
"FUN_180008730"	180008730	"FUN_18000ffc0"	18000ffc0	CALLER
"FUN_180008730"	180008730	"FUN_18000ffc0"	18000ffc0	CALLER
"FUN_1800111b0"	1800111b0	"FUN_18000ffc0"	18000ffc0	CALLER
"FUN_1800539a0"	1800539a0	"FUN_18000ffc0"	18000ffc0	CALLER
"FUN_1800088c0"	1800088c0	"FUN_18000ffc0"	18000ffc0	CALLER
"FUN_1800088c0"	1800088c0	"FUN_18000ffc0"	18000ffc0	CALLER
"FUN_180008c40"	180008c40	"FUN_18000ffc0"	18000ffc0	CALLER
"FUN_180008c40"	180008c40	"FUN_18000ffc0"	18000ffc0	CALLER
"FUN_180008dd0"	180008dd0	"FUN_18000ffc0"	18000ffc0	CALLER
"FUN_180008dd0"	180008dd0	"FUN_18000ffc0"	18000ffc0	CALLER
"FUN_180059810"	180059810	"FUN_18000ffc0"	18000ffc0	CALLER
"FUN_180059ca0"	180059ca0	"FUN_18000ffc0"	18000ffc0	CALLER
"FUN_18005eb70"	18005eb70	"FUN_18000ffc0"	18000ffc0	CALLER
"FUN_180016ef0"	180016ef0	"FUN_18000ffc0"	18000ffc0	CALLER
"FUN_180059f00"	180059f00	"FUN_18000ffc0"	18000ffc0	CALLER
"FUN_180059ca0"	180059ca0	"FUN_18000ffc0"	18000ffc0	CALL
"FUN_180059ca0"	180059ca0	"FUN_1800f3b0c"	1800f3b0c	CALL
"FUN_180059ca0"	180059ca0	"FUN_1800563e0"	1800563e0	CALL
"FUN_180059ca0"	180059ca0	"FUN_180056b70"	180056b70	CALL
"FUN_180059ca0"	180059ca0	"memcmp"	1800f4cf6	CALL
"FUN_180059810"	180059810	"FUN_180059ca0"	180059ca0	CALLER
"FUN_180059f00"	180059f00	"FUN_180059ca0"	180059ca0	CALLER
"FUN_180001520"	180001520	"FUN_18005f2d0"	18005f2d0	CALL
"FUN_180001520"	180001520	"FUN_180058350"	180058350	CALL
"FUN_180001520"	180001520	"free"	1800f3ad0	CALL
"FUN_180001520"	180001520	"__security_check_cookie"	1800f3ab0	CALL
"FUN_180001740"	180001740	"FUN_18005f2d0"	18005f2d0	CALL
"FUN_180001740"	180001740	"FUN_180058350"	180058350	CALL
"FUN_180001740"	180001740	"free"	1800f3ad0	CALL
"FUN_180001740"	180001740	"__security_check_cookie"	1800f3ab0	CALL
"FUN_1800022d0"	1800022d0	"memset"	1800f4cd2	CALL
"FUN_1800022d0"	1800022d0	"FUN_1800f3bf0"	1800f3bf0	CALL
"FUN_1800022d0"	1800022d0	"_Init_thread_footer"	1800f3b84	CALL
"FUN_1800022d0"	1800022d0	"FUN_180058350"	180058350	CALL
"FUN_1800022d0"	1800022d0	"FUN_180050430"	180050430	CALL
"FUN_1800022d0"	1800022d0	"FUN_1800529a0"	1800529a0	CALL
"FUN_1800022d0"	1800022d0	"FUN_1800f3098"	1800f3098	CALL
"FUN_1800022d0"	1800022d0	"FUN_180058060"	180058060	CALL
"FUN_1800022d0"	1800022d0	"FUN_180057660"	180057660	CALL
"FUN_1800022d0"	1800022d0	"FUN_18000ee20"	18000ee20	CALL
"FUN_1800022d0"	1800022d0	"free"	1800f3ad0	CALL
"FUN_1800022d0"	1800022d0	"FUN_180008730"	180008730	CALL
"FUN_1800022d0"	1800022d0	"FUN_1800674a0"	1800674a0	CALL
"FUN_1800022d0"	1800022d0	"FUN_1800539a0"	1800539a0	CALL
"FUN_1800022d0"	1800022d0	"FUN_180010100"	180010100	CALL
"FUN_1800022d0"	1800022d0	"__security_check_cookie"	1800f3ab0	CALL
"FUN_180058350"	180058350	"FUN_1800581d0"	1800581d0	CALLER
"FUN_180057380"	180057380	"FUN_1800581d0"	1800581d0	CALLER
"FUN_180057380"	180057380	"FUN_1800581d0"	1800581d0	CALLER
"FUN_180057380"	180057380	"FUN_1800581d0"	1800581d0	CALLER
"FUN_180058350"	180058350	"FUN_180054670"	180054670	CALLER
"FUN_180057380"	180057380	"FUN_180054670"	180054670	CALLER
"FUN_180050290"	180050290	"FUN_180054670"	180054670	CALLER
"FUN_18004dd40"	18004dd40	"FUN_180054670"	180054670	CALLER
"FUN_180021870"	180021870	"FUN_180054670"	180054670	CALLER
"FUN_1800238f0"	1800238f0	"FUN_180054670"	180054670	CALLER
"FUN_180040090"	180040090	"FUN_180054670"	180054670	CALLER
"FUN_18005b850"	18005b850	"FUN_180054670"	180054670	CALLER
"FUN_180001000"	180001000	"FUN_1800f3b0c"	1800f3b0c	CALL
"FUN_180001000"	180001000	"free"	1800f3ad0	CALL
"FUN_180001000"	180001000	"atexit"	1800f3fc0	CALL
"FUN_180001180"	180001180	"FUN_1800f3b0c"	1800f3b0c	CALL
"FUN_180001180"	180001180	"free"	1800f3ad0	CALL
"FUN_180001180"	180001180	"atexit"	1800f3fc0	CALL
"FUN_180056c20"	180056c20	"FUN_1800f3b0c"	1800f3b0c	CALL
"FUN_180056c20"	180056c20	"memcpy"	1800f4cde	CALL
"FUN_180056c20"	180056c20	"free"	1800f3ad0	CALL
"FUN_180056c20"	180056c20	"FUN_180057c40"	180057c40	CALL
"FUN_180056c20"	180056c20	"FUN_180057d10"	180057d10	CALL
"FUN_180057660"	180057660	"FUN_180056c20"	180056c20	CALLER
"FUN_180056ec0"	180056ec0	"FUN_1800f3b0c"	1800f3b0c	CALL
"FUN_180056ec0"	180056ec0	"memcpy"	1800f4cde	CALL
"FUN_180056ec0"	180056ec0	"free"	1800f3ad0	CALL
"FUN_180056ec0"	180056ec0	"FUN_180057c40"	180057c40	CALL
"FUN_180056ec0"	180056ec0	"FUN_180057d10"	180057d10	CALL
"FUN_180057380"	180057380	"FUN_180056ec0"	180056ec0	CALLER
"FUN_180057020"	180057020	"FUN_1800f3b0c"	1800f3b0c	CALL
"FUN_180057020"	180057020	"memcpy"	1800f4cde	CALL
"FUN_180057020"	180057020	"free"	1800f3ad0	CALL
"FUN_180057020"	180057020	"FUN_180057c40"	180057c40	CALL
"FUN_180057020"	180057020	"FUN_180057d10"	180057d10	CALL
"FUN_180057380"	180057380	"FUN_180057020"	180057020	CALLER
"FUN_1800571b0"	1800571b0	"FUN_1800f3b0c"	1800f3b0c	CALL
"FUN_1800571b0"	1800571b0	"memcpy"	1800f4cde	CALL
"FUN_1800571b0"	1800571b0	"free"	1800f3ad0	CALL
"FUN_1800571b0"	1800571b0	"FUN_180057c40"	180057c40	CALL
"FUN_1800571b0"	1800571b0	"FUN_180057d10"	180057d10	CALL
"FUN_180057380"	180057380	"FUN_1800571b0"	1800571b0	CALLER
"FUN_180057850"	180057850	"FUN_1800f3b0c"	1800f3b0c	CALL
"FUN_180057850"	180057850	"memcpy"	1800f4cde	CALL
"FUN_180057850"	180057850	"free"	1800f3ad0	CALL
"FUN_180057850"	180057850	"FUN_180057c40"	180057c40	CALL
"FUN_180057850"	180057850	"FUN_180057d10"	180057d10	CALL
"FUN_180058060"	180058060	"FUN_180057850"	180057850	CALLER
"FUN_180057a80"	180057a80	"free"	1800f3ad0	CALL
"FUN_180057a80"	180057a80	"__security_check_cookie"	1800f3ab0	CALL
"FUN_180057810"	180057810	"FUN_180057a80"	180057a80	CALLER
"FUN_180058020"	180058020	"FUN_180057a80"	180057a80	CALLER
"FUN_18005f2d0"	18005f2d0	"FUN_180050430"	180050430	CALL
"FUN_18005f2d0"	18005f2d0	"thunk_FUN_1800f3b0c"	1800f4510	CALL
"FUN_18005f2d0"	18005f2d0	"FUN_180050290"	180050290	CALL
"FUN_18005f2d0"	18005f2d0	"free"	1800f3ad0	CALL
"FUN_180001520"	180001520	"FUN_18005f2d0"	18005f2d0	CALLER
"FUN_180001520"	180001520	"FUN_18005f2d0"	18005f2d0	CALLER
"FUN_180001740"	180001740	"FUN_18005f2d0"	18005f2d0	CALLER
"FUN_180001740"	180001740	"FUN_18005f2d0"	18005f2d0	CALLER
"FUN_1800019b0"	1800019b0	"FUN_18005f2d0"	18005f2d0	CALLER
"FUN_1800050d0"	1800050d0	"FUN_18005f2d0"	18005f2d0	CALLER
"FUN_1800050d0"	1800050d0	"FUN_18005f2d0"	18005f2d0	CALLER
"FUN_1800500b0"	1800500b0	"FUN_1800f3b0c"	1800f3b0c	CALL
"FUN_1800500b0"	1800500b0	"memcpy"	1800f4cde	CALL
"FUN_1800500b0"	1800500b0	"free"	1800f3ad0	CALL
"FUN_1800500b0"	1800500b0	"FUN_180057c40"	180057c40	CALL
"FUN_1800500b0"	1800500b0	"FUN_180057d10"	180057d10	CALL
"FUN_180050290"	180050290	"FUN_1800500b0"	1800500b0	CALLER
"FUN_1800019b0"	1800019b0	"FUN_18005f2d0"	18005f2d0	CALL
"FUN_1800019b0"	1800019b0	"free"	1800f3ad0	CALL
"FUN_1800019b0"	1800019b0	"__security_check_cookie"	1800f3ab0	CALL
"FUN_18000ee20"	18000ee20	"memset"	1800f4cd2	CALL
"FUN_18000ee20"	18000ee20	"FUN_1800f3b0c"	1800f3b0c	CALL
"FUN_18000ee20"	18000ee20	"FUN_1800f3098"	1800f3098	CALL
"FUN_18000ee20"	18000ee20	"FUN_18004fdb0"	18004fdb0	CALL
"FUN_18000ee20"	18000ee20	"FUN_180067bc0"	180067bc0	CALL
"FUN_18000ee20"	18000ee20	"free"	1800f3ad0	CALL
"FUN_18000ee20"	18000ee20	"FUN_1800111b0"	1800111b0	CALL
"FUN_18000ee20"	18000ee20	"__security_check_cookie"	1800f3ab0	CALL
"FUN_1800022d0"	1800022d0	"FUN_18000ee20"	18000ee20	CALLER
"FUN_180011b20"	180011b20	"FUN_1800f3b0c"	1800f3b0c	CALL
"FUN_180011b20"	180011b20	"free"	1800f3ad0	CALL
"FUN_180011b20"	180011b20	"memcmp"	1800f4cf6	CALL
"FUN_180011b20"	180011b20	"FUN_180057d10"	180057d10	CALL
"FUN_1800111b0"	1800111b0	"FUN_180011b20"	180011b20	CALLER
"FUN_180051dd0"	180051dd0	"FUN_1800f3b0c"	1800f3b0c	CALL
"FUN_180051dd0"	180051dd0	"memcpy"	1800f4cde	CALL
"FUN_180051dd0"	180051dd0	"memset"	1800f4cd2	CALL
"FUN_180051dd0"	180051dd0	"free"	1800f3ad0	CALL
"FUN_180051dd0"	180051dd0	"FUN_180057c40"	180057c40	CALL
"FUN_180051dd0"	180051dd0	"FUN_180057d10"	180057d10	CALL
"FUN_18004fdb0"	18004fdb0	"FUN_180051dd0"	180051dd0	CALLER
"FUN_180051f60"	180051f60	"FUN_180051dd0"	180051dd0	CALLER
"FUN_180052510"	180052510	"FUN_180051cd0"	180051cd0	CALL
"FUN_180052510"	180052510	"FUN_180056d90"	180056d90	CALL
"FUN_180052510"	180052510	"FUN_1800522a0"	1800522a0	CALL
"FUN_180052510"	180052510	"free"	1800f3ad0	CALL
"FUN_180052940"	180052940	"FUN_180052510"	180052510	CALLER
"FUN_180051cd0"	180051cd0	"FUN_1800563e0"	1800563e0	CALL
"FUN_180051cd0"	180051cd0	"FUN_180055a60"	180055a60	CALL
"FUN_180051cd0"	180051cd0	"free"	1800f3ad0	CALL
"FUN_180051cd0"	180051cd0	"__security_check_cookie"	1800f3ab0	CALL
"FUN_180052510"	180052510	"FUN_180051cd0"	180051cd0	CALLER
"FUN_18004fc50"	18004fc50	"FUN_180051cd0"	180051cd0	CALLER
"FUN_1800522a0"	1800522a0	"FUN_1800f3098"	1800f3098	CALL
"FUN_1800522a0"	1800522a0	"FUN_180051f60"	180051f60	CALL
"FUN_1800522a0"	1800522a0	"FUN_1800520c0"	1800520c0	CALL
"FUN_1800522a0"	1800522a0	"FUN_180052210"	180052210	CALL
"FUN_1800522a0"	1800522a0	"FUN_1800559c0"	1800559c0	CALL
"FUN_1800522a0"	1800522a0	"FUN_180055940"	180055940	CALL
"FUN_1800522a0"	1800522a0	"FUN_1800554d0"	1800554d0	CALL
"FUN_1800522a0"	1800522a0	"free"	1800f3ad0	CALL
"FUN_1800522a0"	1800522a0	"__security_check_cookie"	1800f3ab0	CALL
"FUN_180052510"	180052510	"FUN_1800522a0"	1800522a0	CALLER
"FUN_1800520c0"	1800520c0	"FUN_1800f3b0c"	1800f3b0c	CALL
"FUN_1800520c0"	1800520c0	"memcpy"	1800f4cde	CALL
"FUN_1800520c0"	1800520c0	"free"	1800f3ad0	CALL
"FUN_1800520c0"	1800520c0	"FUN_180057c40"	180057c40	CALL
"FUN_1800520c0"	1800520c0	"FUN_180057d10"	180057d10	CALL
"FUN_1800522a0"	1800522a0	"FUN_1800520c0"	1800520c0	CALLER
"FUN_180041550"	180041550	"FUN_1800520c0"	1800520c0	CALLER
"FUN_180025b70"	180025b70	"FUN_1800520c0"	1800520c0	CALLER
"FUN_1800554d0"	1800554d0	"FUN_1800f3b0c"	1800f3b0c	CALL
"FUN_1800554d0"	1800554d0	"memcpy"	1800f4cde	CALL
"FUN_1800554d0"	1800554d0	"free"	1800f3ad0	CALL
"FUN_1800554d0"	1800554d0	"FUN_180057c40"	180057c40	CALL
"FUN_1800554d0"	1800554d0	"FUN_180057d10"	180057d10	CALL
"FUN_1800522a0"	1800522a0	"FUN_1800554d0"	1800554d0	CALLER
"FUN_180054690"	180054690	"FUN_1800554d0"	1800554d0	CALLER
"FUN_18003a9b0"	18003a9b0	"FUN_1800554d0"	1800554d0	CALLER
"FUN_180021870"	180021870	"FUN_1800554d0"	1800554d0	CALLER
"FUN_180040090"	180040090	"FUN_1800554d0"	1800554d0	CALLER
"FUN_180040090"	180040090	"FUN_1800554d0"	1800554d0	CALLER
"FUN_180050ed0"	180050ed0	"FUN_1800554d0"	1800554d0	CALLER
"FUN_18005cf70"	18005cf70	"FUN_1800554d0"	1800554d0	CALLER
"FUN_180055a60"	180055a60	"FUN_1800557b0"	1800557b0	CALL
"FUN_180055a60"	180055a60	"FUN_1800559c0"	1800559c0	CALL
"FUN_180055a60"	180055a60	"free"	1800f3ad0	CALL
"FUN_180055a60"	180055a60	"__security_check_cookie"	1800f3ab0	CALL
"FUN_180051cd0"	180051cd0	"FUN_180055a60"	180055a60	CALLER
"FUN_180013e90"	180013e90	"FUN_1800f3b0c"	1800f3b0c	CALL
"FUN_180013e90"	180013e90	"free"	1800f3ad0	CALL
"FUN_180013e90"	180013e90	"FUN_180057d10"	180057d10	CALL
"FUN_1800568c0"	1800568c0	"FUN_180013e90"	180013e90	CALLER
"FUN_1800125a0"	1800125a0	"FUN_180013e90"	180013e90	CALLER
"FUN_1800125a0"	1800125a0	"FUN_180013e90"	180013e90	CALLER
"FUN_180013fd0"	180013fd0	"FUN_180013e90"	180013e90	CALLER
"FUN_180014520"	180014520	"FUN_180013e90"	180013e90	CALLER
"FUN_180014520"	180014520	"FUN_180013e90"	180013e90	CALLER
"FUN_180015190"	180015190	"FUN_180013e90"	180013e90	CALLER
"FUN_180018030"	180018030	"FUN_180013e90"	180013e90	CALLER
"FUN_18001a3e0"	18001a3e0	"FUN_180013e90"	180013e90	CALLER
"FUN_18001b520"	18001b520	"FUN_180013e90"	180013e90	CALLER
"FUN_18000fd90"	18000fd90	"FUN_180013e90"	180013e90	CALLER
"FUN_18005df10"	18005df10	"FUN_180013e90"	180013e90	CALLER
"FUN_18005df10"	18005df10	"FUN_180013e90"	180013e90	CALLER
"FUN_18005ef50"	18005ef50	"FUN_180013e90"	180013e90	CALLER
"FUN_180038bc0"	180038bc0	"FUN_180013e90"	180013e90	CALLER
"FUN_180059fd0"	180059fd0	"FUN_180013e90"	180013e90	CALLER
"FUN_18000f5b0"	18000f5b0	"FUN_180013e90"	180013e90	CALLER
"FUN_18000f5b0"	18000f5b0	"FUN_180013e90"	180013e90	CALLER
"FUN_1800550f0"	1800550f0	"free"	1800f3ad0	CALL
"FUN_1800674a0"	1800674a0	"FUN_1800550f0"	1800550f0	CALLER
"FUN_180064d80"	180064d80	"FUN_1800550f0"	1800550f0	CALLER
"FUN_180055d90"	180055d90	"FUN_1800550f0"	1800550f0	CALLER
"FUN_180055d90"	180055d90	"FUN_1800550f0"	1800550f0	CALLER
"FUN_180055d90"	180055d90	"FUN_1800550f0"	1800550f0	CALLER
"FUN_1800172e0"	1800172e0	"FUN_1800550f0"	1800550f0	CALLER
"FUN_180038f20"	180038f20	"FUN_1800550f0"	1800550f0	CALLER
"FUN_180039150"	180039150	"FUN_1800550f0"	1800550f0	CALLER
"FUN_180039380"	180039380	"FUN_1800550f0"	1800550f0	CALLER
"FUN_1800395b0"	1800395b0	"FUN_1800550f0"	1800550f0	CALLER
"FUN_1800397c0"	1800397c0	"FUN_1800550f0"	1800550f0	CALLER
"FUN_1800399f0"	1800399f0	"FUN_1800550f0"	1800550f0	CALLER
"FUN_180039cd0"	180039cd0	"FUN_1800550f0"	1800550f0	CALLER
"FUN_180039fb0"	180039fb0	"FUN_1800550f0"	1800550f0	CALLER
"FUN_18003a290"	18003a290	"FUN_1800550f0"	1800550f0	CALLER
"FUN_18003a4b0"	18003a4b0	"FUN_1800550f0"	1800550f0	CALLER
"FUN_18003a790"	18003a790	"FUN_1800550f0"	1800550f0	CALLER
"FUN_18003aa50"	18003aa50	"FUN_1800550f0"	1800550f0	CALLER
"FUN_18003ada0"	18003ada0	"FUN_1800550f0"	1800550f0	CALLER
"FUN_18004bb90"	18004bb90	"FUN_1800550f0"	1800550f0	CALLER
"FUN_18004dd40"	18004dd40	"FUN_1800550f0"	1800550f0	CALLER
"FUN_18004ea10"	18004ea10	"FUN_1800550f0"	1800550f0	CALLER
"FUN_18004f7f0"	18004f7f0	"FUN_1800550f0"	1800550f0	CALLER
"FUN_1800236e0"	1800236e0	"FUN_1800550f0"	1800550f0	CALLER
"FUN_180021700"	180021700	"FUN_1800550f0"	1800550f0	CALLER
"FUN_1800551b0"	1800551b0	"FUN_1800550f0"	1800550f0	CALLER
"FUN_18002a7f0"	18002a7f0	"FUN_1800550f0"	1800550f0	CALLER
"FUN_18002a7f0"	18002a7f0	"FUN_1800550f0"	1800550f0	CALLER
"FUN_18002b430"	18002b430	"FUN_1800550f0"	1800550f0	CALLER
"FUN_18002b430"	18002b430	"FUN_1800550f0"	1800550f0	CALLER
"FUN_18002c070"	18002c070	"FUN_1800550f0"	1800550f0	CALLER
"FUN_18002c070"	18002c070	"FUN_1800550f0"	1800550f0	CALLER
"FUN_180040090"	180040090	"FUN_1800550f0"	1800550f0	CALLER
"FUN_18004f380"	18004f380	"FUN_1800550f0"	1800550f0	CALLER
"FUN_180054a70"	180054a70	"FUN_1800550f0"	1800550f0	CALLER
"FUN_180054b10"	180054b10	"FUN_1800550f0"	1800550f0	CALLER
"FUN_18005d100"	18005d100	"FUN_1800550f0"	1800550f0	CALLER
"FUN_18005ce70"	18005ce70	"FUN_1800550f0"	1800550f0	CALLER
"FUN_18005cf10"	18005cf10	"FUN_1800550f0"	1800550f0	CALLER
"FUN_180072420"	180072420	"FUN_1800550f0"	1800550f0	CALLER
"FUN_1800728d0"	1800728d0	"FUN_1800550f0"	1800550f0	CALLER
"FUN_18008d100"	18008d100	"FUN_1800550f0"	1800550f0	CALLER
"FUN_18008d480"	18008d480	"FUN_1800550f0"	1800550f0	CALLER
"FUN_18008d8f0"	18008d8f0	"FUN_1800550f0"	1800550f0	CALLER
"FUN_18008e230"	18008e230	"FUN_1800550f0"	1800550f0	CALLER
"FUN_18009ccc0"	18009ccc0	"FUN_1800550f0"	1800550f0	CALLER
"FUN_1800a07f0"	1800a07f0	"FUN_1800550f0"	1800550f0	CALLER
"FUN_1800a0ce0"	1800a0ce0	"FUN_1800550f0"	1800550f0	CALLER
"FUN_1800a1070"	1800a1070	"FUN_1800550f0"	1800550f0	CALLER
"FUN_1800a3b30"	1800a3b30	"FUN_1800550f0"	1800550f0	CALLER
"FUN_1800abcb0"	1800abcb0	"FUN_1800550f0"	1800550f0	CALLER
"FUN_1800ae050"	1800ae050	"FUN_1800550f0"	1800550f0	CALLER
"FUN_1800ae400"	1800ae400	"FUN_1800550f0"	1800550f0	CALLER
"FUN_180054510"	180054510	"memmove"	1800f4ccc	CALL
"FUN_180054510"	180054510	"FUN_1800f3b0c"	1800f3b0c	CALL
"FUN_180054510"	180054510	"memcpy"	1800f4cde	CALL
"FUN_180054510"	180054510	"free"	1800f3ad0	CALL
"FUN_180054510"	180054510	"FUN_180057c40"	180057c40	CALL
"FUN_180054510"	180054510	"FUN_180057d10"	180057d10	CALL
"FUN_1800675c0"	1800675c0	"FUN_180054510"	180054510	CALLER
"FUN_180067250"	180067250	"FUN_180054510"	180054510	CALLER
"FUN_180002a70"	180002a70	"FUN_180054510"	180054510	CALLER
"FUN_1800172e0"	1800172e0	"FUN_180054510"	180054510	CALLER
"FUN_1800174c0"	1800174c0	"FUN_180054510"	180054510	CALLER
"FUN_180038a10"	180038a10	"FUN_180054510"	180054510	CALLER
"FUN_180038a10"	180038a10	"FUN_180054510"	180054510	CALLER
"FUN_180038f20"	180038f20	"FUN_180054510"	180054510	CALLER
"FUN_180039150"	180039150	"FUN_180054510"	180054510	CALLER
"FUN_180039380"	180039380	"FUN_180054510"	180054510	CALLER
"FUN_1800395b0"	1800395b0	"FUN_180054510"	180054510	CALLER
"FUN_1800397c0"	1800397c0	"FUN_180054510"	180054510	CALLER
"FUN_1800399f0"	1800399f0	"FUN_180054510"	180054510	CALLER
"FUN_180039cd0"	180039cd0	"FUN_180054510"	180054510	CALLER
"FUN_180039fb0"	180039fb0	"FUN_180054510"	180054510	CALLER
"FUN_18003a290"	18003a290	"FUN_180054510"	180054510	CALLER
"FUN_18003a4b0"	18003a4b0	"FUN_180054510"	180054510	CALLER
"FUN_18003a790"	18003a790	"FUN_180054510"	180054510	CALLER
"FUN_18003aa50"	18003aa50	"FUN_180054510"	180054510	CALLER
"FUN_18003ada0"	18003ada0	"FUN_180054510"	180054510	CALLER
"FUN_18004bb90"	18004bb90	"FUN_180054510"	180054510	CALLER
"FUN_18004dd40"	18004dd40	"FUN_180054510"	180054510	CALLER
"FUN_18004ea10"	18004ea10	"FUN_180054510"	180054510	CALLER
"FUN_18004f7f0"	18004f7f0	"FUN_180054510"	180054510	CALLER
"FUN_180009340"	180009340	"FUN_180054510"	180054510	CALLER
"FUN_180009340"	180009340	"FUN_180054510"	180054510	CALLER
"FUN_180009340"	180009340	"FUN_180054510"	180054510	CALLER
"FUN_180009920"	180009920	"FUN_180054510"	180054510	CALLER
"FUN_180009920"	180009920	"FUN_180054510"	180054510	CALLER
"FUN_180009920"	180009920	"FUN_180054510"	180054510	CALLER
"FUN_180009f00"	180009f00	"FUN_180054510"	180054510	CALLER
"FUN_180009f00"	180009f00	"FUN_180054510"	180054510	CALLER
"FUN_180009f00"	180009f00	"FUN_180054510"	180054510	CALLER
"FUN_18000a4e0"	18000a4e0	"FUN_180054510"	180054510	CALLER
"FUN_18000a4e0"	18000a4e0	"FUN_180054510"	180054510	CALLER
"FUN_18000a4e0"	18000a4e0	"FUN_180054510"	180054510	CALLER
"FUN_18000aac0"	18000aac0	"FUN_180054510"	180054510	CALLER
"FUN_18000aac0"	18000aac0	"FUN_180054510"	180054510	CALLER
"FUN_18000aac0"	18000aac0	"FUN_180054510"	180054510	CALLER
"FUN_18000b0a0"	18000b0a0	"FUN_180054510"	180054510	CALLER
"FUN_18000b0a0"	18000b0a0	"FUN_180054510"	180054510	CALLER
"FUN_18000b0a0"	18000b0a0	"FUN_180054510"	180054510	CALLER
"FUN_18000b680"	18000b680	"FUN_180054510"	180054510	CALLER
"FUN_18000b680"	18000b680	"FUN_180054510"	180054510	CALLER
"FUN_18000b680"	18000b680	"FUN_180054510"	180054510	CALLER
"FUN_18000bc60"	18000bc60	"FUN_180054510"	180054510	CALLER
"FUN_18000bc60"	18000bc60	"FUN_180054510"	180054510	CALLER
"FUN_18000bc60"	18000bc60	"FUN_180054510"	180054510	CALLER
"FUN_18000c240"	18000c240	"FUN_180054510"	180054510	CALLER
"FUN_18000c240"	18000c240	"FUN_180054510"	180054510	CALLER
"FUN_18000c240"	18000c240	"FUN_180054510"	180054510	CALLER
"FUN_18000c820"	18000c820	"FUN_180054510"	180054510	CALLER
"FUN_18000c820"	18000c820	"FUN_180054510"	180054510	CALLER
"FUN_18000c820"	18000c820	"FUN_180054510"	180054510	CALLER
"FUN_18000ce00"	18000ce00	"FUN_180054510"	180054510	CALLER
"FUN_18000ce00"	18000ce00	"FUN_180054510"	180054510	CALLER
"FUN_18000ce00"	18000ce00	"FUN_180054510"	180054510	CALLER
"FUN_18000d3e0"	18000d3e0	"FUN_180054510"	180054510	CALLER
"FUN_18000d3e0"	18000d3e0	"FUN_180054510"	180054510	CALLER
"FUN_18000d3e0"	18000d3e0	"FUN_180054510"	180054510	CALLER
"FUN_18000d9c0"	18000d9c0	"FUN_180054510"	180054510	CALLER
"FUN_18000d9c0"	18000d9c0	"FUN_180054510"	180054510	CALLER
"FUN_18000df00"	18000df00	"FUN_180054510"	180054510	CALLER
"FUN_18000df00"	18000df00	"FUN_180054510"	180054510	CALLER
"FUN_18000e440"	18000e440	"FUN_180054510"	180054510	CALLER
"FUN_18000e440"	18000e440	"FUN_180054510"	180054510	CALLER
"FUN_180059fd0"	180059fd0	"FUN_180054510"	180054510	CALLER
"FUN_180059fd0"	180059fd0	"FUN_180054510"	180054510	CALLER
"FUN_180059fd0"	180059fd0	"FUN_180054510"	180054510	CALLER
"FUN_180059fd0"	180059fd0	"FUN_180054510"	180054510	CALLER
"FUN_180059fd0"	180059fd0	"FUN_180054510"	180054510	CALLER
"FUN_180059fd0"	180059fd0	"FUN_180054510"	180054510	CALLER
"FUN_180059fd0"	180059fd0	"FUN_180054510"	180054510	CALLER
"FUN_180059fd0"	180059fd0	"FUN_180054510"	180054510	CALLER
"FUN_180059fd0"	180059fd0	"FUN_180054510"	180054510	CALLER
"FUN_180059fd0"	180059fd0	"FUN_180054510"	180054510	CALLER
"FUN_180059fd0"	180059fd0	"FUN_180054510"	180054510	CALLER
"FUN_180059fd0"	180059fd0	"FUN_180054510"	180054510	CALLER
"FUN_180059fd0"	180059fd0	"FUN_180054510"	180054510	CALLER
"FUN_180059fd0"	180059fd0	"FUN_180054510"	180054510	CALLER
"FUN_180059fd0"	180059fd0	"FUN_180054510"	180054510	CALLER
"FUN_180059fd0"	180059fd0	"FUN_180054510"	180054510	CALLER
"FUN_18005b2e0"	18005b2e0	"FUN_180054510"	180054510	CALLER
"FUN_18005b2e0"	18005b2e0	"FUN_180054510"	180054510	CALLER
"FUN_1800673a0"	1800673a0	"FUN_18004f2d0"	18004f2d0	CALL
"FUN_1800673a0"	1800673a0	"FUN_180052c00"	180052c00	CALL
"FUN_1800673a0"	1800673a0	"FUN_18004f4b0"	18004f4b0	CALL
"FUN_1800673a0"	1800673a0	"free"	1800f3ad0	CALL
"FUN_1800668a0"	1800668a0	"FUN_1800673a0"	1800673a0	CALLER
"FUN_18006a4e0"	18006a4e0	"FUN_1800673a0"	1800673a0	CALLER
"FUN_180066730"	180066730	"FUN_1800673a0"	1800673a0	CALLER
"FUN_1800666c0"	1800666c0	"FUN_1800673a0"	1800673a0	CALLER
"FUN_180065030"	180065030	"FUN_1800673a0"	1800673a0	CALLER
"FUN_1800650b0"	1800650b0	"FUN_1800673a0"	1800673a0	CALLER
"FUN_180065170"	180065170	"FUN_1800673a0"	1800673a0	CALLER
"FUN_180066ba0"	180066ba0	"FUN_1800673a0"	1800673a0	CALLER
"FUN_180065210"	180065210	"FUN_1800673a0"	1800673a0	CALLER
"FUN_1800652b0"	1800652b0	"FUN_1800673a0"	1800673a0	CALLER
"FUN_180066d40"	180066d40	"FUN_1800673a0"	1800673a0	CALLER
"FUN_180065350"	180065350	"FUN_1800673a0"	1800673a0	CALLER
"FUN_1800653f0"	1800653f0	"FUN_1800673a0"	1800673a0	CALLER
"FUN_180065480"	180065480	"FUN_1800673a0"	1800673a0	CALLER
"FUN_180065520"	180065520	"FUN_1800673a0"	1800673a0	CALLER
"FUN_1800655a0"	1800655a0	"FUN_1800673a0"	1800673a0	CALLER
"FUN_180065720"	180065720	"FUN_1800673a0"	1800673a0	CALLER
"FUN_1800657b0"	1800657b0	"FUN_1800673a0"	1800673a0	CALLER
"FUN_1800670a0"	1800670a0	"FUN_1800673a0"	1800673a0	CALLER
"FUN_180065850"	180065850	"FUN_1800673a0"	1800673a0	CALLER
"FUN_1800658b0"	1800658b0	"FUN_1800673a0"	1800673a0	CALLER
"FUN_180065930"	180065930	"FUN_1800673a0"	1800673a0	CALLER
"FUN_1800659b0"	1800659b0	"FUN_1800673a0"	1800673a0	CALLER
"FUN_180065ac0"	180065ac0	"FUN_1800673a0"	1800673a0	CALLER
"FUN_180065b40"	180065b40	"FUN_1800673a0"	1800673a0	CALLER
"FUN_180065bc0"	180065bc0	"FUN_1800673a0"	1800673a0	CALLER
"FUN_180065cd0"	180065cd0	"FUN_1800673a0"	1800673a0	CALLER
"FUN_180065d50"	180065d50	"FUN_1800673a0"	1800673a0	CALLER
"FUN_180065e20"	180065e20	"FUN_1800673a0"	1800673a0	CALLER
"FUN_180065ec0"	180065ec0	"FUN_1800673a0"	1800673a0	CALLER
"FUN_1800667b0"	1800667b0	"FUN_1800673a0"	1800673a0	CALLER
"FUN_180065fd0"	180065fd0	"FUN_1800673a0"	1800673a0	CALLER
"FUN_180066070"	180066070	"FUN_1800673a0"	1800673a0	CALLER
"FUN_180066180"	180066180	"FUN_1800673a0"	1800673a0	CALLER
"FUN_180066220"	180066220	"FUN_1800673a0"	1800673a0	CALLER
"FUN_1800662c0"	1800662c0	"FUN_1800673a0"	1800673a0	CALLER
"FUN_1800663d0"	1800663d0	"FUN_1800673a0"	1800673a0	CALLER
"FUN_180066470"	180066470	"FUN_1800673a0"	1800673a0	CALLER
"FUN_180066510"	180066510	"FUN_1800673a0"	1800673a0	CALLER
"FUN_1800665b0"	1800665b0	"FUN_1800673a0"	1800673a0	CALLER
"FUN_180066ab0"	180066ab0	"FUN_1800673a0"	1800673a0	CALLER
"FUN_1800677e0"	1800677e0	"FUN_1800673a0"	1800673a0	CALLER
"FUN_18006aab0"	18006aab0	"FUN_1800673a0"	1800673a0	CALLER
"FUN_18006a300"	18006a300	"FUN_1800673a0"	1800673a0	CALLER
"FUN_180067900"	180067900	"FUN_1800673a0"	1800673a0	CALLER
"FUN_180067990"	180067990	"FUN_1800673a0"	1800673a0	CALLER
"FUN_180067a30"	180067a30	"FUN_1800673a0"	1800673a0	CALLER
"FUN_180067ad0"	180067ad0	"FUN_1800673a0"	1800673a0	CALLER
"FUN_180067b50"	180067b50	"FUN_1800673a0"	1800673a0	CALLER
"FUN_180067d20"	180067d20	"FUN_1800673a0"	1800673a0	CALLER
"FUN_180067e60"	180067e60	"FUN_1800673a0"	1800673a0	CALLER
"FUN_180067f00"	180067f00	"FUN_1800673a0"	1800673a0	CALLER
"FUN_180067f70"	180067f70	"FUN_1800673a0"	1800673a0	CALLER
"FUN_18006a3f0"	18006a3f0	"FUN_1800673a0"	1800673a0	CALLER
"FUN_180068070"	180068070	"FUN_1800673a0"	1800673a0	CALLER
"FUN_1800680e0"	1800680e0	"FUN_1800673a0"	1800673a0	CALLER
"FUN_180068170"	180068170	"FUN_1800673a0"	1800673a0	CALLER
"FUN_1800681f0"	1800681f0	"FUN_1800673a0"	1800673a0	CALLER
"FUN_180068280"	180068280	"FUN_1800673a0"	1800673a0	CALLER
"FUN_1800683b0"	1800683b0	"FUN_1800673a0"	1800673a0	CALLER
"FUN_180068430"	180068430	"FUN_1800673a0"	1800673a0	CALLER
"FUN_1800684f0"	1800684f0	"FUN_1800673a0"	1800673a0	CALLER
"FUN_18006a760"	18006a760	"FUN_1800673a0"	1800673a0	CALLER
"FUN_180068580"	180068580	"FUN_1800673a0"	1800673a0	CALLER
"FUN_180068610"	180068610	"FUN_1800673a0"	1800673a0	CALLER
"FUN_180068690"	180068690	"FUN_1800673a0"	1800673a0	CALLER
"FUN_180068780"	180068780	"FUN_1800673a0"	1800673a0	CALLER
"FUN_180068800"	180068800	"FUN_1800673a0"	1800673a0	CALLER
"FUN_180068880"	180068880	"FUN_1800673a0"	1800673a0	CALLER
"FUN_18006ac50"	18006ac50	"FUN_1800673a0"	1800673a0	CALLER
"FUN_180068910"	180068910	"FUN_1800673a0"	1800673a0	CALLER
"FUN_180068990"	180068990	"FUN_1800673a0"	1800673a0	CALLER
"FUN_18006a910"	18006a910	"FUN_1800673a0"	1800673a0	CALLER
"FUN_180068a20"	180068a20	"FUN_1800673a0"	1800673a0	CALLER
"FUN_180068aa0"	180068aa0	"FUN_1800673a0"	1800673a0	CALLER
"FUN_180068b20"	180068b20	"FUN_1800673a0"	1800673a0	CALLER
"FUN_180068b80"	180068b80	"FUN_1800673a0"	1800673a0	CALLER
"FUN_180068c00"	180068c00	"FUN_1800673a0"	1800673a0	CALLER
"FUN_180068c80"	180068c80	"FUN_1800673a0"	1800673a0	CALLER
"FUN_180068d00"	180068d00	"FUN_1800673a0"	1800673a0	CALLER
"FUN_180068d80"	180068d80	"FUN_1800673a0"	1800673a0	CALLER
"FUN_180068e00"	180068e00	"FUN_1800673a0"	1800673a0	CALLER
"FUN_180068e70"	180068e70	"FUN_1800673a0"	1800673a0	CALLER
"FUN_180068f10"	180068f10	"FUN_1800673a0"	1800673a0	CALLER
"FUN_180068f90"	180068f90	"FUN_1800673a0"	1800673a0	CALLER
"FUN_1800690d0"	1800690d0	"FUN_1800673a0"	1800673a0	CALLER
"FUN_180069150"	180069150	"FUN_1800673a0"	1800673a0	CALLER
"FUN_1800691d0"	1800691d0	"FUN_1800673a0"	1800673a0	CALLER
"FUN_180069250"	180069250	"FUN_1800673a0"	1800673a0	CALLER
"FUN_1800692d0"	1800692d0	"FUN_1800673a0"	1800673a0	CALLER
"FUN_180069350"	180069350	"FUN_1800673a0"	1800673a0	CALLER
"FUN_1800693d0"	1800693d0	"FUN_1800673a0"	1800673a0	CALLER
"FUN_180069440"	180069440	"FUN_1800673a0"	1800673a0	CALLER
"FUN_1800694b0"	1800694b0	"FUN_1800673a0"	1800673a0	CALLER
"FUN_180069520"	180069520	"FUN_1800673a0"	1800673a0	CALLER
"FUN_180069630"	180069630	"FUN_1800673a0"	1800673a0	CALLER
"FUN_18006a370"	18006a370	"FUN_1800673a0"	1800673a0	CALLER
"FUN_180069700"	180069700	"FUN_1800673a0"	1800673a0	CALLER
"FUN_180069790"	180069790	"FUN_1800673a0"	1800673a0	CALLER
"FUN_1800698e0"	1800698e0	"FUN_1800673a0"	1800673a0	CALLER
"FUN_180069950"	180069950	"FUN_1800673a0"	1800673a0	CALLER
"FUN_1800699f0"	1800699f0	"FUN_1800673a0"	1800673a0	CALLER
"FUN_180069a60"	180069a60	"FUN_1800673a0"	1800673a0	CALLER
"FUN_180069ae0"	180069ae0	"FUN_1800673a0"	1800673a0	CALLER
"FUN_180069b90"	180069b90	"FUN_1800673a0"	1800673a0	CALLER
"FUN_180069c20"	180069c20	"FUN_1800673a0"	1800673a0	CALLER
"FUN_180069cc0"	180069cc0	"FUN_1800673a0"	1800673a0	CALLER
"FUN_180069d40"	180069d40	"FUN_1800673a0"	1800673a0	CALLER
"FUN_180069dc0"	180069dc0	"FUN_1800673a0"	1800673a0	CALLER
"FUN_180069e40"	180069e40	"FUN_1800673a0"	1800673a0	CALLER
"FUN_180069ee0"	180069ee0	"FUN_1800673a0"	1800673a0	CALLER
"FUN_180069f60"	180069f60	"FUN_1800673a0"	1800673a0	CALLER
"FUN_180069fe0"	180069fe0	"FUN_1800673a0"	1800673a0	CALLER
"FUN_18006a070"	18006a070	"FUN_1800673a0"	1800673a0	CALLER
"FUN_18006a170"	18006a170	"FUN_1800673a0"	1800673a0	CALLER
"FUN_18006a200"	18006a200	"FUN_1800673a0"	1800673a0	CALLER
"FUN_18006a280"	18006a280	"FUN_1800673a0"	1800673a0	CALLER
"FUN_18006a670"	18006a670	"FUN_1800673a0"	1800673a0	CALLER
"FUN_18006a6f0"	18006a6f0	"FUN_1800673a0"	1800673a0	CALLER
"FUN_18006b160"	18006b160	"FUN_1800673a0"	1800673a0	CALLER
"FUN_18006d200"	18006d200	"FUN_1800673a0"	1800673a0	CALLER
"FUN_18006b980"	18006b980	"FUN_1800673a0"	1800673a0	CALLER
"FUN_18006ba00"	18006ba00	"FUN_1800673a0"	1800673a0	CALLER
"FUN_18006baa0"	18006baa0	"FUN_1800673a0"	1800673a0	CALLER
"FUN_18006bb50"	18006bb50	"FUN_1800673a0"	1800673a0	CALLER
"FUN_18006bc00"	18006bc00	"FUN_1800673a0"	1800673a0	CALLER
"FUN_18006bcb0"	18006bcb0	"FUN_1800673a0"	1800673a0	CALLER
"FUN_18006bd50"	18006bd50	"FUN_1800673a0"	1800673a0	CALLER
"FUN_18006bdf0"	18006bdf0	"FUN_1800673a0"	1800673a0	CALLER
"FUN_18006bf40"	18006bf40	"FUN_1800673a0"	1800673a0	CALLER
"FUN_18006bff0"	18006bff0	"FUN_1800673a0"	1800673a0	CALLER
"FUN_18006c070"	18006c070	"FUN_1800673a0"	1800673a0	CALLER
"FUN_18006c210"	18006c210	"FUN_1800673a0"	1800673a0	CALLER
"FUN_18006c2b0"	18006c2b0	"FUN_1800673a0"	1800673a0	CALLER
"FUN_18006c360"	18006c360	"FUN_1800673a0"	1800673a0	CALLER
"FUN_18006c3e0"	18006c3e0	"FUN_1800673a0"	1800673a0	CALLER
"FUN_18006c480"	18006c480	"FUN_1800673a0"	1800673a0	CALLER
"FUN_18006c500"	18006c500	"FUN_1800673a0"	1800673a0	CALLER
"FUN_18006c610"	18006c610	"FUN_1800673a0"	1800673a0	CALLER
"FUN_18006c690"	18006c690	"FUN_1800673a0"	1800673a0	CALLER
"FUN_18006c710"	18006c710	"FUN_1800673a0"	1800673a0	CALLER
"FUN_18006c820"	18006c820	"FUN_1800673a0"	1800673a0	CALLER
"FUN_18006c8a0"	18006c8a0	"FUN_1800673a0"	1800673a0	CALLER
"FUN_18006d270"	18006d270	"FUN_1800673a0"	1800673a0	CALLER
"FUN_18006c970"	18006c970	"FUN_1800673a0"	1800673a0	CALLER
"FUN_18006ca10"	18006ca10	"FUN_1800673a0"	1800673a0	CALLER
"FUN_18006cb30"	18006cb30	"FUN_1800673a0"	1800673a0	CALLER
"FUN_18006cbe0"	18006cbe0	"FUN_1800673a0"	1800673a0	CALLER
"FUN_18006cd00"	18006cd00	"FUN_1800673a0"	1800673a0	CALLER
"FUN_18006cdb0"	18006cdb0	"FUN_1800673a0"	1800673a0	CALLER
"FUN_18006ce60"	18006ce60	"FUN_1800673a0"	1800673a0	CALLER
"FUN_18006cf80"	18006cf80	"FUN_1800673a0"	1800673a0	CALLER
"FUN_18006d030"	18006d030	"FUN_1800673a0"	1800673a0	CALLER
"FUN_18006d0e0"	18006d0e0	"FUN_1800673a0"	1800673a0	CALLER
"FUN_18006e600"	18006e600	"FUN_1800673a0"	1800673a0	CALLER
"FUN_18006d4a0"	18006d4a0	"FUN_1800673a0"	1800673a0	CALLER
"FUN_18006d530"	18006d530	"FUN_1800673a0"	1800673a0	CALLER
"FUN_18006d5c0"	18006d5c0	"FUN_1800673a0"	1800673a0	CALLER
"FUN_18006d640"	18006d640	"FUN_1800673a0"	1800673a0	CALLER
"FUN_18006d6d0"	18006d6d0	"FUN_1800673a0"	1800673a0	CALLER
"FUN_18006d750"	18006d750	"FUN_1800673a0"	1800673a0	CALLER
"FUN_18006d7d0"	18006d7d0	"FUN_1800673a0"	1800673a0	CALLER
"FUN_18006d860"	18006d860	"FUN_1800673a0"	1800673a0	CALLER
"FUN_18006d9e0"	18006d9e0	"FUN_1800673a0"	1800673a0	CALLER
"FUN_18006da60"	18006da60	"FUN_1800673a0"	1800673a0	CALLER
"FUN_18006dae0"	18006dae0	"FUN_1800673a0"	1800673a0	CALLER
"FUN_18006db60"	18006db60	"FUN_1800673a0"	1800673a0	CALLER
"FUN_18006dc70"	18006dc70	"FUN_1800673a0"	1800673a0	CALLER
"FUN_18006dcf0"	18006dcf0	"FUN_1800673a0"	1800673a0	CALLER
"FUN_18006dd70"	18006dd70	"FUN_1800673a0"	1800673a0	CALLER
"FUN_18006de80"	18006de80	"FUN_1800673a0"	1800673a0	CALLER
"FUN_18006df00"	18006df00	"FUN_1800673a0"	1800673a0	CALLER
"FUN_18006e670"	18006e670	"FUN_1800673a0"	1800673a0	CALLER
"FUN_18006dfd0"	18006dfd0	"FUN_1800673a0"	1800673a0	CALLER
"FUN_18006e0e0"	18006e0e0	"FUN_1800673a0"	1800673a0	CALLER
"FUN_18006e180"	18006e180	"FUN_1800673a0"	1800673a0	CALLER
"FUN_18006e290"	18006e290	"FUN_1800673a0"	1800673a0	CALLER
"FUN_18006e330"	18006e330	"FUN_1800673a0"	1800673a0	CALLER
"FUN_18006e3d0"	18006e3d0	"FUN_1800673a0"	1800673a0	CALLER
"FUN_18006e4e0"	18006e4e0	"FUN_1800673a0"	1800673a0	CALLER
"FUN_18006e560"	18006e560	"FUN_1800673a0"	1800673a0	CALLER
"FUN_18006eaa0"	18006eaa0	"FUN_1800673a0"	1800673a0	CALLER
"FUN_18006ec50"	18006ec50	"FUN_1800673a0"	1800673a0	CALLER
"FUN_18006f810"	18006f810	"FUN_1800673a0"	1800673a0	CALLER
"FUN_18006f940"	18006f940	"FUN_1800673a0"	1800673a0	CALLER
"FUN_18006fa70"	18006fa70	"FUN_1800673a0"	1800673a0	CALLER
"FUN_18006fba0"	18006fba0	"FUN_1800673a0"	1800673a0	CALLER
"FUN_18006fcd0"	18006fcd0	"FUN_1800673a0"	1800673a0	CALLER
"FUN_18006fe00"	18006fe00	"FUN_1800673a0"	1800673a0	CALLER
"FUN_18006ff30"	18006ff30	"FUN_1800673a0"	1800673a0	CALLER
"FUN_180070060"	180070060	"FUN_1800673a0"	1800673a0	CALLER
"FUN_180070190"	180070190	"FUN_1800673a0"	1800673a0	CALLER
"FUN_1800702c0"	1800702c0	"FUN_1800673a0"	1800673a0	CALLER
"FUN_1800703f0"	1800703f0	"FUN_1800673a0"	1800673a0	CALLER
"FUN_180070520"	180070520	"FUN_1800673a0"	1800673a0	CALLER
"FUN_180070650"	180070650	"FUN_1800673a0"	1800673a0	CALLER
"FUN_180070780"	180070780	"FUN_1800673a0"	1800673a0	CALLER
"FUN_1800708b0"	1800708b0	"FUN_1800673a0"	1800673a0	CALLER
"FUN_1800709e0"	1800709e0	"FUN_1800673a0"	1800673a0	CALLER
"FUN_180070b10"	180070b10	"FUN_1800673a0"	1800673a0	CALLER
"FUN_180070c40"	180070c40	"FUN_1800673a0"	1800673a0	CALLER
"FUN_180070d70"	180070d70	"FUN_1800673a0"	1800673a0	CALLER
"FUN_180070ee0"	180070ee0	"FUN_1800673a0"	1800673a0	CALLER
"FUN_180070f50"	180070f50	"FUN_1800673a0"	1800673a0	CALLER
"FUN_180070fd0"	180070fd0	"FUN_1800673a0"	1800673a0	CALLER
"FUN_180071050"	180071050	"FUN_1800673a0"	1800673a0	CALLER
"FUN_180071280"	180071280	"FUN_1800673a0"	1800673a0	CALLER
"FUN_180071360"	180071360	"FUN_1800673a0"	1800673a0	CALLER
"FUN_180071440"	180071440	"FUN_1800673a0"	1800673a0	CALLER
"FUN_180071590"	180071590	"FUN_1800673a0"	1800673a0	CALLER
"FUN_1800716a0"	1800716a0	"FUN_1800673a0"	1800673a0	CALLER
"FUN_1800717c0"	1800717c0	"FUN_1800673a0"	1800673a0	CALLER
"FUN_180071830"	180071830	"FUN_1800673a0"	1800673a0	CALLER
"FUN_1800718b0"	1800718b0	"FUN_1800673a0"	1800673a0	CALLER
"FUN_180071930"	180071930	"FUN_1800673a0"	1800673a0	CALLER
"FUN_180071b30"	180071b30	"FUN_1800673a0"	1800673a0	CALLER
"FUN_180071ce0"	180071ce0	"FUN_1800673a0"	1800673a0	CALLER
"FUN_180071e20"	180071e20	"FUN_1800673a0"	1800673a0	CALLER
"FUN_180071e90"	180071e90	"FUN_1800673a0"	1800673a0	CALLER
"FUN_180071f10"	180071f10	"FUN_1800673a0"	1800673a0	CALLER
"FUN_180071f90"	180071f90	"FUN_1800673a0"	1800673a0	CALLER
"FUN_180072090"	180072090	"FUN_1800673a0"	1800673a0	CALLER
"FUN_1800721b0"	1800721b0	"FUN_1800673a0"	1800673a0	CALLER
"FUN_180072220"	180072220	"FUN_1800673a0"	1800673a0	CALLER
"FUN_1800722a0"	1800722a0	"FUN_1800673a0"	1800673a0	CALLER
"FUN_180072320"	180072320	"FUN_1800673a0"	1800673a0	CALLER
"FUN_180072420"	180072420	"FUN_1800673a0"	1800673a0	CALLER
"FUN_1800728d0"	1800728d0	"FUN_1800673a0"	1800673a0	CALLER
"FUN_180073b80"	180073b80	"FUN_1800673a0"	1800673a0	CALLER
"FUN_180072db0"	180072db0	"FUN_1800673a0"	1800673a0	CALLER
"FUN_180072e30"	180072e30	"FUN_1800673a0"	1800673a0	CALLER
"FUN_180072eb0"	180072eb0	"FUN_1800673a0"	1800673a0	CALLER
"FUN_180072f40"	180072f40	"FUN_1800673a0"	1800673a0	CALLER
"FUN_180072ff0"	180072ff0	"FUN_1800673a0"	1800673a0	CALLER
"FUN_180073090"	180073090	"FUN_1800673a0"	1800673a0	CALLER
"FUN_180073110"	180073110	"FUN_1800673a0"	1800673a0	CALLER
"FUN_1800731f0"	1800731f0	"FUN_1800673a0"	1800673a0	CALLER
"FUN_1800732d0"	1800732d0	"FUN_1800673a0"	1800673a0	CALLER
"FUN_180073d90"	180073d90	"FUN_1800673a0"	1800673a0	CALLER
"FUN_180073360"	180073360	"FUN_1800673a0"	1800673a0	CALLER
"FUN_1800733e0"	1800733e0	"FUN_1800673a0"	1800673a0	CALLER
"FUN_180073470"	180073470	"FUN_1800673a0"	1800673a0	CALLER
"FUN_1800734e0"	1800734e0	"FUN_1800673a0"	1800673a0	CALLER
"FUN_180073550"	180073550	"FUN_1800673a0"	1800673a0	CALLER
"FUN_1800735d0"	1800735d0	"FUN_1800673a0"	1800673a0	CALLER
"FUN_180073650"	180073650	"FUN_1800673a0"	1800673a0	CALLER
"FUN_1800736d0"	1800736d0	"FUN_1800673a0"	1800673a0	CALLER
"FUN_180073750"	180073750	"FUN_1800673a0"	1800673a0	CALLER
"FUN_1800737d0"	1800737d0	"FUN_1800673a0"	1800673a0	CALLER
"FUN_1800738e0"	1800738e0	"FUN_1800673a0"	1800673a0	CALLER
"FUN_180073960"	180073960	"FUN_1800673a0"	1800673a0	CALLER
"FUN_180073bf0"	180073bf0	"FUN_1800673a0"	1800673a0	CALLER
"FUN_180073a30"	180073a30	"FUN_1800673a0"	1800673a0	CALLER
"FUN_180073aa0"	180073aa0	"FUN_1800673a0"	1800673a0	CALLER
"FUN_180073b10"	180073b10	"FUN_1800673a0"	1800673a0	CALLER
"FUN_180074030"	180074030	"FUN_1800673a0"	1800673a0	CALLER
"FUN_180075860"	180075860	"FUN_1800673a0"	1800673a0	CALLER
"FUN_1800740f0"	1800740f0	"FUN_1800673a0"	1800673a0	CALLER
"FUN_180074160"	180074160	"FUN_1800673a0"	1800673a0	CALLER
"FUN_1800758d0"	1800758d0	"FUN_1800673a0"	1800673a0	CALLER
"FUN_1800741f0"	1800741f0	"FUN_1800673a0"	1800673a0	CALLER
"FUN_180075950"	180075950	"FUN_1800673a0"	1800673a0	CALLER
"FUN_180074300"	180074300	"FUN_1800673a0"	1800673a0	CALLER
"FUN_180074480"	180074480	"FUN_1800673a0"	1800673a0	CALLER
"FUN_180074580"	180074580	"FUN_1800673a0"	1800673a0	CALLER
"FUN_180074680"	180074680	"FUN_1800673a0"	1800673a0	CALLER
"FUN_180074800"	180074800	"FUN_1800673a0"	1800673a0	CALLER
"FUN_180074980"	180074980	"FUN_1800673a0"	1800673a0	CALLER
"FUN_180074b00"	180074b00	"FUN_1800673a0"	1800673a0	CALLER
"FUN_180074b90"	180074b90	"FUN_1800673a0"	1800673a0	CALLER
"FUN_180074c20"	180074c20	"FUN_1800673a0"	1800673a0	CALLER
"FUN_180074da0"	180074da0	"FUN_1800673a0"	1800673a0	CALLER
"FUN_180074f20"	180074f20	"FUN_1800673a0"	1800673a0	CALLER
"FUN_1800750a0"	1800750a0	"FUN_1800673a0"	1800673a0	CALLER
"FUN_180075120"	180075120	"FUN_1800673a0"	1800673a0	CALLER
"FUN_1800751a0"	1800751a0	"FUN_1800673a0"	1800673a0	CALLER
"FUN_180075220"	180075220	"FUN_1800673a0"	1800673a0	CALLER
"FUN_1800752a0"	1800752a0	"FUN_1800673a0"	1800673a0	CALLER
"FUN_180075320"	180075320	"FUN_1800673a0"	1800673a0	CALLER
"FUN_1800753a0"	1800753a0	"FUN_1800673a0"	1800673a0	CALLER
"FUN_180075420"	180075420	"FUN_1800673a0"	1800673a0	CALLER
"FUN_1800754f0"	1800754f0	"FUN_1800673a0"	1800673a0	CALLER
"FUN_180075560"	180075560	"FUN_1800673a0"	1800673a0	CALLER
"FUN_1800755e0"	1800755e0	"FUN_1800673a0"	1800673a0	CALLER
"FUN_180075660"	180075660	"FUN_1800673a0"	1800673a0	CALLER
"FUN_1800756e0"	1800756e0	"FUN_1800673a0"	1800673a0	CALLER
"FUN_180075760"	180075760	"FUN_1800673a0"	1800673a0	CALLER
"FUN_1800757e0"	1800757e0	"FUN_1800673a0"	1800673a0	CALLER
"FUN_180076880"	180076880	"FUN_1800673a0"	1800673a0	CALLER
"FUN_180075da0"	180075da0	"FUN_1800673a0"	1800673a0	CALLER
"FUN_180075e20"	180075e20	"FUN_1800673a0"	1800673a0	CALLER
"FUN_180075fa0"	180075fa0	"FUN_1800673a0"	1800673a0	CALLER
"FUN_180076020"	180076020	"FUN_1800673a0"	1800673a0	CALLER
"FUN_1800761a0"	1800761a0	"FUN_1800673a0"	1800673a0	CALLER
"FUN_180076970"	180076970	"FUN_1800673a0"	1800673a0	CALLER
"FUN_180076230"	180076230	"FUN_1800673a0"	1800673a0	CALLER
"FUN_1800763b0"	1800763b0	"FUN_1800673a0"	1800673a0	CALLER
"FUN_180076430"	180076430	"FUN_1800673a0"	1800673a0	CALLER
"FUN_1800765b0"	1800765b0	"FUN_1800673a0"	1800673a0	CALLER
"FUN_180076630"	180076630	"FUN_1800673a0"	1800673a0	CALLER
"FUN_1800766b0"	1800766b0	"FUN_1800673a0"	1800673a0	CALLER
"FUN_180076730"	180076730	"FUN_1800673a0"	1800673a0	CALLER
"FUN_1800767b0"	1800767b0	"FUN_1800673a0"	1800673a0	CALLER
"FUN_1800768f0"	1800768f0	"FUN_1800673a0"	1800673a0	CALLER
"FUN_180076e50"	180076e50	"FUN_1800673a0"	1800673a0	CALLER
"FUN_180078710"	180078710	"FUN_1800673a0"	1800673a0	CALLER
"FUN_180076f70"	180076f70	"FUN_1800673a0"	1800673a0	CALLER
"FUN_180077060"	180077060	"FUN_1800673a0"	1800673a0	CALLER
"FUN_180077100"	180077100	"FUN_1800673a0"	1800673a0	CALLER
"FUN_1800771e0"	1800771e0	"FUN_1800673a0"	1800673a0	CALLER
"FUN_1800772c0"	1800772c0	"FUN_1800673a0"	1800673a0	CALLER
"FUN_180077340"	180077340	"FUN_1800673a0"	1800673a0	CALLER
"FUN_180077420"	180077420	"FUN_1800673a0"	1800673a0	CALLER
"FUN_1800774c0"	1800774c0	"FUN_1800673a0"	1800673a0	CALLER
"FUN_180077640"	180077640	"FUN_1800673a0"	1800673a0	CALLER
"FUN_1800776b0"	1800776b0	"FUN_1800673a0"	1800673a0	CALLER
"FUN_180077720"	180077720	"FUN_1800673a0"	1800673a0	CALLER
"FUN_180077790"	180077790	"FUN_1800673a0"	1800673a0	CALLER
"FUN_180077830"	180077830	"FUN_1800673a0"	1800673a0	CALLER
"FUN_180078930"	180078930	"FUN_1800673a0"	1800673a0	CALLER
"FUN_180077920"	180077920	"FUN_1800673a0"	1800673a0	CALLER
"FUN_1800779b0"	1800779b0	"FUN_1800673a0"	1800673a0	CALLER
"FUN_180078ad0"	180078ad0	"FUN_1800673a0"	1800673a0	CALLER
"FUN_180077aa0"	180077aa0	"FUN_1800673a0"	1800673a0	CALLER
"FUN_180077b50"	180077b50	"FUN_1800673a0"	1800673a0	CALLER
"FUN_180077c10"	180077c10	"FUN_1800673a0"	1800673a0	CALLER
"FUN_180077c90"	180077c90	"FUN_1800673a0"	1800673a0	CALLER
"FUN_180077d10"	180077d10	"FUN_1800673a0"	1800673a0	CALLER
"FUN_180077db0"	180077db0	"FUN_1800673a0"	1800673a0	CALLER
"FUN_180077e30"	180077e30	"FUN_1800673a0"	1800673a0	CALLER
"FUN_180077f40"	180077f40	"FUN_1800673a0"	1800673a0	CALLER
"FUN_180078050"	180078050	"FUN_1800673a0"	1800673a0	CALLER
"FUN_180078180"	180078180	"FUN_1800673a0"	1800673a0	CALLER
"FUN_180078780"	180078780	"FUN_1800673a0"	1800673a0	CALLER
"FUN_180078260"	180078260	"FUN_1800673a0"	1800673a0	CALLER
"FUN_180078360"	180078360	"FUN_1800673a0"	1800673a0	CALLER
"FUN_1800783f0"	1800783f0	"FUN_1800673a0"	1800673a0	CALLER
"FUN_1800784a0"	1800784a0	"FUN_1800673a0"	1800673a0	CALLER
"FUN_180078600"	180078600	"FUN_1800673a0"	1800673a0	CALLER
"FUN_18007a1f0"	18007a1f0	"FUN_1800673a0"	1800673a0	CALLER
"FUN_18007a390"	18007a390	"FUN_1800673a0"	1800673a0	CALLER
"FUN_18007a4c0"	18007a4c0	"FUN_1800673a0"	1800673a0	CALLER
"FUN_18007a6d0"	18007a6d0	"FUN_1800673a0"	1800673a0	CALLER
"FUN_18007a7b0"	18007a7b0	"FUN_1800673a0"	1800673a0	CALLER
"FUN_18007a820"	18007a820	"FUN_1800673a0"	1800673a0	CALLER
"FUN_18007a8a0"	18007a8a0	"FUN_1800673a0"	1800673a0	CALLER
"FUN_18007a920"	18007a920	"FUN_1800673a0"	1800673a0	CALLER
"FUN_18007aa50"	18007aa50	"FUN_1800673a0"	1800673a0	CALLER
"FUN_18007ab50"	18007ab50	"FUN_1800673a0"	1800673a0	CALLER
"FUN_18007ac50"	18007ac50	"FUN_1800673a0"	1800673a0	CALLER
"FUN_18007ad20"	18007ad20	"FUN_1800673a0"	1800673a0	CALLER
"FUN_18007adf0"	18007adf0	"FUN_1800673a0"	1800673a0	CALLER
"FUN_18007af00"	18007af00	"FUN_1800673a0"	1800673a0	CALLER
"FUN_18007af70"	18007af70	"FUN_1800673a0"	1800673a0	CALLER
"FUN_18007aff0"	18007aff0	"FUN_1800673a0"	1800673a0	CALLER
"FUN_18007b070"	18007b070	"FUN_1800673a0"	1800673a0	CALLER
"FUN_18007b270"	18007b270	"FUN_1800673a0"	1800673a0	CALLER
"FUN_18007b300"	18007b300	"FUN_1800673a0"	1800673a0	CALLER
"FUN_18007b360"	18007b360	"FUN_1800673a0"	1800673a0	CALLER
"FUN_18007b3c0"	18007b3c0	"FUN_1800673a0"	1800673a0	CALLER
"FUN_18007b480"	18007b480	"FUN_1800673a0"	1800673a0	CALLER
"FUN_18007b630"	18007b630	"FUN_1800673a0"	1800673a0	CALLER
"FUN_18007b7e0"	18007b7e0	"FUN_1800673a0"	1800673a0	CALLER
"FUN_18007b980"	18007b980	"FUN_1800673a0"	1800673a0	CALLER
"FUN_18007bb20"	18007bb20	"FUN_1800673a0"	1800673a0	CALLER
"FUN_18007bca0"	18007bca0	"FUN_1800673a0"	1800673a0	CALLER
"FUN_18007be10"	18007be10	"FUN_1800673a0"	1800673a0	CALLER
"FUN_18007bf30"	18007bf30	"FUN_1800673a0"	1800673a0	CALLER
"FUN_18007c070"	18007c070	"FUN_1800673a0"	1800673a0	CALLER
"FUN_18007c190"	18007c190	"FUN_1800673a0"	1800673a0	CALLER
"FUN_18007c4b0"	18007c4b0	"FUN_1800673a0"	1800673a0	CALLER
"FUN_18007c520"	18007c520	"FUN_1800673a0"	1800673a0	CALLER
"FUN_18007c5a0"	18007c5a0	"FUN_1800673a0"	1800673a0	CALLER
"FUN_18007c620"	18007c620	"FUN_1800673a0"	1800673a0	CALLER
"FUN_18007c720"	18007c720	"FUN_1800673a0"	1800673a0	CALLER
"FUN_18007c780"	18007c780	"FUN_1800673a0"	1800673a0	CALLER
"FUN_18007c920"	18007c920	"FUN_1800673a0"	1800673a0	CALLER
"FUN_18007cd30"	18007cd30	"FUN_1800673a0"	1800673a0	CALLER
"FUN_18007cda0"	18007cda0	"FUN_1800673a0"	1800673a0	CALLER
"FUN_18007ce20"	18007ce20	"FUN_1800673a0"	1800673a0	CALLER
"FUN_18007cea0"	18007cea0	"FUN_1800673a0"	1800673a0	CALLER
"FUN_18007d0f0"	18007d0f0	"FUN_1800673a0"	1800673a0	CALLER
"FUN_18007d1e0"	18007d1e0	"FUN_1800673a0"	1800673a0	CALLER
"FUN_18007d400"	18007d400	"FUN_1800673a0"	1800673a0	CALLER
"FUN_18007d6a0"	18007d6a0	"FUN_1800673a0"	1800673a0	CALLER
"FUN_18007d840"	18007d840	"FUN_1800673a0"	1800673a0	CALLER
"FUN_18007d940"	18007d940	"FUN_1800673a0"	1800673a0	CALLER
"FUN_18007da40"	18007da40	"FUN_1800673a0"	1800673a0	CALLER
"FUN_18007db50"	18007db50	"FUN_1800673a0"	1800673a0	CALLER
"FUN_18007dc90"	18007dc90	"FUN_1800673a0"	1800673a0	CALLER
"FUN_18007ddd0"	18007ddd0	"FUN_1800673a0"	1800673a0	CALLER
"FUN_18007df00"	18007df00	"FUN_1800673a0"	1800673a0	CALLER
"FUN_18007df70"	18007df70	"FUN_1800673a0"	1800673a0	CALLER
"FUN_18007dff0"	18007dff0	"FUN_1800673a0"	1800673a0	CALLER
"FUN_18007e070"	18007e070	"FUN_1800673a0"	1800673a0	CALLER
"FUN_18007e240"	18007e240	"FUN_1800673a0"	1800673a0	CALLER
"FUN_18007e2a0"	18007e2a0	"FUN_1800673a0"	1800673a0	CALLER
"FUN_18007e300"	18007e300	"FUN_1800673a0"	1800673a0	CALLER
"FUN_18007e3b0"	18007e3b0	"FUN_1800673a0"	1800673a0	CALLER
"FUN_18007e550"	18007e550	"FUN_1800673a0"	1800673a0	CALLER
"FUN_18007e700"	18007e700	"FUN_1800673a0"	1800673a0	CALLER
"FUN_18007e8a0"	18007e8a0	"FUN_1800673a0"	1800673a0	CALLER
"FUN_18007ea30"	18007ea30	"FUN_1800673a0"	1800673a0	CALLER
"FUN_18007ebe0"	18007ebe0	"FUN_1800673a0"	1800673a0	CALLER
"FUN_18007ed30"	18007ed30	"FUN_1800673a0"	1800673a0	CALLER
"FUN_18007eda0"	18007eda0	"FUN_1800673a0"	1800673a0	CALLER
"FUN_18007ee20"	18007ee20	"FUN_1800673a0"	1800673a0	CALLER
"FUN_18007eea0"	18007eea0	"FUN_1800673a0"	1800673a0	CALLER
"FUN_18007f340"	18007f340	"FUN_1800673a0"	1800673a0	CALLER
"FUN_18007f470"	18007f470	"FUN_1800673a0"	1800673a0	CALLER
"FUN_18007f690"	18007f690	"FUN_1800673a0"	1800673a0	CALLER
"FUN_18007f700"	18007f700	"FUN_1800673a0"	1800673a0	CALLER
"FUN_18007f780"	18007f780	"FUN_1800673a0"	1800673a0	CALLER
"FUN_18007f800"	18007f800	"FUN_1800673a0"	1800673a0	CALLER
"FUN_18007f900"	18007f900	"FUN_1800673a0"	1800673a0	CALLER
"FUN_18007fa50"	18007fa50	"FUN_1800673a0"	1800673a0	CALLER
"FUN_18007fac0"	18007fac0	"FUN_1800673a0"	1800673a0	CALLER
"FUN_18007fb40"	18007fb40	"FUN_1800673a0"	1800673a0	CALLER
"FUN_18007fbc0"	18007fbc0	"FUN_1800673a0"	1800673a0	CALLER
"FUN_18007fce0"	18007fce0	"FUN_1800673a0"	1800673a0	CALLER
"FUN_18007fdc0"	18007fdc0	"FUN_1800673a0"	1800673a0	CALLER
"FUN_18007fec0"	18007fec0	"FUN_1800673a0"	1800673a0	CALLER
"FUN_18007ffc0"	18007ffc0	"FUN_1800673a0"	1800673a0	CALLER
"FUN_180080030"	180080030	"FUN_1800673a0"	1800673a0	CALLER
"FUN_1800800b0"	1800800b0	"FUN_1800673a0"	1800673a0	CALLER
"FUN_180080130"	180080130	"FUN_1800673a0"	1800673a0	CALLER
"FUN_180080260"	180080260	"FUN_1800673a0"	1800673a0	CALLER
"FUN_180080390"	180080390	"FUN_1800673a0"	1800673a0	CALLER
"FUN_1800804b0"	1800804b0	"FUN_1800673a0"	1800673a0	CALLER
"FUN_1800805d0"	1800805d0	"FUN_1800673a0"	1800673a0	CALLER
"FUN_1800806f0"	1800806f0	"FUN_1800673a0"	1800673a0	CALLER
"FUN_180080830"	180080830	"FUN_1800673a0"	1800673a0	CALLER
"FUN_1800808a0"	1800808a0	"FUN_1800673a0"	1800673a0	CALLER
"FUN_180080920"	180080920	"FUN_1800673a0"	1800673a0	CALLER
"FUN_1800809a0"	1800809a0	"FUN_1800673a0"	1800673a0	CALLER
"FUN_180080b70"	180080b70	"FUN_1800673a0"	1800673a0	CALLER
"FUN_180080c20"	180080c20	"FUN_1800673a0"	1800673a0	CALLER
"FUN_180080dc0"	180080dc0	"FUN_1800673a0"	1800673a0	CALLER
"FUN_180080f60"	180080f60	"FUN_1800673a0"	1800673a0	CALLER
"FUN_180081040"	180081040	"FUN_1800673a0"	1800673a0	CALLER
"FUN_1800812b0"	1800812b0	"FUN_1800673a0"	1800673a0	CALLER
"FUN_180081390"	180081390	"FUN_1800673a0"	1800673a0	CALLER
"FUN_180081400"	180081400	"FUN_1800673a0"	1800673a0	CALLER
"FUN_180081480"	180081480	"FUN_1800673a0"	1800673a0	CALLER
"FUN_180081500"	180081500	"FUN_1800673a0"	1800673a0	CALLER
"FUN_180081610"	180081610	"FUN_1800673a0"	1800673a0	CALLER
"FUN_1800818f0"	1800818f0	"FUN_1800673a0"	1800673a0	CALLER
"FUN_180081960"	180081960	"FUN_1800673a0"	1800673a0	CALLER
"FUN_1800819e0"	1800819e0	"FUN_1800673a0"	1800673a0	CALLER
"FUN_180081a60"	180081a60	"FUN_1800673a0"	1800673a0	CALLER
"FUN_180081d70"	180081d70	"FUN_1800673a0"	1800673a0	CALLER
"FUN_180081e50"	180081e50	"FUN_1800673a0"	1800673a0	CALLER
"FUN_180081f40"	180081f40	"FUN_1800673a0"	1800673a0	CALLER
"FUN_180082020"	180082020	"FUN_1800673a0"	1800673a0	CALLER
"FUN_180082c30"	180082c30	"FUN_1800673a0"	1800673a0	CALLER
"FUN_180082d30"	180082d30	"FUN_1800673a0"	1800673a0	CALLER
"FUN_180082da0"	180082da0	"FUN_1800673a0"	1800673a0	CALLER
"FUN_180082e20"	180082e20	"FUN_1800673a0"	1800673a0	CALLER
"FUN_180082ea0"	180082ea0	"FUN_1800673a0"	1800673a0	CALLER
"FUN_180082fc0"	180082fc0	"FUN_1800673a0"	1800673a0	CALLER
"FUN_1800830f0"	1800830f0	"FUN_1800673a0"	1800673a0	CALLER
"FUN_1800832e0"	1800832e0	"FUN_1800673a0"	1800673a0	CALLER
"FUN_180083410"	180083410	"FUN_1800673a0"	1800673a0	CALLER
"FUN_180083530"	180083530	"FUN_1800673a0"	1800673a0	CALLER
"FUN_1800835a0"	1800835a0	"FUN_1800673a0"	1800673a0	CALLER
"FUN_180083620"	180083620	"FUN_1800673a0"	1800673a0	CALLER
"FUN_1800836a0"	1800836a0	"FUN_1800673a0"	1800673a0	CALLER
"FUN_1800837c0"	1800837c0	"FUN_1800673a0"	1800673a0	CALLER
"FUN_180083820"	180083820	"FUN_1800673a0"	1800673a0	CALLER
"FUN_180083880"	180083880	"FUN_1800673a0"	1800673a0	CALLER
"FUN_180083a20"	180083a20	"FUN_1800673a0"	1800673a0	CALLER
"FUN_180083bc0"	180083bc0	"FUN_1800673a0"	1800673a0	CALLER
"FUN_180083cc0"	180083cc0	"FUN_1800673a0"	1800673a0	CALLER
"FUN_180083e70"	180083e70	"FUN_1800673a0"	1800673a0	CALLER
"FUN_180084000"	180084000	"FUN_1800673a0"	1800673a0	CALLER
"FUN_180084070"	180084070	"FUN_1800673a0"	1800673a0	CALLER
"FUN_1800840f0"	1800840f0	"FUN_1800673a0"	1800673a0	CALLER
"FUN_180084170"	180084170	"FUN_1800673a0"	1800673a0	CALLER
"FUN_1800842b0"	1800842b0	"FUN_1800673a0"	1800673a0	CALLER
"FUN_180084310"	180084310	"FUN_1800673a0"	1800673a0	CALLER
"FUN_180084370"	180084370	"FUN_1800673a0"	1800673a0	CALLER
"FUN_180084510"	180084510	"FUN_1800673a0"	1800673a0	CALLER
"FUN_1800846b0"	1800846b0	"FUN_1800673a0"	1800673a0	CALLER
"FUN_180084860"	180084860	"FUN_1800673a0"	1800673a0	CALLER
"FUN_180084960"	180084960	"FUN_1800673a0"	1800673a0	CALLER
"FUN_180084a90"	180084a90	"FUN_1800673a0"	1800673a0	CALLER
"FUN_180084c60"	180084c60	"FUN_1800673a0"	1800673a0	CALLER
"FUN_180084d40"	180084d40	"FUN_1800673a0"	1800673a0	CALLER
"FUN_180084e70"	180084e70	"FUN_1800673a0"	1800673a0	CALLER
"FUN_180084f50"	180084f50	"FUN_1800673a0"	1800673a0	CALLER
"FUN_180084fc0"	180084fc0	"FUN_1800673a0"	1800673a0	CALLER
"FUN_180085040"	180085040	"FUN_1800673a0"	1800673a0	CALLER
"FUN_1800850c0"	1800850c0	"FUN_1800673a0"	1800673a0	CALLER
"FUN_180085560"	180085560	"FUN_1800673a0"	1800673a0	CALLER
"FUN_1800856e0"	1800856e0	"FUN_1800673a0"	1800673a0	CALLER
"FUN_180085a10"	180085a10	"FUN_1800673a0"	1800673a0	CALLER
"FUN_180085cf0"	180085cf0	"FUN_1800673a0"	1800673a0	CALLER
"FUN_180085f60"	180085f60	"FUN_1800673a0"	1800673a0	CALLER
"FUN_180086150"	180086150	"FUN_1800673a0"	1800673a0	CALLER
"FUN_180086350"	180086350	"FUN_1800673a0"	1800673a0	CALLER
"FUN_180086500"	180086500	"FUN_1800673a0"	1800673a0	CALLER
"FUN_180086610"	180086610	"FUN_1800673a0"	1800673a0	CALLER
"FUN_180086880"	180086880	"FUN_1800673a0"	1800673a0	CALLER
"FUN_180086980"	180086980	"FUN_1800673a0"	1800673a0	CALLER
"FUN_180086ad0"	180086ad0	"FUN_1800673a0"	1800673a0	CALLER
"FUN_180086bd0"	180086bd0	"FUN_1800673a0"	1800673a0	CALLER
"FUN_180086c40"	180086c40	"FUN_1800673a0"	1800673a0	CALLER
"FUN_180086cc0"	180086cc0	"FUN_1800673a0"	1800673a0	CALLER
"FUN_180086d40"	180086d40	"FUN_1800673a0"	1800673a0	CALLER
"FUN_1800871d0"	1800871d0	"FUN_1800673a0"	1800673a0	CALLER
"FUN_180087230"	180087230	"FUN_1800673a0"	1800673a0	CALLER
"FUN_180087290"	180087290	"FUN_1800673a0"	1800673a0	CALLER
"FUN_1800872f0"	1800872f0	"FUN_1800673a0"	1800673a0	CALLER
"FUN_180087490"	180087490	"FUN_1800673a0"	1800673a0	CALLER
"FUN_180087630"	180087630	"FUN_1800673a0"	1800673a0	CALLER
"FUN_1800877e0"	1800877e0	"FUN_1800673a0"	1800673a0	CALLER
"FUN_180087980"	180087980	"FUN_1800673a0"	1800673a0	CALLER
"FUN_180087b20"	180087b20	"FUN_1800673a0"	1800673a0	CALLER
"FUN_180087cc0"	180087cc0	"FUN_1800673a0"	1800673a0	CALLER
"FUN_180087ef0"	180087ef0	"FUN_1800673a0"	1800673a0	CALLER
"FUN_180088190"	180088190	"FUN_1800673a0"	1800673a0	CALLER
"FUN_1800883f0"	1800883f0	"FUN_1800673a0"	1800673a0	CALLER
"FUN_180088560"	180088560	"FUN_1800673a0"	1800673a0	CALLER
"FUN_180088710"	180088710	"FUN_1800673a0"	1800673a0	CALLER
"FUN_1800887f0"	1800887f0	"FUN_1800673a0"	1800673a0	CALLER
"FUN_180088980"	180088980	"FUN_1800673a0"	1800673a0	CALLER
"FUN_180088a60"	180088a60	"FUN_1800673a0"	1800673a0	CALLER
"FUN_180088bc0"	180088bc0	"FUN_1800673a0"	1800673a0	CALLER
"FUN_180088ce0"	180088ce0	"FUN_1800673a0"	1800673a0	CALLER
"FUN_180088dc0"	180088dc0	"FUN_1800673a0"	1800673a0	CALLER
"FUN_1800890b0"	1800890b0	"FUN_1800673a0"	1800673a0	CALLER
"FUN_180089120"	180089120	"FUN_1800673a0"	1800673a0	CALLER
"FUN_1800891a0"	1800891a0	"FUN_1800673a0"	1800673a0	CALLER
"FUN_180089220"	180089220	"FUN_1800673a0"	1800673a0	CALLER
"FUN_18008a710"	18008a710	"FUN_1800673a0"	1800673a0	CALLER
"FUN_1800893c0"	1800893c0	"FUN_1800673a0"	1800673a0	CALLER
"FUN_180089430"	180089430	"FUN_1800673a0"	1800673a0	CALLER
"FUN_18008a960"	18008a960	"FUN_1800673a0"	1800673a0	CALLER
"FUN_18008abb0"	18008abb0	"FUN_1800673a0"	1800673a0	CALLER
"FUN_180089600"	180089600	"FUN_1800673a0"	1800673a0	CALLER
"FUN_180089670"	180089670	"FUN_1800673a0"	1800673a0	CALLER
"FUN_1800896e0"	1800896e0	"FUN_1800673a0"	1800673a0	CALLER
"FUN_180089790"	180089790	"FUN_1800673a0"	1800673a0	CALLER
"FUN_180089820"	180089820	"FUN_1800673a0"	1800673a0	CALLER
"FUN_1800899a0"	1800899a0	"FUN_1800673a0"	1800673a0	CALLER
"FUN_180089b20"	180089b20	"FUN_1800673a0"	1800673a0	CALLER
"FUN_180089bb0"	180089bb0	"FUN_1800673a0"	1800673a0	CALLER
"FUN_180089c90"	180089c90	"FUN_1800673a0"	1800673a0	CALLER
"FUN_180089d80"	180089d80	"FUN_1800673a0"	1800673a0	CALLER
"FUN_180089f00"	180089f00	"FUN_1800673a0"	1800673a0	CALLER
"FUN_18008ad50"	18008ad50	"FUN_1800673a0"	1800673a0	CALLER
"FUN_180089f90"	180089f90	"FUN_1800673a0"	1800673a0	CALLER
"FUN_18008a010"	18008a010	"FUN_1800673a0"	1800673a0	CALLER
"FUN_18008a090"	18008a090	"FUN_1800673a0"	1800673a0	CALLER
"FUN_18008a110"	18008a110	"FUN_1800673a0"	1800673a0	CALLER
"FUN_18008a190"	18008a190	"FUN_1800673a0"	1800673a0	CALLER
"FUN_18008a210"	18008a210	"FUN_1800673a0"	1800673a0	CALLER
"FUN_18008a300"	18008a300	"FUN_1800673a0"	1800673a0	CALLER
"FUN_18008a390"	18008a390	"FUN_1800673a0"	1800673a0	CALLER
"FUN_18008a400"	18008a400	"FUN_1800673a0"	1800673a0	CALLER
"FUN_18008a470"	18008a470	"FUN_1800673a0"	1800673a0	CALLER
"FUN_18008a4e0"	18008a4e0	"FUN_1800673a0"	1800673a0	CALLER
"FUN_18008a780"	18008a780	"FUN_1800673a0"	1800673a0	CALLER
"FUN_18008a5b0"	18008a5b0	"FUN_1800673a0"	1800673a0	CALLER
"FUN_18008a620"	18008a620	"FUN_1800673a0"	1800673a0	CALLER
"FUN_18008a870"	18008a870	"FUN_1800673a0"	1800673a0	CALLER
"FUN_18008a800"	18008a800	"FUN_1800673a0"	1800673a0	CALLER
"FUN_18008aa50"	18008aa50	"FUN_1800673a0"	1800673a0	CALLER
"FUN_18008aac0"	18008aac0	"FUN_1800673a0"	1800673a0	CALLER
"FUN_18008b820"	18008b820	"FUN_1800673a0"	1800673a0	CALLER
"FUN_18008b1c0"	18008b1c0	"FUN_1800673a0"	1800673a0	CALLER
"FUN_18008b250"	18008b250	"FUN_1800673a0"	1800673a0	CALLER
"FUN_18008b2e0"	18008b2e0	"FUN_1800673a0"	1800673a0	CALLER
"FUN_18008b460"	18008b460	"FUN_1800673a0"	1800673a0	CALLER
"FUN_18008b9a0"	18008b9a0	"FUN_1800673a0"	1800673a0	CALLER
"FUN_18008b4f0"	18008b4f0	"FUN_1800673a0"	1800673a0	CALLER
"FUN_18008b550"	18008b550	"FUN_1800673a0"	1800673a0	CALLER
"FUN_18008b5d0"	18008b5d0	"FUN_1800673a0"	1800673a0	CALLER
"FUN_18008b650"	18008b650	"FUN_1800673a0"	1800673a0	CALLER
"FUN_18008b6d0"	18008b6d0	"FUN_1800673a0"	1800673a0	CALLER
"FUN_18008b750"	18008b750	"FUN_1800673a0"	1800673a0	CALLER
"FUN_18008b890"	18008b890	"FUN_1800673a0"	1800673a0	CALLER
"FUN_18008bc40"	18008bc40	"FUN_1800673a0"	1800673a0	CALLER
"FUN_18008bd20"	18008bd20	"FUN_1800673a0"	1800673a0	CALLER
"FUN_18008bdd0"	18008bdd0	"FUN_1800673a0"	1800673a0	CALLER
"FUN_18008c770"	18008c770	"FUN_1800673a0"	1800673a0	CALLER
"FUN_18008bea0"	18008bea0	"FUN_1800673a0"	1800673a0	CALLER
"FUN_18008bf70"	18008bf70	"FUN_1800673a0"	1800673a0	CALLER
"FUN_18008c040"	18008c040	"FUN_1800673a0"	1800673a0	CALLER
"FUN_18008c110"	18008c110	"FUN_1800673a0"	1800673a0	CALLER
"FUN_18008c190"	18008c190	"FUN_1800673a0"	1800673a0	CALLER
"FUN_18008c250"	18008c250	"FUN_1800673a0"	1800673a0	CALLER
"FUN_18008c2d0"	18008c2d0	"FUN_1800673a0"	1800673a0	CALLER
"FUN_18008c350"	18008c350	"FUN_1800673a0"	1800673a0	CALLER
"FUN_18008c3d0"	18008c3d0	"FUN_1800673a0"	1800673a0	CALLER
"FUN_18008c470"	18008c470	"FUN_1800673a0"	1800673a0	CALLER
"FUN_18008c4f0"	18008c4f0	"FUN_1800673a0"	1800673a0	CALLER
"FUN_18008c600"	18008c600	"FUN_1800673a0"	1800673a0	CALLER
"FUN_18008c7e0"	18008c7e0	"FUN_1800673a0"	1800673a0	CALLER
"FUN_18008c6d0"	18008c6d0	"FUN_1800673a0"	1800673a0	CALLER
"FUN_18008cf90"	18008cf90	"FUN_1800673a0"	1800673a0	CALLER
"FUN_18008cb30"	18008cb30	"FUN_1800673a0"	1800673a0	CALLER
"FUN_18008cbb0"	18008cbb0	"FUN_1800673a0"	1800673a0	CALLER
"FUN_18008cc30"	18008cc30	"FUN_1800673a0"	1800673a0	CALLER
"FUN_18008ccb0"	18008ccb0	"FUN_1800673a0"	1800673a0	CALLER
"FUN_18008cd40"	18008cd40	"FUN_1800673a0"	1800673a0	CALLER
"FUN_18008cdc0"	18008cdc0	"FUN_1800673a0"	1800673a0	CALLER
"FUN_18008ce40"	18008ce40	"FUN_1800673a0"	1800673a0	CALLER
"FUN_18008cec0"	18008cec0	"FUN_1800673a0"	1800673a0	CALLER
"FUN_18008d000"	18008d000	"FUN_1800673a0"	1800673a0	CALLER
"FUN_18008d100"	18008d100	"FUN_1800673a0"	1800673a0	CALLER
"FUN_18008d480"	18008d480	"FUN_1800673a0"	1800673a0	CALLER
"FUN_18008d8f0"	18008d8f0	"FUN_1800673a0"	1800673a0	CALLER
"FUN_18008ddc0"	18008ddc0	"FUN_1800673a0"	1800673a0	CALLER
"FUN_18008dfc0"	18008dfc0	"FUN_1800673a0"	1800673a0	CALLER
"FUN_18008e030"	18008e030	"FUN_1800673a0"	1800673a0	CALLER
"FUN_18008e0b0"	18008e0b0	"FUN_1800673a0"	1800673a0	CALLER
"FUN_18008e130"	18008e130	"FUN_1800673a0"	1800673a0	CALLER
"FUN_18008e230"	18008e230	"FUN_1800673a0"	1800673a0	CALLER
"FUN_18008ec20"	18008ec20	"FUN_1800673a0"	1800673a0	CALLER
"FUN_18008e6e0"	18008e6e0	"FUN_1800673a0"	1800673a0	CALLER
"FUN_18008e800"	18008e800	"FUN_1800673a0"	1800673a0	CALLER
"FUN_18008e910"	18008e910	"FUN_1800673a0"	1800673a0	CALLER
"FUN_18008e990"	18008e990	"FUN_1800673a0"	1800673a0	CALLER
"FUN_18008ea10"	18008ea10	"FUN_1800673a0"	1800673a0	CALLER
"FUN_18008ec90"	18008ec90	"FUN_1800673a0"	1800673a0	CALLER
"FUN_18008eaf0"	18008eaf0	"FUN_1800673a0"	1800673a0	CALLER
"FUN_18008ed10"	18008ed10	"FUN_1800673a0"	1800673a0	CALLER
"FUN_18008ee20"	18008ee20	"FUN_1800673a0"	1800673a0	CALLER
"FUN_18008f200"	18008f200	"FUN_1800673a0"	1800673a0	CALLER
"FUN_18008f8f0"	18008f8f0	"FUN_1800673a0"	1800673a0	CALLER
"FUN_18008f320"	18008f320	"FUN_1800673a0"	1800673a0	CALLER
"FUN_18008f9e0"	18008f9e0	"FUN_1800673a0"	1800673a0	CALLER
"FUN_18008fad0"	18008fad0	"FUN_1800673a0"	1800673a0	CALLER
"FUN_18008f530"	18008f530	"FUN_1800673a0"	1800673a0	CALLER
"FUN_18008fbc0"	18008fbc0	"FUN_1800673a0"	1800673a0	CALLER
"FUN_18008f5e0"	18008f5e0	"FUN_1800673a0"	1800673a0	CALLER
"FUN_18008f640"	18008f640	"FUN_1800673a0"	1800673a0	CALLER
"FUN_18008f6c0"	18008f6c0	"FUN_1800673a0"	1800673a0	CALLER
"FUN_18008f740"	18008f740	"FUN_1800673a0"	1800673a0	CALLER
"FUN_18008f7b0"	18008f7b0	"FUN_1800673a0"	1800673a0	CALLER
"FUN_18008f820"	18008f820	"FUN_1800673a0"	1800673a0	CALLER
"FUN_18008f960"	18008f960	"FUN_1800673a0"	1800673a0	CALLER
"FUN_180091080"	180091080	"FUN_1800673a0"	1800673a0	CALLER
"FUN_180091120"	180091120	"FUN_1800673a0"	1800673a0	CALLER
"FUN_1800911c0"	1800911c0	"FUN_1800673a0"	1800673a0	CALLER
"FUN_180093810"	180093810	"FUN_1800673a0"	1800673a0	CALLER
"FUN_180091290"	180091290	"FUN_1800673a0"	1800673a0	CALLER
"FUN_180091310"	180091310	"FUN_1800673a0"	1800673a0	CALLER
"FUN_1800913d0"	1800913d0	"FUN_1800673a0"	1800673a0	CALLER
"FUN_180091450"	180091450	"FUN_1800673a0"	1800673a0	CALLER
"FUN_180091570"	180091570	"FUN_1800673a0"	1800673a0	CALLER
"FUN_180091690"	180091690	"FUN_1800673a0"	1800673a0	CALLER
"FUN_180091730"	180091730	"FUN_1800673a0"	1800673a0	CALLER
"FUN_1800917d0"	1800917d0	"FUN_1800673a0"	1800673a0	CALLER
"FUN_180091860"	180091860	"FUN_1800673a0"	1800673a0	CALLER
"FUN_1800918e0"	1800918e0	"FUN_1800673a0"	1800673a0	CALLER
"FUN_180091970"	180091970	"FUN_1800673a0"	1800673a0	CALLER
"FUN_180091a00"	180091a00	"FUN_1800673a0"	1800673a0	CALLER
"FUN_180091a90"	180091a90	"FUN_1800673a0"	1800673a0	CALLER
"FUN_180091c10"	180091c10	"FUN_1800673a0"	1800673a0	CALLER
"FUN_180091d90"	180091d90	"FUN_1800673a0"	1800673a0	CALLER
"FUN_180091e30"	180091e30	"FUN_1800673a0"	1800673a0	CALLER
"FUN_180091ed0"	180091ed0	"FUN_1800673a0"	1800673a0	CALLER
"FUN_180091f60"	180091f60	"FUN_1800673a0"	1800673a0	CALLER
"FUN_180091ff0"	180091ff0	"FUN_1800673a0"	1800673a0	CALLER
"FUN_180092090"	180092090	"FUN_1800673a0"	1800673a0	CALLER
"FUN_180092130"	180092130	"FUN_1800673a0"	1800673a0	CALLER
"FUN_1800921b0"	1800921b0	"FUN_1800673a0"	1800673a0	CALLER
"FUN_180092230"	180092230	"FUN_1800673a0"	1800673a0	CALLER
"FUN_1800922e0"	1800922e0	"FUN_1800673a0"	1800673a0	CALLER
"FUN_180092390"	180092390	"FUN_1800673a0"	1800673a0	CALLER
"FUN_180092450"	180092450	"FUN_1800673a0"	1800673a0	CALLER
"FUN_1800924f0"	1800924f0	"FUN_1800673a0"	1800673a0	CALLER
"FUN_1800925c0"	1800925c0	"FUN_1800673a0"	1800673a0	CALLER
"FUN_180092660"	180092660	"FUN_1800673a0"	1800673a0	CALLER
"FUN_180092700"	180092700	"FUN_1800673a0"	1800673a0	CALLER
"FUN_1800927a0"	1800927a0	"FUN_1800673a0"	1800673a0	CALLER
"FUN_180092840"	180092840	"FUN_1800673a0"	1800673a0	CALLER
"FUN_1800928c0"	1800928c0	"FUN_1800673a0"	1800673a0	CALLER
"FUN_180092960"	180092960	"FUN_1800673a0"	1800673a0	CALLER
"FUN_180092a00"	180092a00	"FUN_1800673a0"	1800673a0	CALLER
"FUN_180093880"	180093880	"FUN_1800673a0"	1800673a0	CALLER
"FUN_180092ad0"	180092ad0	"FUN_1800673a0"	1800673a0	CALLER
"FUN_180092b70"	180092b70	"FUN_1800673a0"	1800673a0	CALLER
"FUN_180092c10"	180092c10	"FUN_1800673a0"	1800673a0	CALLER
"FUN_180092cb0"	180092cb0	"FUN_1800673a0"	1800673a0	CALLER
"FUN_180092d50"	180092d50	"FUN_1800673a0"	1800673a0	CALLER
"FUN_180092e10"	180092e10	"FUN_1800673a0"	1800673a0	CALLER
"FUN_180092ed0"	180092ed0	"FUN_1800673a0"	1800673a0	CALLER
"FUN_180092f70"	180092f70	"FUN_1800673a0"	1800673a0	CALLER
"FUN_180093010"	180093010	"FUN_1800673a0"	1800673a0	CALLER
"FUN_1800930b0"	1800930b0	"FUN_1800673a0"	1800673a0	CALLER
"FUN_180093150"	180093150	"FUN_1800673a0"	1800673a0	CALLER
"FUN_1800931f0"	1800931f0	"FUN_1800673a0"	1800673a0	CALLER
"FUN_180093290"	180093290	"FUN_1800673a0"	1800673a0	CALLER
"FUN_180093330"	180093330	"FUN_1800673a0"	1800673a0	CALLER
"FUN_1800933c0"	1800933c0	"FUN_1800673a0"	1800673a0	CALLER
"FUN_180093450"	180093450	"FUN_1800673a0"	1800673a0	CALLER
"FUN_1800934e0"	1800934e0	"FUN_1800673a0"	1800673a0	CALLER
"FUN_180093580"	180093580	"FUN_1800673a0"	1800673a0	CALLER
"FUN_180093620"	180093620	"FUN_1800673a0"	1800673a0	CALLER
"FUN_1800936d0"	1800936d0	"FUN_1800673a0"	1800673a0	CALLER
"FUN_180093770"	180093770	"FUN_1800673a0"	1800673a0	CALLER
"FUN_180096080"	180096080	"FUN_1800673a0"	1800673a0	CALLER
"FUN_180095d60"	180095d60	"FUN_1800673a0"	1800673a0	CALLER
"FUN_180095dd0"	180095dd0	"FUN_1800673a0"	1800673a0	CALLER
"FUN_180096170"	180096170	"FUN_1800673a0"	1800673a0	CALLER
"FUN_180095eb0"	180095eb0	"FUN_1800673a0"	1800673a0	CALLER
"FUN_180095f30"	180095f30	"FUN_1800673a0"	1800673a0	CALLER
"FUN_180095fb0"	180095fb0	"FUN_1800673a0"	1800673a0	CALLER
"FUN_1800960f0"	1800960f0	"FUN_1800673a0"	1800673a0	CALLER
"FUN_180097210"	180097210	"FUN_1800673a0"	1800673a0	CALLER
"FUN_1800972f0"	1800972f0	"FUN_1800673a0"	1800673a0	CALLER
"FUN_1800973d0"	1800973d0	"FUN_1800673a0"	1800673a0	CALLER
"FUN_180097440"	180097440	"FUN_1800673a0"	1800673a0	CALLER
"FUN_1800974c0"	1800974c0	"FUN_1800673a0"	1800673a0	CALLER
"FUN_180097540"	180097540	"FUN_1800673a0"	1800673a0	CALLER
"FUN_180097700"	180097700	"FUN_1800673a0"	1800673a0	CALLER
"FUN_180097790"	180097790	"FUN_1800673a0"	1800673a0	CALLER
"FUN_180097850"	180097850	"FUN_1800673a0"	1800673a0	CALLER
"FUN_180097b20"	180097b20	"FUN_1800673a0"	1800673a0	CALLER
"FUN_180097cb0"	180097cb0	"FUN_1800673a0"	1800673a0	CALLER
"FUN_180097e40"	180097e40	"FUN_1800673a0"	1800673a0	CALLER
"FUN_180098000"	180098000	"FUN_1800673a0"	1800673a0	CALLER
"FUN_180098170"	180098170	"FUN_1800673a0"	1800673a0	CALLER
"FUN_1800982e0"	1800982e0	"FUN_1800673a0"	1800673a0	CALLER
"FUN_1800985c0"	1800985c0	"FUN_1800673a0"	1800673a0	CALLER
"FUN_180098730"	180098730	"FUN_1800673a0"	1800673a0	CALLER
"FUN_1800987a0"	1800987a0	"FUN_1800673a0"	1800673a0	CALLER
"FUN_180098820"	180098820	"FUN_1800673a0"	1800673a0	CALLER
"FUN_1800988a0"	1800988a0	"FUN_1800673a0"	1800673a0	CALLER
"FUN_18009a490"	18009a490	"FUN_1800673a0"	1800673a0	CALLER
"FUN_180099080"	180099080	"FUN_1800673a0"	1800673a0	CALLER
"FUN_180099200"	180099200	"FUN_1800673a0"	1800673a0	CALLER
"FUN_180099270"	180099270	"FUN_1800673a0"	1800673a0	CALLER
"FUN_180099400"	180099400	"FUN_1800673a0"	1800673a0	CALLER
"FUN_1800994f0"	1800994f0	"FUN_1800673a0"	1800673a0	CALLER
"FUN_180099560"	180099560	"FUN_1800673a0"	1800673a0	CALLER
"FUN_1800996e0"	1800996e0	"FUN_1800673a0"	1800673a0	CALLER
"FUN_18009a700"	18009a700	"FUN_1800673a0"	1800673a0	CALLER
"FUN_180099770"	180099770	"FUN_1800673a0"	1800673a0	CALLER
"FUN_1800997e0"	1800997e0	"FUN_1800673a0"	1800673a0	CALLER
"FUN_180099960"	180099960	"FUN_1800673a0"	1800673a0	CALLER
"FUN_1800999e0"	1800999e0	"FUN_1800673a0"	1800673a0	CALLER
"FUN_180099a60"	180099a60	"FUN_1800673a0"	1800673a0	CALLER
"FUN_180099be0"	180099be0	"FUN_1800673a0"	1800673a0	CALLER
"FUN_180099c60"	180099c60	"FUN_1800673a0"	1800673a0	CALLER
"FUN_180099ce0"	180099ce0	"FUN_1800673a0"	1800673a0	CALLER
"FUN_180099d60"	180099d60	"FUN_1800673a0"	1800673a0	CALLER
"FUN_18009a500"	18009a500	"FUN_1800673a0"	1800673a0	CALLER
"FUN_180099e40"	180099e40	"FUN_1800673a0"	1800673a0	CALLER
"FUN_18009a580"	18009a580	"FUN_1800673a0"	1800673a0	CALLER
"FUN_180099f90"	180099f90	"FUN_1800673a0"	1800673a0	CALLER
"FUN_18009a010"	18009a010	"FUN_1800673a0"	1800673a0	CALLER
"FUN_18009a090"	18009a090	"FUN_1800673a0"	1800673a0	CALLER
"FUN_18009a140"	18009a140	"FUN_1800673a0"	1800673a0	CALLER
"FUN_18009a200"	18009a200	"FUN_1800673a0"	1800673a0	CALLER
"FUN_18009a290"	18009a290	"FUN_1800673a0"	1800673a0	CALLER
"FUN_18009a370"	18009a370	"FUN_1800673a0"	1800673a0	CALLER
"FUN_18009a400"	18009a400	"FUN_1800673a0"	1800673a0	CALLER
"FUN_18009ac70"	18009ac70	"FUN_1800673a0"	1800673a0	CALLER
"FUN_18009a9c0"	18009a9c0	"FUN_1800673a0"	1800673a0	CALLER
"FUN_18009aa40"	18009aa40	"FUN_1800673a0"	1800673a0	CALLER
"FUN_18009aac0"	18009aac0	"FUN_1800673a0"	1800673a0	CALLER
"FUN_18009ace0"	18009ace0	"FUN_1800673a0"	1800673a0	CALLER
"FUN_18009ab90"	18009ab90	"FUN_1800673a0"	1800673a0	CALLER
"FUN_18009ad60"	18009ad60	"FUN_1800673a0"	1800673a0	CALLER
"FUN_18009b250"	18009b250	"FUN_1800673a0"	1800673a0	CALLER
"FUN_18009af70"	18009af70	"FUN_1800673a0"	1800673a0	CALLER
"FUN_18009aff0"	18009aff0	"FUN_1800673a0"	1800673a0	CALLER
"FUN_18009b080"	18009b080	"FUN_1800673a0"	1800673a0	CALLER
"FUN_18009b100"	18009b100	"FUN_1800673a0"	1800673a0	CALLER
"FUN_18009b180"	18009b180	"FUN_1800673a0"	1800673a0	CALLER
"FUN_18009b2c0"	18009b2c0	"FUN_1800673a0"	1800673a0	CALLER
"FUN_18009c3c0"	18009c3c0	"FUN_1800673a0"	1800673a0	CALLER
"FUN_18009b940"	18009b940	"FUN_1800673a0"	1800673a0	CALLER
"FUN_18009b9d0"	18009b9d0	"FUN_1800673a0"	1800673a0	CALLER
"FUN_18009bbd0"	18009bbd0	"FUN_1800673a0"	1800673a0	CALLER
"FUN_18009c540"	18009c540	"FUN_1800673a0"	1800673a0	CALLER
"FUN_18009bc60"	18009bc60	"FUN_1800673a0"	1800673a0	CALLER
"FUN_18009bce0"	18009bce0	"FUN_1800673a0"	1800673a0	CALLER
"FUN_18009bd70"	18009bd70	"FUN_1800673a0"	1800673a0	CALLER
"FUN_18009bf70"	18009bf70	"FUN_1800673a0"	1800673a0	CALLER
"FUN_18009c000"	18009c000	"FUN_1800673a0"	1800673a0	CALLER
"FUN_18009c090"	18009c090	"FUN_1800673a0"	1800673a0	CALLER
"FUN_18009c110"	18009c110	"FUN_1800673a0"	1800673a0	CALLER
"FUN_18009c190"	18009c190	"FUN_1800673a0"	1800673a0	CALLER
"FUN_18009c1f0"	18009c1f0	"FUN_1800673a0"	1800673a0	CALLER
"FUN_18009c270"	18009c270	"FUN_1800673a0"	1800673a0	CALLER
"FUN_18009c2f0"	18009c2f0	"FUN_1800673a0"	1800673a0	CALLER
"FUN_18009c430"	18009c430	"FUN_1800673a0"	1800673a0	CALLER
"FUN_18009c7c0"	18009c7c0	"FUN_1800673a0"	1800673a0	CALLER
"FUN_18009c970"	18009c970	"FUN_1800673a0"	1800673a0	CALLER
"FUN_18009ca50"	18009ca50	"FUN_1800673a0"	1800673a0	CALLER
"FUN_18009cac0"	18009cac0	"FUN_1800673a0"	1800673a0	CALLER
"FUN_18009cb40"	18009cb40	"FUN_1800673a0"	1800673a0	CALLER
"FUN_18009cbc0"	18009cbc0	"FUN_1800673a0"	1800673a0	CALLER
"FUN_18009ccc0"	18009ccc0	"FUN_1800673a0"	1800673a0	CALLER
"FUN_18009d160"	18009d160	"FUN_1800673a0"	1800673a0	CALLER
"FUN_18009d1d0"	18009d1d0	"FUN_1800673a0"	1800673a0	CALLER
"FUN_18009d250"	18009d250	"FUN_1800673a0"	1800673a0	CALLER
"FUN_18009d2d0"	18009d2d0	"FUN_1800673a0"	1800673a0	CALLER
"FUN_18009d350"	18009d350	"FUN_1800673a0"	1800673a0	CALLER
"FUN_18009d570"	18009d570	"FUN_1800673a0"	1800673a0	CALLER
"FUN_18009d680"	18009d680	"FUN_1800673a0"	1800673a0	CALLER
"FUN_18009d780"	18009d780	"FUN_1800673a0"	1800673a0	CALLER
"FUN_18009d860"	18009d860	"FUN_1800673a0"	1800673a0	CALLER
"FUN_18009dff0"	18009dff0	"FUN_1800673a0"	1800673a0	CALLER
"FUN_18009da80"	18009da80	"FUN_1800673a0"	1800673a0	CALLER
"FUN_18009daf0"	18009daf0	"FUN_1800673a0"	1800673a0	CALLER
"FUN_18009db80"	18009db80	"FUN_1800673a0"	1800673a0	CALLER
"FUN_18009dc10"	18009dc10	"FUN_1800673a0"	1800673a0	CALLER
"FUN_18009dc90"	18009dc90	"FUN_1800673a0"	1800673a0	CALLER
"FUN_18009dd10"	18009dd10	"FUN_1800673a0"	1800673a0	CALLER
"FUN_18009dda0"	18009dda0	"FUN_1800673a0"	1800673a0	CALLER
"FUN_18009de20"	18009de20	"FUN_1800673a0"	1800673a0	CALLER
"FUN_18009dea0"	18009dea0	"FUN_1800673a0"	1800673a0	CALLER
"FUN_18009e060"	18009e060	"FUN_1800673a0"	1800673a0	CALLER
"FUN_18009df70"	18009df70	"FUN_1800673a0"	1800673a0	CALLER
"FUN_18009ebe0"	18009ebe0	"FUN_1800673a0"	1800673a0	CALLER
"FUN_18009e280"	18009e280	"FUN_1800673a0"	1800673a0	CALLER
"FUN_18009e300"	18009e300	"FUN_1800673a0"	1800673a0	CALLER
"FUN_18009edf0"	18009edf0	"FUN_1800673a0"	1800673a0	CALLER
"FUN_18009eee0"	18009eee0	"FUN_1800673a0"	1800673a0	CALLER
"FUN_18009f170"	18009f170	"FUN_1800673a0"	1800673a0	CALLER
"FUN_18009f310"	18009f310	"FUN_1800673a0"	1800673a0	CALLER
"FUN_18009e550"	18009e550	"FUN_1800673a0"	1800673a0	CALLER
"FUN_18009e5d0"	18009e5d0	"FUN_1800673a0"	1800673a0	CALLER
"FUN_18009e660"	18009e660	"FUN_1800673a0"	1800673a0	CALLER
"FUN_18009e6f0"	18009e6f0	"FUN_1800673a0"	1800673a0	CALLER
"FUN_18009e780"	18009e780	"FUN_1800673a0"	1800673a0	CALLER
"FUN_18009efd0"	18009efd0	"FUN_1800673a0"	1800673a0	CALLER
"FUN_18009e810"	18009e810	"FUN_1800673a0"	1800673a0	CALLER
"FUN_18009e870"	18009e870	"FUN_1800673a0"	1800673a0	CALLER
"FUN_18009e8f0"	18009e8f0	"FUN_1800673a0"	1800673a0	CALLER
"FUN_18009e970"	18009e970	"FUN_1800673a0"	1800673a0	CALLER
"FUN_18009ea80"	18009ea80	"FUN_1800673a0"	1800673a0	CALLER
"FUN_18009eb00"	18009eb00	"FUN_1800673a0"	1800673a0	CALLER
"FUN_18009ec50"	18009ec50	"FUN_1800673a0"	1800673a0	CALLER
"FUN_18009f890"	18009f890	"FUN_1800673a0"	1800673a0	CALLER
"FUN_18009f920"	18009f920	"FUN_1800673a0"	1800673a0	CALLER
"FUN_18009f980"	18009f980	"FUN_1800673a0"	1800673a0	CALLER
"FUN_18009f9e0"	18009f9e0	"FUN_1800673a0"	1800673a0	CALLER
"FUN_18009fb80"	18009fb80	"FUN_1800673a0"	1800673a0	CALLER
"FUN_18009fd20"	18009fd20	"FUN_1800673a0"	1800673a0	CALLER
"FUN_18009fee0"	18009fee0	"FUN_1800673a0"	1800673a0	CALLER
"FUN_1800a0040"	1800a0040	"FUN_1800673a0"	1800673a0	CALLER
"FUN_1800a0160"	1800a0160	"FUN_1800673a0"	1800673a0	CALLER
"FUN_1800a02b0"	1800a02b0	"FUN_1800673a0"	1800673a0	CALLER
"FUN_1800a0400"	1800a0400	"FUN_1800673a0"	1800673a0	CALLER
"FUN_1800a0530"	1800a0530	"FUN_1800673a0"	1800673a0	CALLER
"FUN_1800a05a0"	1800a05a0	"FUN_1800673a0"	1800673a0	CALLER
"FUN_1800a0620"	1800a0620	"FUN_1800673a0"	1800673a0	CALLER
"FUN_1800a06a0"	1800a06a0	"FUN_1800673a0"	1800673a0	CALLER
"FUN_1800a07f0"	1800a07f0	"FUN_1800673a0"	1800673a0	CALLER
"FUN_1800a0ce0"	1800a0ce0	"FUN_1800673a0"	1800673a0	CALLER
"FUN_1800a1070"	1800a1070	"FUN_1800673a0"	1800673a0	CALLER
"FUN_1800a1420"	1800a1420	"FUN_1800673a0"	1800673a0	CALLER
"FUN_1800a15c0"	1800a15c0	"FUN_1800673a0"	1800673a0	CALLER
"FUN_1800a1760"	1800a1760	"FUN_1800673a0"	1800673a0	CALLER
"FUN_1800a1870"	1800a1870	"FUN_1800673a0"	1800673a0	CALLER
"FUN_1800a1970"	1800a1970	"FUN_1800673a0"	1800673a0	CALLER
"FUN_1800a1b90"	1800a1b90	"FUN_1800673a0"	1800673a0	CALLER
"FUN_1800a1db0"	1800a1db0	"FUN_1800673a0"	1800673a0	CALLER
"FUN_1800a1e20"	1800a1e20	"FUN_1800673a0"	1800673a0	CALLER
"FUN_1800a1ea0"	1800a1ea0	"FUN_1800673a0"	1800673a0	CALLER
"FUN_1800a1f20"	1800a1f20	"FUN_1800673a0"	1800673a0	CALLER
"FUN_1800a2020"	1800a2020	"FUN_1800673a0"	1800673a0	CALLER
"FUN_1800a2160"	1800a2160	"FUN_1800673a0"	1800673a0	CALLER
"FUN_1800a21d0"	1800a21d0	"FUN_1800673a0"	1800673a0	CALLER
"FUN_1800a2250"	1800a2250	"FUN_1800673a0"	1800673a0	CALLER
"FUN_1800a22d0"	1800a22d0	"FUN_1800673a0"	1800673a0	CALLER
"FUN_1800a2cb0"	1800a2cb0	"FUN_1800673a0"	1800673a0	CALLER
"FUN_1800a2470"	1800a2470	"FUN_1800673a0"	1800673a0	CALLER
"FUN_1800a2550"	1800a2550	"FUN_1800673a0"	1800673a0	CALLER
"FUN_1800a25d0"	1800a25d0	"FUN_1800673a0"	1800673a0	CALLER
"FUN_1800a2750"	1800a2750	"FUN_1800673a0"	1800673a0	CALLER
"FUN_1800a28d0"	1800a28d0	"FUN_1800673a0"	1800673a0	CALLER
"FUN_1800a2950"	1800a2950	"FUN_1800673a0"	1800673a0	CALLER
"FUN_1800a29d0"	1800a29d0	"FUN_1800673a0"	1800673a0	CALLER
"FUN_1800a2a50"	1800a2a50	"FUN_1800673a0"	1800673a0	CALLER
"FUN_1800a2b60"	1800a2b60	"FUN_1800673a0"	1800673a0	CALLER
"FUN_1800a2be0"	1800a2be0	"FUN_1800673a0"	1800673a0	CALLER
"FUN_1800a2d20"	1800a2d20	"FUN_1800673a0"	1800673a0	CALLER
"FUN_1800a33e0"	1800a33e0	"FUN_1800673a0"	1800673a0	CALLER
"FUN_1800a38b0"	1800a38b0	"FUN_1800673a0"	1800673a0	CALLER
"FUN_1800a3920"	1800a3920	"FUN_1800673a0"	1800673a0	CALLER
"FUN_1800a39a0"	1800a39a0	"FUN_1800673a0"	1800673a0	CALLER
"FUN_1800a3a20"	1800a3a20	"FUN_1800673a0"	1800673a0	CALLER
"FUN_1800a3b30"	1800a3b30	"FUN_1800673a0"	1800673a0	CALLER
"FUN_1800a4bf0"	1800a4bf0	"FUN_1800673a0"	1800673a0	CALLER
"FUN_1800a5560"	1800a5560	"FUN_1800673a0"	1800673a0	CALLER
"FUN_1800a5470"	1800a5470	"FUN_1800673a0"	1800673a0	CALLER
"FUN_1800a4d20"	1800a4d20	"FUN_1800673a0"	1800673a0	CALLER
"FUN_1800a4d90"	1800a4d90	"FUN_1800673a0"	1800673a0	CALLER
"FUN_1800a56e0"	1800a56e0	"FUN_1800673a0"	1800673a0	CALLER
"FUN_1800a4fb0"	1800a4fb0	"FUN_1800673a0"	1800673a0	CALLER
"FUN_1800a5010"	1800a5010	"FUN_1800673a0"	1800673a0	CALLER
"FUN_1800a5090"	1800a5090	"FUN_1800673a0"	1800673a0	CALLER
"FUN_1800a5110"	1800a5110	"FUN_1800673a0"	1800673a0	CALLER
"FUN_1800a5190"	1800a5190	"FUN_1800673a0"	1800673a0	CALLER
"FUN_1800a5210"	1800a5210	"FUN_1800673a0"	1800673a0	CALLER
"FUN_1800a54e0"	1800a54e0	"FUN_1800673a0"	1800673a0	CALLER
"FUN_1800a52f0"	1800a52f0	"FUN_1800673a0"	1800673a0	CALLER
"FUN_1800a5400"	1800a5400	"FUN_1800673a0"	1800673a0	CALLER
"FUN_1800a71c0"	1800a71c0	"FUN_1800673a0"	1800673a0	CALLER
"FUN_1800a6360"	1800a6360	"FUN_1800673a0"	1800673a0	CALLER
"FUN_1800a64e0"	1800a64e0	"FUN_1800673a0"	1800673a0	CALLER
"FUN_1800a72b0"	1800a72b0	"FUN_1800673a0"	1800673a0	CALLER
"FUN_1800a6570"	1800a6570	"FUN_1800673a0"	1800673a0	CALLER
"FUN_1800a6710"	1800a6710	"FUN_1800673a0"	1800673a0	CALLER
"FUN_1800a67a0"	1800a67a0	"FUN_1800673a0"	1800673a0	CALLER
"FUN_1800a6850"	1800a6850	"FUN_1800673a0"	1800673a0	CALLER
"FUN_1800a68e0"	1800a68e0	"FUN_1800673a0"	1800673a0	CALLER
"FUN_1800a6970"	1800a6970	"FUN_1800673a0"	1800673a0	CALLER
"FUN_1800a6af0"	1800a6af0	"FUN_1800673a0"	1800673a0	CALLER
"FUN_1800a6c70"	1800a6c70	"FUN_1800673a0"	1800673a0	CALLER
"FUN_1800a6cf0"	1800a6cf0	"FUN_1800673a0"	1800673a0	CALLER
"FUN_1800a6d70"	1800a6d70	"FUN_1800673a0"	1800673a0	CALLER
"FUN_1800a6ef0"	1800a6ef0	"FUN_1800673a0"	1800673a0	CALLER
"FUN_1800a6f70"	1800a6f70	"FUN_1800673a0"	1800673a0	CALLER
"FUN_1800a6ff0"	1800a6ff0	"FUN_1800673a0"	1800673a0	CALLER
"FUN_1800a7070"	1800a7070	"FUN_1800673a0"	1800673a0	CALLER
"FUN_1800a70f0"	1800a70f0	"FUN_1800673a0"	1800673a0	CALLER
"FUN_1800a7230"	1800a7230	"FUN_1800673a0"	1800673a0	CALLER
"FUN_1800a7b90"	1800a7b90	"FUN_1800673a0"	1800673a0	CALLER
"FUN_1800a7580"	1800a7580	"FUN_1800673a0"	1800673a0	CALLER
"FUN_1800a7600"	1800a7600	"FUN_1800673a0"	1800673a0	CALLER
"FUN_1800a7690"	1800a7690	"FUN_1800673a0"	1800673a0	CALLER
"FUN_1800a7710"	1800a7710	"FUN_1800673a0"	1800673a0	CALLER
"FUN_1800a7790"	1800a7790	"FUN_1800673a0"	1800673a0	CALLER
"FUN_1800a78a0"	1800a78a0	"FUN_1800673a0"	1800673a0	CALLER
"FUN_1800a79b0"	1800a79b0	"FUN_1800673a0"	1800673a0	CALLER
"FUN_1800a7ac0"	1800a7ac0	"FUN_1800673a0"	1800673a0	CALLER
"FUN_1800a7c00"	1800a7c00	"FUN_1800673a0"	1800673a0	CALLER
"FUN_1800aab30"	1800aab30	"FUN_1800673a0"	1800673a0	CALLER
"FUN_1800a8670"	1800a8670	"FUN_1800673a0"	1800673a0	CALLER
"FUN_1800a8700"	1800a8700	"FUN_1800673a0"	1800673a0	CALLER
"FUN_1800a8780"	1800a8780	"FUN_1800673a0"	1800673a0	CALLER
"FUN_1800a8810"	1800a8810	"FUN_1800673a0"	1800673a0	CALLER
"FUN_1800a88b0"	1800a88b0	"FUN_1800673a0"	1800673a0	CALLER
"FUN_1800a8a60"	1800a8a60	"FUN_1800673a0"	1800673a0	CALLER
"FUN_1800a8cc0"	1800a8cc0	"FUN_1800673a0"	1800673a0	CALLER
"FUN_1800a8d30"	1800a8d30	"FUN_1800673a0"	1800673a0	CALLER
"FUN_1800a8da0"	1800a8da0	"FUN_1800673a0"	1800673a0	CALLER
"FUN_1800a8e30"	1800a8e30	"FUN_1800673a0"	1800673a0	CALLER
"FUN_1800a8ea0"	1800a8ea0	"FUN_1800673a0"	1800673a0	CALLER
"FUN_1800a8f20"	1800a8f20	"FUN_1800673a0"	1800673a0	CALLER
"FUN_1800a8fa0"	1800a8fa0	"FUN_1800673a0"	1800673a0	CALLER
"FUN_1800a9020"	1800a9020	"FUN_1800673a0"	1800673a0	CALLER
"FUN_1800a90b0"	1800a90b0	"FUN_1800673a0"	1800673a0	CALLER
"FUN_1800a9120"	1800a9120	"FUN_1800673a0"	1800673a0	CALLER
"FUN_1800a91b0"	1800a91b0	"FUN_1800673a0"	1800673a0	CALLER
"FUN_1800a9330"	1800a9330	"FUN_1800673a0"	1800673a0	CALLER
"FUN_1800a93a0"	1800a93a0	"FUN_1800673a0"	1800673a0	CALLER
"FUN_1800a94f0"	1800a94f0	"FUN_1800673a0"	1800673a0	CALLER
"FUN_1800a9670"	1800a9670	"FUN_1800673a0"	1800673a0	CALLER
"FUN_1800a96e0"	1800a96e0	"FUN_1800673a0"	1800673a0	CALLER
"FUN_1800a9770"	1800a9770	"FUN_1800673a0"	1800673a0	CALLER
"FUN_1800a9810"	1800a9810	"FUN_1800673a0"	1800673a0	CALLER
"FUN_1800a98b0"	1800a98b0	"FUN_1800673a0"	1800673a0	CALLER
"FUN_1800a9930"	1800a9930	"FUN_1800673a0"	1800673a0	CALLER
"FUN_1800a99b0"	1800a99b0	"FUN_1800673a0"	1800673a0	CALLER
"FUN_1800a9a30"	1800a9a30	"FUN_1800673a0"	1800673a0	CALLER
"FUN_1800a9ac0"	1800a9ac0	"FUN_1800673a0"	1800673a0	CALLER
"FUN_1800a9b60"	1800a9b60	"FUN_1800673a0"	1800673a0	CALLER
"FUN_1800a9be0"	1800a9be0	"FUN_1800673a0"	1800673a0	CALLER
"FUN_1800a9c60"	1800a9c60	"FUN_1800673a0"	1800673a0	CALLER
"FUN_1800a9ce0"	1800a9ce0	"FUN_1800673a0"	1800673a0	CALLER
"FUN_1800a9d60"	1800a9d60	"FUN_1800673a0"	1800673a0	CALLER
"FUN_1800a9de0"	1800a9de0	"FUN_1800673a0"	1800673a0	CALLER
"FUN_1800a9e60"	1800a9e60	"FUN_1800673a0"	1800673a0	CALLER
"FUN_1800a9ee0"	1800a9ee0	"FUN_1800673a0"	1800673a0	CALLER
"FUN_1800a9f60"	1800a9f60	"FUN_1800673a0"	1800673a0	CALLER
"FUN_1800a9fe0"	1800a9fe0	"FUN_1800673a0"	1800673a0	CALLER
"FUN_1800aa060"	1800aa060	"FUN_1800673a0"	1800673a0	CALLER
"FUN_1800aa170"	1800aa170	"FUN_1800673a0"	1800673a0	CALLER
"FUN_1800aa1f0"	1800aa1f0	"FUN_1800673a0"	1800673a0	CALLER
"FUN_1800aa270"	1800aa270	"FUN_1800673a0"	1800673a0	CALLER
"FUN_1800aa2f0"	1800aa2f0	"FUN_1800673a0"	1800673a0	CALLER
"FUN_1800aa370"	1800aa370	"FUN_1800673a0"	1800673a0	CALLER
"FUN_1800aa3f0"	1800aa3f0	"FUN_1800673a0"	1800673a0	CALLER
"FUN_1800aa470"	1800aa470	"FUN_1800673a0"	1800673a0	CALLER
"FUN_1800aa510"	1800aa510	"FUN_1800673a0"	1800673a0	CALLER
"FUN_1800aaba0"	1800aaba0	"FUN_1800673a0"	1800673a0	CALLER
"FUN_1800aa5f0"	1800aa5f0	"FUN_1800673a0"	1800673a0	CALLER
"FUN_1800aa700"	1800aa700	"FUN_1800673a0"	1800673a0	CALLER
"FUN_1800aa790"	1800aa790	"FUN_1800673a0"	1800673a0	CALLER
"FUN_1800aa870"	1800aa870	"FUN_1800673a0"	1800673a0	CALLER
"FUN_1800aa990"	1800aa990	"FUN_1800673a0"	1800673a0	CALLER
"FUN_1800aaa20"	1800aaa20	"FUN_1800673a0"	1800673a0	CALLER
"FUN_1800aae80"	1800aae80	"FUN_1800673a0"	1800673a0	CALLER
"FUN_1800abb10"	1800abb10	"FUN_1800673a0"	1800673a0	CALLER
"FUN_1800ab5a0"	1800ab5a0	"FUN_1800673a0"	1800673a0	CALLER
"FUN_1800ab720"	1800ab720	"FUN_1800673a0"	1800673a0	CALLER
"FUN_1800ab7b0"	1800ab7b0	"FUN_1800673a0"	1800673a0	CALLER
"FUN_1800ab840"	1800ab840	"FUN_1800673a0"	1800673a0	CALLER
"FUN_1800ab8c0"	1800ab8c0	"FUN_1800673a0"	1800673a0	CALLER
"FUN_1800ab940"	1800ab940	"FUN_1800673a0"	1800673a0	CALLER
"FUN_1800abb80"	1800abb80	"FUN_1800673a0"	1800673a0	CALLER
"FUN_1800aba10"	1800aba10	"FUN_1800673a0"	1800673a0	CALLER
"FUN_1800abaa0"	1800abaa0	"FUN_1800673a0"	1800673a0	CALLER
"FUN_1800abcb0"	1800abcb0	"FUN_1800673a0"	1800673a0	CALLER
"FUN_1800addc0"	1800addc0	"FUN_1800673a0"	1800673a0	CALLER
"FUN_1800ac6d0"	1800ac6d0	"FUN_1800673a0"	1800673a0	CALLER
"FUN_1800ac850"	1800ac850	"FUN_1800673a0"	1800673a0	CALLER
"FUN_1800ac8e0"	1800ac8e0	"FUN_1800673a0"	1800673a0	CALLER
"FUN_1800aca80"	1800aca80	"FUN_1800673a0"	1800673a0	CALLER
"FUN_1800acb80"	1800acb80	"FUN_1800673a0"	1800673a0	CALLER
"FUN_1800acc10"	1800acc10	"FUN_1800673a0"	1800673a0	CALLER
"FUN_1800acd90"	1800acd90	"FUN_1800673a0"	1800673a0	CALLER
"FUN_1800acf10"	1800acf10	"FUN_1800673a0"	1800673a0	CALLER
"FUN_1800acfa0"	1800acfa0	"FUN_1800673a0"	1800673a0	CALLER
"FUN_1800ad020"	1800ad020	"FUN_1800673a0"	1800673a0	CALLER
"FUN_1800ad0b0"	1800ad0b0	"FUN_1800673a0"	1800673a0	CALLER
"FUN_1800ad230"	1800ad230	"FUN_1800673a0"	1800673a0	CALLER
"FUN_1800ad2c0"	1800ad2c0	"FUN_1800673a0"	1800673a0	CALLER
"FUN_1800ad350"	1800ad350	"FUN_1800673a0"	1800673a0	CALLER
"FUN_1800ad3e0"	1800ad3e0	"FUN_1800673a0"	1800673a0	CALLER
"FUN_1800ad460"	1800ad460	"FUN_1800673a0"	1800673a0	CALLER
"FUN_1800ad5e0"	1800ad5e0	"FUN_1800673a0"	1800673a0	CALLER
"FUN_1800ad660"	1800ad660	"FUN_1800673a0"	1800673a0	CALLER
"FUN_1800ad6e0"	1800ad6e0	"FUN_1800673a0"	1800673a0	CALLER
"FUN_1800ad790"	1800ad790	"FUN_1800673a0"	1800673a0	CALLER
"FUN_1800ad810"	1800ad810	"FUN_1800673a0"	1800673a0	CALLER
"FUN_1800ad890"	1800ad890	"FUN_1800673a0"	1800673a0	CALLER
"FUN_1800ad910"	1800ad910	"FUN_1800673a0"	1800673a0	CALLER
"FUN_1800ad990"	1800ad990	"FUN_1800673a0"	1800673a0	CALLER
"FUN_1800ada10"	1800ada10	"FUN_1800673a0"	1800673a0	CALLER
"FUN_1800adb20"	1800adb20	"FUN_1800673a0"	1800673a0	CALLER
"FUN_1800adba0"	1800adba0	"FUN_1800673a0"	1800673a0	CALLER
"FUN_1800ade30"	1800ade30	"FUN_1800673a0"	1800673a0	CALLER
"FUN_1800adc70"	1800adc70	"FUN_1800673a0"	1800673a0	CALLER
"FUN_1800add20"	1800add20	"FUN_1800673a0"	1800673a0	CALLER
"FUN_1800ae050"	1800ae050	"FUN_1800673a0"	1800673a0	CALLER
"FUN_1800ae400"	1800ae400	"FUN_1800673a0"	1800673a0	CALLER
"FUN_1800029e0"	1800029e0	"free"	1800f3ad0	CALL
"FUN_1800125a0"	1800125a0	"FUN_1800029e0"	1800029e0	CALLER
"FUN_1800125a0"	1800125a0	"FUN_1800029e0"	1800029e0	CALLER
"FUN_1800125a0"	1800125a0	"FUN_1800029e0"	1800029e0	CALLER
"FUN_1800125a0"	1800125a0	"FUN_1800029e0"	1800029e0	CALLER
"FUN_1800125a0"	1800125a0	"FUN_1800029e0"	1800029e0	CALLER
"FUN_1800125a0"	1800125a0	"FUN_1800029e0"	1800029e0	CALLER
"FUN_1800125a0"	1800125a0	"FUN_1800029e0"	1800029e0	CALLER
"FUN_1800181a0"	1800181a0	"FUN_1800029e0"	1800029e0	CALLER
"FUN_1800181a0"	1800181a0	"FUN_1800029e0"	1800029e0	CALLER
"FUN_180036480"	180036480	"FUN_1800029e0"	1800029e0	CALLER
"FUN_180036480"	180036480	"FUN_1800029e0"	1800029e0	CALLER
"FUN_180036480"	180036480	"FUN_1800029e0"	1800029e0	CALLER
"FUN_180036480"	180036480	"FUN_1800029e0"	1800029e0	CALLER
"FUN_180036480"	180036480	"FUN_1800029e0"	1800029e0	CALLER
"FUN_180036480"	180036480	"FUN_1800029e0"	1800029e0	CALLER
"FUN_180036480"	180036480	"FUN_1800029e0"	1800029e0	CALLER
"FUN_180036480"	180036480	"FUN_1800029e0"	1800029e0	CALLER
"FUN_180036480"	180036480	"FUN_1800029e0"	1800029e0	CALLER
"FUN_180036480"	180036480	"FUN_1800029e0"	1800029e0	CALLER
"FUN_180036480"	180036480	"FUN_1800029e0"	1800029e0	CALLER
"FUN_180036480"	180036480	"FUN_1800029e0"	1800029e0	CALLER
"FUN_180036480"	180036480	"FUN_1800029e0"	1800029e0	CALLER
"FUN_180036480"	180036480	"FUN_1800029e0"	1800029e0	CALLER
"FUN_180036480"	180036480	"FUN_1800029e0"	1800029e0	CALLER
"FUN_180036480"	180036480	"FUN_1800029e0"	1800029e0	CALLER
"FUN_180036480"	180036480	"FUN_1800029e0"	1800029e0	CALLER
"FUN_180036480"	180036480	"FUN_1800029e0"	1800029e0	CALLER
"FUN_180036480"	180036480	"FUN_1800029e0"	1800029e0	CALLER
"FUN_180036480"	180036480	"FUN_1800029e0"	1800029e0	CALLER
"FUN_180036480"	180036480	"FUN_1800029e0"	1800029e0	CALLER
"FUN_180036480"	180036480	"FUN_1800029e0"	1800029e0	CALLER
"FUN_180036480"	180036480	"FUN_1800029e0"	1800029e0	CALLER
"FUN_180036480"	180036480	"FUN_1800029e0"	1800029e0	CALLER
"FUN_180036480"	180036480	"FUN_1800029e0"	1800029e0	CALLER
"FUN_180036480"	180036480	"FUN_1800029e0"	1800029e0	CALLER
"FUN_180036480"	180036480	"FUN_1800029e0"	1800029e0	CALLER
"FUN_180028e50"	180028e50	"FUN_1800029e0"	1800029e0	CALLER
"FUN_180028e50"	180028e50	"FUN_1800029e0"	1800029e0	CALLER
"FUN_180028e50"	180028e50	"FUN_1800029e0"	1800029e0	CALLER
"FUN_180028e50"	180028e50	"FUN_1800029e0"	1800029e0	CALLER
"FUN_18002c070"	18002c070	"FUN_1800029e0"	1800029e0	CALLER
"FUN_18002c070"	18002c070	"FUN_1800029e0"	1800029e0	CALLER
"FUN_18002c070"	18002c070	"FUN_1800029e0"	1800029e0	CALLER
"FUN_1800f5ac0"	1800f5ac0	"FUN_1800029e0"	1800029e0	CALLER
"FUN_1800f5b50"	1800f5b50	"FUN_1800029e0"	1800029e0	CALLER
"FUN_1800f6ebc"	1800f6ebc	"FUN_1800029e0"	1800029e0	CALLER
"FUN_1800fa7bc"	1800fa7bc	"FUN_1800029e0"	1800029e0	CALLER
"FUN_1800fa83c"	1800fa83c	"FUN_1800029e0"	1800029e0	CALLER
"FUN_1800fa870"	1800fa870	"FUN_1800029e0"	1800029e0	CALLER
"FUN_1800fae55"	1800fae55	"FUN_1800029e0"	1800029e0	CALLER
"FUN_1800fbe5c"	1800fbe5c	"FUN_1800029e0"	1800029e0	CALLER
"FUN_1800fbfd0"	1800fbfd0	"FUN_1800029e0"	1800029e0	CALLER
"FUN_1800fc030"	1800fc030	"FUN_1800029e0"	1800029e0	CALLER
"FUN_1800fc980"	1800fc980	"FUN_1800029e0"	1800029e0	CALLER
"FUN_1800fcab0"	1800fcab0	"FUN_1800029e0"	1800029e0	CALLER
"FUN_1800fcff0"	1800fcff0	"FUN_1800029e0"	1800029e0	CALLER
"FUN_1800fd050"	1800fd050	"FUN_1800029e0"	1800029e0	CALLER
"FUN_1800406b0"	1800406b0	"FUN_1800029e0"	1800029e0	CALLER
"FUN_1800406b0"	1800406b0	"FUN_1800029e0"	1800029e0	CALLER
"FUN_1800406b0"	1800406b0	"FUN_1800029e0"	1800029e0	CALLER
"FUN_1800406b0"	1800406b0	"FUN_1800029e0"	1800029e0	CALLER
"FUN_1800406b0"	1800406b0	"FUN_1800029e0"	1800029e0	CALLER
"FUN_1800406b0"	1800406b0	"FUN_1800029e0"	1800029e0	CALLER
"FUN_1800406b0"	1800406b0	"FUN_1800029e0"	1800029e0	CALLER
"FUN_1800406b0"	1800406b0	"FUN_1800029e0"	1800029e0	CALLER
"FUN_1800406b0"	1800406b0	"FUN_1800029e0"	1800029e0	CALLER
"FUN_1800406b0"	1800406b0	"FUN_1800029e0"	1800029e0	CALLER
"FUN_1800406b0"	1800406b0	"FUN_1800029e0"	1800029e0	CALLER
"FUN_1800406b0"	1800406b0	"FUN_1800029e0"	1800029e0	CALLER
"FUN_18004d080"	18004d080	"FUN_1800f3b0c"	1800f3b0c	CALL
"FUN_18004d080"	18004d080	"memmove"	1800f4ccc	CALL
"FUN_18004d080"	18004d080	"free"	1800f3ad0	CALL
"FUN_18004d080"	18004d080	"FUN_180011ae0"	180011ae0	CALL
"FUN_18004d080"	18004d080	"FUN_180057d10"	180057d10	CALL
"FUN_180055d90"	180055d90	"FUN_18004d080"	18004d080	CALLER
"FUN_180055d90"	180055d90	"FUN_18004d080"	18004d080	CALLER
"FUN_180011ed0"	180011ed0	"FUN_18004d080"	18004d080	CALLER
"FUN_18000eb00"	18000eb00	"FUN_18000ebe0"	18000ebe0	CALL
"FUN_18000eb00"	18000eb00	"free"	1800f3ad0	CALL
"FUN_18000eb00"	18000eb00	"FUN_18000ed30"	18000ed30	CALL
"FUN_1800088c0"	1800088c0	"FUN_18000eb00"	18000eb00	CALLER
"FUN_18000ea00"	18000ea00	"FUN_18000eb00"	18000eb00	CALLER
"FUN_180011ed0"	180011ed0	"FUN_18000eb00"	18000eb00	CALLER
"FUN_1800125a0"	1800125a0	"FUN_18000eb00"	18000eb00	CALLER
"FUN_1800125a0"	1800125a0	"FUN_18000eb00"	18000eb00	CALLER
"FUN_1800125a0"	1800125a0	"FUN_18000eb00"	18000eb00	CALLER
"FUN_180015190"	180015190	"FUN_18000eb00"	18000eb00	CALLER
"FUN_180015190"	180015190	"FUN_18000eb00"	18000eb00	CALLER
"FUN_1800177a0"	1800177a0	"FUN_18000eb00"	18000eb00	CALLER
"FUN_180017be0"	180017be0	"FUN_18000eb00"	18000eb00	CALLER
"FUN_180017de0"	180017de0	"FUN_18000eb00"	18000eb00	CALLER
"FUN_180018120"	180018120	"FUN_18000eb00"	18000eb00	CALLER
"FUN_1800181a0"	1800181a0	"FUN_18000eb00"	18000eb00	CALLER
"FUN_1800181a0"	1800181a0	"FUN_18000eb00"	18000eb00	CALLER
"FUN_1800181a0"	1800181a0	"FUN_18000eb00"	18000eb00	CALLER
"FUN_180008dd0"	180008dd0	"FUN_18000eb00"	18000eb00	CALLER
"FUN_180012380"	180012380	"FUN_18000eb00"	18000eb00	CALLER
"FUN_18001cc40"	18001cc40	"FUN_18000eb00"	18000eb00	CALLER
"FUN_18001cc40"	18001cc40	"FUN_18000eb00"	18000eb00	CALLER
"FUN_18001ce50"	18001ce50	"FUN_18000eb00"	18000eb00	CALLER
"FUN_18001ce50"	18001ce50	"FUN_18000eb00"	18000eb00	CALLER
"FUN_18001d060"	18001d060	"FUN_18000eb00"	18000eb00	CALLER
"FUN_18001d060"	18001d060	"FUN_18000eb00"	18000eb00	CALLER
"FUN_18001d270"	18001d270	"FUN_18000eb00"	18000eb00	CALLER
"FUN_18001d270"	18001d270	"FUN_18000eb00"	18000eb00	CALLER
"FUN_18001d640"	18001d640	"FUN_18000eb00"	18000eb00	CALLER
"FUN_18001d640"	18001d640	"FUN_18000eb00"	18000eb00	CALLER
"FUN_18001d850"	18001d850	"FUN_18000eb00"	18000eb00	CALLER
"FUN_18001d850"	18001d850	"FUN_18000eb00"	18000eb00	CALLER
"FUN_18001da70"	18001da70	"FUN_18000eb00"	18000eb00	CALLER
"FUN_18001da70"	18001da70	"FUN_18000eb00"	18000eb00	CALLER
"FUN_18001dc70"	18001dc70	"FUN_18000eb00"	18000eb00	CALLER
"FUN_18001dc70"	18001dc70	"FUN_18000eb00"	18000eb00	CALLER
"FUN_18001de80"	18001de80	"FUN_18000eb00"	18000eb00	CALLER
"FUN_18001e750"	18001e750	"FUN_18000eb00"	18000eb00	CALLER
"FUN_18001e750"	18001e750	"FUN_18000eb00"	18000eb00	CALLER
"FUN_18001ea40"	18001ea40	"FUN_18000eb00"	18000eb00	CALLER
"FUN_18001ea40"	18001ea40	"FUN_18000eb00"	18000eb00	CALLER
"FUN_18000ebe0"	18000ebe0	"free"	1800f3ad0	CALL
"FUN_18000ebe0"	18000ebe0	"FUN_18000ecc0"	18000ecc0	CALL
"FUN_18000eb00"	18000eb00	"FUN_18000ebe0"	18000ebe0	CALLER
"FUN_1800125a0"	1800125a0	"FUN_18000ebe0"	18000ebe0	CALLER
"FUN_1800125a0"	1800125a0	"FUN_18000ebe0"	18000ebe0	CALLER
"FUN_1800125a0"	1800125a0	"FUN_18000ebe0"	18000ebe0	CALLER
"FUN_1800125a0"	1800125a0	"FUN_18000ebe0"	18000ebe0	CALLER
"FUN_1800125a0"	1800125a0	"FUN_18000ebe0"	18000ebe0	CALLER
"FUN_1800125a0"	1800125a0	"FUN_18000ebe0"	18000ebe0	CALLER
"FUN_1800125a0"	1800125a0	"FUN_18000ebe0"	18000ebe0	CALLER
"FUN_1800125a0"	1800125a0	"FUN_18000ebe0"	18000ebe0	CALLER
"FUN_1800125a0"	1800125a0	"FUN_18000ebe0"	18000ebe0	CALLER
"FUN_180014520"	180014520	"FUN_18000ebe0"	18000ebe0	CALLER
"FUN_180014520"	180014520	"FUN_18000ebe0"	18000ebe0	CALLER
"FUN_180014520"	180014520	"FUN_18000ebe0"	18000ebe0	CALLER
"FUN_180014520"	180014520	"FUN_18000ebe0"	18000ebe0	CALLER
"FUN_180014520"	180014520	"FUN_18000ebe0"	18000ebe0	CALLER
"FUN_180015190"	180015190	"FUN_18000ebe0"	18000ebe0	CALLER
"FUN_1800195d0"	1800195d0	"FUN_18000ebe0"	18000ebe0	CALLER
"FUN_18001b520"	18001b520	"FUN_18000ebe0"	18000ebe0	CALLER
"FUN_18001b520"	18001b520	"FUN_18000ebe0"	18000ebe0	CALLER
"FUN_18001b520"	18001b520	"FUN_18000ebe0"	18000ebe0	CALLER
"FUN_18001b520"	18001b520	"FUN_18000ebe0"	18000ebe0	CALLER
"FUN_18001b520"	18001b520	"FUN_18000ebe0"	18000ebe0	CALLER
"FUN_18001ea40"	18001ea40	"FUN_18000ebe0"	18000ebe0	CALLER
"FUN_180013b80"	180013b80	"FUN_18000ebe0"	18000ebe0	CALLER
"FUN_18001a360"	18001a360	"FUN_18000ebe0"	18000ebe0	CALLER
"FUN_18001a540"	18001a540	"FUN_18000ebe0"	18000ebe0	CALLER
"FUN_18000ecc0"	18000ecc0	"FUN_180013ab0"	180013ab0	CALL
"FUN_18000ecc0"	18000ecc0	"free"	1800f3ad0	CALL
"FUN_18000ebe0"	18000ebe0	"FUN_18000ecc0"	18000ecc0	CALLER
"FUN_18000ed30"	18000ed30	"FUN_18000ea00"	18000ea00	CALL
"FUN_18000ed30"	18000ed30	"free"	1800f3ad0	CALL
"FUN_18000eb00"	18000eb00	"FUN_18000ed30"	18000ed30	CALLER
"FUN_180015190"	180015190	"FUN_18000ed30"	18000ed30	CALLER
"FUN_18001de80"	18001de80	"FUN_18000ed30"	18000ed30	CALLER
"FUN_18001de80"	18001de80	"FUN_18000ed30"	18000ed30	CALLER
"FUN_18001de80"	18001de80	"FUN_18000ed30"	18000ed30	CALLER
"FUN_18001de80"	18001de80	"FUN_18000ed30"	18000ed30	CALLER
"FUN_18001de80"	18001de80	"FUN_18000ed30"	18000ed30	CALLER
"FUN_18001de80"	18001de80	"FUN_18000ed30"	18000ed30	CALLER
"FUN_18001e750"	18001e750	"FUN_18000ed30"	18000ed30	CALLER
"FUN_18001c730"	18001c730	"FUN_18000ed30"	18000ed30	CALLER
"FUN_18001cc20"	18001cc20	"FUN_18000ed30"	18000ed30	CALLER
"FUN_1800114b0"	1800114b0	"FUN_18004d2b0"	18004d2b0	CALL
"FUN_1800114b0"	1800114b0	"memset"	1800f4cd2	CALL
"FUN_1800114b0"	1800114b0	"FUN_180011ed0"	180011ed0	CALL
"FUN_1800114b0"	1800114b0	"free"	1800f3ad0	CALL
"FUN_1800114b0"	1800114b0	"__security_check_cookie"	1800f3ab0	CALL
"FUN_18000f310"	18000f310	"FUN_1800114b0"	1800114b0	CALLER
"FUN_180011ed0"	180011ed0	"FUN_18004d080"	18004d080	CALL
"FUN_180011ed0"	180011ed0	"FUN_1800563e0"	1800563e0	CALL
"FUN_180011ed0"	180011ed0	"FUN_18004cef0"	18004cef0	CALL
"FUN_180011ed0"	180011ed0	"thunk_FUN_1800f3770"	1800f3a20	CALL
"FUN_180011ed0"	180011ed0	"FUN_1800125a0"	1800125a0	CALL
"FUN_180011ed0"	180011ed0	"FUN_180012440"	180012440	CALL
"FUN_180011ed0"	180011ed0	"FUN_18000eb00"	18000eb00	CALL
"FUN_180011ed0"	180011ed0	"FUN_180050040"	180050040	CALL
"FUN_180011ed0"	180011ed0	"free"	1800f3ad0	CALL
"FUN_180011ed0"	180011ed0	"__security_check_cookie"	1800f3ab0	CALL
"FUN_180011ed0"	180011ed0	"FUN_18004c9c0"	18004c9c0	CALL
"FUN_180011ed0"	180011ed0	"FUN_180012340"	180012340	CALL
"FUN_180011ed0"	180011ed0	"FUN_18004cb10"	18004cb10	CALL
"FUN_180011ed0"	180011ed0	"_CxxThrowException"	1800f4cc6	CALL
"FUN_1800114b0"	1800114b0	"FUN_180011ed0"	180011ed0	CALLER
"FUN_1800125a0"	1800125a0	"FUN_1800563e0"	1800563e0	CALL
"FUN_1800125a0"	1800125a0	"FUN_1800f3b0c"	1800f3b0c	CALL
"FUN_1800125a0"	1800125a0	"FUN_180013e90"	180013e90	CALL
"FUN_1800125a0"	1800125a0	"FUN_180013c60"	180013c60	CALL
"FUN_1800125a0"	1800125a0	"FUN_180012440"	180012440	CALL
"FUN_1800125a0"	1800125a0	"FUN_18000eb00"	18000eb00	CALL
"FUN_1800125a0"	1800125a0	"FUN_180050040"	180050040	CALL
"FUN_1800125a0"	1800125a0	"FUN_18000ebe0"	18000ebe0	CALL
"FUN_1800125a0"	1800125a0	"FUN_18004a8b0"	18004a8b0	CALL
"FUN_1800125a0"	1800125a0	"thunk_FUN_1800f3770"	1800f3a20	CALL
"FUN_1800125a0"	1800125a0	"FUN_18004b950"	18004b950	CALL
"FUN_1800125a0"	1800125a0	"FUN_18004bd80"	18004bd80	CALL
"FUN_1800125a0"	1800125a0	"FUN_180050430"	180050430	CALL
"FUN_1800125a0"	1800125a0	"FUN_180047ba0"	180047ba0	CALL
"FUN_1800125a0"	1800125a0	"free"	1800f3ad0	CALL
"FUN_1800125a0"	1800125a0	"FUN_18004b0b0"	18004b0b0	CALL
"FUN_1800125a0"	1800125a0	"FUN_18004b1f0"	18004b1f0	CALL
"FUN_1800125a0"	1800125a0	"FUN_18004b8d0"	18004b8d0	CALL
"FUN_1800125a0"	1800125a0	"FUN_18004b350"	18004b350	CALL
"FUN_1800125a0"	1800125a0	"FUN_18004a360"	18004a360	CALL
"FUN_1800125a0"	1800125a0	"memmove"	1800f4ccc	CALL
"FUN_1800125a0"	1800125a0	"FUN_18004c290"	18004c290	CALL
"FUN_1800125a0"	1800125a0	"FUN_180014520"	180014520	CALL
"FUN_1800125a0"	1800125a0	"FUN_1800174c0"	1800174c0	CALL
"FUN_1800125a0"	1800125a0	"FUN_180014280"	180014280	CALL
"FUN_1800125a0"	1800125a0	"FUN_180013fd0"	180013fd0	CALL
"FUN_1800125a0"	1800125a0	"FUN_180047070"	180047070	CALL
"FUN_1800125a0"	1800125a0	"FUN_18004c4e0"	18004c4e0	CALL
"FUN_1800125a0"	1800125a0	"FUN_180015190"	180015190	CALL
"FUN_1800125a0"	1800125a0	"FUN_18003b780"	18003b780	CALL
"FUN_1800125a0"	1800125a0	"FUN_180013b20"	180013b20	CALL
"FUN_1800125a0"	1800125a0	"FUN_18000ea00"	18000ea00	CALL
"FUN_1800125a0"	1800125a0	"FUN_180038430"	180038430	CALL
"FUN_1800125a0"	1800125a0	"FUN_180013b80"	180013b80	CALL
"FUN_1800125a0"	1800125a0	"FUN_180046ff0"	180046ff0	CALL
"FUN_1800125a0"	1800125a0	"FUN_180046e60"	180046e60	CALL
"FUN_1800125a0"	1800125a0	"FUN_180013c40"	180013c40	CALL
"FUN_1800125a0"	1800125a0	"FUN_1800029e0"	1800029e0	CALL
"FUN_1800125a0"	1800125a0	"FUN_180012340"	180012340	CALL
"FUN_1800125a0"	1800125a0	"FUN_180047b80"	180047b80	CALL
"FUN_1800125a0"	1800125a0	"FUN_180013c00"	180013c00	CALL
"FUN_1800125a0"	1800125a0	"FUN_18004c9c0"	18004c9c0	CALL
"FUN_1800125a0"	1800125a0	"FUN_180038530"	180038530	CALL
"FUN_1800125a0"	1800125a0	"FUN_18004e8f0"	18004e8f0	CALL
"FUN_1800125a0"	1800125a0	"FUN_180057d30"	180057d30	CALL
"FUN_1800125a0"	1800125a0	"FUN_18004dd40"	18004dd40	CALL
"FUN_1800125a0"	1800125a0	"FUN_180040060"	180040060	CALL
"FUN_1800125a0"	1800125a0	"FUN_18004f210"	18004f210	CALL
"FUN_1800125a0"	1800125a0	"`eh_vector_destructor_iterator'"	1800f3ff4	CALL
"FUN_1800125a0"	1800125a0	"FUN_18004fb10"	18004fb10	CALL
"FUN_1800125a0"	1800125a0	"__security_check_cookie"	1800f3ab0	CALL
"FUN_1800125a0"	1800125a0	"FUN_180010110"	180010110	CALL
"FUN_1800125a0"	1800125a0	"FUN_1800172e0"	1800172e0	CALL
"FUN_1800125a0"	1800125a0	"FUN_180050770"	180050770	CALL
"FUN_1800125a0"	1800125a0	"FUN_180057a10"	180057a10	CALL
"FUN_1800125a0"	1800125a0	"_CxxThrowException"	1800f4cc6	CALL
"FUN_1800125a0"	1800125a0	"FUN_18004bb90"	18004bb90	CALL
"FUN_180011ed0"	180011ed0	"FUN_1800125a0"	1800125a0	CALLER
"FUN_180013ab0"	180013ab0	"FUN_18000ea00"	18000ea00	CALL
"FUN_180013ab0"	180013ab0	"free"	1800f3ad0	CALL
"FUN_18000ecc0"	18000ecc0	"FUN_180013ab0"	180013ab0	CALLER
"FUN_1800174c0"	1800174c0	"FUN_180013ab0"	180013ab0	CALLER
"FUN_1800174c0"	1800174c0	"FUN_180013ab0"	180013ab0	CALLER
"FUN_180013dc0"	180013dc0	"FUN_180013ab0"	180013ab0	CALLER
"FUN_180014320"	180014320	"FUN_180013ab0"	180013ab0	CALLER
"FUN_180014320"	180014320	"FUN_180013ab0"	180013ab0	CALLER
"FUN_180017860"	180017860	"FUN_180013ab0"	180013ab0	CALLER
"FUN_18001a300"	18001a300	"FUN_180013ab0"	180013ab0	CALLER
